[07/08/2026 02:07:11] PRISMA: SELECT "public"."Weather_Forecast"."id", "public"."Weather_Forecast"."time", "public"."Weather_Forec
[07/08/2026 02:07:11] -Params: ["2026-08-07 00:00:00 UTC",0]
[07/08/2026 02:07:11] -Duration: 2ms
[07/08/2026 02:07:15] PRISMA: SELECT "public"."User"."id", "public"."User"."username", "public"."User"."password_hash", "public"."
[07/08/2026 02:07:15] -Params: ["Parents",1,0]
[07/08/2026 02:07:15] -Duration: 8ms
[07/08/2026 02:07:43] PRISMA: SELECT "public"."Weather_Forecast"."id", "public"."Weather_Forecast"."time", "public"."Weather_Forec
[07/08/2026 02:07:43] -Params: ["2026-08-07 00:00:00 UTC",0]
[07/08/2026 02:07:43] -Duration: 5ms
[07/08/2026 02:07:45] PRISMA: SELECT "public"."User"."id", "public"."User"."username", "public"."User"."password_hash", "public"."
[07/08/2026 02:07:45] -Params: ["Parents",1,0]
[07/08/2026 02:07:45] -Duration: 4ms
[07/08/2026 02:08:25] PRISMA: SELECT "public"."Weather_Forecast"."id", "public"."Weather_Forecast"."time", "public"."Weather_Forec
[07/08/2026 02:08:25] -Params: ["2026-08-07 00:00:00 UTC",0]
[07/08/2026 02:08:25] -Duration: 5ms
[07/08/2026 02:08:28] PRISMA: SELECT "public"."User"."id", "public"."User"."username", "public"."User"."password_hash", "public"."
[07/08/2026 02:08:28] -Params: ["Parents",1,0]
[07/08/2026 02:08:28] -Duration: 3ms
[07/08/2026 02:08:44] PRISMA: SELECT "public"."Weather_Forecast"."id", "public"."Weather_Forecast"."time", "public"."Weather_Forec
[07/08/2026 02:08:44] -Params: ["2026-08-07 00:00:00 UTC",0]
[07/08/2026 02:08:44] -Duration: 5ms
[07/08/2026 02:08:50] PRISMA: SELECT "public"."User"."id", "public"."User"."username", "public"."User"."password_hash", "public"."
[07/08/2026 02:08:50] -Params: ["Parents",1,0]
[07/08/2026 02:08:50] -Duration: 17ms
[07/08/2026 02:08:51] PRISMA: SELECT "public"."Weather_Forecast"."id", "public"."Weather_Forecast"."time", "public"."Weather_Forec
[07/08/2026 02:08:51] -Params: ["2026-08-07 00:00:00 UTC",0]
[07/08/2026 02:08:51] -Duration: 6ms
[07/08/2026 02:08:54] PRISMA: SELECT "public"."User"."id", "public"."User"."username", "public"."User"."password_hash", "public"."
[07/08/2026 02:08:54] -Params: ["Parents",1,0]
[07/08/2026 02:08:54] -Duration: 2ms
[07/08/2026 02:08:56] PRISMA: SELECT "public"."Weather_Forecast"."id", "public"."Weather_Forecast"."time", "public"."Weather_Forec
[07/08/2026 02:08:56] -Params: ["2026-08-07 00:00:00 UTC",0]
[07/08/2026 02:08:56] -Duration: 2ms
[07/08/2026 02:09:02] PRISMA: SELECT "public"."User"."id", "public"."User"."username", "public"."User"."password_hash", "public"."
[07/08/2026 02:09:02] -Params: ["Parents",1,0]
[07/08/2026 02:09:02] -Duration: 8ms
[07/08/2026 02:09:11] PRISMA: SELECT "public"."Weather_Forecast"."id", "public"."Weather_Forecast"."time", "public"."Weather_Forec
[07/08/2026 02:09:11] -Params: ["2026-08-07 00:00:00 UTC",0]
[07/08/2026 02:09:11] -Duration: 2ms
[07/08/2026 02:09:14] PRISMA: SELECT "public"."User"."id", "public"."User"."username", "public"."User"."password_hash", "public"."
[07/08/2026 02:09:14] -Params: ["Parents",1,0]
[07/08/2026 02:09:14] -Duration: 2ms
[07/08/2026 02:09:21] PRISMA: SELECT "public"."Weather_Forecast"."id", "public"."Weather_Forecast"."time", "public"."Weather_Forec
[07/08/2026 02:09:21] -Params: ["2026-08-07 00:00:00 UTC",0]
[07/08/2026 02:09:21] -Duration: 2ms
[07/08/2026 02:09:24] PRISMA: SELECT "public"."User"."id", "public"."User"."username", "public"."User"."password_hash", "public"."
[07/08/2026 02:09:24] -Params: ["Parents",1,0]
[07/08/2026 02:09:24] -Duration: 7ms
[07/08/2026 02:09:29] PRISMA: SELECT "public"."Weather_Forecast"."id", "public"."Weather_Forecast"."time", "public"."Weather_Forec
[07/08/2026 02:09:29] -Params: ["2026-08-07 00:00:00 UTC",0]
[07/08/2026 02:09:29] -Duration: 2ms
[07/08/2026 02:09:32] PRISMA: SELECT "public"."User"."id", "public"."User"."username", "public"."User"."password_hash", "public"."
[07/08/2026 02:09:32] -Params: ["Parents",1,0]
[07/08/2026 02:09:32] -Duration: 2ms
[07/08/2026 02:09:50] PRISMA: SELECT "public"."Weather_Forecast"."id", "public"."Weather_Forecast"."time", "public"."Weather_Forec
[07/08/2026 02:09:50] -Params: ["2026-08-07 00:00:00 UTC",0]
[07/08/2026 02:09:50] -Duration: 2ms
[07/08/2026 02:09:53] PRISMA: SELECT "public"."User"."id", "public"."User"."username", "public"."User"."password_hash", "public"."
[07/08/2026 02:09:53] -Params: ["Parents",1,0]
[07/08/2026 02:09:53] -Duration: 2ms
[07/08/2026 02:10:01] PRISMA: INSERT INTO "public"."Solar_Data" ("hour","Watts","total") VALUES ($1,$2,$3) RETURNING "public"."Sol
[07/08/2026 02:10:01] -Params: ["2026-08-07 00:10:01.371 UTC",0,0]
[07/08/2026 02:10:01] -Duration: 14ms
[07/08/2026 02:10:25] PRISMA: SELECT "public"."Weather_Forecast"."id", "public"."Weather_Forecast"."time", "public"."Weather_Forec
[07/08/2026 02:10:25] -Params: ["2026-08-07 00:00:00 UTC",0]
[07/08/2026 02:10:25] -Duration: 2ms
[07/08/2026 02:10:29] PRISMA: SELECT "public"."User"."id", "public"."User"."username", "public"."User"."password_hash", "public"."
[07/08/2026 02:10:29] -Params: ["Parents",1,0]
[07/08/2026 02:10:29] -Duration: 9ms
[07/08/2026 02:12:03] PRISMA: SELECT 1
[07/08/2026 02:12:03] -Params: []
[07/08/2026 02:12:03] -Duration: 3ms
[07/08/2026 02:12:03] PRISMA: SELECT "public"."Solar_Data"."id", "public"."Solar_Data"."hour", "public"."Solar_Data"."Watts", "pub
[07/08/2026 02:12:03] -Params: ["2026-08-06 00:12:03.052 UTC","2026-08-07 00:12:03.052 UTC",0]
[07/08/2026 02:12:03] -Duration: 26ms
[07/08/2026 02:12:03] PRISMA: SELECT "public"."Washing_Program"."id", "public"."Washing_Program"."type", "public"."Washing_Program
[07/08/2026 02:12:03] -Params: [5,0]
[07/08/2026 02:12:03] -Duration: 7ms
[07/08/2026 02:12:03] PRISMA: SELECT "public"."User"."id" FROM "public"."User" WHERE ("public"."User"."id" = $1 AND 1=1) LIMIT $2 
[07/08/2026 02:12:03] -Params: [1,1,0]
[07/08/2026 02:12:03] -Duration: 5ms
[07/08/2026 02:12:03] PRISMA: SELECT "public"."User"."id", "public"."User"."username" FROM "public"."User" WHERE "public"."User"."
[07/08/2026 02:12:03] -Params: [1,0]
[07/08/2026 02:12:03] -Duration: 5ms
[07/08/2026 02:12:03] PRISMA: SELECT "public"."Miele_Token"."id", "public"."Miele_Token"."accessToken", "public"."Miele_Token"."re
[07/08/2026 02:12:03] -Params: [1,0]
[07/08/2026 02:12:03] -Duration: 6ms
[07/08/2026 02:12:03] PRISMA: SELECT "public"."Weather_Forecast"."id", "public"."Weather_Forecast"."time", "public"."Weather_Forec
[07/08/2026 02:12:03] -Params: ["2026-08-06 12:12:03.060 UTC","2026-08-07 11:12:03.060 UTC",0]
[07/08/2026 02:12:03] -Duration: 11ms
[07/08/2026 02:12:03] PRISMA: SELECT "public"."Miele_Token"."id", "public"."Miele_Token"."accessToken", "public"."Miele_Token"."re
[07/08/2026 02:12:03] -Params: [1,1,0]
[07/08/2026 02:12:03] -Duration: 1ms
[07/08/2026 02:12:36] PRISMA: SELECT "public"."Weather_Forecast"."id", "public"."Weather_Forecast"."time", "public"."Weather_Forec
[07/08/2026 02:12:36] -Params: ["2026-08-07 00:00:00 UTC",0]
[07/08/2026 02:12:36] -Duration: 4ms
[07/08/2026 02:12:39] PRISMA: SELECT "public"."User"."id", "public"."User"."username", "public"."User"."password_hash", "public"."
[07/08/2026 02:12:39] -Params: ["Parents",1,0]
[07/08/2026 02:12:39] -Duration: 3ms
[07/08/2026 02:12:43] PRISMA: SELECT "public"."Weather_Forecast"."id", "public"."Weather_Forecast"."time", "public"."Weather_Forec
[07/08/2026 02:12:43] -Params: ["2026-08-07 00:00:00 UTC",0]
[07/08/2026 02:12:43] -Duration: 2ms
[07/08/2026 02:12:50] PRISMA: SELECT "public"."User"."id", "public"."User"."username", "public"."User"."password_hash", "public"."
[07/08/2026 02:12:50] -Params: ["Parents",1,0]
[07/08/2026 02:12:50] -Duration: 2ms
[07/08/2026 02:14:45] PRISMA: SELECT "public"."Weather_Forecast"."id", "public"."Weather_Forecast"."time", "public"."Weather_Forec
[07/08/2026 02:14:45] -Params: ["2026-08-07 00:00:00 UTC",0]
[07/08/2026 02:14:45] -Duration: 3ms
[07/08/2026 02:14:48] PRISMA: SELECT "public"."User"."id", "public"."User"."username", "public"."User"."password_hash", "public"."
[07/08/2026 02:14:48] -Params: ["Parents",1,0]
[07/08/2026 02:14:48] -Duration: 9ms
[07/08/2026 02:15:01] PRISMA: SELECT 1
[07/08/2026 02:15:01] -Params: []
[07/08/2026 02:15:01] -Duration: 1ms
[07/08/2026 02:15:01] PRISMA: INSERT INTO "public"."Solar_Data" ("hour","Watts","total") VALUES ($1,$2,$3) RETURNING "public"."Sol
[07/08/2026 02:15:01] -Params: ["2026-08-07 00:15:01.374 UTC",0,0]
[07/08/2026 02:15:01] -Duration: 7ms
[07/08/2026 02:15:29] PRISMA: SELECT "public"."Weather_Forecast"."id", "public"."Weather_Forecast"."time", "public"."Weather_Forec
[07/08/2026 02:15:29] -Params: ["2026-08-07 00:00:00 UTC",0]
[07/08/2026 02:15:29] -Duration: 3ms
[07/08/2026 02:15:34] PRISMA: SELECT "public"."Weather_Forecast"."id", "public"."Weather_Forecast"."time", "public"."Weather_Forec
[07/08/2026 02:15:34] -Params: ["2026-08-07 00:00:00 UTC",0]
[07/08/2026 02:15:34] -Duration: 2ms
[07/08/2026 02:15:37] PRISMA: SELECT "public"."User"."id", "public"."User"."username", "public"."User"."password_hash", "public"."
[07/08/2026 02:15:37] -Params: ["Parents",1,0]
[07/08/2026 02:15:37] -Duration: 2ms
[07/08/2026 02:15:56] PRISMA: SELECT "public"."Weather_Forecast"."id", "public"."Weather_Forecast"."time", "public"."Weather_Forec
[07/08/2026 02:15:56] -Params: ["2026-08-07 00:00:00 UTC",0]
[07/08/2026 02:15:56] -Duration: 2ms
[07/08/2026 02:15:59] PRISMA: SELECT "public"."User"."id", "public"."User"."username", "public"."User"."password_hash", "public"."
[07/08/2026 02:15:59] -Params: ["Parents",1,0]
[07/08/2026 02:15:59] -Duration: 6ms
[07/08/2026 02:16:04] PRISMA: SELECT "public"."Weather_Forecast"."id", "public"."Weather_Forecast"."time", "public"."Weather_Forec
[07/08/2026 02:16:04] -Params: ["2026-08-07 00:00:00 UTC",0]
[07/08/2026 02:16:04] -Duration: 2ms
[07/08/2026 02:16:07] PRISMA: SELECT "public"."Weather_Forecast"."id", "public"."Weather_Forecast"."time", "public"."Weather_Forec
[07/08/2026 02:16:07] -Params: ["2026-08-07 00:00:00 UTC",0]
[07/08/2026 02:16:07] -Duration: 2ms
[07/08/2026 02:16:12] PRISMA: SELECT "public"."Weather_Forecast"."id", "public"."Weather_Forecast"."time", "public"."Weather_Forec
[07/08/2026 02:16:12] -Params: ["2026-08-07 00:00:00 UTC",0]
[07/08/2026 02:16:12] -Duration: 2ms
[07/08/2026 02:16:16] PRISMA: SELECT "public"."User"."id", "public"."User"."username", "public"."User"."password_hash", "public"."
[07/08/2026 02:16:16] -Params: ["Parents",1,0]
[07/08/2026 02:16:16] -Duration: 8ms
[07/08/2026 02:16:18] PRISMA: SELECT "public"."Weather_Forecast"."id", "public"."Weather_Forecast"."time", "public"."Weather_Forec
[07/08/2026 02:16:18] -Params: ["2026-08-07 00:00:00 UTC",0]
[07/08/2026 02:16:18] -Duration: 2ms
[07/08/2026 02:16:21] PRISMA: SELECT "public"."User"."id", "public"."User"."username", "public"."User"."password_hash", "public"."
[07/08/2026 02:16:21] -Params: ["Parents",1,0]
[07/08/2026 02:16:21] -Duration: 2ms
[07/08/2026 02:16:35] PRISMA: SELECT 1
[07/08/2026 02:16:35] -Params: []
[07/08/2026 02:16:35] -Duration: 6ms
[07/08/2026 02:16:35] PRISMA: SELECT "public"."Solar_Data"."id", "public"."Solar_Data"."hour", "public"."Solar_Data"."Watts", "pub
[07/08/2026 02:16:35] -Params: ["2026-08-06 00:16:34.984 UTC","2026-08-07 00:16:34.984 UTC",0]
[07/08/2026 02:16:35] -Duration: 23ms
[07/08/2026 02:16:35] PRISMA: SELECT "public"."User"."id" FROM "public"."User" WHERE ("public"."User"."id" = $1 AND 1=1) LIMIT $2 
[07/08/2026 02:16:35] -Params: [1,1,0]
[07/08/2026 02:16:35] -Duration: 8ms
[07/08/2026 02:16:35] PRISMA: SELECT "public"."Miele_Token"."id", "public"."Miele_Token"."accessToken", "public"."Miele_Token"."re
[07/08/2026 02:16:35] -Params: [1,0]
[07/08/2026 02:16:35] -Duration: 1ms
[07/08/2026 02:16:35] PRISMA: SELECT "public"."Weather_Forecast"."id", "public"."Weather_Forecast"."time", "public"."Weather_Forec
[07/08/2026 02:16:35] -Params: ["2026-08-06 12:16:34.992 UTC","2026-08-07 11:16:34.992 UTC",0]
[07/08/2026 02:16:35] -Duration: 4ms
[07/08/2026 02:16:35] PRISMA: SELECT "public"."Washing_Program"."id", "public"."Washing_Program"."type", "public"."Washing_Program
[07/08/2026 02:16:35] -Params: [5,0]
[07/08/2026 02:16:35] -Duration: 4ms
[07/08/2026 02:16:35] PRISMA: SELECT "public"."User"."id", "public"."User"."username" FROM "public"."User" WHERE "public"."User"."
[07/08/2026 02:16:35] -Params: [1,0]
[07/08/2026 02:16:35] -Duration: 0ms
[07/08/2026 02:16:35] PRISMA: SELECT "public"."Miele_Token"."id", "public"."Miele_Token"."accessToken", "public"."Miele_Token"."re
[07/08/2026 02:16:35] -Params: [1,1,0]
[07/08/2026 02:16:35] -Duration: 0ms
[07/08/2026 02:19:23] PRISMA: SELECT "public"."Weather_Forecast"."id", "public"."Weather_Forecast"."time", "public"."Weather_Forec
[07/08/2026 02:19:23] -Params: ["2026-08-07 00:00:00 UTC",0]
[07/08/2026 02:19:23] -Duration: 2ms
[07/08/2026 02:19:26] PRISMA: SELECT "public"."Weather_Forecast"."id", "public"."Weather_Forecast"."time", "public"."Weather_Forec
[07/08/2026 02:19:26] -Params: ["2026-08-07 00:00:00 UTC",0]
[07/08/2026 02:19:26] -Duration: 1ms
[07/08/2026 02:19:29] PRISMA: SELECT "public"."User"."id", "public"."User"."username", "public"."User"."password_hash", "public"."
[07/08/2026 02:19:29] -Params: ["Parents",1,0]
[07/08/2026 02:19:29] -Duration: 4ms
[07/08/2026 02:19:36] PRISMA: SELECT "public"."Weather_Forecast"."id", "public"."Weather_Forecast"."time", "public"."Weather_Forec
[07/08/2026 02:19:36] -Params: ["2026-08-07 00:00:00 UTC",0]
[07/08/2026 02:19:36] -Duration: 3ms
[07/08/2026 02:19:39] PRISMA: SELECT "public"."User"."id", "public"."User"."username", "public"."User"."password_hash", "public"."
[07/08/2026 02:19:39] -Params: ["Parents",1,0]
[07/08/2026 02:19:39] -Duration: 2ms
[07/08/2026 02:20:01] PRISMA: SELECT "public"."Weather_Forecast"."id", "public"."Weather_Forecast"."time", "public"."Weather_Forec
[07/08/2026 02:20:01] -Params: ["2026-08-07 00:00:00 UTC",0]
[07/08/2026 02:20:01] -Duration: 2ms
[07/08/2026 02:20:04] PRISMA: SELECT "public"."User"."id", "public"."User"."username", "public"."User"."password_hash", "public"."
[07/08/2026 02:20:04] -Params: ["Parents",1,0]
[07/08/2026 02:20:04] -Duration: 2ms
[07/08/2026 02:20:18] PRISMA: SELECT "public"."Weather_Forecast"."id", "public"."Weather_Forecast"."time", "public"."Weather_Forec
[07/08/2026 02:20:18] -Params: ["2026-08-07 00:00:00 UTC",0]
[07/08/2026 02:20:18] -Duration: 2ms
[07/08/2026 02:20:22] PRISMA: SELECT "public"."User"."id", "public"."User"."username", "public"."User"."password_hash", "public"."
[07/08/2026 02:20:22] -Params: ["Parents",1,0]
[07/08/2026 02:20:22] -Duration: 5ms
[07/08/2026 02:21:10] PRISMA: SELECT "public"."Weather_Forecast"."id", "public"."Weather_Forecast"."time", "public"."Weather_Forec
[07/08/2026 02:21:10] -Params: ["2026-08-07 00:00:00 UTC",0]
[07/08/2026 02:21:10] -Duration: 2ms
[07/08/2026 02:21:13] PRISMA: SELECT "public"."User"."id", "public"."User"."username", "public"."User"."password_hash", "public"."
[07/08/2026 02:21:13] -Params: ["Parents",1,0]
[07/08/2026 02:21:13] -Duration: 2ms
[07/08/2026 02:21:36] PRISMA: SELECT "public"."Weather_Forecast"."id", "public"."Weather_Forecast"."time", "public"."Weather_Forec
[07/08/2026 02:21:36] -Params: ["2026-08-07 00:00:00 UTC",0]
[07/08/2026 02:21:36] -Duration: 2ms
[07/08/2026 02:21:38] PRISMA: SELECT "public"."User"."id", "public"."User"."username", "public"."User"."password_hash", "public"."
[07/08/2026 02:21:38] -Params: ["Parents",1,0]
[07/08/2026 02:21:38] -Duration: 9ms
[07/08/2026 02:21:48] PRISMA: SELECT "public"."Weather_Forecast"."id", "public"."Weather_Forecast"."time", "public"."Weather_Forec
[07/08/2026 02:21:48] -Params: ["2026-08-07 00:00:00 UTC",0]
[07/08/2026 02:21:48] -Duration: 2ms
[07/08/2026 02:21:51] PRISMA: SELECT "public"."User"."id", "public"."User"."username", "public"."User"."password_hash", "public"."
[07/08/2026 02:21:51] -Params: ["Parents",1,0]
[07/08/2026 02:21:51] -Duration: 7ms
[07/08/2026 02:22:03] PRISMA: SELECT "public"."Solar_Data"."id", "public"."Solar_Data"."hour", "public"."Solar_Data"."Watts", "pub
[07/08/2026 02:22:03] -Params: ["2026-08-06 00:22:03.043 UTC","2026-08-07 00:22:03.043 UTC",0]
[07/08/2026 02:22:03] -Duration: 19ms
[07/08/2026 02:22:03] PRISMA: SELECT "public"."Washing_Program"."id", "public"."Washing_Program"."type", "public"."Washing_Program
[07/08/2026 02:22:03] -Params: [5,0]
[07/08/2026 02:22:03] -Duration: 4ms
[07/08/2026 02:22:03] PRISMA: SELECT "public"."Weather_Forecast"."id", "public"."Weather_Forecast"."time", "public"."Weather_Forec
[07/08/2026 02:22:03] -Params: ["2026-08-06 12:22:03.047 UTC","2026-08-07 11:22:03.047 UTC",0]
[07/08/2026 02:22:03] -Duration: 5ms
[07/08/2026 02:22:03] PRISMA: SELECT "public"."User"."id", "public"."User"."username" FROM "public"."User" WHERE "public"."User"."
[07/08/2026 02:22:03] -Params: [1,0]
[07/08/2026 02:22:03] -Duration: 2ms
[07/08/2026 02:22:03] PRISMA: SELECT "public"."User"."id" FROM "public"."User" WHERE ("public"."User"."id" = $1 AND 1=1) LIMIT $2 
[07/08/2026 02:22:03] -Params: [1,1,0]
[07/08/2026 02:22:03] -Duration: 4ms
[07/08/2026 02:22:03] PRISMA: SELECT "public"."Miele_Token"."id", "public"."Miele_Token"."accessToken", "public"."Miele_Token"."re
[07/08/2026 02:22:03] -Params: [1,0]
[07/08/2026 02:22:03] -Duration: 1ms
[07/08/2026 02:22:03] PRISMA: SELECT "public"."Miele_Token"."id", "public"."Miele_Token"."accessToken", "public"."Miele_Token"."re
[07/08/2026 02:22:03] -Params: [1,1,0]
[07/08/2026 02:22:03] -Duration: 0ms
[07/08/2026 02:23:19] PRISMA: SELECT "public"."Weather_Forecast"."id", "public"."Weather_Forecast"."time", "public"."Weather_Forec
[07/08/2026 02:23:19] -Params: ["2026-08-07 00:00:00 UTC",0]
[07/08/2026 02:23:19] -Duration: 2ms
[07/08/2026 02:23:22] PRISMA: SELECT "public"."User"."id", "public"."User"."username", "public"."User"."password_hash", "public"."
[07/08/2026 02:23:22] -Params: ["Parents",1,0]
[07/08/2026 02:23:22] -Duration: 3ms
[07/08/2026 02:23:31] PRISMA: SELECT "public"."User"."id" FROM "public"."User" WHERE ("public"."User"."id" = $1 AND 1=1) LIMIT $2 
[07/08/2026 02:23:31] -Params: [1,1,0]
[07/08/2026 02:23:31] -Duration: 29ms
[07/08/2026 02:23:31] PRISMA: SELECT "public"."Miele_Token"."id", "public"."Miele_Token"."accessToken", "public"."Miele_Token"."re
[07/08/2026 02:23:31] -Params: [1,0]
[07/08/2026 02:23:31] -Duration: 8ms
[07/08/2026 02:23:31] PRISMA: SELECT "public"."Miele_Token"."id", "public"."Miele_Token"."accessToken", "public"."Miele_Token"."re
[07/08/2026 02:23:31] -Params: [1,1,0]
[07/08/2026 02:23:31] -Duration: 3ms
[07/08/2026 02:23:31] PRISMA: SELECT "public"."Washing_Program"."id", "public"."Washing_Program"."type", "public"."Washing_Program
[07/08/2026 02:23:31] -Params: [5,0]
[07/08/2026 02:23:31] -Duration: 7ms
[07/08/2026 02:23:31] PRISMA: SELECT "public"."Solar_Data"."id", "public"."Solar_Data"."hour", "public"."Solar_Data"."Watts", "pub
[07/08/2026 02:23:31] -Params: ["2026-08-06 00:23:31.870 UTC","2026-08-07 00:23:31.870 UTC",0]
[07/08/2026 02:23:31] -Duration: 7ms
[07/08/2026 02:23:31] PRISMA: SELECT "public"."Weather_Forecast"."id", "public"."Weather_Forecast"."time", "public"."Weather_Forec
[07/08/2026 02:23:31] -Params: ["2026-08-06 12:23:31.878 UTC","2026-08-07 11:23:31.878 UTC",0]
[07/08/2026 02:23:31] -Duration: 9ms
[07/08/2026 02:23:31] PRISMA: SELECT "public"."User"."id", "public"."User"."username" FROM "public"."User" WHERE "public"."User"."
[07/08/2026 02:23:31] -Params: [1,0]
[07/08/2026 02:23:31] -Duration: 4ms
[07/08/2026 02:23:41] PRISMA: SELECT "public"."Miele_Token"."id", "public"."Miele_Token"."accessToken", "public"."Miele_Token"."re
[07/08/2026 02:23:41] -Params: [1,1,0]
[07/08/2026 02:23:41] -Duration: 11ms
[07/08/2026 02:23:41] PRISMA: SELECT "public"."Miele_Token"."id", "public"."Miele_Token"."accessToken", "public"."Miele_Token"."re
[07/08/2026 02:23:41] -Params: [1,1,0]
[07/08/2026 02:23:41] -Duration: 14ms
[07/08/2026 02:25:01] PRISMA: SELECT 1
[07/08/2026 02:25:01] -Params: []
[07/08/2026 02:25:01] -Duration: 4ms
[07/08/2026 02:25:01] PRISMA: INSERT INTO "public"."Solar_Data" ("hour","Watts","total") VALUES ($1,$2,$3) RETURNING "public"."Sol
[07/08/2026 02:25:01] -Params: ["2026-08-07 00:25:01.659 UTC",0,0]
[07/08/2026 02:25:01] -Duration: 12ms
[07/08/2026 02:25:14] PRISMA: SELECT "public"."Weather_Forecast"."id", "public"."Weather_Forecast"."time", "public"."Weather_Forec
[07/08/2026 02:25:14] -Params: ["2026-08-07 00:00:00 UTC",0]
[07/08/2026 02:25:14] -Duration: 5ms
[07/08/2026 02:25:17] PRISMA: SELECT "public"."User"."id", "public"."User"."username", "public"."User"."password_hash", "public"."
[07/08/2026 02:25:17] -Params: ["Parents",1,0]
[07/08/2026 02:25:17] -Duration: 27ms
[07/08/2026 02:25:38] PRISMA: SELECT "public"."Weather_Forecast"."id", "public"."Weather_Forecast"."time", "public"."Weather_Forec
[07/08/2026 02:25:38] -Params: ["2026-08-07 00:00:00 UTC",0]
[07/08/2026 02:25:38] -Duration: 5ms
[07/08/2026 02:25:45] PRISMA: SELECT "public"."User"."id", "public"."User"."username", "public"."User"."password_hash", "public"."
[07/08/2026 02:25:45] -Params: ["Parents",1,0]
[07/08/2026 02:25:45] -Duration: 3ms
[07/08/2026 02:26:08] PRISMA: SELECT "public"."Weather_Forecast"."id", "public"."Weather_Forecast"."time", "public"."Weather_Forec
[07/08/2026 02:26:08] -Params: ["2026-08-07 00:00:00 UTC",0]
[07/08/2026 02:26:08] -Duration: 2ms
[07/08/2026 02:26:11] PRISMA: SELECT "public"."User"."id", "public"."User"."username", "public"."User"."password_hash", "public"."
[07/08/2026 02:26:11] -Params: ["Parents",1,0]
[07/08/2026 02:26:11] -Duration: 9ms
[07/08/2026 02:26:38] PRISMA: SELECT "public"."Weather_Forecast"."id", "public"."Weather_Forecast"."time", "public"."Weather_Forec
[07/08/2026 02:26:38] -Params: ["2026-08-07 00:00:00 UTC",0]
[07/08/2026 02:26:38] -Duration: 2ms
[07/08/2026 02:27:00] PRISMA: SELECT "public"."Weather_Forecast"."id", "public"."Weather_Forecast"."time", "public"."Weather_Forec
[07/08/2026 02:27:00] -Params: ["2026-08-07 00:00:00 UTC",0]
[07/08/2026 02:27:00] -Duration: 6ms
[07/08/2026 02:27:03] PRISMA: SELECT "public"."User"."id", "public"."User"."username", "public"."User"."password_hash", "public"."
[07/08/2026 02:27:03] -Params: ["Parents",1,0]
[07/08/2026 02:27:03] -Duration: 2ms
[07/08/2026 02:27:53] PRISMA: SELECT "public"."Weather_Forecast"."id", "public"."Weather_Forecast"."time", "public"."Weather_Forec
[07/08/2026 02:27:53] -Params: ["2026-08-07 00:00:00 UTC",0]
[07/08/2026 02:27:53] -Duration: 2ms
[07/08/2026 02:27:55] PRISMA: SELECT "public"."User"."id", "public"."User"."username", "public"."User"."password_hash", "public"."
[07/08/2026 02:27:55] -Params: ["Parents",1,0]
[07/08/2026 02:27:55] -Duration: 2ms
[07/08/2026 02:27:59] PRISMA: SELECT "public"."Weather_Forecast"."id", "public"."Weather_Forecast"."time", "public"."Weather_Forec
[07/08/2026 02:27:59] -Params: ["2026-08-07 00:00:00 UTC",0]
[07/08/2026 02:27:59] -Duration: 2ms
[07/08/2026 02:28:01] PRISMA: SELECT "public"."User"."id", "public"."User"."username", "public"."User"."password_hash", "public"."
[07/08/2026 02:28:01] -Params: ["Parents",1,0]
[07/08/2026 02:28:01] -Duration: 9ms
[07/08/2026 02:28:16] PRISMA: SELECT 1
[07/08/2026 02:28:16] -Params: []
[07/08/2026 02:28:16] -Duration: 3ms
[07/08/2026 02:28:16] PRISMA: SELECT "public"."User"."id" FROM "public"."User" WHERE ("public"."User"."id" = $1 AND 1=1) LIMIT $2 
[07/08/2026 02:28:16] -Params: [1,1,0]
[07/08/2026 02:28:16] -Duration: 6ms
[07/08/2026 02:28:16] PRISMA: SELECT "public"."Miele_Token"."id", "public"."Miele_Token"."accessToken", "public"."Miele_Token"."re
[07/08/2026 02:28:16] -Params: [1,0]
[07/08/2026 02:28:16] -Duration: 7ms
[07/08/2026 02:28:16] PRISMA: SELECT "public"."Miele_Token"."id", "public"."Miele_Token"."accessToken", "public"."Miele_Token"."re
[07/08/2026 02:28:16] -Params: [1,1,0]
[07/08/2026 02:28:16] -Duration: 1ms
[07/08/2026 02:28:16] PRISMA: SELECT "public"."Weather_Forecast"."id", "public"."Weather_Forecast"."time", "public"."Weather_Forec
[07/08/2026 02:28:16] -Params: ["2026-08-06 12:28:16.542 UTC","2026-08-07 11:28:16.542 UTC",0]
[07/08/2026 02:28:16] -Duration: 9ms
[07/08/2026 02:28:16] PRISMA: SELECT "public"."Solar_Data"."id", "public"."Solar_Data"."hour", "public"."Solar_Data"."Watts", "pub
[07/08/2026 02:28:16] -Params: ["2026-08-06 00:28:16.536 UTC","2026-08-07 00:28:16.536 UTC",0]
[07/08/2026 02:28:16] -Duration: 9ms
[07/08/2026 02:28:16] PRISMA: SELECT "public"."Washing_Program"."id", "public"."Washing_Program"."type", "public"."Washing_Program
[07/08/2026 02:28:16] -Params: [5,0]
[07/08/2026 02:28:16] -Duration: 4ms
[07/08/2026 02:28:16] PRISMA: SELECT "public"."User"."id", "public"."User"."username" FROM "public"."User" WHERE "public"."User"."
[07/08/2026 02:28:16] -Params: [1,0]
[07/08/2026 02:28:16] -Duration: 1ms
[07/08/2026 02:28:19] PRISMA: SELECT "public"."Miele_Token"."id", "public"."Miele_Token"."accessToken", "public"."Miele_Token"."re
[07/08/2026 02:28:19] -Params: [1,1,0]
[07/08/2026 02:28:19] -Duration: 2ms
[07/08/2026 02:28:19] PRISMA: SELECT "public"."Miele_Token"."id", "public"."Miele_Token"."accessToken", "public"."Miele_Token"."re
[07/08/2026 02:28:19] -Params: [1,1,0]
[07/08/2026 02:28:19] -Duration: 2ms
[07/08/2026 02:28:34] PRISMA: SELECT "public"."Weather_Forecast"."id", "public"."Weather_Forecast"."time", "public"."Weather_Forec
[07/08/2026 02:28:34] -Params: ["2026-08-07 00:00:00 UTC",0]
[07/08/2026 02:28:34] -Duration: 14ms
[07/08/2026 02:28:36] PRISMA: SELECT "public"."User"."id", "public"."User"."username", "public"."User"."password_hash", "public"."
[07/08/2026 02:28:36] -Params: ["Parents",1,0]
[07/08/2026 02:28:36] -Duration: 8ms
[07/08/2026 02:30:01] PRISMA: SELECT 1
[07/08/2026 02:30:01] -Params: []
[07/08/2026 02:30:01] -Duration: 4ms
[07/08/2026 02:30:02] PRISMA: INSERT INTO "public"."Solar_Data" ("hour","Watts","total") VALUES ($1,$2,$3) RETURNING "public"."Sol
[07/08/2026 02:30:02] -Params: ["2026-08-07 00:30:01.978 UTC",0,0]
[07/08/2026 02:30:02] -Duration: 22ms
[07/08/2026 02:30:53] PRISMA: SELECT "public"."Weather_Forecast"."id", "public"."Weather_Forecast"."time", "public"."Weather_Forec
[07/08/2026 02:30:53] -Params: ["2026-08-07 00:00:00 UTC",0]
[07/08/2026 02:30:53] -Duration: 2ms
[07/08/2026 02:30:55] PRISMA: SELECT "public"."User"."id", "public"."User"."username", "public"."User"."password_hash", "public"."
[07/08/2026 02:30:55] -Params: ["Parents",1,0]
[07/08/2026 02:30:55] -Duration: 2ms
[07/08/2026 02:31:05] PRISMA: SELECT "public"."User"."id" FROM "public"."User" WHERE ("public"."User"."id" = $1 AND 1=1) LIMIT $2 
[07/08/2026 02:31:05] -Params: [1,1,0]
[07/08/2026 02:31:05] -Duration: 4ms
[07/08/2026 02:31:05] PRISMA: SELECT "public"."Miele_Token"."id", "public"."Miele_Token"."accessToken", "public"."Miele_Token"."re
[07/08/2026 02:31:05] -Params: [1,0]
[07/08/2026 02:31:05] -Duration: 2ms
[07/08/2026 02:31:05] PRISMA: SELECT "public"."Miele_Token"."id", "public"."Miele_Token"."accessToken", "public"."Miele_Token"."re
[07/08/2026 02:31:05] -Params: [1,1,0]
[07/08/2026 02:31:05] -Duration: 2ms
[07/08/2026 02:31:05] PRISMA: SELECT "public"."Solar_Data"."id", "public"."Solar_Data"."hour", "public"."Solar_Data"."Watts", "pub
[07/08/2026 02:31:05] -Params: ["2026-08-06 00:31:05.548 UTC","2026-08-07 00:31:05.548 UTC",0]
[07/08/2026 02:31:05] -Duration: 11ms
[07/08/2026 02:31:05] PRISMA: SELECT "public"."Weather_Forecast"."id", "public"."Weather_Forecast"."time", "public"."Weather_Forec
[07/08/2026 02:31:05] -Params: ["2026-08-06 12:31:05.550 UTC","2026-08-07 11:31:05.550 UTC",0]
[07/08/2026 02:31:05] -Duration: 8ms
[07/08/2026 02:31:05] PRISMA: SELECT "public"."Washing_Program"."id", "public"."Washing_Program"."type", "public"."Washing_Program
[07/08/2026 02:31:05] -Params: [5,0]
[07/08/2026 02:31:05] -Duration: 7ms
[07/08/2026 02:31:05] PRISMA: SELECT "public"."User"."id", "public"."User"."username" FROM "public"."User" WHERE "public"."User"."
[07/08/2026 02:31:05] -Params: [1,0]
[07/08/2026 02:31:05] -Duration: 1ms
[07/08/2026 02:31:16] PRISMA: SELECT "public"."Miele_Token"."id", "public"."Miele_Token"."accessToken", "public"."Miele_Token"."re
[07/08/2026 02:31:16] -Params: [1,1,0]
[07/08/2026 02:31:16] -Duration: 6ms
[07/08/2026 02:31:16] PRISMA: SELECT "public"."Miele_Token"."id", "public"."Miele_Token"."accessToken", "public"."Miele_Token"."re
[07/08/2026 02:31:16] -Params: [1,1,0]
[07/08/2026 02:31:16] -Duration: 5ms
[07/08/2026 02:31:49] PRISMA: SELECT "public"."Weather_Forecast"."id", "public"."Weather_Forecast"."time", "public"."Weather_Forec
[07/08/2026 02:31:49] -Params: ["2026-08-07 00:00:00 UTC",0]
[07/08/2026 02:31:49] -Duration: 7ms
[07/08/2026 02:31:51] PRISMA: SELECT "public"."User"."id", "public"."User"."username", "public"."User"."password_hash", "public"."
[07/08/2026 02:31:51] -Params: ["Parents",1,0]
[07/08/2026 02:31:51] -Duration: 2ms
[07/08/2026 02:32:26] PRISMA: SELECT "public"."Weather_Forecast"."id", "public"."Weather_Forecast"."time", "public"."Weather_Forec
[07/08/2026 02:32:26] -Params: ["2026-08-07 00:00:00 UTC",0]
[07/08/2026 02:32:26] -Duration: 2ms
[07/08/2026 02:32:29] PRISMA: SELECT "public"."User"."id", "public"."User"."username", "public"."User"."password_hash", "public"."
[07/08/2026 02:32:29] -Params: ["Parents",1,0]
[07/08/2026 02:32:29] -Duration: 7ms
[07/08/2026 02:32:37] PRISMA: SELECT "public"."User"."id" FROM "public"."User" WHERE ("public"."User"."id" = $1 AND 1=1) LIMIT $2 
[07/08/2026 02:32:37] -Params: [1,1,0]
[07/08/2026 02:32:37] -Duration: 12ms
[07/08/2026 02:32:37] PRISMA: SELECT "public"."Miele_Token"."id", "public"."Miele_Token"."accessToken", "public"."Miele_Token"."re
[07/08/2026 02:32:37] -Params: [1,0]
[07/08/2026 02:32:37] -Duration: 14ms
[07/08/2026 02:32:37] PRISMA: SELECT "public"."Weather_Forecast"."id", "public"."Weather_Forecast"."time", "public"."Weather_Forec
[07/08/2026 02:32:37] -Params: ["2026-08-06 12:32:37.696 UTC","2026-08-07 11:32:37.696 UTC",0]
[07/08/2026 02:32:37] -Duration: 8ms
[07/08/2026 02:32:37] PRISMA: SELECT "public"."Miele_Token"."id", "public"."Miele_Token"."accessToken", "public"."Miele_Token"."re
[07/08/2026 02:32:37] -Params: [1,1,0]
[07/08/2026 02:32:37] -Duration: 0ms
[07/08/2026 02:32:37] PRISMA: SELECT "public"."Solar_Data"."id", "public"."Solar_Data"."hour", "public"."Solar_Data"."Watts", "pub
[07/08/2026 02:32:37] -Params: ["2026-08-06 00:32:37.665 UTC","2026-08-07 00:32:37.665 UTC",0]
[07/08/2026 02:32:37] -Duration: 8ms
[07/08/2026 02:32:45] PRISMA: SELECT 1
[07/08/2026 02:32:45] -Params: []
[07/08/2026 02:32:45] -Duration: 2ms
[07/08/2026 02:32:45] PRISMA: SELECT "public"."Solar_Data"."id", "public"."Solar_Data"."hour", "public"."Solar_Data"."Watts", "pub
[07/08/2026 02:32:45] -Params: ["2026-08-06 00:32:45.347 UTC","2026-08-07 00:32:45.347 UTC",0]
[07/08/2026 02:32:45] -Duration: 4ms
[07/08/2026 02:32:45] PRISMA: SELECT "public"."Weather_Forecast"."id", "public"."Weather_Forecast"."time", "public"."Weather_Forec
[07/08/2026 02:32:45] -Params: ["2026-08-06 12:32:45.339 UTC","2026-08-07 11:32:45.339 UTC",0]
[07/08/2026 02:32:45] -Duration: 7ms
[07/08/2026 02:32:45] PRISMA: SELECT "public"."User"."id" FROM "public"."User" WHERE ("public"."User"."id" = $1 AND 1=1) LIMIT $2 
[07/08/2026 02:32:45] -Params: [1,1,0]
[07/08/2026 02:32:45] -Duration: 2ms
[07/08/2026 02:32:45] PRISMA: SELECT "public"."Miele_Token"."id", "public"."Miele_Token"."accessToken", "public"."Miele_Token"."re
[07/08/2026 02:32:45] -Params: [1,0]
[07/08/2026 02:32:45] -Duration: 1ms
[07/08/2026 02:32:45] PRISMA: SELECT "public"."Miele_Token"."id", "public"."Miele_Token"."accessToken", "public"."Miele_Token"."re
[07/08/2026 02:32:45] -Params: [1,1,0]
[07/08/2026 02:32:45] -Duration: 0ms
[07/08/2026 02:33:10] PRISMA: SELECT 1
[07/08/2026 02:33:10] -Params: []
[07/08/2026 02:33:10] -Duration: 12ms
[07/08/2026 02:33:10] PRISMA: SELECT "public"."User"."id" FROM "public"."User" WHERE ("public"."User"."id" = $1 AND 1=1) LIMIT $2 
[07/08/2026 02:33:10] -Params: [1,1,0]
[07/08/2026 02:33:10] -Duration: 6ms
[07/08/2026 02:33:10] PRISMA: SELECT "public"."Miele_Token"."id", "public"."Miele_Token"."accessToken", "public"."Miele_Token"."re
[07/08/2026 02:33:10] -Params: [1,0]
[07/08/2026 02:33:10] -Duration: 1ms
[07/08/2026 02:33:10] PRISMA: SELECT "public"."Solar_Data"."id", "public"."Solar_Data"."hour", "public"."Solar_Data"."Watts", "pub
[07/08/2026 02:33:10] -Params: ["2026-08-06 00:33:10.025 UTC","2026-08-07 00:33:10.025 UTC",0]
[07/08/2026 02:33:10] -Duration: 1ms
[07/08/2026 02:33:10] PRISMA: SELECT 1
[07/08/2026 02:33:10] -Params: []
[07/08/2026 02:33:10] -Duration: 2ms
[07/08/2026 02:33:10] PRISMA: SELECT "public"."Weather_Forecast"."id", "public"."Weather_Forecast"."time", "public"."Weather_Forec
[07/08/2026 02:33:10] -Params: ["2026-08-06 12:33:10.028 UTC","2026-08-07 11:33:10.028 UTC",0]
[07/08/2026 02:33:10] -Duration: 1ms
[07/08/2026 02:33:10] PRISMA: SELECT "public"."Miele_Token"."id", "public"."Miele_Token"."accessToken", "public"."Miele_Token"."re
[07/08/2026 02:33:10] -Params: [1,1,0]
[07/08/2026 02:33:10] -Duration: 0ms
[07/08/2026 02:33:16] PRISMA: SELECT "public"."Solar_Data"."id", "public"."Solar_Data"."hour", "public"."Solar_Data"."Watts", "pub
[07/08/2026 02:33:16] -Params: ["2026-08-06 00:33:16.659 UTC","2026-08-07 00:33:16.659 UTC",0]
[07/08/2026 02:33:16] -Duration: 10ms
[07/08/2026 02:33:16] PRISMA: SELECT "public"."Weather_Forecast"."id", "public"."Weather_Forecast"."time", "public"."Weather_Forec
[07/08/2026 02:33:16] -Params: ["2026-08-06 12:33:16.652 UTC","2026-08-07 11:33:16.652 UTC",0]
[07/08/2026 02:33:16] -Duration: 12ms
[07/08/2026 02:33:16] PRISMA: SELECT "public"."User"."id" FROM "public"."User" WHERE ("public"."User"."id" = $1 AND 1=1) LIMIT $2 
[07/08/2026 02:33:16] -Params: [1,1,0]
[07/08/2026 02:33:16] -Duration: 0ms
[07/08/2026 02:33:16] PRISMA: SELECT "public"."Miele_Token"."id", "public"."Miele_Token"."accessToken", "public"."Miele_Token"."re
[07/08/2026 02:33:16] -Params: [1,0]
[07/08/2026 02:33:16] -Duration: 0ms
[07/08/2026 02:33:16] PRISMA: SELECT "public"."Miele_Token"."id", "public"."Miele_Token"."accessToken", "public"."Miele_Token"."re
[07/08/2026 02:33:16] -Params: [1,1,0]
[07/08/2026 02:33:16] -Duration: 0ms
[07/08/2026 02:35:00] PRISMA: SELECT 1
[07/08/2026 02:35:00] -Params: []
[07/08/2026 02:35:00] -Duration: 3ms
[07/08/2026 02:35:00] PRISMA: INSERT INTO "public"."Solar_Data" ("hour","Watts","total") VALUES ($1,$2,$3) RETURNING "public"."Sol
[07/08/2026 02:35:00] -Params: ["2026-08-07 00:35:00.661 UTC",0,0]
[07/08/2026 02:35:00] -Duration: 12ms
[07/08/2026 02:35:05] PRISMA: SELECT "public"."Weather_Forecast"."id", "public"."Weather_Forecast"."time", "public"."Weather_Forec
[07/08/2026 02:35:05] -Params: ["2026-08-07 00:00:00 UTC",0]
[07/08/2026 02:35:05] -Duration: 4ms
[07/08/2026 02:35:08] PRISMA: SELECT "public"."User"."id", "public"."User"."username", "public"."User"."password_hash", "public"."
[07/08/2026 02:35:08] -Params: ["Parents",1,0]
[07/08/2026 02:35:08] -Duration: 8ms
[07/08/2026 02:35:09] PRISMA: SELECT "public"."User"."id" FROM "public"."User" WHERE ("public"."User"."id" = $1 AND 1=1) LIMIT $2 
[07/08/2026 02:35:09] -Params: [1,1,0]
[07/08/2026 02:35:09] -Duration: 4ms
[07/08/2026 02:35:09] PRISMA: SELECT "public"."Miele_Token"."id", "public"."Miele_Token"."accessToken", "public"."Miele_Token"."re
[07/08/2026 02:35:09] -Params: [1,0]
[07/08/2026 02:35:09] -Duration: 9ms
[07/08/2026 02:35:09] PRISMA: SELECT "public"."Solar_Data"."id", "public"."Solar_Data"."hour", "public"."Solar_Data"."Watts", "pub
[07/08/2026 02:35:09] -Params: ["2026-08-06 00:35:09.596 UTC","2026-08-07 00:35:09.596 UTC",0]
[07/08/2026 02:35:09] -Duration: 7ms
[07/08/2026 02:35:09] PRISMA: SELECT "public"."Weather_Forecast"."id", "public"."Weather_Forecast"."time", "public"."Weather_Forec
[07/08/2026 02:35:09] -Params: ["2026-08-06 12:35:09.616 UTC","2026-08-07 11:35:09.616 UTC",0]
[07/08/2026 02:35:09] -Duration: 4ms
[07/08/2026 02:35:09] PRISMA: SELECT "public"."Miele_Token"."id", "public"."Miele_Token"."accessToken", "public"."Miele_Token"."re
[07/08/2026 02:35:09] -Params: [1,1,0]
[07/08/2026 02:35:09] -Duration: 1ms
[07/08/2026 02:35:09] PRISMA: SELECT "public"."Washing_Program"."id", "public"."Washing_Program"."type", "public"."Washing_Program
[07/08/2026 02:35:09] -Params: [5,0]
[07/08/2026 02:35:09] -Duration: 4ms
[07/08/2026 02:35:09] PRISMA: SELECT "public"."User"."id", "public"."User"."username" FROM "public"."User" WHERE "public"."User"."
[07/08/2026 02:35:09] -Params: [1,0]
[07/08/2026 02:35:09] -Duration: 1ms
[07/08/2026 02:35:56] PRISMA: SELECT "public"."Weather_Forecast"."id", "public"."Weather_Forecast"."time", "public"."Weather_Forec
[07/08/2026 02:35:56] -Params: ["2026-08-07 00:00:00 UTC",0]
[07/08/2026 02:35:56] -Duration: 2ms
[07/08/2026 02:35:59] PRISMA: SELECT "public"."User"."id", "public"."User"."username", "public"."User"."password_hash", "public"."
[07/08/2026 02:35:59] -Params: ["Parents",1,0]
[07/08/2026 02:35:59] -Duration: 2ms
[07/08/2026 02:36:44] PRISMA: SELECT "public"."Weather_Forecast"."id", "public"."Weather_Forecast"."time", "public"."Weather_Forec
[07/08/2026 02:36:44] -Params: ["2026-08-07 00:00:00 UTC",0]
[07/08/2026 02:36:44] -Duration: 5ms
[07/08/2026 02:36:52] PRISMA: SELECT "public"."User"."id", "public"."User"."username", "public"."User"."password_hash", "public"."
[07/08/2026 02:36:52] -Params: ["Parents",1,0]
[07/08/2026 02:36:52] -Duration: 7ms
[07/08/2026 02:37:18] PRISMA: SELECT "public"."Weather_Forecast"."id", "public"."Weather_Forecast"."time", "public"."Weather_Forec
[07/08/2026 02:37:18] -Params: ["2026-08-07 00:00:00 UTC",0]
[07/08/2026 02:37:18] -Duration: 2ms
[07/08/2026 02:37:20] PRISMA: SELECT "public"."User"."id", "public"."User"."username", "public"."User"."password_hash", "public"."
[07/08/2026 02:37:20] -Params: ["Parents",1,0]
[07/08/2026 02:37:20] -Duration: 8ms
[07/08/2026 02:37:55] PRISMA: SELECT "public"."Weather_Forecast"."id", "public"."Weather_Forecast"."time", "public"."Weather_Forec
[07/08/2026 02:37:55] -Params: ["2026-08-07 00:00:00 UTC",0]
[07/08/2026 02:37:55] -Duration: 2ms
[07/08/2026 02:37:58] PRISMA: SELECT "public"."User"."id", "public"."User"."username", "public"."User"."password_hash", "public"."
[07/08/2026 02:37:58] -Params: ["Parents",1,0]
[07/08/2026 02:37:58] -Duration: 6ms
[07/08/2026 02:38:27] PRISMA: SELECT 1
[07/08/2026 02:38:27] -Params: []
[07/08/2026 02:38:27] -Duration: 1ms
[07/08/2026 02:38:27] PRISMA: SELECT "public"."User"."id" FROM "public"."User" WHERE ("public"."User"."id" = $1 AND 1=1) LIMIT $2 
[07/08/2026 02:38:27] -Params: [1,1,0]
[07/08/2026 02:38:27] -Duration: 6ms
[07/08/2026 02:38:27] PRISMA: SELECT "public"."Miele_Token"."id", "public"."Miele_Token"."accessToken", "public"."Miele_Token"."re
[07/08/2026 02:38:27] -Params: [1,0]
[07/08/2026 02:38:27] -Duration: 3ms
[07/08/2026 02:38:27] PRISMA: SELECT "public"."Weather_Forecast"."id", "public"."Weather_Forecast"."time", "public"."Weather_Forec
[07/08/2026 02:38:27] -Params: ["2026-08-06 12:38:27.269 UTC","2026-08-07 11:38:27.269 UTC",0]
[07/08/2026 02:38:27] -Duration: 12ms
[07/08/2026 02:38:27] PRISMA: SELECT "public"."Solar_Data"."id", "public"."Solar_Data"."hour", "public"."Solar_Data"."Watts", "pub
[07/08/2026 02:38:27] -Params: ["2026-08-06 00:38:27.264 UTC","2026-08-07 00:38:27.264 UTC",0]
[07/08/2026 02:38:27] -Duration: 3ms
[07/08/2026 02:38:27] PRISMA: SELECT "public"."Washing_Program"."id", "public"."Washing_Program"."type", "public"."Washing_Program
[07/08/2026 02:38:27] -Params: [5,0]
[07/08/2026 02:38:27] -Duration: 6ms
[07/08/2026 02:38:27] PRISMA: SELECT "public"."User"."id", "public"."User"."username" FROM "public"."User" WHERE "public"."User"."
[07/08/2026 02:38:27] -Params: [1,0]
[07/08/2026 02:38:27] -Duration: 3ms
[07/08/2026 02:38:27] PRISMA: SELECT "public"."Miele_Token"."id", "public"."Miele_Token"."accessToken", "public"."Miele_Token"."re
[07/08/2026 02:38:27] -Params: [1,1,0]
[07/08/2026 02:38:27] -Duration: 3ms
[07/08/2026 02:38:29] PRISMA: SELECT "public"."Weather_Forecast"."id", "public"."Weather_Forecast"."time", "public"."Weather_Forec
[07/08/2026 02:38:29] -Params: ["2026-08-06 12:38:29.327 UTC","2026-08-07 11:38:29.327 UTC",0]
[07/08/2026 02:38:29] -Duration: 5ms
[07/08/2026 02:38:29] PRISMA: SELECT "public"."Solar_Data"."id", "public"."Solar_Data"."hour", "public"."Solar_Data"."Watts", "pub
[07/08/2026 02:38:29] -Params: ["2026-08-06 00:38:29.330 UTC","2026-08-07 00:38:29.330 UTC",0]
[07/08/2026 02:38:29] -Duration: 2ms
[07/08/2026 02:38:31] PRISMA: SELECT "public"."Weather_Forecast"."id", "public"."Weather_Forecast"."time", "public"."Weather_Forec
[07/08/2026 02:38:31] -Params: ["2026-08-06 12:38:31.578 UTC","2026-08-07 11:38:31.578 UTC",0]
[07/08/2026 02:38:31] -Duration: 2ms
[07/08/2026 02:40:01] PRISMA: SELECT 1
[07/08/2026 02:40:01] -Params: []
[07/08/2026 02:40:01] -Duration: 5ms
[07/08/2026 02:40:01] PRISMA: INSERT INTO "public"."Solar_Data" ("hour","Watts","total") VALUES ($1,$2,$3) RETURNING "public"."Sol
[07/08/2026 02:40:01] -Params: ["2026-08-07 00:40:01.648 UTC",0,0]
[07/08/2026 02:40:01] -Duration: 13ms
[07/08/2026 02:40:04] PRISMA: SELECT "public"."Weather_Forecast"."id", "public"."Weather_Forecast"."time", "public"."Weather_Forec
[07/08/2026 02:40:04] -Params: ["2026-08-06 12:40:04.078 UTC","2026-08-07 11:40:04.078 UTC",0]
[07/08/2026 02:40:04] -Duration: 8ms
[07/08/2026 11:11:55] PRISMA: SELECT 1
[07/08/2026 11:11:55] -Params: []
[07/08/2026 11:11:55] -Duration: 7ms
[07/08/2026 11:11:55] PRISMA: SELECT "public"."Weather_Forecast"."id", "public"."Weather_Forecast"."time", "public"."Weather_Forec
[07/08/2026 11:11:55] -Params: ["2026-08-06 21:11:55.228 UTC","2026-08-07 20:11:55.228 UTC",0]
[07/08/2026 11:11:55] -Duration: 8ms
[07/08/2026 11:13:08] PRISMA: SELECT "public"."Weather_Forecast"."id", "public"."Weather_Forecast"."time", "public"."Weather_Forec
[07/08/2026 11:13:08] -Params: ["2026-08-06 21:13:08.409 UTC","2026-08-07 20:13:08.409 UTC",0]
[07/08/2026 11:13:08] -Duration: 14ms
[07/08/2026 11:13:40] PRISMA: SELECT "public"."Weather_Forecast"."id", "public"."Weather_Forecast"."time", "public"."Weather_Forec
[07/08/2026 11:13:40] -Params: ["2026-08-07 00:00:00 UTC",0]
[07/08/2026 11:13:40] -Duration: 3ms
[07/08/2026 11:13:43] PRISMA: SELECT "public"."User"."id", "public"."User"."username", "public"."User"."password_hash", "public"."
[07/08/2026 11:13:43] -Params: ["Parents",1,0]
[07/08/2026 11:13:43] -Duration: 3ms
[07/08/2026 11:15:08] PRISMA: SELECT 1
[07/08/2026 11:15:08] -Params: []
[07/08/2026 11:15:08] -Duration: 4ms
[07/08/2026 11:15:08] PRISMA: INSERT INTO "public"."Solar_Data" ("hour","Watts","total") VALUES ($1,$2,$3) RETURNING "public"."Sol
[07/08/2026 11:15:08] -Params: ["2026-08-07 09:15:08.038 UTC",4543,8296]
[07/08/2026 11:15:08] -Duration: 26ms
[07/08/2026 11:17:46] PRISMA: SELECT 1
[07/08/2026 11:17:46] -Params: []
[07/08/2026 11:17:46] -Duration: 22ms
[07/08/2026 11:17:46] PRISMA: SELECT "public"."Weather_Forecast"."id", "public"."Weather_Forecast"."time", "public"."Weather_Forec
[07/08/2026 11:17:46] -Params: ["2026-08-06 21:17:46.750 UTC","2026-08-07 20:17:46.750 UTC",0]
[07/08/2026 11:17:46] -Duration: 10ms
[07/08/2026 11:19:10] PRISMA: SELECT "public"."Weather_Forecast"."id", "public"."Weather_Forecast"."time", "public"."Weather_Forec
[07/08/2026 11:19:10] -Params: ["2026-08-07 00:00:00 UTC",0]
[07/08/2026 11:19:10] -Duration: 7ms
[07/08/2026 11:19:12] PRISMA: SELECT "public"."User"."id", "public"."User"."username", "public"."User"."password_hash", "public"."
[07/08/2026 11:19:12] -Params: ["Parents",1,0]
[07/08/2026 11:19:12] -Duration: 5ms
[07/08/2026 11:20:03] PRISMA: SELECT 1
[07/08/2026 11:20:03] -Params: []
[07/08/2026 11:20:03] -Duration: 5ms
[07/08/2026 11:20:03] PRISMA: INSERT INTO "public"."Solar_Data" ("hour","Watts","total") VALUES ($1,$2,$3) RETURNING "public"."Sol
[07/08/2026 11:20:03] -Params: ["2026-08-07 09:20:03.505 UTC",4466,8669]
[07/08/2026 11:20:03] -Duration: 6ms
[07/08/2026 11:20:30] PRISMA: SELECT "public"."Weather_Forecast"."id", "public"."Weather_Forecast"."time", "public"."Weather_Forec
[07/08/2026 11:20:30] -Params: ["2026-08-07 00:00:00 UTC",0]
[07/08/2026 11:20:30] -Duration: 2ms
[07/08/2026 11:20:32] PRISMA: SELECT "public"."User"."id", "public"."User"."username", "public"."User"."password_hash", "public"."
[07/08/2026 11:20:32] -Params: ["Parents",1,0]
[07/08/2026 11:20:32] -Duration: 7ms
[07/08/2026 11:22:01] PRISMA: SELECT "public"."Weather_Forecast"."id", "public"."Weather_Forecast"."time", "public"."Weather_Forec
[07/08/2026 11:22:01] -Params: ["2026-08-07 00:00:00 UTC",0]
[07/08/2026 11:22:01] -Duration: 2ms
[07/08/2026 11:22:08] PRISMA: SELECT "public"."User"."id", "public"."User"."username", "public"."User"."password_hash", "public"."
[07/08/2026 11:22:08] -Params: ["Parents",1,0]
[07/08/2026 11:22:08] -Duration: 6ms
[07/08/2026 11:22:22] PRISMA: SELECT "public"."Weather_Forecast"."id", "public"."Weather_Forecast"."time", "public"."Weather_Forec
[07/08/2026 11:22:22] -Params: ["2026-08-07 00:00:00 UTC",0]
[07/08/2026 11:22:22] -Duration: 2ms
[07/08/2026 11:22:24] PRISMA: SELECT "public"."User"."id", "public"."User"."username", "public"."User"."password_hash", "public"."
[07/08/2026 11:22:24] -Params: ["Parents",1,0]
[07/08/2026 11:22:24] -Duration: 2ms
[07/08/2026 11:22:46] PRISMA: SELECT 1
[07/08/2026 11:22:46] -Params: []
[07/08/2026 11:22:46] -Duration: 9ms
[07/08/2026 11:22:46] PRISMA: SELECT "public"."Weather_Forecast"."id", "public"."Weather_Forecast"."time", "public"."Weather_Forec
[07/08/2026 11:22:46] -Params: ["2026-08-06 21:22:46.667 UTC","2026-08-07 20:22:46.667 UTC",0]
[07/08/2026 11:22:46] -Duration: 7ms
[07/08/2026 11:22:52] PRISMA: SELECT "public"."Weather_Forecast"."id", "public"."Weather_Forecast"."time", "public"."Weather_Forec
[07/08/2026 11:22:52] -Params: ["2026-08-07 00:00:00 UTC",0]
[07/08/2026 11:22:52] -Duration: 2ms
[07/08/2026 11:22:55] PRISMA: SELECT "public"."User"."id", "public"."User"."username", "public"."User"."password_hash", "public"."
[07/08/2026 11:22:55] -Params: ["Parents",1,0]
[07/08/2026 11:22:55] -Duration: 3ms
[07/08/2026 11:23:45] PRISMA: SELECT "public"."Weather_Forecast"."id", "public"."Weather_Forecast"."time", "public"."Weather_Forec
[07/08/2026 11:23:45] -Params: ["2026-08-07 00:00:00 UTC",0]
[07/08/2026 11:23:45] -Duration: 2ms
[07/08/2026 11:23:48] PRISMA: SELECT "public"."User"."id", "public"."User"."username", "public"."User"."password_hash", "public"."
[07/08/2026 11:23:48] -Params: ["Parents",1,0]
[07/08/2026 11:23:48] -Duration: 7ms
[07/08/2026 11:25:00] PRISMA: SELECT 1
[07/08/2026 11:25:00] -Params: []
[07/08/2026 11:25:00] -Duration: 11ms
[07/08/2026 11:25:00] PRISMA: INSERT INTO "public"."Solar_Data" ("hour","Watts","total") VALUES ($1,$2,$3) RETURNING "public"."Sol
[07/08/2026 11:25:00] -Params: ["2026-08-07 09:25:00.836 UTC",4786,9053]
[07/08/2026 11:25:00] -Duration: 12ms
[07/08/2026 11:26:20] PRISMA: SELECT "public"."Weather_Forecast"."id", "public"."Weather_Forecast"."time", "public"."Weather_Forec
[07/08/2026 11:26:20] -Params: ["2026-08-07 00:00:00 UTC",0]
[07/08/2026 11:26:20] -Duration: 2ms
[07/08/2026 11:26:23] PRISMA: SELECT "public"."User"."id", "public"."User"."username", "public"."User"."password_hash", "public"."
[07/08/2026 11:26:23] -Params: ["Parents",1,0]
[07/08/2026 11:26:23] -Duration: 2ms
[07/08/2026 11:26:47] PRISMA: SELECT "public"."Weather_Forecast"."id", "public"."Weather_Forecast"."time", "public"."Weather_Forec
[07/08/2026 11:26:47] -Params: ["2026-08-07 00:00:00 UTC",0]
[07/08/2026 11:26:47] -Duration: 11ms
[07/08/2026 11:26:50] PRISMA: SELECT "public"."User"."id", "public"."User"."username", "public"."User"."password_hash", "public"."
[07/08/2026 11:26:50] -Params: ["Parents",1,0]
[07/08/2026 11:26:50] -Duration: 4ms
[07/08/2026 11:27:25] PRISMA: SELECT "public"."Weather_Forecast"."id", "public"."Weather_Forecast"."time", "public"."Weather_Forec
[07/08/2026 11:27:25] -Params: ["2026-08-07 00:00:00 UTC",0]
[07/08/2026 11:27:25] -Duration: 5ms
[07/08/2026 11:27:32] PRISMA: SELECT "public"."User"."id", "public"."User"."username", "public"."User"."password_hash", "public"."
[07/08/2026 11:27:32] -Params: ["Parents",1,0]
[07/08/2026 11:27:32] -Duration: 7ms
[07/08/2026 11:27:58] PRISMA: SELECT "public"."Weather_Forecast"."id", "public"."Weather_Forecast"."time", "public"."Weather_Forec
[07/08/2026 11:27:58] -Params: ["2026-08-07 00:00:00 UTC",0]
[07/08/2026 11:27:58] -Duration: 2ms
[07/08/2026 11:28:01] PRISMA: SELECT "public"."User"."id", "public"."User"."username", "public"."User"."password_hash", "public"."
[07/08/2026 11:28:01] -Params: ["Parents",1,0]
[07/08/2026 11:28:01] -Duration: 2ms
[07/08/2026 11:29:02] PRISMA: SELECT "public"."Weather_Forecast"."id", "public"."Weather_Forecast"."time", "public"."Weather_Forec
[07/08/2026 11:29:02] -Params: ["2026-08-07 00:00:00 UTC",0]
[07/08/2026 11:29:02] -Duration: 2ms
[07/08/2026 11:29:04] PRISMA: SELECT "public"."User"."id", "public"."User"."username", "public"."User"."password_hash", "public"."
[07/08/2026 11:29:04] -Params: ["Parents",1,0]
[07/08/2026 11:29:04] -Duration: 5ms
[07/08/2026 11:34:52] PRISMA: SELECT "public"."Weather_Forecast"."id", "public"."Weather_Forecast"."time", "public"."Weather_Forec -Params: ["2026-08-07 00:00:00 UTC",0] -Duration: 2ms
[07/08/2026 11:35:32] PRISMA: SELECT "public"."Weather_Forecast"."id", "public"."Weather_Forecast"."time", "public"."Weather_Forec -Params: ["2026-08-07 00:00:00 UTC",0] -Duration: 8ms
[07/08/2026 11:35:35] PRISMA: SELECT "public"."User"."id", "public"."User"."username", "public"."User"."password_hash", "public"." -Params: ["Parents",1,0] -Duration: 2ms
[07/08/2026 11:36:10] PRISMA: SELECT "public"."Weather_Forecast"."id", "public"."Weather_Forecast"."time", "public"."Weather_Forec -Params: ["2026-08-07 00:00:00 UTC",0] -Duration: 5ms
[07/08/2026 11:36:12] PRISMA: SELECT "public"."User"."id", "public"."User"."username", "public"."User"."password_hash", "public"." -Params: ["Parents",1,0] -Duration: 2ms
[07/08/2026 11:36:19] PRISMA: SELECT "public"."Weather_Forecast"."id", "public"."Weather_Forecast"."time", "public"."Weather_Forec -Params: ["2026-08-07 00:00:00 UTC",0] -Duration: 2ms
[07/08/2026 11:36:21] PRISMA: SELECT "public"."User"."id", "public"."User"."username", "public"."User"."password_hash", "public"." -Params: ["Parents",1,0] -Duration: 9ms
[07/08/2026 11:36:26] PRISMA: SELECT "public"."Weather_Forecast"."id", "public"."Weather_Forecast"."time", "public"."Weather_Forec -Params: ["2026-08-07 00:00:00 UTC",0] -Duration: 6ms
[07/08/2026 11:36:34] PRISMA: SELECT "public"."Weather_Forecast"."id", "public"."Weather_Forecast"."time", "public"."Weather_Forec -Params: ["2026-08-07 00:00:00 UTC",0] -Duration: 3ms
[07/08/2026 11:36:37] PRISMA: SELECT "public"."User"."id", "public"."User"."username", "public"."User"."password_hash", "public"." -Params: ["Parents",1,0] -Duration: 7ms
[07/08/2026 11:36:41] PRISMA: SELECT "public"."Weather_Forecast"."id", "public"."Weather_Forecast"."time", "public"."Weather_Forec -Params: ["2026-08-07 00:00:00 UTC",0] -Duration: 2ms
[07/08/2026 11:36:43] PRISMA: SELECT "public"."User"."id", "public"."User"."username", "public"."User"."password_hash", "public"." -Params: ["Parents",1,0] -Duration: 2ms
[07/08/2026 11:36:52] PRISMA: SELECT "public"."Weather_Forecast"."id", "public"."Weather_Forecast"."time", "public"."Weather_Forec -Params: ["2026-08-07 00:00:00 UTC",0] -Duration: 8ms
[07/08/2026 11:36:55] PRISMA: SELECT "public"."User"."id", "public"."User"."username", "public"."User"."password_hash", "public"." -Params: ["Parents",1,0] -Duration: 4ms
[07/08/2026 11:36:59] PRISMA: SELECT "public"."Weather_Forecast"."id", "public"."Weather_Forecast"."time", "public"."Weather_Forec -Params: ["2026-08-07 00:00:00 UTC",0] -Duration: 2ms
[07/08/2026 11:37:02] PRISMA: SELECT "public"."User"."id", "public"."User"."username", "public"."User"."password_hash", "public"." -Params: ["Parents",1,0] -Duration: 2ms
[07/08/2026 11:37:08] PRISMA: SELECT "public"."Weather_Forecast"."id", "public"."Weather_Forecast"."time", "public"."Weather_Forec -Params: ["2026-08-07 00:00:00 UTC",0] -Duration: 7ms
[07/08/2026 11:37:10] PRISMA: SELECT "public"."User"."id", "public"."User"."username", "public"."User"."password_hash", "public"." -Params: ["Parents",1,0] -Duration: 4ms
[07/08/2026 11:37:32] PRISMA: SELECT "public"."Weather_Forecast"."id", "public"."Weather_Forecast"."time", "public"."Weather_Forec -Params: ["2026-08-07 00:00:00 UTC",0] -Duration: 2ms
[07/08/2026 11:37:35] PRISMA: SELECT "public"."User"."id", "public"."User"."username", "public"."User"."password_hash", "public"." -Params: ["Parents",1,0] -Duration: 3ms
[07/08/2026 11:38:33] PRISMA: SELECT "public"."Weather_Forecast"."id", "public"."Weather_Forecast"."time", "public"."Weather_Forec -Params: ["2026-08-07 00:00:00 UTC",0] -Duration: 7ms
[07/08/2026 11:38:36] PRISMA: SELECT "public"."User"."id", "public"."User"."username", "public"."User"."password_hash", "public"." -Params: ["Parents",1,0] -Duration: 9ms
[07/08/2026 11:39:19] PRISMA: SELECT 1 -Params: [] -Duration: 30ms
[07/08/2026 11:39:19] PRISMA: SELECT "public"."Weather_Forecast"."id", "public"."Weather_Forecast"."time", "public"."Weather_Forec -Params: ["2026-08-06 21:39:19.480 UTC","2026-08-07 20:39:19.480 UTC",0] -Duration: 10ms
[07/08/2026 11:40:02] PRISMA: SELECT 1 -Params: [] -Duration: 5ms
[07/08/2026 11:40:02] PRISMA: INSERT INTO "public"."Solar_Data" ("hour","Watts","total") VALUES ($1,$2,$3) RETURNING "public"."Sol -Params: ["2026-08-07 09:40:02.470 UTC",4558,10106] -Duration: 14ms
[07/08/2026 11:42:02] PRISMA: SELECT "public"."Weather_Forecast"."id", "public"."Weather_Forecast"."time", "public"."Weather_Forec -Params: ["2026-08-07 00:00:00 UTC",0] -Duration: 7ms
[07/08/2026 11:42:05] PRISMA: SELECT "public"."User"."id", "public"."User"."username", "public"."User"."password_hash", "public"." -Params: ["Parents",1,0] -Duration: 4ms
[07/08/2026 11:42:46] PRISMA: SELECT "public"."Weather_Forecast"."id", "public"."Weather_Forecast"."time", "public"."Weather_Forec -Params: ["2026-08-07 00:00:00 UTC",0] -Duration: 7ms
[07/08/2026 11:42:53] PRISMA: SELECT "public"."User"."id", "public"."User"."username", "public"."User"."password_hash", "public"." -Params: ["Parents",1,0] -Duration: 4ms
[07/08/2026 11:43:19] PRISMA: SELECT 1 -Params: [] -Duration: 3ms
[07/08/2026 11:43:19] PRISMA: SELECT "public"."User"."id" FROM "public"."User" WHERE ("public"."User"."id" = $1 AND 1=1) LIMIT $2  -Params: [1,1,0] -Duration: 5ms
[07/08/2026 11:43:19] PRISMA: SELECT "public"."Miele_Token"."id", "public"."Miele_Token"."accessToken", "public"."Miele_Token"."re -Params: [1,0] -Duration: 4ms
[07/08/2026 11:43:19] PRISMA: SELECT "public"."Miele_Token"."id", "public"."Miele_Token"."accessToken", "public"."Miele_Token"."re -Params: [1,1,0] -Duration: 0ms
[07/08/2026 11:43:19] PRISMA: SELECT "public"."Weather_Forecast"."id", "public"."Weather_Forecast"."time", "public"."Weather_Forec -Params: ["2026-08-06 21:43:19.413 UTC","2026-08-07 20:43:19.413 UTC",0] -Duration: 4ms
[07/08/2026 11:43:19] PRISMA: SELECT "public"."Solar_Data"."id", "public"."Solar_Data"."hour", "public"."Solar_Data"."Watts", "pub -Params: ["2026-08-06 09:43:19.407 UTC","2026-08-07 09:43:19.407 UTC",0] -Duration: 6ms
[07/08/2026 11:43:19] PRISMA: SELECT "public"."Washing_Program"."id", "public"."Washing_Program"."type", "public"."Washing_Program -Params: [5,0] -Duration: 2ms
[07/08/2026 11:43:19] PRISMA: SELECT "public"."User"."id", "public"."User"."username" FROM "public"."User" WHERE "public"."User"." -Params: [1,0] -Duration: 0ms
[07/08/2026 11:43:48] PRISMA: SELECT "public"."Weather_Forecast"."id", "public"."Weather_Forecast"."time", "public"."Weather_Forec -Params: ["2026-08-07 00:00:00 UTC",0] -Duration: 2ms
[07/08/2026 11:43:51] PRISMA: SELECT "public"."User"."id", "public"."User"."username", "public"."User"."password_hash", "public"." -Params: ["Parents",1,0] -Duration: 6ms
[07/08/2026 11:45:00] PRISMA: SELECT 1 -Params: [] -Duration: 4ms
[07/08/2026 11:45:00] PRISMA: INSERT INTO "public"."Solar_Data" ("hour","Watts","total") VALUES ($1,$2,$3) RETURNING "public"."Sol -Params: ["2026-08-07 09:45:00.790 UTC",4649,10480] -Duration: 11ms
[07/08/2026 11:45:05] PRISMA: SELECT "public"."Weather_Forecast"."id", "public"."Weather_Forecast"."time", "public"."Weather_Forec -Params: ["2026-08-07 00:00:00 UTC",0] -Duration: 2ms
[07/08/2026 11:45:09] PRISMA: SELECT "public"."User"."id", "public"."User"."username", "public"."User"."password_hash", "public"." -Params: ["Parents",1,0] -Duration: 7ms
[07/08/2026 11:46:49] PRISMA: SELECT 1 -Params: [] -Duration: 5ms
[07/08/2026 11:46:49] PRISMA: SELECT "public"."Miele_Token"."id", "public"."Miele_Token"."accessToken", "public"."Miele_Token"."re -Params: [1,1,0] -Duration: 4ms
[07/08/2026 11:46:49] PRISMA: SELECT "public"."Miele_Token"."id", "public"."Miele_Token"."accessToken", "public"."Miele_Token"."re -Params: [1,1,0] -Duration: 2ms
[07/08/2026 11:46:57] PRISMA: SELECT "public"."Miele_Token"."id", "public"."Miele_Token"."accessToken", "public"."Miele_Token"."re -Params: [1,1,0] -Duration: 5ms
[07/08/2026 11:46:57] PRISMA: SELECT "public"."Miele_Token"."id", "public"."Miele_Token"."accessToken", "public"."Miele_Token"."re -Params: [1,1,0] -Duration: 6ms
[07/08/2026 11:47:28] PRISMA: SELECT 1 -Params: [] -Duration: 1ms
[07/08/2026 11:47:28] PRISMA: SELECT "public"."Miele_Token"."id", "public"."Miele_Token"."accessToken", "public"."Miele_Token"."re -Params: [1,1,0] -Duration: 0ms
[07/08/2026 11:47:28] PRISMA: SELECT 1 -Params: [] -Duration: 1ms
[07/08/2026 11:47:28] PRISMA: INSERT INTO "public"."PushNotif" ("createdAt","sendAt","type") VALUES ($1,$2,$3) RETURNING "public". -Params: ["2026-08-07 09:47:28.534 UTC","2026-08-07 09:52:28.534 UTC",1] -Duration: 13ms
[07/08/2026 11:47:28] PRISMA: INSERT INTO "public"."Washing_Program" ("type","time","finished","authorId") VALUES ($1,$2,$3,$4) RE -Params: ["Express 20","2026-08-07 09:47:28.534 UTC",false,1] -Duration: 16ms
[07/08/2026 11:47:28] PRISMA: SELECT "public"."Miele_Token"."id", "public"."Miele_Token"."accessToken", "public"."Miele_Token"."re -Params: [1,1,0] -Duration: 0ms
[07/08/2026 11:47:28] PRISMA: SELECT "public"."Miele_Token"."id", "public"."Miele_Token"."accessToken", "public"."Miele_Token"."re -Params: [1,1,0] -Duration: 0ms
[07/08/2026 11:48:00] PRISMA: SELECT 1 -Params: [] -Duration: 4ms
[07/08/2026 11:48:00] PRISMA: SELECT "public"."PushNotif"."id", "public"."PushNotif"."createdAt", "public"."PushNotif"."sendAt", " -Params: ["2026-08-07 09:48:00.290 UTC",0] -Duration: 9ms
[07/08/2026 11:48:00] PRISMA: SELECT "public"."PushSubscription"."id", "public"."PushSubscription"."userId", "public"."PushSubscri -Params: [0] -Duration: 2ms
[07/08/2026 11:48:00] PRISMA: DELETE FROM "public"."PushNotif" WHERE ("public"."PushNotif"."id" = $1 AND 1=1) RETURNING "public"." -Params: [2] -Duration: 18ms
[07/08/2026 11:48:00] PRISMA: SELECT "public"."Washing_Program"."id", "public"."Washing_Program"."type", "public"."Washing_Program -Params: ["2026-08-06 22:47:16.021 UTC",0] -Duration: 2ms
[07/08/2026 11:48:57] PRISMA: SELECT "public"."Weather_Forecast"."id", "public"."Weather_Forecast"."time", "public"."Weather_Forec -Params: ["2026-08-07 00:00:00 UTC",0] -Duration: 7ms
[07/08/2026 11:49:00] PRISMA: SELECT "public"."User"."id", "public"."User"."username", "public"."User"."password_hash", "public"." -Params: ["Parents",1,0] -Duration: 3ms
[07/08/2026 11:49:27] PRISMA: SELECT "public"."Weather_Forecast"."id", "public"."Weather_Forecast"."time", "public"."Weather_Forec -Params: ["2026-08-07 00:00:00 UTC",0] -Duration: 2ms
[07/08/2026 11:49:30] PRISMA: SELECT "public"."User"."id", "public"."User"."username", "public"."User"."password_hash", "public"." -Params: ["Parents",1,0] -Duration: 7ms
[07/08/2026 11:50:06] PRISMA: SELECT "public"."Weather_Forecast"."id", "public"."Weather_Forecast"."time", "public"."Weather_Forec -Params: ["2026-08-07 00:00:00 UTC",0] -Duration: 2ms
[07/08/2026 11:50:10] PRISMA: SELECT "public"."User"."id", "public"."User"."username", "public"."User"."password_hash", "public"." -Params: ["Parents",1,0] -Duration: 8ms
[07/08/2026 11:54:55] PRISMA: SELECT "public"."Weather_Forecast"."id", "public"."Weather_Forecast"."time", "public"."Weather_Forec -Params: ["2026-08-07 00:00:00 UTC",0] -Duration: 2ms
[07/08/2026 11:54:58] PRISMA: SELECT "public"."User"."id", "public"."User"."username", "public"."User"."password_hash", "public"." -Params: ["Parents",1,0] -Duration: 3ms
[07/08/2026 11:55:01] PRISMA: INSERT INTO "public"."Solar_Data" ("hour","Watts","total") VALUES ($1,$2,$3) RETURNING "public"."Sol -Params: ["2026-08-07 09:55:01.877 UTC",1488,10760] -Duration: 12ms
[07/08/2026 11:56:00] PRISMA: SELECT "public"."Weather_Forecast"."id", "public"."Weather_Forecast"."time", "public"."Weather_Forec -Params: ["2026-08-07 00:00:00 UTC",0] -Duration: 2ms
[07/08/2026 11:56:03] PRISMA: SELECT "public"."User"."id", "public"."User"."username", "public"."User"."password_hash", "public"." -Params: ["Parents",1,0] -Duration: 2ms
[07/08/2026 11:56:24] PRISMA: SELECT "public"."Weather_Forecast"."id", "public"."Weather_Forecast"."time", "public"."Weather_Forec -Params: ["2026-08-07 00:00:00 UTC",0] -Duration: 3ms
[07/08/2026 11:56:27] PRISMA: SELECT "public"."User"."id", "public"."User"."username", "public"."User"."password_hash", "public"." -Params: ["Parents",1,0] -Duration: 3ms
[07/08/2026 11:57:39] PRISMA: SELECT 1 -Params: [] -Duration: 3ms
[07/08/2026 11:57:39] PRISMA: SELECT "public"."User"."id" FROM "public"."User" WHERE ("public"."User"."id" = $1 AND 1=1) LIMIT $2  -Params: [1,1,0] -Duration: 7ms
[07/08/2026 11:57:39] PRISMA: SELECT "public"."Miele_Token"."id", "public"."Miele_Token"."accessToken", "public"."Miele_Token"."re -Params: [1,0] -Duration: 4ms
[07/08/2026 11:57:39] PRISMA: SELECT "public"."Weather_Forecast"."id", "public"."Weather_Forecast"."time", "public"."Weather_Forec -Params: ["2026-08-06 21:57:39.626 UTC","2026-08-07 20:57:39.626 UTC",0] -Duration: 6ms
[07/08/2026 11:57:39] PRISMA: SELECT "public"."Miele_Token"."id", "public"."Miele_Token"."accessToken", "public"."Miele_Token"."re -Params: [1,1,0] -Duration: 1ms
[07/08/2026 11:57:39] PRISMA: SELECT "public"."Washing_Program"."id", "public"."Washing_Program"."type", "public"."Washing_Program -Params: [5,0] -Duration: 8ms
[07/08/2026 11:57:39] PRISMA: SELECT "public"."Solar_Data"."id", "public"."Solar_Data"."hour", "public"."Solar_Data"."Watts", "pub -Params: ["2026-08-06 09:57:39.620 UTC","2026-08-07 09:57:39.620 UTC",0] -Duration: 8ms
[07/08/2026 11:57:39] PRISMA: SELECT "public"."User"."id", "public"."User"."username" FROM "public"."User" WHERE "public"."User"." -Params: [1,0] -Duration: 1ms
[07/08/2026 12:00:02] PRISMA: SELECT 1 -Params: [] -Duration: 4ms
[07/08/2026 12:00:02] PRISMA: INSERT INTO "public"."Solar_Data" ("hour","Watts","total") VALUES ($1,$2,$3) RETURNING "public"."Sol -Params: ["2026-08-07 10:00:02.761 UTC",1802,10893] -Duration: 9ms
[07/08/2026 12:05:07] PRISMA: INSERT INTO "public"."Solar_Data" ("hour","Watts","total") VALUES ($1,$2,$3) RETURNING "public"."Sol -Params: ["2026-08-07 10:05:06.963 UTC",1828,11041] -Duration: 7ms
[07/08/2026 12:05:21] PRISMA: SELECT "public"."Weather_Forecast"."id", "public"."Weather_Forecast"."time", "public"."Weather_Forec -Params: ["2026-08-06 22:05:21.429 UTC","2026-08-07 21:05:21.429 UTC",0] -Duration: 31ms
[07/08/2026 12:09:05] PRISMA: SELECT "public"."Weather_Forecast"."id", "public"."Weather_Forecast"."time", "public"."Weather_Forec -Params: ["2026-08-07 00:00:00 UTC",0] -Duration: 2ms
[07/08/2026 12:09:08] PRISMA: SELECT "public"."User"."id", "public"."User"."username", "public"."User"."password_hash", "public"." -Params: ["Parents",1,0] -Duration: 4ms
[07/08/2026 12:09:24] PRISMA: SELECT "public"."Weather_Forecast"."id", "public"."Weather_Forecast"."time", "public"."Weather_Forec -Params: ["2026-08-07 00:00:00 UTC",0] -Duration: 2ms
[07/08/2026 12:09:27] PRISMA: SELECT "public"."User"."id", "public"."User"."username", "public"."User"."password_hash", "public"." -Params: ["Parents",1,0] -Duration: 5ms
[07/08/2026 12:10:02] PRISMA: SELECT 1 -Params: [] -Duration: 3ms
[07/08/2026 12:10:02] PRISMA: INSERT INTO "public"."Solar_Data" ("hour","Watts","total") VALUES ($1,$2,$3) RETURNING "public"."Sol -Params: ["2026-08-07 10:10:02.186 UTC",1972,11219] -Duration: 8ms
[07/08/2026 12:14:48] PRISMA: SELECT "public"."Weather_Forecast"."id", "public"."Weather_Forecast"."time", "public"."Weather_Forec -Params: ["2026-08-07 00:00:00 UTC",0] -Duration: 2ms
[07/08/2026 12:14:50] PRISMA: SELECT "public"."User"."id", "public"."User"."username", "public"."User"."password_hash", "public"." -Params: ["Parents",1,0] -Duration: 2ms
[07/08/2026 12:16:34] PRISMA: SELECT "public"."Weather_Forecast"."id", "public"."Weather_Forecast"."time", "public"."Weather_Forec -Params: ["2026-08-07 00:00:00 UTC",0] -Duration: 6ms
[07/08/2026 12:16:37] PRISMA: SELECT "public"."User"."id", "public"."User"."username", "public"."User"."password_hash", "public"." -Params: ["Parents",1,0] -Duration: 2ms
[07/08/2026 12:16:46] PRISMA: SELECT "public"."Weather_Forecast"."id", "public"."Weather_Forecast"."time", "public"."Weather_Forec -Params: ["2026-08-06 22:16:46.750 UTC","2026-08-07 21:16:46.750 UTC",0] -Duration: 5ms
[07/08/2026 12:17:54] PRISMA: SELECT "public"."Weather_Forecast"."id", "public"."Weather_Forecast"."time", "public"."Weather_Forec -Params: ["2026-08-07 00:00:00 UTC",0] -Duration: 2ms
[07/08/2026 12:18:01] PRISMA: SELECT "public"."User"."id", "public"."User"."username", "public"."User"."password_hash", "public"." -Params: ["Parents",1,0] -Duration: 9ms
[07/08/2026 12:18:38] PRISMA: SELECT "public"."Weather_Forecast"."id", "public"."Weather_Forecast"."time", "public"."Weather_Forec -Params: ["2026-08-07 00:00:00 UTC",0] -Duration: 5ms
[07/08/2026 12:18:41] PRISMA: SELECT "public"."User"."id", "public"."User"."username", "public"."User"."password_hash", "public"." -Params: ["Parents",1,0] -Duration: 1ms
[07/08/2026 12:18:57] PRISMA: SELECT 1 -Params: [] -Duration: 7ms
[07/08/2026 12:18:57] PRISMA: SELECT "public"."Weather_Forecast"."id", "public"."Weather_Forecast"."time", "public"."Weather_Forec -Params: ["2026-08-06 22:18:57.438 UTC","2026-08-07 21:18:57.438 UTC",0] -Duration: 10ms
[07/08/2026 12:18:57] PRISMA: SELECT "public"."Washing_Program"."id", "public"."Washing_Program"."type", "public"."Washing_Program -Params: [5,0] -Duration: 9ms
[07/08/2026 12:18:57] PRISMA: SELECT "public"."User"."id", "public"."User"."username" FROM "public"."User" WHERE "public"."User"." -Params: [1,0] -Duration: 0ms
[07/08/2026 12:18:57] PRISMA: SELECT "public"."User"."id" FROM "public"."User" WHERE ("public"."User"."id" = $1 AND 1=1) LIMIT $2  -Params: [1,1,0] -Duration: 1ms
[07/08/2026 12:18:57] PRISMA: SELECT "public"."Miele_Token"."id", "public"."Miele_Token"."accessToken", "public"."Miele_Token"."re -Params: [1,0] -Duration: 2ms
[07/08/2026 12:18:57] PRISMA: SELECT "public"."Solar_Data"."id", "public"."Solar_Data"."hour", "public"."Solar_Data"."Watts", "pub -Params: ["2026-08-06 10:18:57.456 UTC","2026-08-07 10:18:57.456 UTC",0] -Duration: 5ms
[07/08/2026 12:18:57] PRISMA: SELECT "public"."Miele_Token"."id", "public"."Miele_Token"."accessToken", "public"."Miele_Token"."re -Params: [1,1,0] -Duration: 1ms
[07/08/2026 12:19:01] PRISMA: SELECT "public"."Miele_Token"."id", "public"."Miele_Token"."accessToken", "public"."Miele_Token"."re -Params: [1,1,0] -Duration: 1ms
[07/08/2026 12:19:01] PRISMA: SELECT "public"."Miele_Token"."id", "public"."Miele_Token"."accessToken", "public"."Miele_Token"."re -Params: [1,1,0] -Duration: 0ms
[07/08/2026 12:19:21] PRISMA: SELECT 1 -Params: [] -Duration: 2ms
[07/08/2026 12:19:21] PRISMA: SELECT "public"."Miele_Token"."id", "public"."Miele_Token"."accessToken", "public"."Miele_Token"."re -Params: [1,1,0] -Duration: 2ms
[07/08/2026 12:19:23] PRISMA: SELECT 1 -Params: [] -Duration: 2ms
[07/08/2026 12:19:23] PRISMA: INSERT INTO "public"."PushNotif" ("createdAt","sendAt","type") VALUES ($1,$2,$3) RETURNING "public". -Params: ["2026-08-07 10:19:23.606 UTC","2026-08-07 10:24:23.606 UTC",1] -Duration: 15ms
[07/08/2026 12:19:23] PRISMA: INSERT INTO "public"."Washing_Program" ("type","time","finished","authorId") VALUES ($1,$2,$3,$4) RE -Params: ["Express 20","2026-08-07 10:19:23.606 UTC",false,1] -Duration: 9ms
[07/08/2026 12:19:23] PRISMA: SELECT "public"."Miele_Token"."id", "public"."Miele_Token"."accessToken", "public"."Miele_Token"."re -Params: [1,1,0] -Duration: 0ms
[07/08/2026 12:19:23] PRISMA: SELECT "public"."Miele_Token"."id", "public"."Miele_Token"."accessToken", "public"."Miele_Token"."re -Params: [1,1,0] -Duration: 0ms
[07/08/2026 12:20:00] PRISMA: SELECT 1 -Params: [] -Duration: 3ms
[07/08/2026 12:20:00] PRISMA: SELECT "public"."PushNotif"."id", "public"."PushNotif"."createdAt", "public"."PushNotif"."sendAt", " -Params: ["2026-08-07 10:20:00.075 UTC",0] -Duration: 2ms
[07/08/2026 12:20:00] PRISMA: SELECT "public"."PushSubscription"."id", "public"."PushSubscription"."userId", "public"."PushSubscri -Params: [0] -Duration: 1ms
[07/08/2026 12:20:00] PRISMA: DELETE FROM "public"."PushNotif" WHERE ("public"."PushNotif"."id" = $1 AND 1=1) RETURNING "public"." -Params: [3] -Duration: 3ms
[07/08/2026 12:20:00] PRISMA: SELECT "public"."Washing_Program"."id", "public"."Washing_Program"."type", "public"."Washing_Program -Params: ["2026-08-06 22:48:16.009 UTC",0] -Duration: 1ms
[07/08/2026 12:20:02] PRISMA: INSERT INTO "public"."Solar_Data" ("hour","Watts","total") VALUES ($1,$2,$3) RETURNING "public"."Sol -Params: ["2026-08-07 10:20:02.912 UTC",1835,11711] -Duration: 7ms
[07/08/2026 12:20:46] PRISMA: SELECT 1 -Params: [] -Duration: 1ms
[07/08/2026 12:20:46] PRISMA: SELECT 1 -Params: [] -Duration: 2ms
[07/08/2026 12:20:46] PRISMA: SELECT "public"."Miele_Token"."id", "public"."Miele_Token"."accessToken", "public"."Miele_Token"."re -Params: [1,1,0] -Duration: 1ms
[07/08/2026 12:20:46] PRISMA: SELECT "public"."Miele_Token"."id", "public"."Miele_Token"."accessToken", "public"."Miele_Token"."re -Params: [1,1,0] -Duration: 1ms
[07/08/2026 12:20:51] PRISMA: SELECT "public"."Solar_Data"."id", "public"."Solar_Data"."hour", "public"."Solar_Data"."Watts", "pub -Params: ["2026-08-06 10:20:51.405 UTC","2026-08-07 10:20:51.405 UTC",0] -Duration: 11ms
[07/08/2026 12:20:51] PRISMA: SELECT "public"."Weather_Forecast"."id", "public"."Weather_Forecast"."time", "public"."Weather_Forec -Params: ["2026-08-06 22:20:51.399 UTC","2026-08-07 21:20:51.399 UTC",0] -Duration: 12ms
[07/08/2026 12:20:51] PRISMA: SELECT "public"."User"."id" FROM "public"."User" WHERE ("public"."User"."id" = $1 AND 1=1) LIMIT $2  -Params: [1,1,0] -Duration: 3ms
[07/08/2026 12:20:51] PRISMA: SELECT "public"."Miele_Token"."id", "public"."Miele_Token"."accessToken", "public"."Miele_Token"."re -Params: [1,0] -Duration: 0ms
[07/08/2026 12:20:51] PRISMA: SELECT "public"."Washing_Program"."id", "public"."Washing_Program"."type", "public"."Washing_Program -Params: [5,0] -Duration: 2ms
[07/08/2026 12:20:51] PRISMA: SELECT "public"."User"."id", "public"."User"."username" FROM "public"."User" WHERE "public"."User"." -Params: [1,0] -Duration: 1ms
[07/08/2026 12:20:51] PRISMA: SELECT "public"."Miele_Token"."id", "public"."Miele_Token"."accessToken", "public"."Miele_Token"."re -Params: [1,1,0] -Duration: 1ms
[07/08/2026 12:20:54] PRISMA: SELECT "public"."Miele_Token"."id", "public"."Miele_Token"."accessToken", "public"."Miele_Token"."re -Params: [1,1,0] -Duration: 2ms
[07/08/2026 12:20:54] PRISMA: SELECT "public"."Miele_Token"."id", "public"."Miele_Token"."accessToken", "public"."Miele_Token"."re -Params: [1,1,0] -Duration: 0ms
[07/08/2026 12:21:00] PRISMA: SELECT "public"."PushNotif"."id", "public"."PushNotif"."createdAt", "public"."PushNotif"."sendAt", " -Params: ["2026-08-07 10:21:00.038 UTC",0] -Duration: 13ms
[07/08/2026 12:21:00] PRISMA: SELECT "public"."PushSubscription"."id", "public"."PushSubscription"."userId", "public"."PushSubscri -Params: [0] -Duration: 1ms
[07/08/2026 12:21:00] PRISMA: DELETE FROM "public"."PushNotif" WHERE ("public"."PushNotif"."id" = $1 AND 1=1) RETURNING "public"." -Params: [4] -Duration: 10ms
[07/08/2026 12:21:00] PRISMA: SELECT "public"."Washing_Program"."id", "public"."Washing_Program"."type", "public"."Washing_Program -Params: ["2026-08-07 09:47:28.534 UTC",0] -Duration: 0ms
[07/08/2026 12:22:00] PRISMA: SELECT 1 -Params: [] -Duration: 3ms
[07/08/2026 12:22:00] PRISMA: SELECT "public"."PushNotif"."id", "public"."PushNotif"."createdAt", "public"."PushNotif"."sendAt", " -Params: ["2026-08-07 10:22:00.043 UTC",0] -Duration: 1ms
[07/08/2026 12:22:00] PRISMA: SELECT "public"."PushNotif"."id", "public"."PushNotif"."createdAt", "public"."PushNotif"."sendAt", " -Params: [0] -Duration: 0ms
[07/08/2026 12:23:00] PRISMA: SELECT 1 -Params: [] -Duration: 6ms
[07/08/2026 12:23:00] PRISMA: SELECT "public"."PushNotif"."id", "public"."PushNotif"."createdAt", "public"."PushNotif"."sendAt", " -Params: ["2026-08-07 10:23:00.066 UTC",0] -Duration: 1ms
[07/08/2026 12:23:00] PRISMA: SELECT "public"."PushNotif"."id", "public"."PushNotif"."createdAt", "public"."PushNotif"."sendAt", " -Params: [0] -Duration: 0ms
[07/08/2026 12:24:00] PRISMA: SELECT 1 -Params: [] -Duration: 6ms
[07/08/2026 12:24:00] PRISMA: SELECT "public"."PushNotif"."id", "public"."PushNotif"."createdAt", "public"."PushNotif"."sendAt", " -Params: ["2026-08-07 10:24:00.059 UTC",0] -Duration: 0ms
[07/08/2026 12:24:00] PRISMA: SELECT "public"."PushNotif"."id", "public"."PushNotif"."createdAt", "public"."PushNotif"."sendAt", " -Params: [0] -Duration: 0ms
[07/08/2026 12:25:00] PRISMA: SELECT 1 -Params: [] -Duration: 5ms
[07/08/2026 12:25:00] PRISMA: SELECT "public"."PushNotif"."id", "public"."PushNotif"."createdAt", "public"."PushNotif"."sendAt", " -Params: ["2026-08-07 10:25:00.071 UTC",0] -Duration: 0ms
[07/08/2026 12:25:00] PRISMA: SELECT "public"."PushSubscription"."id", "public"."PushSubscription"."userId", "public"."PushSubscri -Params: [0] -Duration: 0ms
[07/08/2026 12:25:00] PRISMA: DELETE FROM "public"."PushNotif" WHERE ("public"."PushNotif"."id" = $1 AND 1=1) RETURNING "public"." -Params: [5] -Duration: 2ms
[07/08/2026 12:25:00] PRISMA: SELECT "public"."Washing_Program"."id", "public"."Washing_Program"."type", "public"."Washing_Program -Params: ["2026-08-07 10:19:23.606 UTC",0] -Duration: 0ms
[07/08/2026 12:25:03] PRISMA: INSERT INTO "public"."Solar_Data" ("hour","Watts","total") VALUES ($1,$2,$3) RETURNING "public"."Sol -Params: ["2026-08-07 10:25:03.681 UTC",4999,12096] -Duration: 15ms
[07/08/2026 12:25:14] PRISMA: SELECT "public"."Weather_Forecast"."id", "public"."Weather_Forecast"."time", "public"."Weather_Forec -Params: ["2026-08-07 00:00:00 UTC",0] -Duration: 2ms
[07/08/2026 12:25:17] PRISMA: SELECT "public"."User"."id", "public"."User"."username", "public"."User"."password_hash", "public"." -Params: ["Parents",1,0] -Duration: 2ms
[07/08/2026 12:25:22] PRISMA: SELECT "public"."Solar_Data"."id", "public"."Solar_Data"."hour", "public"."Solar_Data"."Watts", "pub -Params: ["2026-08-06 10:25:22.733 UTC","2026-08-07 10:25:22.733 UTC",0] -Duration: 20ms
[07/08/2026 12:25:22] PRISMA: SELECT "public"."Washing_Program"."id", "public"."Washing_Program"."type", "public"."Washing_Program -Params: [5,0] -Duration: 7ms
[07/08/2026 12:25:22] PRISMA: SELECT "public"."User"."id" FROM "public"."User" WHERE ("public"."User"."id" = $1 AND 1=1) LIMIT $2  -Params: [1,1,0] -Duration: 7ms
[07/08/2026 12:25:22] PRISMA: SELECT "public"."Weather_Forecast"."id", "public"."Weather_Forecast"."time", "public"."Weather_Forec -Params: ["2026-08-06 22:25:22.738 UTC","2026-08-07 21:25:22.738 UTC",0] -Duration: 9ms
[07/08/2026 12:25:22] PRISMA: SELECT "public"."Miele_Token"."id", "public"."Miele_Token"."accessToken", "public"."Miele_Token"."re -Params: [1,0] -Duration: 2ms
[07/08/2026 12:25:22] PRISMA: SELECT "public"."User"."id", "public"."User"."username" FROM "public"."User" WHERE "public"."User"." -Params: [1,0] -Duration: 2ms
[07/08/2026 12:25:22] PRISMA: SELECT "public"."Miele_Token"."id", "public"."Miele_Token"."accessToken", "public"."Miele_Token"."re -Params: [1,1,0] -Duration: 2ms
[07/08/2026 12:25:26] PRISMA: SELECT "public"."Miele_Token"."id", "public"."Miele_Token"."accessToken", "public"."Miele_Token"."re -Params: [1,1,0] -Duration: 8ms
[07/08/2026 12:25:26] PRISMA: SELECT "public"."Miele_Token"."id", "public"."Miele_Token"."accessToken", "public"."Miele_Token"."re -Params: [1,1,0] -Duration: 9ms
[07/08/2026 12:25:27] PRISMA: SELECT "public"."Miele_Token"."id", "public"."Miele_Token"."accessToken", "public"."Miele_Token"."re -Params: [1,1,0] -Duration: 0ms
[07/08/2026 12:25:27] PRISMA: SELECT "public"."Miele_Token"."id", "public"."Miele_Token"."accessToken", "public"."Miele_Token"."re -Params: [1,1,0] -Duration: 0ms
[07/08/2026 12:26:12] PRISMA: SELECT 1 -Params: [] -Duration: 4ms
[07/08/2026 12:26:12] PRISMA: SELECT 1 -Params: [] -Duration: 5ms
[07/08/2026 12:26:12] PRISMA: SELECT "public"."Miele_Token"."id", "public"."Miele_Token"."accessToken", "public"."Miele_Token"."re -Params: [1,1,0] -Duration: 1ms
[07/08/2026 12:26:12] PRISMA: SELECT "public"."Miele_Token"."id", "public"."Miele_Token"."accessToken", "public"."Miele_Token"."re -Params: [1,1,0] -Duration: 1ms
[07/08/2026 12:26:37] PRISMA: SELECT 1 -Params: [] -Duration: 2ms
[07/08/2026 12:26:37] PRISMA: SELECT "public"."Miele_Token"."id", "public"."Miele_Token"."accessToken", "public"."Miele_Token"."re -Params: [1,1,0] -Duration: 2ms
[07/08/2026 12:26:40] PRISMA: SELECT 1 -Params: [] -Duration: 3ms
[07/08/2026 12:26:40] PRISMA: INSERT INTO "public"."PushNotif" ("createdAt","sendAt","type") VALUES ($1,$2,$3) RETURNING "public". -Params: ["2026-08-07 10:26:40.167 UTC","2026-08-07 10:31:40.167 UTC",1] -Duration: 13ms
[07/08/2026 12:26:40] PRISMA: INSERT INTO "public"."Washing_Program" ("type","time","finished","authorId") VALUES ($1,$2,$3,$4) RE -Params: ["Express 20","2026-08-07 10:26:40.167 UTC",false,1] -Duration: 7ms
[07/08/2026 12:26:40] PRISMA: SELECT "public"."Miele_Token"."id", "public"."Miele_Token"."accessToken", "public"."Miele_Token"."re -Params: [1,1,0] -Duration: 0ms
[07/08/2026 12:26:40] PRISMA: SELECT "public"."Miele_Token"."id", "public"."Miele_Token"."accessToken", "public"."Miele_Token"."re -Params: [1,1,0] -Duration: 0ms
[07/08/2026 12:27:00] PRISMA: SELECT 1 -Params: [] -Duration: 1ms
[07/08/2026 12:27:00] PRISMA: SELECT "public"."PushNotif"."id", "public"."PushNotif"."createdAt", "public"."PushNotif"."sendAt", " -Params: ["2026-08-07 10:27:00.053 UTC",0] -Duration: 2ms
[07/08/2026 12:27:00] PRISMA: SELECT "public"."PushNotif"."id", "public"."PushNotif"."createdAt", "public"."PushNotif"."sendAt", " -Params: [0] -Duration: 0ms
[07/08/2026 12:27:00] PRISMA: SELECT "public"."Miele_Token"."id", "public"."Miele_Token"."accessToken", "public"."Miele_Token"."re -Params: [1,1,0] -Duration: 1ms
[07/08/2026 12:27:00] PRISMA: SELECT "public"."Miele_Token"."id", "public"."Miele_Token"."accessToken", "public"."Miele_Token"."re -Params: [1,1,0] -Duration: 0ms
[07/08/2026 12:27:07] PRISMA: SELECT 1 -Params: [] -Duration: 5ms
[07/08/2026 12:27:07] PRISMA: SELECT 1 -Params: [] -Duration: 3ms
[07/08/2026 12:27:07] PRISMA: SELECT 1 -Params: [] -Duration: 1ms
[07/08/2026 12:27:07] PRISMA: SELECT "public"."Washing_Program"."id", "public"."Washing_Program"."type", "public"."Washing_Program -Params: [5,0] -Duration: 9ms
[07/08/2026 12:27:07] PRISMA: SELECT "public"."Solar_Data"."id", "public"."Solar_Data"."hour", "public"."Solar_Data"."Watts", "pub -Params: ["2026-08-06 10:27:07.626 UTC","2026-08-07 10:27:07.626 UTC",0] -Duration: 17ms
[07/08/2026 12:27:07] PRISMA: SELECT "public"."User"."id" FROM "public"."User" WHERE ("public"."User"."id" = $1 AND 1=1) LIMIT $2  -Params: [1,1,0] -Duration: 6ms
[07/08/2026 12:27:07] PRISMA: SELECT "public"."Weather_Forecast"."id", "public"."Weather_Forecast"."time", "public"."Weather_Forec -Params: ["2026-08-06 22:27:07.611 UTC","2026-08-07 21:27:07.611 UTC",0] -Duration: 24ms
[07/08/2026 12:27:07] PRISMA: SELECT "public"."User"."id", "public"."User"."username" FROM "public"."User" WHERE "public"."User"." -Params: [1,0] -Duration: 39ms
[07/08/2026 12:27:07] PRISMA: SELECT "public"."Miele_Token"."id", "public"."Miele_Token"."accessToken", "public"."Miele_Token"."re -Params: [1,0] -Duration: 57ms
[07/08/2026 12:27:07] PRISMA: SELECT "public"."Miele_Token"."id", "public"."Miele_Token"."accessToken", "public"."Miele_Token"."re -Params: [1,1,0] -Duration: 1ms
[07/08/2026 12:27:09] PRISMA: SELECT "public"."Miele_Token"."id", "public"."Miele_Token"."accessToken", "public"."Miele_Token"."re -Params: [1,1,0] -Duration: 5ms
[07/08/2026 12:27:09] PRISMA: SELECT "public"."Miele_Token"."id", "public"."Miele_Token"."accessToken", "public"."Miele_Token"."re -Params: [1,1,0] -Duration: 10ms
[07/08/2026 12:27:11] PRISMA: SELECT "public"."Miele_Token"."id", "public"."Miele_Token"."accessToken", "public"."Miele_Token"."re -Params: [1,1,0] -Duration: 0ms
[07/08/2026 12:27:11] PRISMA: SELECT "public"."Miele_Token"."id", "public"."Miele_Token"."accessToken", "public"."Miele_Token"."re -Params: [1,1,0] -Duration: 0ms
[07/08/2026 12:27:14] PRISMA: SELECT "public"."Miele_Token"."id", "public"."Miele_Token"."accessToken", "public"."Miele_Token"."re -Params: [1,1,0] -Duration: 1ms
[07/08/2026 12:27:14] PRISMA: SELECT "public"."Miele_Token"."id", "public"."Miele_Token"."accessToken", "public"."Miele_Token"."re -Params: [1,1,0] -Duration: 0ms
[07/08/2026 12:27:14] PRISMA: SELECT "public"."Miele_Token"."id", "public"."Miele_Token"."accessToken", "public"."Miele_Token"."re -Params: [1,1,0] -Duration: 1ms
[07/08/2026 12:28:00] PRISMA: SELECT 1 -Params: [] -Duration: 3ms
[07/08/2026 12:28:00] PRISMA: SELECT "public"."PushNotif"."id", "public"."PushNotif"."createdAt", "public"."PushNotif"."sendAt", " -Params: ["2026-08-07 10:28:00.045 UTC",0] -Duration: 6ms
[07/08/2026 12:28:00] PRISMA: SELECT "public"."PushNotif"."id", "public"."PushNotif"."createdAt", "public"."PushNotif"."sendAt", " -Params: [0] -Duration: 0ms
[07/08/2026 12:29:00] PRISMA: SELECT 1 -Params: [] -Duration: 3ms
[07/08/2026 12:29:00] PRISMA: SELECT "public"."PushNotif"."id", "public"."PushNotif"."createdAt", "public"."PushNotif"."sendAt", " -Params: ["2026-08-07 10:29:00.055 UTC",0] -Duration: 1ms
[07/08/2026 12:29:00] PRISMA: SELECT "public"."PushNotif"."id", "public"."PushNotif"."createdAt", "public"."PushNotif"."sendAt", " -Params: [0] -Duration: 0ms
[07/08/2026 12:30:00] PRISMA: SELECT 1 -Params: [] -Duration: 2ms
[07/08/2026 12:30:00] PRISMA: SELECT "public"."PushNotif"."id", "public"."PushNotif"."createdAt", "public"."PushNotif"."sendAt", " -Params: ["2026-08-07 10:30:00.068 UTC",0] -Duration: 0ms
[07/08/2026 12:30:00] PRISMA: SELECT "public"."PushNotif"."id", "public"."PushNotif"."createdAt", "public"."PushNotif"."sendAt", " -Params: [0] -Duration: 0ms
[07/08/2026 12:30:08] PRISMA: INSERT INTO "public"."Solar_Data" ("hour","Watts","total") VALUES ($1,$2,$3) RETURNING "public"."Sol -Params: ["2026-08-07 10:30:08.652 UTC",4972,12518] -Duration: 28ms
[07/08/2026 12:30:15] PRISMA: SELECT 1 -Params: [] -Duration: 2ms
[07/08/2026 12:30:15] PRISMA: SELECT "public"."User"."id" FROM "public"."User" WHERE ("public"."User"."id" = $1 AND 1=1) LIMIT $2  -Params: [1,1,0] -Duration: 5ms
[07/08/2026 12:30:15] PRISMA: SELECT 1 -Params: [] -Duration: 2ms
[07/08/2026 12:30:15] PRISMA: SELECT "public"."Miele_Token"."id", "public"."Miele_Token"."accessToken", "public"."Miele_Token"."re -Params: [1,0] -Duration: 2ms
[07/08/2026 12:30:15] PRISMA: SELECT 1 -Params: [] -Duration: 3ms
[07/08/2026 12:30:15] PRISMA: SELECT "public"."Weather_Forecast"."id", "public"."Weather_Forecast"."time", "public"."Weather_Forec -Params: ["2026-08-06 22:30:15.164 UTC","2026-08-07 21:30:15.164 UTC",0] -Duration: 16ms
[07/08/2026 12:30:15] PRISMA: SELECT "public"."Solar_Data"."id", "public"."Solar_Data"."hour", "public"."Solar_Data"."Watts", "pub -Params: ["2026-08-06 10:30:15.161 UTC","2026-08-07 10:30:15.161 UTC",0] -Duration: 19ms
[07/08/2026 12:30:15] PRISMA: SELECT "public"."Miele_Token"."id", "public"."Miele_Token"."accessToken", "public"."Miele_Token"."re -Params: [1,1,0] -Duration: 0ms
[07/08/2026 12:30:15] PRISMA: SELECT "public"."Washing_Program"."id", "public"."Washing_Program"."type", "public"."Washing_Program -Params: [5,0] -Duration: 4ms
[07/08/2026 12:30:15] PRISMA: SELECT "public"."User"."id", "public"."User"."username" FROM "public"."User" WHERE "public"."User"." -Params: [1,0] -Duration: 2ms
[07/08/2026 12:30:17] PRISMA: SELECT "public"."Miele_Token"."id", "public"."Miele_Token"."accessToken", "public"."Miele_Token"."re -Params: [1,1,0] -Duration: 0ms
[07/08/2026 12:30:17] PRISMA: SELECT "public"."Miele_Token"."id", "public"."Miele_Token"."accessToken", "public"."Miele_Token"."re -Params: [1,1,0] -Duration: 3ms
[07/08/2026 12:30:19] PRISMA: SELECT "public"."Miele_Token"."id", "public"."Miele_Token"."accessToken", "public"."Miele_Token"."re -Params: [1,1,0] -Duration: 0ms
[07/08/2026 12:30:19] PRISMA: SELECT "public"."Miele_Token"."id", "public"."Miele_Token"."accessToken", "public"."Miele_Token"."re -Params: [1,1,0] -Duration: 0ms
[07/08/2026 12:30:32] PRISMA: SELECT 1 -Params: [] -Duration: 3ms
[07/08/2026 12:30:32] PRISMA: SELECT "public"."Miele_Token"."id", "public"."Miele_Token"."accessToken", "public"."Miele_Token"."re -Params: [1,1,0] -Duration: 1ms
[07/08/2026 12:30:32] PRISMA: SELECT "public"."Miele_Token"."id", "public"."Miele_Token"."accessToken", "public"."Miele_Token"."re -Params: [1,1,0] -Duration: 4ms
[07/08/2026 12:30:45] PRISMA: SELECT "public"."Miele_Token"."id", "public"."Miele_Token"."accessToken", "public"."Miele_Token"."re -Params: [1,1,0] -Duration: 2ms
[07/08/2026 12:30:45] PRISMA: SELECT "public"."Miele_Token"."id", "public"."Miele_Token"."accessToken", "public"."Miele_Token"."re -Params: [1,1,0] -Duration: 0ms
[07/08/2026 12:30:45] PRISMA: SELECT "public"."Miele_Token"."id", "public"."Miele_Token"."accessToken", "public"."Miele_Token"."re -Params: [1,1,0] -Duration: 0ms
[07/08/2026 12:31:00] PRISMA: SELECT 1 -Params: [] -Duration: 4ms
[07/08/2026 12:31:00] PRISMA: SELECT "public"."PushNotif"."id", "public"."PushNotif"."createdAt", "public"."PushNotif"."sendAt", " -Params: ["2026-08-07 10:31:00.048 UTC",0] -Duration: 5ms
[07/08/2026 12:31:00] PRISMA: SELECT "public"."PushNotif"."id", "public"."PushNotif"."createdAt", "public"."PushNotif"."sendAt", " -Params: [0] -Duration: 0ms
[07/08/2026 12:31:27] PRISMA: SELECT 1 -Params: [] -Duration: 2ms
[07/08/2026 12:31:27] PRISMA: SELECT "public"."Miele_Token"."id", "public"."Miele_Token"."accessToken", "public"."Miele_Token"."re -Params: [1,1,0] -Duration: 2ms
[07/08/2026 12:31:28] PRISMA: SELECT "public"."Miele_Token"."id", "public"."Miele_Token"."accessToken", "public"."Miele_Token"."re -Params: [1,1,0] -Duration: 1ms
[07/08/2026 12:31:28] PRISMA: SELECT "public"."Miele_Token"."id", "public"."Miele_Token"."accessToken", "public"."Miele_Token"."re -Params: [1,1,0] -Duration: 0ms
[07/08/2026 12:31:39] PRISMA: SELECT "public"."Miele_Token"."id", "public"."Miele_Token"."accessToken", "public"."Miele_Token"."re -Params: [1,1,0] -Duration: 1ms
[07/08/2026 12:31:39] PRISMA: SELECT 1 -Params: [] -Duration: 1ms
[07/08/2026 12:31:39] PRISMA: SELECT "public"."Miele_Token"."id", "public"."Miele_Token"."accessToken", "public"."Miele_Token"."re -Params: [1,1,0] -Duration: 2ms
[07/08/2026 12:31:39] PRISMA: SELECT "public"."Miele_Token"."id", "public"."Miele_Token"."accessToken", "public"."Miele_Token"."re -Params: [1,1,0] -Duration: 0ms
[07/08/2026 12:32:00] PRISMA: SELECT 1 -Params: [] -Duration: 7ms
[07/08/2026 12:32:00] PRISMA: SELECT "public"."PushNotif"."id", "public"."PushNotif"."createdAt", "public"."PushNotif"."sendAt", " -Params: ["2026-08-07 10:32:00.048 UTC",0] -Duration: 3ms
[07/08/2026 12:32:00] PRISMA: SELECT "public"."PushSubscription"."id", "public"."PushSubscription"."userId", "public"."PushSubscri -Params: [0] -Duration: 1ms
[07/08/2026 12:32:00] PRISMA: DELETE FROM "public"."PushNotif" WHERE ("public"."PushNotif"."id" = $1 AND 1=1) RETURNING "public"." -Params: [6] -Duration: 5ms
[07/08/2026 12:32:00] PRISMA: SELECT "public"."Washing_Program"."id", "public"."Washing_Program"."type", "public"."Washing_Program -Params: ["2026-08-07 10:26:40.167 UTC",0] -Duration: 0ms
[07/08/2026 12:32:27] PRISMA: SELECT "public"."Weather_Forecast"."id", "public"."Weather_Forecast"."time", "public"."Weather_Forec -Params: ["2026-08-07 00:00:00 UTC",0] -Duration: 6ms
[07/08/2026 12:32:29] PRISMA: SELECT "public"."User"."id", "public"."User"."username", "public"."User"."password_hash", "public"." -Params: ["Parents",1,0] -Duration: 7ms
[07/08/2026 12:34:12] PRISMA: SELECT 1 -Params: [] -Duration: 3ms
[07/08/2026 12:34:12] PRISMA: SELECT "public"."Miele_Token"."id", "public"."Miele_Token"."accessToken", "public"."Miele_Token"."re -Params: [1,1,0] -Duration: 2ms
[07/08/2026 12:34:13] PRISMA: SELECT "public"."Miele_Token"."id", "public"."Miele_Token"."accessToken", "public"."Miele_Token"."re -Params: [1,1,0] -Duration: 0ms
[07/08/2026 12:34:13] PRISMA: SELECT "public"."Miele_Token"."id", "public"."Miele_Token"."accessToken", "public"."Miele_Token"."re -Params: [1,1,0] -Duration: 0ms
[07/08/2026 12:34:56] PRISMA: SELECT 1 -Params: [] -Duration: 1ms
[07/08/2026 12:34:56] PRISMA: SELECT "public"."Miele_Token"."id", "public"."Miele_Token"."accessToken", "public"."Miele_Token"."re -Params: [1,1,0] -Duration: 1ms
[07/08/2026 12:34:57] PRISMA: SELECT "public"."Miele_Token"."id", "public"."Miele_Token"."accessToken", "public"."Miele_Token"."re -Params: [1,1,0] -Duration: 0ms
[07/08/2026 12:34:57] PRISMA: SELECT "public"."Miele_Token"."id", "public"."Miele_Token"."accessToken", "public"."Miele_Token"."re -Params: [1,1,0] -Duration: 0ms
[07/08/2026 12:35:04] PRISMA: INSERT INTO "public"."Solar_Data" ("hour","Watts","total") VALUES ($1,$2,$3) RETURNING "public"."Sol -Params: ["2026-08-07 10:35:04.697 UTC",2127,12861] -Duration: 21ms
[07/08/2026 12:36:28] PRISMA: SELECT 1 -Params: [] -Duration: 2ms
[07/08/2026 12:36:28] PRISMA: SELECT "public"."User"."id" FROM "public"."User" WHERE ("public"."User"."id" = $1 AND 1=1) LIMIT $2  -Params: [1,1,0] -Duration: 2ms
[07/08/2026 12:36:28] PRISMA: SELECT "public"."Miele_Token"."id", "public"."Miele_Token"."accessToken", "public"."Miele_Token"."re -Params: [1,0] -Duration: 1ms
[07/08/2026 12:36:28] PRISMA: SELECT "public"."Solar_Data"."id", "public"."Solar_Data"."hour", "public"."Solar_Data"."Watts", "pub -Params: ["2026-08-06 10:36:28.322 UTC","2026-08-07 10:36:28.322 UTC",0] -Duration: 6ms
[07/08/2026 12:36:28] PRISMA: SELECT "public"."Miele_Token"."id", "public"."Miele_Token"."accessToken", "public"."Miele_Token"."re -Params: [1,1,0] -Duration: 0ms
[07/08/2026 12:36:28] PRISMA: SELECT "public"."Washing_Program"."id", "public"."Washing_Program"."type", "public"."Washing_Program -Params: [5,0] -Duration: 9ms
[07/08/2026 12:36:28] PRISMA: SELECT "public"."User"."id", "public"."User"."username" FROM "public"."User" WHERE "public"."User"." -Params: [1,0] -Duration: 1ms
[07/08/2026 12:36:28] PRISMA: SELECT "public"."Weather_Forecast"."id", "public"."Weather_Forecast"."time", "public"."Weather_Forec -Params: ["2026-08-06 22:36:28.330 UTC","2026-08-07 21:36:28.330 UTC",0] -Duration: 6ms
[07/08/2026 12:36:46] PRISMA: SELECT 1 -Params: [] -Duration: 9ms
[07/08/2026 12:36:46] PRISMA: SELECT 1 -Params: [] -Duration: 8ms
[07/08/2026 12:36:46] PRISMA: SELECT "public"."Miele_Token"."id", "public"."Miele_Token"."accessToken", "public"."Miele_Token"."re -Params: [1,1,0] -Duration: 9ms
[07/08/2026 12:36:46] PRISMA: SELECT "public"."Miele_Token"."id", "public"."Miele_Token"."accessToken", "public"."Miele_Token"."re -Params: [1,1,0] -Duration: 9ms
[07/08/2026 12:36:55] PRISMA: SELECT "public"."Miele_Token"."id", "public"."Miele_Token"."accessToken", "public"."Miele_Token"."re -Params: [1,1,0] -Duration: 3ms
[07/08/2026 12:36:56] PRISMA: SELECT "public"."Miele_Token"."id", "public"."Miele_Token"."accessToken", "public"."Miele_Token"."re -Params: [1,1,0] -Duration: 0ms
[07/08/2026 12:36:56] PRISMA: SELECT "public"."Miele_Token"."id", "public"."Miele_Token"."accessToken", "public"."Miele_Token"."re -Params: [1,1,0] -Duration: 0ms
[07/08/2026 12:36:58] PRISMA: SELECT "public"."Miele_Token"."id", "public"."Miele_Token"."accessToken", "public"."Miele_Token"."re -Params: [1,1,0] -Duration: 1ms
[07/08/2026 12:36:59] PRISMA: SELECT "public"."Miele_Token"."id", "public"."Miele_Token"."accessToken", "public"."Miele_Token"."re -Params: [1,1,0] -Duration: 0ms
[07/08/2026 12:36:59] PRISMA: SELECT "public"."Miele_Token"."id", "public"."Miele_Token"."accessToken", "public"."Miele_Token"."re -Params: [1,1,0] -Duration: 0ms
[07/08/2026 12:37:01] PRISMA: SELECT 1 -Params: [] -Duration: 2ms
[07/08/2026 12:37:01] PRISMA: SELECT "public"."Miele_Token"."id", "public"."Miele_Token"."accessToken", "public"."Miele_Token"."re -Params: [1,1,0] -Duration: 0ms
[07/08/2026 12:37:02] PRISMA: SELECT "public"."Miele_Token"."id", "public"."Miele_Token"."accessToken", "public"."Miele_Token"."re -Params: [1,1,0] -Duration: 0ms
[07/08/2026 12:37:02] PRISMA: SELECT "public"."Miele_Token"."id", "public"."Miele_Token"."accessToken", "public"."Miele_Token"."re -Params: [1,1,0] -Duration: 0ms
[07/08/2026 12:38:22] PRISMA: SELECT 1 -Params: [] -Duration: 5ms
[07/08/2026 12:38:22] PRISMA: SELECT 1 -Params: [] -Duration: 6ms
[07/08/2026 12:38:22] PRISMA: SELECT "public"."Weather_Forecast"."id", "public"."Weather_Forecast"."time", "public"."Weather_Forec -Params: ["2026-08-06 22:38:22.772 UTC","2026-08-07 21:38:22.772 UTC",0] -Duration: 5ms
[07/08/2026 12:38:22] PRISMA: SELECT "public"."Solar_Data"."id", "public"."Solar_Data"."hour", "public"."Solar_Data"."Watts", "pub -Params: ["2026-08-06 10:38:22.768 UTC","2026-08-07 10:38:22.768 UTC",0] -Duration: 17ms
[07/08/2026 12:38:22] PRISMA: SELECT "public"."User"."id" FROM "public"."User" WHERE ("public"."User"."id" = $1 AND 1=1) LIMIT $2  -Params: [1,1,0] -Duration: 13ms
[07/08/2026 12:38:22] PRISMA: SELECT "public"."Miele_Token"."id", "public"."Miele_Token"."accessToken", "public"."Miele_Token"."re -Params: [1,0] -Duration: 2ms
[07/08/2026 12:38:22] PRISMA: SELECT "public"."Washing_Program"."id", "public"."Washing_Program"."type", "public"."Washing_Program -Params: [5,0] -Duration: 2ms
[07/08/2026 12:38:22] PRISMA: SELECT "public"."User"."id", "public"."User"."username" FROM "public"."User" WHERE "public"."User"." -Params: [1,0] -Duration: 0ms
[07/08/2026 12:38:22] PRISMA: SELECT "public"."Miele_Token"."id", "public"."Miele_Token"."accessToken", "public"."Miele_Token"."re -Params: [1,1,0] -Duration: 3ms
[07/08/2026 12:38:26] PRISMA: SELECT "public"."Miele_Token"."id", "public"."Miele_Token"."accessToken", "public"."Miele_Token"."re -Params: [1,1,0] -Duration: 1ms
[07/08/2026 12:38:26] PRISMA: SELECT "public"."Miele_Token"."id", "public"."Miele_Token"."accessToken", "public"."Miele_Token"."re -Params: [1,1,0] -Duration: 0ms
[07/08/2026 12:38:37] PRISMA: SELECT "public"."Miele_Token"."id", "public"."Miele_Token"."accessToken", "public"."Miele_Token"."re -Params: [1,1,0] -Duration: 5ms
[07/08/2026 12:38:39] PRISMA: SELECT 1 -Params: [] -Duration: 5ms
[07/08/2026 12:38:39] PRISMA: SELECT 1 -Params: [] -Duration: 5ms
[07/08/2026 12:38:39] PRISMA: INSERT INTO "public"."PushNotif" ("createdAt","sendAt","type") VALUES ($1,$2,$3) RETURNING "public". -Params: ["2026-08-07 10:38:39.597 UTC","2026-08-07 10:43:39.597 UTC",1] -Duration: 5ms
[07/08/2026 12:38:39] PRISMA: INSERT INTO "public"."Washing_Program" ("type","time","finished","authorId") VALUES ($1,$2,$3,$4) RE -Params: ["Express 20","2026-08-07 10:38:39.596 UTC",false,1] -Duration: 4ms
[07/08/2026 12:38:39] PRISMA: SELECT "public"."Miele_Token"."id", "public"."Miele_Token"."accessToken", "public"."Miele_Token"."re -Params: [1,1,0] -Duration: 0ms
[07/08/2026 12:38:39] PRISMA: SELECT "public"."Miele_Token"."id", "public"."Miele_Token"."accessToken", "public"."Miele_Token"."re -Params: [1,1,0] -Duration: 0ms
[07/08/2026 12:39:00] PRISMA: SELECT 1 -Params: [] -Duration: 3ms
[07/08/2026 12:39:00] PRISMA: SELECT "public"."PushNotif"."id", "public"."PushNotif"."createdAt", "public"."PushNotif"."sendAt", " -Params: ["2026-08-07 10:39:00.075 UTC",0] -Duration: 7ms
[07/08/2026 12:39:00] PRISMA: SELECT "public"."PushNotif"."id", "public"."PushNotif"."createdAt", "public"."PushNotif"."sendAt", " -Params: [0] -Duration: 0ms
[07/08/2026 12:40:00] PRISMA: SELECT 1 -Params: [] -Duration: 2ms
[07/08/2026 12:40:00] PRISMA: SELECT "public"."PushNotif"."id", "public"."PushNotif"."createdAt", "public"."PushNotif"."sendAt", " -Params: ["2026-08-07 10:40:00.093 UTC",0] -Duration: 0ms
[07/08/2026 12:40:00] PRISMA: SELECT "public"."PushNotif"."id", "public"."PushNotif"."createdAt", "public"."PushNotif"."sendAt", " -Params: [0] -Duration: 0ms
[07/08/2026 12:40:05] PRISMA: INSERT INTO "public"."Solar_Data" ("hour","Watts","total") VALUES ($1,$2,$3) RETURNING "public"."Sol -Params: ["2026-08-07 10:40:05.909 UTC",1664,13025] -Duration: 9ms
[07/08/2026 12:41:00] PRISMA: SELECT 1 -Params: [] -Duration: 3ms
[07/08/2026 12:41:00] PRISMA: SELECT "public"."PushNotif"."id", "public"."PushNotif"."createdAt", "public"."PushNotif"."sendAt", " -Params: ["2026-08-07 10:41:00.064 UTC",0] -Duration: 1ms
[07/08/2026 12:41:00] PRISMA: SELECT "public"."PushNotif"."id", "public"."PushNotif"."createdAt", "public"."PushNotif"."sendAt", " -Params: [0] -Duration: 0ms
[07/08/2026 12:41:03] PRISMA: SELECT "public"."Weather_Forecast"."id", "public"."Weather_Forecast"."time", "public"."Weather_Forec -Params: ["2026-08-07 00:00:00 UTC",0] -Duration: 2ms
[07/08/2026 12:41:06] PRISMA: SELECT "public"."User"."id", "public"."User"."username", "public"."User"."password_hash", "public"." -Params: ["Parents",1,0] -Duration: 3ms
[07/08/2026 12:41:28] PRISMA: SELECT "public"."Weather_Forecast"."id", "public"."Weather_Forecast"."time", "public"."Weather_Forec -Params: ["2026-08-07 00:00:00 UTC",0] -Duration: 2ms
[07/08/2026 12:41:30] PRISMA: SELECT "public"."User"."id", "public"."User"."username", "public"."User"."password_hash", "public"." -Params: ["Parents",1,0] -Duration: 3ms
[07/08/2026 12:43:01] PRISMA: SELECT 1 -Params: [] -Duration: 1ms
[07/08/2026 12:43:01] PRISMA: SELECT "public"."Miele_Token"."id", "public"."Miele_Token"."accessToken", "public"."Miele_Token"."re -Params: [1,1,0] -Duration: 3ms
[07/08/2026 12:43:01] PRISMA: SELECT "public"."Miele_Token"."id", "public"."Miele_Token"."accessToken", "public"."Miele_Token"."re -Params: [1,1,0] -Duration: 2ms
[07/08/2026 12:43:23] PRISMA: SELECT 1 -Params: [] -Duration: 1ms
[07/08/2026 12:43:23] PRISMA: SELECT 1 -Params: [] -Duration: 2ms
[07/08/2026 12:43:23] PRISMA: SELECT "public"."Miele_Token"."id", "public"."Miele_Token"."accessToken", "public"."Miele_Token"."re -Params: [1,1,0] -Duration: 3ms
[07/08/2026 12:43:23] PRISMA: SELECT "public"."Miele_Token"."id", "public"."Miele_Token"."accessToken", "public"."Miele_Token"."re -Params: [1,1,0] -Duration: 3ms
[07/08/2026 12:43:31] PRISMA: SELECT "public"."Miele_Token"."id", "public"."Miele_Token"."accessToken", "public"."Miele_Token"."re -Params: [1,1,0] -Duration: 6ms
[07/08/2026 12:43:33] PRISMA: INSERT INTO "public"."PushNotif" ("createdAt","sendAt","type") VALUES ($1,$2,$3) RETURNING "public". -Params: ["2026-08-07 10:43:33.157 UTC","2026-08-07 10:48:33.157 UTC",1] -Duration: 9ms
[07/08/2026 12:43:33] PRISMA: INSERT INTO "public"."Washing_Program" ("type","time","finished","authorId") VALUES ($1,$2,$3,$4) RE -Params: ["Express 20","2026-08-07 10:43:33.157 UTC",false,1] -Duration: 15ms
[07/08/2026 12:43:33] PRISMA: SELECT "public"."Miele_Token"."id", "public"."Miele_Token"."accessToken", "public"."Miele_Token"."re -Params: [1,1,0] -Duration: 0ms
[07/08/2026 12:43:33] PRISMA: SELECT "public"."Miele_Token"."id", "public"."Miele_Token"."accessToken", "public"."Miele_Token"."re -Params: [1,1,0] -Duration: 0ms
[07/08/2026 12:44:00] PRISMA: SELECT 1 -Params: [] -Duration: 4ms
[07/08/2026 12:44:00] PRISMA: SELECT "public"."PushNotif"."id", "public"."PushNotif"."createdAt", "public"."PushNotif"."sendAt", " -Params: ["2026-08-07 10:44:00.095 UTC",0] -Duration: 4ms
[07/08/2026 12:44:00] PRISMA: SELECT "public"."PushSubscription"."id", "public"."PushSubscription"."userId", "public"."PushSubscri -Params: [0] -Duration: 2ms
[07/08/2026 12:44:00] PRISMA: DELETE FROM "public"."PushNotif" WHERE ("public"."PushNotif"."id" = $1 AND 1=1) RETURNING "public"." -Params: [7] -Duration: 3ms
[07/08/2026 12:44:00] PRISMA: SELECT "public"."Washing_Program"."id", "public"."Washing_Program"."type", "public"."Washing_Program -Params: ["2026-08-07 10:38:39.597 UTC",0] -Duration: 1ms
[07/08/2026 12:44:00] PRISMA: UPDATE "public"."Washing_Program" SET "finished" = $1 WHERE ("public"."Washing_Program"."id" = $2 AN -Params: [true,1] -Duration: 1ms
[07/08/2026 12:44:00] PRISMA: UPDATE "public"."Washing_Program" SET "finished" = $1 WHERE ("public"."Washing_Program"."id" = $2 AN -Params: [true,2] -Duration: 0ms
[07/08/2026 12:44:00] PRISMA: UPDATE "public"."Washing_Program" SET "finished" = $1 WHERE ("public"."Washing_Program"."id" = $2 AN -Params: [true,3] -Duration: 2ms
[07/08/2026 12:44:00] PRISMA: UPDATE "public"."Washing_Program" SET "finished" = $1 WHERE ("public"."Washing_Program"."id" = $2 AN -Params: [true,4] -Duration: 0ms
[07/08/2026 12:44:00] PRISMA: UPDATE "public"."Washing_Program" SET "finished" = $1 WHERE ("public"."Washing_Program"."id" = $2 AN -Params: [true,5] -Duration: 0ms
[07/08/2026 12:44:00] PRISMA: UPDATE "public"."Washing_Program" SET "finished" = $1 WHERE ("public"."Washing_Program"."id" = $2 AN -Params: [true,6] -Duration: 0ms
[07/08/2026 12:44:00] PRISMA: UPDATE "public"."Washing_Program" SET "finished" = $1 WHERE ("public"."Washing_Program"."id" = $2 AN -Params: [true,7] -Duration: 0ms
[07/08/2026 12:44:00] PRISMA: UPDATE "public"."Washing_Program" SET "finished" = $1 WHERE ("public"."Washing_Program"."id" = $2 AN -Params: [true,8] -Duration: 0ms
[07/08/2026 12:44:00] PRISMA: UPDATE "public"."Washing_Program" SET "finished" = $1 WHERE ("public"."Washing_Program"."id" = $2 AN -Params: [true,9] -Duration: 0ms
[07/08/2026 12:44:00] PRISMA: UPDATE "public"."Washing_Program" SET "finished" = $1 WHERE ("public"."Washing_Program"."id" = $2 AN -Params: [true,10] -Duration: 0ms
[07/08/2026 12:44:00] PRISMA: UPDATE "public"."Washing_Program" SET "finished" = $1 WHERE ("public"."Washing_Program"."id" = $2 AN -Params: [true,11] -Duration: 0ms
[07/08/2026 12:44:00] PRISMA: UPDATE "public"."Washing_Program" SET "finished" = $1 WHERE ("public"."Washing_Program"."id" = $2 AN -Params: [true,12] -Duration: 0ms
[07/08/2026 12:44:00] PRISMA: UPDATE "public"."Washing_Program" SET "finished" = $1 WHERE ("public"."Washing_Program"."id" = $2 AN -Params: [true,13] -Duration: 0ms
[07/08/2026 12:44:00] PRISMA: UPDATE "public"."Washing_Program" SET "finished" = $1 WHERE ("public"."Washing_Program"."id" = $2 AN -Params: [true,14] -Duration: 0ms
[07/08/2026 12:44:00] PRISMA: UPDATE "public"."Washing_Program" SET "finished" = $1 WHERE ("public"."Washing_Program"."id" = $2 AN -Params: [true,15] -Duration: 0ms
[07/08/2026 12:44:00] PRISMA: UPDATE "public"."Washing_Program" SET "finished" = $1 WHERE ("public"."Washing_Program"."id" = $2 AN -Params: [true,16] -Duration: 0ms
[07/08/2026 12:44:00] PRISMA: UPDATE "public"."Washing_Program" SET "finished" = $1 WHERE ("public"."Washing_Program"."id" = $2 AN -Params: [true,17] -Duration: 0ms
[07/08/2026 12:44:00] PRISMA: UPDATE "public"."Washing_Program" SET "finished" = $1 WHERE ("public"."Washing_Program"."id" = $2 AN -Params: [true,18] -Duration: 0ms
[07/08/2026 12:44:00] PRISMA: UPDATE "public"."Washing_Program" SET "finished" = $1 WHERE ("public"."Washing_Program"."id" = $2 AN -Params: [true,19] -Duration: 0ms
[07/08/2026 12:44:00] PRISMA: UPDATE "public"."Washing_Program" SET "finished" = $1 WHERE ("public"."Washing_Program"."id" = $2 AN -Params: [true,20] -Duration: 0ms
[07/08/2026 12:44:00] PRISMA: UPDATE "public"."Washing_Program" SET "finished" = $1 WHERE ("public"."Washing_Program"."id" = $2 AN -Params: [true,21] -Duration: 2ms
[07/08/2026 12:44:00] PRISMA: UPDATE "public"."Washing_Program" SET "finished" = $1 WHERE ("public"."Washing_Program"."id" = $2 AN -Params: [true,22] -Duration: 2ms
[07/08/2026 12:44:00] PRISMA: UPDATE "public"."Washing_Program" SET "finished" = $1 WHERE ("public"."Washing_Program"."id" = $2 AN -Params: [true,23] -Duration: 0ms
[07/08/2026 12:44:00] PRISMA: UPDATE "public"."Washing_Program" SET "finished" = $1 WHERE ("public"."Washing_Program"."id" = $2 AN -Params: [true,24] -Duration: 0ms
[07/08/2026 12:44:00] PRISMA: UPDATE "public"."Washing_Program" SET "finished" = $1 WHERE ("public"."Washing_Program"."id" = $2 AN -Params: [true,25] -Duration: 0ms
[07/08/2026 12:44:00] PRISMA: UPDATE "public"."Washing_Program" SET "finished" = $1 WHERE ("public"."Washing_Program"."id" = $2 AN -Params: [true,26] -Duration: 0ms
[07/08/2026 12:44:00] PRISMA: UPDATE "public"."Washing_Program" SET "finished" = $1 WHERE ("public"."Washing_Program"."id" = $2 AN -Params: [true,27] -Duration: 0ms
[07/08/2026 12:44:00] PRISMA: UPDATE "public"."Washing_Program" SET "finished" = $1 WHERE ("public"."Washing_Program"."id" = $2 AN -Params: [true,28] -Duration: 0ms
[07/08/2026 12:44:00] PRISMA: UPDATE "public"."Washing_Program" SET "finished" = $1 WHERE ("public"."Washing_Program"."id" = $2 AN -Params: [true,29] -Duration: 0ms
[07/08/2026 12:44:00] PRISMA: UPDATE "public"."Washing_Program" SET "finished" = $1 WHERE ("public"."Washing_Program"."id" = $2 AN -Params: [true,30] -Duration: 0ms
[07/08/2026 12:44:00] PRISMA: UPDATE "public"."Washing_Program" SET "finished" = $1 WHERE ("public"."Washing_Program"."id" = $2 AN -Params: [true,31] -Duration: 0ms
[07/08/2026 12:44:00] PRISMA: UPDATE "public"."Washing_Program" SET "finished" = $1 WHERE ("public"."Washing_Program"."id" = $2 AN -Params: [true,32] -Duration: 0ms
[07/08/2026 12:44:00] PRISMA: UPDATE "public"."Washing_Program" SET "finished" = $1 WHERE ("public"."Washing_Program"."id" = $2 AN -Params: [true,33] -Duration: 0ms
[07/08/2026 12:44:00] PRISMA: UPDATE "public"."Washing_Program" SET "finished" = $1 WHERE ("public"."Washing_Program"."id" = $2 AN -Params: [true,34] -Duration: 0ms
[07/08/2026 12:44:00] PRISMA: UPDATE "public"."Washing_Program" SET "finished" = $1 WHERE ("public"."Washing_Program"."id" = $2 AN -Params: [true,35] -Duration: 0ms
[07/08/2026 12:44:00] PRISMA: UPDATE "public"."Washing_Program" SET "finished" = $1 WHERE ("public"."Washing_Program"."id" = $2 AN -Params: [true,36] -Duration: 0ms
[07/08/2026 12:44:00] PRISMA: UPDATE "public"."Washing_Program" SET "finished" = $1 WHERE ("public"."Washing_Program"."id" = $2 AN -Params: [true,37] -Duration: 0ms
[07/08/2026 12:44:00] PRISMA: UPDATE "public"."Washing_Program" SET "finished" = $1 WHERE ("public"."Washing_Program"."id" = $2 AN -Params: [true,38] -Duration: 0ms
[07/08/2026 12:44:00] PRISMA: UPDATE "public"."Washing_Program" SET "finished" = $1 WHERE ("public"."Washing_Program"."id" = $2 AN -Params: [true,39] -Duration: 0ms
[07/08/2026 12:44:00] PRISMA: SELECT "public"."PushNotif"."id", "public"."PushNotif"."createdAt", "public"."PushNotif"."sendAt", " -Params: [0] -Duration: 0ms
[07/08/2026 12:45:00] PRISMA: SELECT 1 -Params: [] -Duration: 1ms
[07/08/2026 12:45:00] PRISMA: SELECT "public"."PushNotif"."id", "public"."PushNotif"."createdAt", "public"."PushNotif"."sendAt", " -Params: ["2026-08-07 10:45:00.102 UTC",0] -Duration: 1ms
[07/08/2026 12:45:00] PRISMA: SELECT "public"."PushNotif"."id", "public"."PushNotif"."createdAt", "public"."PushNotif"."sendAt", " -Params: [0] -Duration: 0ms
[07/08/2026 12:45:04] PRISMA: INSERT INTO "public"."Solar_Data" ("hour","Watts","total") VALUES ($1,$2,$3) RETURNING "public"."Sol -Params: ["2026-08-07 10:45:04.198 UTC",1626,13159] -Duration: 21ms
[07/08/2026 12:46:00] PRISMA: SELECT 1 -Params: [] -Duration: 5ms
[07/08/2026 12:46:00] PRISMA: SELECT "public"."PushNotif"."id", "public"."PushNotif"."createdAt", "public"."PushNotif"."sendAt", " -Params: ["2026-08-07 10:46:00.081 UTC",0] -Duration: 2ms
[07/08/2026 12:46:00] PRISMA: SELECT "public"."PushNotif"."id", "public"."PushNotif"."createdAt", "public"."PushNotif"."sendAt", " -Params: [0] -Duration: 0ms
[07/08/2026 12:46:24] PRISMA: SELECT 1 -Params: [] -Duration: 5ms
[07/08/2026 12:46:24] PRISMA: SELECT 1 -Params: [] -Duration: 0ms
[07/08/2026 12:46:24] PRISMA: SELECT "public"."Solar_Data"."id", "public"."Solar_Data"."hour", "public"."Solar_Data"."Watts", "pub -Params: ["2026-08-06 10:46:24.720 UTC","2026-08-07 10:46:24.720 UTC",0] -Duration: 18ms
[07/08/2026 12:46:24] PRISMA: SELECT "public"."Washing_Program"."id", "public"."Washing_Program"."type", "public"."Washing_Program -Params: [5,0] -Duration: 15ms
[07/08/2026 12:46:24] PRISMA: SELECT "public"."User"."id", "public"."User"."username" FROM "public"."User" WHERE "public"."User"." -Params: [1,0] -Duration: 0ms
[07/08/2026 12:46:24] PRISMA: SELECT "public"."User"."id" FROM "public"."User" WHERE ("public"."User"."id" = $1 AND 1=1) LIMIT $2  -Params: [1,1,0] -Duration: 0ms
[07/08/2026 12:46:24] PRISMA: SELECT "public"."Miele_Token"."id", "public"."Miele_Token"."accessToken", "public"."Miele_Token"."re -Params: [1,0] -Duration: 0ms
[07/08/2026 12:46:24] PRISMA: SELECT "public"."Miele_Token"."id", "public"."Miele_Token"."accessToken", "public"."Miele_Token"."re -Params: [1,1,0] -Duration: 0ms
[07/08/2026 12:46:24] PRISMA: SELECT "public"."Weather_Forecast"."id", "public"."Weather_Forecast"."time", "public"."Weather_Forec -Params: ["2026-08-06 22:46:24.736 UTC","2026-08-07 21:46:24.736 UTC",0] -Duration: 7ms
[07/08/2026 12:47:00] PRISMA: SELECT 1 -Params: [] -Duration: 10ms
[07/08/2026 12:47:00] PRISMA: SELECT "public"."PushNotif"."id", "public"."PushNotif"."createdAt", "public"."PushNotif"."sendAt", " -Params: ["2026-08-07 10:47:00.102 UTC",0] -Duration: 6ms
[07/08/2026 12:47:00] PRISMA: SELECT "public"."PushNotif"."id", "public"."PushNotif"."createdAt", "public"."PushNotif"."sendAt", " -Params: [0] -Duration: 1ms
[07/08/2026 12:47:00] PRISMA: SELECT "public"."Weather_Forecast"."id", "public"."Weather_Forecast"."time", "public"."Weather_Forec -Params: ["2026-08-07 00:00:00 UTC",0] -Duration: 1ms
[07/08/2026 12:47:03] PRISMA: SELECT "public"."User"."id", "public"."User"."username", "public"."User"."password_hash", "public"." -Params: ["Parents",1,0] -Duration: 2ms
[07/08/2026 12:47:28] PRISMA: SELECT 1 -Params: [] -Duration: 11ms
[07/08/2026 12:47:29] PRISMA: SELECT "public"."Miele_Token"."id", "public"."Miele_Token"."accessToken", "public"."Miele_Token"."re -Params: [1,1,0] -Duration: 8ms
[07/08/2026 12:47:29] PRISMA: SELECT "public"."Miele_Token"."id", "public"."Miele_Token"."accessToken", "public"."Miele_Token"."re -Params: [1,1,0] -Duration: 2ms
[07/08/2026 12:47:43] PRISMA: SELECT "public"."Miele_Token"."id", "public"."Miele_Token"."accessToken", "public"."Miele_Token"."re -Params: [1,1,0] -Duration: 3ms
[07/08/2026 12:47:45] PRISMA: SELECT 1 -Params: [] -Duration: 8ms
[07/08/2026 12:47:45] PRISMA: SELECT 1 -Params: [] -Duration: 21ms
[07/08/2026 12:47:45] PRISMA: INSERT INTO "public"."PushNotif" ("createdAt","sendAt","type") VALUES ($1,$2,$3) RETURNING "public". -Params: ["2026-08-07 10:47:45.431 UTC","2026-08-07 10:52:45.431 UTC",1] -Duration: 30ms
[07/08/2026 12:47:45] PRISMA: INSERT INTO "public"."Washing_Program" ("type","time","finished","authorId") VALUES ($1,$2,$3,$4) RE -Params: ["Express 20","2026-08-07 10:47:45.430 UTC",false,1] -Duration: 36ms
[07/08/2026 12:47:45] PRISMA: SELECT "public"."Miele_Token"."id", "public"."Miele_Token"."accessToken", "public"."Miele_Token"."re -Params: [1,1,0] -Duration: 1ms
[07/08/2026 12:47:45] PRISMA: SELECT "public"."Miele_Token"."id", "public"."Miele_Token"."accessToken", "public"."Miele_Token"."re -Params: [1,1,0] -Duration: 0ms
[07/08/2026 12:48:00] PRISMA: SELECT "public"."PushNotif"."id", "public"."PushNotif"."createdAt", "public"."PushNotif"."sendAt", " -Params: ["2026-08-07 10:48:00.054 UTC",0] -Duration: 4ms
[07/08/2026 12:48:00] PRISMA: SELECT "public"."PushNotif"."id", "public"."PushNotif"."createdAt", "public"."PushNotif"."sendAt", " -Params: [0] -Duration: 0ms
[07/08/2026 12:49:00] PRISMA: SELECT 1 -Params: [] -Duration: 5ms
[07/08/2026 12:49:00] PRISMA: SELECT "public"."PushNotif"."id", "public"."PushNotif"."createdAt", "public"."PushNotif"."sendAt", " -Params: ["2026-08-07 10:49:00.072 UTC",0] -Duration: 1ms
[07/08/2026 12:49:00] PRISMA: SELECT "public"."PushSubscription"."id", "public"."PushSubscription"."userId", "public"."PushSubscri -Params: [0] -Duration: 2ms
[07/08/2026 12:49:00] PRISMA: DELETE FROM "public"."PushNotif" WHERE ("public"."PushNotif"."id" = $1 AND 1=1) RETURNING "public"." -Params: [8] -Duration: 3ms
[07/08/2026 12:49:00] PRISMA: SELECT "public"."Washing_Program"."id", "public"."Washing_Program"."type", "public"."Washing_Program -Params: ["2026-08-07 10:43:33.157 UTC",0] -Duration: 4ms
[07/08/2026 12:49:00] PRISMA: UPDATE "public"."Washing_Program" SET "finished" = $1 WHERE ("public"."Washing_Program"."id" = $2 AN -Params: [true,40] -Duration: 5ms
[07/08/2026 12:49:00] PRISMA: UPDATE "public"."Washing_Program" SET "finished" = $1 WHERE ("public"."Washing_Program"."id" = $2 AN -Params: [true,1] -Duration: 1ms
[07/08/2026 12:49:00] PRISMA: UPDATE "public"."Washing_Program" SET "finished" = $1 WHERE ("public"."Washing_Program"."id" = $2 AN -Params: [true,2] -Duration: 0ms
[07/08/2026 12:49:00] PRISMA: UPDATE "public"."Washing_Program" SET "finished" = $1 WHERE ("public"."Washing_Program"."id" = $2 AN -Params: [true,3] -Duration: 0ms
[07/08/2026 12:49:00] PRISMA: UPDATE "public"."Washing_Program" SET "finished" = $1 WHERE ("public"."Washing_Program"."id" = $2 AN -Params: [true,4] -Duration: 0ms
[07/08/2026 12:49:00] PRISMA: UPDATE "public"."Washing_Program" SET "finished" = $1 WHERE ("public"."Washing_Program"."id" = $2 AN -Params: [true,5] -Duration: 2ms
[07/08/2026 12:49:00] PRISMA: UPDATE "public"."Washing_Program" SET "finished" = $1 WHERE ("public"."Washing_Program"."id" = $2 AN -Params: [true,6] -Duration: 1ms
[07/08/2026 12:49:00] PRISMA: UPDATE "public"."Washing_Program" SET "finished" = $1 WHERE ("public"."Washing_Program"."id" = $2 AN -Params: [true,7] -Duration: 0ms
[07/08/2026 12:49:00] PRISMA: UPDATE "public"."Washing_Program" SET "finished" = $1 WHERE ("public"."Washing_Program"."id" = $2 AN -Params: [true,8] -Duration: 0ms
[07/08/2026 12:49:00] PRISMA: UPDATE "public"."Washing_Program" SET "finished" = $1 WHERE ("public"."Washing_Program"."id" = $2 AN -Params: [true,9] -Duration: 0ms
[07/08/2026 12:49:00] PRISMA: UPDATE "public"."Washing_Program" SET "finished" = $1 WHERE ("public"."Washing_Program"."id" = $2 AN -Params: [true,10] -Duration: 0ms
[07/08/2026 12:49:00] PRISMA: UPDATE "public"."Washing_Program" SET "finished" = $1 WHERE ("public"."Washing_Program"."id" = $2 AN -Params: [true,11] -Duration: 0ms
[07/08/2026 12:49:00] PRISMA: UPDATE "public"."Washing_Program" SET "finished" = $1 WHERE ("public"."Washing_Program"."id" = $2 AN -Params: [true,12] -Duration: 0ms
[07/08/2026 12:49:00] PRISMA: UPDATE "public"."Washing_Program" SET "finished" = $1 WHERE ("public"."Washing_Program"."id" = $2 AN -Params: [true,13] -Duration: 0ms
[07/08/2026 12:49:00] PRISMA: UPDATE "public"."Washing_Program" SET "finished" = $1 WHERE ("public"."Washing_Program"."id" = $2 AN -Params: [true,14] -Duration: 0ms
[07/08/2026 12:49:00] PRISMA: UPDATE "public"."Washing_Program" SET "finished" = $1 WHERE ("public"."Washing_Program"."id" = $2 AN -Params: [true,15] -Duration: 0ms
[07/08/2026 12:49:00] PRISMA: UPDATE "public"."Washing_Program" SET "finished" = $1 WHERE ("public"."Washing_Program"."id" = $2 AN -Params: [true,16] -Duration: 0ms
[07/08/2026 12:49:00] PRISMA: UPDATE "public"."Washing_Program" SET "finished" = $1 WHERE ("public"."Washing_Program"."id" = $2 AN -Params: [true,17] -Duration: 0ms
[07/08/2026 12:49:00] PRISMA: UPDATE "public"."Washing_Program" SET "finished" = $1 WHERE ("public"."Washing_Program"."id" = $2 AN -Params: [true,18] -Duration: 0ms
[07/08/2026 12:49:00] PRISMA: UPDATE "public"."Washing_Program" SET "finished" = $1 WHERE ("public"."Washing_Program"."id" = $2 AN -Params: [true,19] -Duration: 0ms
[07/08/2026 12:49:00] PRISMA: UPDATE "public"."Washing_Program" SET "finished" = $1 WHERE ("public"."Washing_Program"."id" = $2 AN -Params: [true,20] -Duration: 0ms
[07/08/2026 12:49:00] PRISMA: UPDATE "public"."Washing_Program" SET "finished" = $1 WHERE ("public"."Washing_Program"."id" = $2 AN -Params: [true,21] -Duration: 0ms
[07/08/2026 12:49:00] PRISMA: UPDATE "public"."Washing_Program" SET "finished" = $1 WHERE ("public"."Washing_Program"."id" = $2 AN -Params: [true,22] -Duration: 0ms
[07/08/2026 12:49:00] PRISMA: UPDATE "public"."Washing_Program" SET "finished" = $1 WHERE ("public"."Washing_Program"."id" = $2 AN -Params: [true,23] -Duration: 0ms
[07/08/2026 12:49:00] PRISMA: UPDATE "public"."Washing_Program" SET "finished" = $1 WHERE ("public"."Washing_Program"."id" = $2 AN -Params: [true,24] -Duration: 0ms
[07/08/2026 12:49:00] PRISMA: UPDATE "public"."Washing_Program" SET "finished" = $1 WHERE ("public"."Washing_Program"."id" = $2 AN -Params: [true,25] -Duration: 0ms
[07/08/2026 12:49:00] PRISMA: UPDATE "public"."Washing_Program" SET "finished" = $1 WHERE ("public"."Washing_Program"."id" = $2 AN -Params: [true,26] -Duration: 0ms
[07/08/2026 12:49:00] PRISMA: UPDATE "public"."Washing_Program" SET "finished" = $1 WHERE ("public"."Washing_Program"."id" = $2 AN -Params: [true,27] -Duration: 0ms
[07/08/2026 12:49:00] PRISMA: UPDATE "public"."Washing_Program" SET "finished" = $1 WHERE ("public"."Washing_Program"."id" = $2 AN -Params: [true,28] -Duration: 0ms
[07/08/2026 12:49:00] PRISMA: UPDATE "public"."Washing_Program" SET "finished" = $1 WHERE ("public"."Washing_Program"."id" = $2 AN -Params: [true,29] -Duration: 0ms
[07/08/2026 12:49:00] PRISMA: UPDATE "public"."Washing_Program" SET "finished" = $1 WHERE ("public"."Washing_Program"."id" = $2 AN -Params: [true,30] -Duration: 0ms
[07/08/2026 12:49:00] PRISMA: UPDATE "public"."Washing_Program" SET "finished" = $1 WHERE ("public"."Washing_Program"."id" = $2 AN -Params: [true,31] -Duration: 0ms
[07/08/2026 12:49:00] PRISMA: UPDATE "public"."Washing_Program" SET "finished" = $1 WHERE ("public"."Washing_Program"."id" = $2 AN -Params: [true,32] -Duration: 0ms
[07/08/2026 12:49:00] PRISMA: UPDATE "public"."Washing_Program" SET "finished" = $1 WHERE ("public"."Washing_Program"."id" = $2 AN -Params: [true,33] -Duration: 0ms
[07/08/2026 12:49:00] PRISMA: UPDATE "public"."Washing_Program" SET "finished" = $1 WHERE ("public"."Washing_Program"."id" = $2 AN -Params: [true,34] -Duration: 0ms
[07/08/2026 12:49:00] PRISMA: UPDATE "public"."Washing_Program" SET "finished" = $1 WHERE ("public"."Washing_Program"."id" = $2 AN -Params: [true,35] -Duration: 0ms
[07/08/2026 12:49:00] PRISMA: UPDATE "public"."Washing_Program" SET "finished" = $1 WHERE ("public"."Washing_Program"."id" = $2 AN -Params: [true,36] -Duration: 0ms
[07/08/2026 12:49:00] PRISMA: UPDATE "public"."Washing_Program" SET "finished" = $1 WHERE ("public"."Washing_Program"."id" = $2 AN -Params: [true,37] -Duration: 0ms
[07/08/2026 12:49:00] PRISMA: UPDATE "public"."Washing_Program" SET "finished" = $1 WHERE ("public"."Washing_Program"."id" = $2 AN -Params: [true,38] -Duration: 0ms
[07/08/2026 12:49:00] PRISMA: UPDATE "public"."Washing_Program" SET "finished" = $1 WHERE ("public"."Washing_Program"."id" = $2 AN -Params: [true,39] -Duration: 0ms
[07/08/2026 12:49:00] PRISMA: SELECT "public"."PushNotif"."id", "public"."PushNotif"."createdAt", "public"."PushNotif"."sendAt", " -Params: [0] -Duration: 0ms
[07/08/2026 12:49:43] PRISMA: SELECT 1 -Params: [] -Duration: 1ms
[07/08/2026 12:49:43] PRISMA: SELECT 1 -Params: [] -Duration: 4ms
[07/08/2026 12:49:43] PRISMA: SELECT "public"."Miele_Token"."id", "public"."Miele_Token"."accessToken", "public"."Miele_Token"."re -Params: [1,1,0] -Duration: 1ms
[07/08/2026 12:49:43] PRISMA: SELECT "public"."Miele_Token"."id", "public"."Miele_Token"."accessToken", "public"."Miele_Token"."re -Params: [1,1,0] -Duration: 1ms
[07/08/2026 12:50:00] PRISMA: SELECT 1 -Params: [] -Duration: 0ms
[07/08/2026 12:50:00] PRISMA: SELECT "public"."PushNotif"."id", "public"."PushNotif"."createdAt", "public"."PushNotif"."sendAt", " -Params: ["2026-08-07 10:50:00.047 UTC",0] -Duration: 0ms
[07/08/2026 12:50:00] PRISMA: SELECT "public"."PushNotif"."id", "public"."PushNotif"."createdAt", "public"."PushNotif"."sendAt", " -Params: [0] -Duration: 0ms
[07/08/2026 12:50:00] PRISMA: INSERT INTO "public"."Solar_Data" ("hour","Watts","total") VALUES ($1,$2,$3) RETURNING "public"."Sol -Params: ["2026-08-07 10:50:00.483 UTC",1619,13291] -Duration: 6ms
[07/08/2026 12:50:12] PRISMA: SELECT "public"."Miele_Token"."id", "public"."Miele_Token"."accessToken", "public"."Miele_Token"."re -Params: [1,1,0] -Duration: 2ms
[07/08/2026 12:50:12] PRISMA: SELECT "public"."Miele_Token"."id", "public"."Miele_Token"."accessToken", "public"."Miele_Token"."re -Params: [1,1,0] -Duration: 0ms
[07/08/2026 12:50:18] PRISMA: SELECT 1 -Params: [] -Duration: 1ms
[07/08/2026 12:50:18] PRISMA: SELECT "public"."Miele_Token"."id", "public"."Miele_Token"."accessToken", "public"."Miele_Token"."re -Params: [1,1,0] -Duration: 0ms
[07/08/2026 12:50:20] PRISMA: SELECT 1 -Params: [] -Duration: 1ms
[07/08/2026 12:50:20] PRISMA: INSERT INTO "public"."PushNotif" ("createdAt","sendAt","type") VALUES ($1,$2,$3) RETURNING "public". -Params: ["2026-08-07 10:50:20.550 UTC","2026-08-07 10:55:20.550 UTC",1] -Duration: 4ms
[07/08/2026 12:50:20] PRISMA: INSERT INTO "public"."Washing_Program" ("type","time","finished","authorId") VALUES ($1,$2,$3,$4) RE -Params: ["Express 20","2026-08-07 10:50:20.550 UTC",false,1] -Duration: 11ms
[07/08/2026 12:50:20] PRISMA: SELECT "public"."Miele_Token"."id", "public"."Miele_Token"."accessToken", "public"."Miele_Token"."re -Params: [1,1,0] -Duration: 0ms
[07/08/2026 12:50:20] PRISMA: SELECT "public"."Miele_Token"."id", "public"."Miele_Token"."accessToken", "public"."Miele_Token"."re -Params: [1,1,0] -Duration: 1ms
[07/08/2026 12:51:00] PRISMA: SELECT 1 -Params: [] -Duration: 2ms
[07/08/2026 12:51:00] PRISMA: SELECT "public"."PushNotif"."id", "public"."PushNotif"."createdAt", "public"."PushNotif"."sendAt", " -Params: ["2026-08-07 10:51:00.038 UTC",0] -Duration: 8ms
[07/08/2026 12:51:00] PRISMA: SELECT "public"."PushNotif"."id", "public"."PushNotif"."createdAt", "public"."PushNotif"."sendAt", " -Params: [0] -Duration: 0ms
[07/08/2026 12:52:00] PRISMA: SELECT 1 -Params: [] -Duration: 3ms
[07/08/2026 12:52:00] PRISMA: SELECT "public"."PushNotif"."id", "public"."PushNotif"."createdAt", "public"."PushNotif"."sendAt", " -Params: ["2026-08-07 10:52:00.072 UTC",0] -Duration: 0ms
[07/08/2026 12:52:00] PRISMA: SELECT "public"."PushNotif"."id", "public"."PushNotif"."createdAt", "public"."PushNotif"."sendAt", " -Params: [0] -Duration: 4ms
[07/08/2026 12:53:00] PRISMA: SELECT "public"."PushNotif"."id", "public"."PushNotif"."createdAt", "public"."PushNotif"."sendAt", " -Params: ["2026-08-07 10:53:00.060 UTC",0] -Duration: 2ms
[07/08/2026 12:53:00] PRISMA: SELECT "public"."PushSubscription"."id", "public"."PushSubscription"."userId", "public"."PushSubscri -Params: [0] -Duration: 1ms
[07/08/2026 12:53:00] PRISMA: DELETE FROM "public"."PushNotif" WHERE ("public"."PushNotif"."id" = $1 AND 1=1) RETURNING "public"." -Params: [9] -Duration: 4ms
[07/08/2026 12:53:00] PRISMA: SELECT "public"."Washing_Program"."id", "public"."Washing_Program"."type", "public"."Washing_Program -Params: ["2026-08-07 10:47:45.431 UTC",0] -Duration: 1ms
[07/08/2026 12:53:00] PRISMA: UPDATE "public"."Washing_Program" SET "finished" = $1 WHERE ("public"."Washing_Program"."id" = $2 AN -Params: [true,31] -Duration: 1ms
[07/08/2026 12:53:00] PRISMA: UPDATE "public"."Washing_Program" SET "finished" = $1 WHERE ("public"."Washing_Program"."id" = $2 AN -Params: [true,32] -Duration: 0ms
[07/08/2026 12:53:00] PRISMA: UPDATE "public"."Washing_Program" SET "finished" = $1 WHERE ("public"."Washing_Program"."id" = $2 AN -Params: [true,33] -Duration: 0ms
[07/08/2026 12:53:00] PRISMA: UPDATE "public"."Washing_Program" SET "finished" = $1 WHERE ("public"."Washing_Program"."id" = $2 AN -Params: [true,34] -Duration: 1ms
[07/08/2026 12:53:00] PRISMA: UPDATE "public"."Washing_Program" SET "finished" = $1 WHERE ("public"."Washing_Program"."id" = $2 AN -Params: [true,35] -Duration: 0ms
[07/08/2026 12:53:00] PRISMA: UPDATE "public"."Washing_Program" SET "finished" = $1 WHERE ("public"."Washing_Program"."id" = $2 AN -Params: [true,36] -Duration: 0ms
[07/08/2026 12:53:00] PRISMA: UPDATE "public"."Washing_Program" SET "finished" = $1 WHERE ("public"."Washing_Program"."id" = $2 AN -Params: [true,37] -Duration: 0ms
[07/08/2026 12:53:00] PRISMA: UPDATE "public"."Washing_Program" SET "finished" = $1 WHERE ("public"."Washing_Program"."id" = $2 AN -Params: [true,38] -Duration: 0ms
[07/08/2026 12:53:00] PRISMA: UPDATE "public"."Washing_Program" SET "finished" = $1 WHERE ("public"."Washing_Program"."id" = $2 AN -Params: [true,39] -Duration: 0ms
[07/08/2026 12:53:00] PRISMA: UPDATE "public"."Washing_Program" SET "finished" = $1 WHERE ("public"."Washing_Program"."id" = $2 AN -Params: [true,41] -Duration: 0ms
[07/08/2026 12:53:00] PRISMA: UPDATE "public"."Washing_Program" SET "finished" = $1 WHERE ("public"."Washing_Program"."id" = $2 AN -Params: [true,40] -Duration: 0ms
[07/08/2026 12:53:00] PRISMA: UPDATE "public"."Washing_Program" SET "finished" = $1 WHERE ("public"."Washing_Program"."id" = $2 AN -Params: [true,1] -Duration: 0ms
[07/08/2026 12:53:00] PRISMA: UPDATE "public"."Washing_Program" SET "finished" = $1 WHERE ("public"."Washing_Program"."id" = $2 AN -Params: [true,2] -Duration: 0ms
[07/08/2026 12:53:00] PRISMA: UPDATE "public"."Washing_Program" SET "finished" = $1 WHERE ("public"."Washing_Program"."id" = $2 AN -Params: [true,3] -Duration: 0ms
[07/08/2026 12:53:00] PRISMA: UPDATE "public"."Washing_Program" SET "finished" = $1 WHERE ("public"."Washing_Program"."id" = $2 AN -Params: [true,4] -Duration: 0ms
[07/08/2026 12:53:00] PRISMA: UPDATE "public"."Washing_Program" SET "finished" = $1 WHERE ("public"."Washing_Program"."id" = $2 AN -Params: [true,5] -Duration: 0ms
[07/08/2026 12:53:00] PRISMA: UPDATE "public"."Washing_Program" SET "finished" = $1 WHERE ("public"."Washing_Program"."id" = $2 AN -Params: [true,6] -Duration: 0ms
[07/08/2026 12:53:00] PRISMA: UPDATE "public"."Washing_Program" SET "finished" = $1 WHERE ("public"."Washing_Program"."id" = $2 AN -Params: [true,7] -Duration: 0ms
[07/08/2026 12:53:00] PRISMA: UPDATE "public"."Washing_Program" SET "finished" = $1 WHERE ("public"."Washing_Program"."id" = $2 AN -Params: [true,8] -Duration: 0ms
[07/08/2026 12:53:00] PRISMA: UPDATE "public"."Washing_Program" SET "finished" = $1 WHERE ("public"."Washing_Program"."id" = $2 AN -Params: [true,9] -Duration: 0ms
[07/08/2026 12:53:00] PRISMA: UPDATE "public"."Washing_Program" SET "finished" = $1 WHERE ("public"."Washing_Program"."id" = $2 AN -Params: [true,10] -Duration: 0ms
[07/08/2026 12:53:00] PRISMA: UPDATE "public"."Washing_Program" SET "finished" = $1 WHERE ("public"."Washing_Program"."id" = $2 AN -Params: [true,11] -Duration: 0ms
[07/08/2026 12:53:00] PRISMA: UPDATE "public"."Washing_Program" SET "finished" = $1 WHERE ("public"."Washing_Program"."id" = $2 AN -Params: [true,12] -Duration: 0ms
[07/08/2026 12:53:00] PRISMA: UPDATE "public"."Washing_Program" SET "finished" = $1 WHERE ("public"."Washing_Program"."id" = $2 AN -Params: [true,13] -Duration: 0ms
[07/08/2026 12:53:00] PRISMA: UPDATE "public"."Washing_Program" SET "finished" = $1 WHERE ("public"."Washing_Program"."id" = $2 AN -Params: [true,14] -Duration: 0ms
[07/08/2026 12:53:00] PRISMA: UPDATE "public"."Washing_Program" SET "finished" = $1 WHERE ("public"."Washing_Program"."id" = $2 AN -Params: [true,15] -Duration: 0ms
[07/08/2026 12:53:00] PRISMA: UPDATE "public"."Washing_Program" SET "finished" = $1 WHERE ("public"."Washing_Program"."id" = $2 AN -Params: [true,16] -Duration: 0ms
[07/08/2026 12:53:00] PRISMA: UPDATE "public"."Washing_Program" SET "finished" = $1 WHERE ("public"."Washing_Program"."id" = $2 AN -Params: [true,17] -Duration: 0ms
[07/08/2026 12:53:00] PRISMA: UPDATE "public"."Washing_Program" SET "finished" = $1 WHERE ("public"."Washing_Program"."id" = $2 AN -Params: [true,18] -Duration: 0ms
[07/08/2026 12:53:00] PRISMA: UPDATE "public"."Washing_Program" SET "finished" = $1 WHERE ("public"."Washing_Program"."id" = $2 AN -Params: [true,19] -Duration: 0ms
[07/08/2026 12:53:00] PRISMA: UPDATE "public"."Washing_Program" SET "finished" = $1 WHERE ("public"."Washing_Program"."id" = $2 AN -Params: [true,20] -Duration: 0ms
[07/08/2026 12:53:00] PRISMA: UPDATE "public"."Washing_Program" SET "finished" = $1 WHERE ("public"."Washing_Program"."id" = $2 AN -Params: [true,21] -Duration: 0ms
[07/08/2026 12:53:00] PRISMA: UPDATE "public"."Washing_Program" SET "finished" = $1 WHERE ("public"."Washing_Program"."id" = $2 AN -Params: [true,22] -Duration: 0ms
[07/08/2026 12:53:00] PRISMA: UPDATE "public"."Washing_Program" SET "finished" = $1 WHERE ("public"."Washing_Program"."id" = $2 AN -Params: [true,23] -Duration: 0ms
[07/08/2026 12:53:00] PRISMA: UPDATE "public"."Washing_Program" SET "finished" = $1 WHERE ("public"."Washing_Program"."id" = $2 AN -Params: [true,24] -Duration: 0ms
[07/08/2026 12:53:00] PRISMA: UPDATE "public"."Washing_Program" SET "finished" = $1 WHERE ("public"."Washing_Program"."id" = $2 AN -Params: [true,25] -Duration: 0ms
[07/08/2026 12:53:00] PRISMA: UPDATE "public"."Washing_Program" SET "finished" = $1 WHERE ("public"."Washing_Program"."id" = $2 AN -Params: [true,26] -Duration: 0ms
[07/08/2026 12:53:00] PRISMA: UPDATE "public"."Washing_Program" SET "finished" = $1 WHERE ("public"."Washing_Program"."id" = $2 AN -Params: [true,27] -Duration: 0ms
[07/08/2026 12:53:00] PRISMA: UPDATE "public"."Washing_Program" SET "finished" = $1 WHERE ("public"."Washing_Program"."id" = $2 AN -Params: [true,28] -Duration: 0ms
[07/08/2026 12:53:00] PRISMA: UPDATE "public"."Washing_Program" SET "finished" = $1 WHERE ("public"."Washing_Program"."id" = $2 AN -Params: [true,29] -Duration: 0ms
[07/08/2026 12:53:00] PRISMA: UPDATE "public"."Washing_Program" SET "finished" = $1 WHERE ("public"."Washing_Program"."id" = $2 AN -Params: [true,30] -Duration: 0ms
[07/08/2026 12:53:00] PRISMA: SELECT "public"."PushNotif"."id", "public"."PushNotif"."createdAt", "public"."PushNotif"."sendAt", " -Params: [0] -Duration: 0ms
[07/08/2026 12:54:00] PRISMA: SELECT 1 -Params: [] -Duration: 3ms
[07/08/2026 12:54:00] PRISMA: SELECT "public"."PushNotif"."id", "public"."PushNotif"."createdAt", "public"."PushNotif"."sendAt", " -Params: ["2026-08-07 10:54:00.055 UTC",0] -Duration: 1ms
[07/08/2026 12:54:00] PRISMA: SELECT "public"."PushNotif"."id", "public"."PushNotif"."createdAt", "public"."PushNotif"."sendAt", " -Params: [0] -Duration: 0ms
[07/08/2026 12:55:00] PRISMA: SELECT 1 -Params: [] -Duration: 1ms
[07/08/2026 12:55:00] PRISMA: SELECT "public"."PushNotif"."id", "public"."PushNotif"."createdAt", "public"."PushNotif"."sendAt", " -Params: ["2026-08-07 10:55:00.094 UTC",0] -Duration: 0ms
[07/08/2026 12:55:00] PRISMA: SELECT "public"."PushNotif"."id", "public"."PushNotif"."createdAt", "public"."PushNotif"."sendAt", " -Params: [0] -Duration: 0ms
[07/08/2026 12:55:09] PRISMA: INSERT INTO "public"."Solar_Data" ("hour","Watts","total") VALUES ($1,$2,$3) RETURNING "public"."Sol -Params: ["2026-08-07 10:55:09.621 UTC",1514,13426] -Duration: 13ms
[07/08/2026 12:56:00] PRISMA: SELECT 1 -Params: [] -Duration: 2ms
[07/08/2026 12:56:00] PRISMA: SELECT "public"."PushNotif"."id", "public"."PushNotif"."createdAt", "public"."PushNotif"."sendAt", " -Params: ["2026-08-07 10:56:00.018 UTC",0] -Duration: 1ms
[07/08/2026 12:56:00] PRISMA: SELECT "public"."PushSubscription"."id", "public"."PushSubscription"."userId", "public"."PushSubscri -Params: [0] -Duration: 0ms
[07/08/2026 12:56:00] PRISMA: DELETE FROM "public"."PushNotif" WHERE ("public"."PushNotif"."id" = $1 AND 1=1) RETURNING "public"." -Params: [10] -Duration: 2ms
[07/08/2026 12:56:00] PRISMA: SELECT "public"."Washing_Program"."id", "public"."Washing_Program"."type", "public"."Washing_Program -Params: ["2026-08-07 10:50:20.550 UTC",0] -Duration: 8ms
[07/08/2026 12:56:00] PRISMA: UPDATE "public"."Washing_Program" SET "finished" = $1 WHERE ("public"."Washing_Program"."id" = $2 AN -Params: [true,42] -Duration: 2ms
[07/08/2026 12:56:00] PRISMA: UPDATE "public"."Washing_Program" SET "finished" = $1 WHERE ("public"."Washing_Program"."id" = $2 AN -Params: [true,31] -Duration: 0ms
[07/08/2026 12:56:00] PRISMA: UPDATE "public"."Washing_Program" SET "finished" = $1 WHERE ("public"."Washing_Program"."id" = $2 AN -Params: [true,32] -Duration: 0ms
[07/08/2026 12:56:00] PRISMA: UPDATE "public"."Washing_Program" SET "finished" = $1 WHERE ("public"."Washing_Program"."id" = $2 AN -Params: [true,33] -Duration: 0ms
[07/08/2026 12:56:00] PRISMA: UPDATE "public"."Washing_Program" SET "finished" = $1 WHERE ("public"."Washing_Program"."id" = $2 AN -Params: [true,34] -Duration: 0ms
[07/08/2026 12:56:00] PRISMA: UPDATE "public"."Washing_Program" SET "finished" = $1 WHERE ("public"."Washing_Program"."id" = $2 AN -Params: [true,35] -Duration: 0ms
[07/08/2026 12:56:00] PRISMA: UPDATE "public"."Washing_Program" SET "finished" = $1 WHERE ("public"."Washing_Program"."id" = $2 AN -Params: [true,36] -Duration: 0ms
[07/08/2026 12:56:00] PRISMA: UPDATE "public"."Washing_Program" SET "finished" = $1 WHERE ("public"."Washing_Program"."id" = $2 AN -Params: [true,37] -Duration: 0ms
[07/08/2026 12:56:00] PRISMA: UPDATE "public"."Washing_Program" SET "finished" = $1 WHERE ("public"."Washing_Program"."id" = $2 AN -Params: [true,38] -Duration: 0ms
[07/08/2026 12:56:00] PRISMA: UPDATE "public"."Washing_Program" SET "finished" = $1 WHERE ("public"."Washing_Program"."id" = $2 AN -Params: [true,39] -Duration: 0ms
[07/08/2026 12:56:00] PRISMA: UPDATE "public"."Washing_Program" SET "finished" = $1 WHERE ("public"."Washing_Program"."id" = $2 AN -Params: [true,41] -Duration: 0ms
[07/08/2026 12:56:00] PRISMA: UPDATE "public"."Washing_Program" SET "finished" = $1 WHERE ("public"."Washing_Program"."id" = $2 AN -Params: [true,40] -Duration: 0ms
[07/08/2026 12:56:00] PRISMA: UPDATE "public"."Washing_Program" SET "finished" = $1 WHERE ("public"."Washing_Program"."id" = $2 AN -Params: [true,1] -Duration: 0ms
[07/08/2026 12:56:00] PRISMA: UPDATE "public"."Washing_Program" SET "finished" = $1 WHERE ("public"."Washing_Program"."id" = $2 AN -Params: [true,2] -Duration: 0ms
[07/08/2026 12:56:00] PRISMA: UPDATE "public"."Washing_Program" SET "finished" = $1 WHERE ("public"."Washing_Program"."id" = $2 AN -Params: [true,3] -Duration: 0ms
[07/08/2026 12:56:00] PRISMA: UPDATE "public"."Washing_Program" SET "finished" = $1 WHERE ("public"."Washing_Program"."id" = $2 AN -Params: [true,4] -Duration: 0ms
[07/08/2026 12:56:00] PRISMA: UPDATE "public"."Washing_Program" SET "finished" = $1 WHERE ("public"."Washing_Program"."id" = $2 AN -Params: [true,5] -Duration: 0ms
[07/08/2026 12:56:00] PRISMA: UPDATE "public"."Washing_Program" SET "finished" = $1 WHERE ("public"."Washing_Program"."id" = $2 AN -Params: [true,6] -Duration: 0ms
[07/08/2026 12:56:00] PRISMA: UPDATE "public"."Washing_Program" SET "finished" = $1 WHERE ("public"."Washing_Program"."id" = $2 AN -Params: [true,7] -Duration: 0ms
[07/08/2026 12:56:00] PRISMA: UPDATE "public"."Washing_Program" SET "finished" = $1 WHERE ("public"."Washing_Program"."id" = $2 AN -Params: [true,8] -Duration: 0ms
[07/08/2026 12:56:00] PRISMA: UPDATE "public"."Washing_Program" SET "finished" = $1 WHERE ("public"."Washing_Program"."id" = $2 AN -Params: [true,9] -Duration: 0ms
[07/08/2026 12:56:00] PRISMA: UPDATE "public"."Washing_Program" SET "finished" = $1 WHERE ("public"."Washing_Program"."id" = $2 AN -Params: [true,10] -Duration: 0ms
[07/08/2026 12:56:00] PRISMA: UPDATE "public"."Washing_Program" SET "finished" = $1 WHERE ("public"."Washing_Program"."id" = $2 AN -Params: [true,11] -Duration: 0ms
[07/08/2026 12:56:00] PRISMA: UPDATE "public"."Washing_Program" SET "finished" = $1 WHERE ("public"."Washing_Program"."id" = $2 AN -Params: [true,12] -Duration: 0ms
[07/08/2026 12:56:00] PRISMA: UPDATE "public"."Washing_Program" SET "finished" = $1 WHERE ("public"."Washing_Program"."id" = $2 AN -Params: [true,13] -Duration: 0ms
[07/08/2026 12:56:00] PRISMA: UPDATE "public"."Washing_Program" SET "finished" = $1 WHERE ("public"."Washing_Program"."id" = $2 AN -Params: [true,14] -Duration: 0ms
[07/08/2026 12:56:00] PRISMA: UPDATE "public"."Washing_Program" SET "finished" = $1 WHERE ("public"."Washing_Program"."id" = $2 AN -Params: [true,15] -Duration: 0ms
[07/08/2026 12:56:00] PRISMA: UPDATE "public"."Washing_Program" SET "finished" = $1 WHERE ("public"."Washing_Program"."id" = $2 AN -Params: [true,16] -Duration: 0ms
[07/08/2026 12:56:00] PRISMA: UPDATE "public"."Washing_Program" SET "finished" = $1 WHERE ("public"."Washing_Program"."id" = $2 AN -Params: [true,17] -Duration: 0ms
[07/08/2026 12:56:00] PRISMA: UPDATE "public"."Washing_Program" SET "finished" = $1 WHERE ("public"."Washing_Program"."id" = $2 AN -Params: [true,18] -Duration: 0ms
[07/08/2026 12:56:00] PRISMA: UPDATE "public"."Washing_Program" SET "finished" = $1 WHERE ("public"."Washing_Program"."id" = $2 AN -Params: [true,19] -Duration: 0ms
[07/08/2026 12:56:00] PRISMA: UPDATE "public"."Washing_Program" SET "finished" = $1 WHERE ("public"."Washing_Program"."id" = $2 AN -Params: [true,20] -Duration: 0ms
[07/08/2026 12:56:00] PRISMA: UPDATE "public"."Washing_Program" SET "finished" = $1 WHERE ("public"."Washing_Program"."id" = $2 AN -Params: [true,21] -Duration: 0ms
[07/08/2026 12:56:00] PRISMA: UPDATE "public"."Washing_Program" SET "finished" = $1 WHERE ("public"."Washing_Program"."id" = $2 AN -Params: [true,22] -Duration: 0ms
[07/08/2026 12:56:00] PRISMA: UPDATE "public"."Washing_Program" SET "finished" = $1 WHERE ("public"."Washing_Program"."id" = $2 AN -Params: [true,23] -Duration: 0ms
[07/08/2026 12:56:00] PRISMA: UPDATE "public"."Washing_Program" SET "finished" = $1 WHERE ("public"."Washing_Program"."id" = $2 AN -Params: [true,24] -Duration: 0ms
[07/08/2026 12:56:00] PRISMA: UPDATE "public"."Washing_Program" SET "finished" = $1 WHERE ("public"."Washing_Program"."id" = $2 AN -Params: [true,25] -Duration: 0ms
[07/08/2026 12:56:00] PRISMA: UPDATE "public"."Washing_Program" SET "finished" = $1 WHERE ("public"."Washing_Program"."id" = $2 AN -Params: [true,26] -Duration: 0ms
[07/08/2026 12:56:00] PRISMA: UPDATE "public"."Washing_Program" SET "finished" = $1 WHERE ("public"."Washing_Program"."id" = $2 AN -Params: [true,27] -Duration: 0ms
[07/08/2026 12:56:00] PRISMA: UPDATE "public"."Washing_Program" SET "finished" = $1 WHERE ("public"."Washing_Program"."id" = $2 AN -Params: [true,28] -Duration: 0ms
[07/08/2026 12:56:00] PRISMA: UPDATE "public"."Washing_Program" SET "finished" = $1 WHERE ("public"."Washing_Program"."id" = $2 AN -Params: [true,29] -Duration: 0ms
[07/08/2026 12:56:00] PRISMA: UPDATE "public"."Washing_Program" SET "finished" = $1 WHERE ("public"."Washing_Program"."id" = $2 AN -Params: [true,30] -Duration: 0ms
[07/08/2026 12:56:00] PRISMA: SELECT "public"."PushNotif"."id", "public"."PushNotif"."createdAt", "public"."PushNotif"."sendAt", " -Params: [0] -Duration: 0ms
[07/08/2026 12:57:10] PRISMA: SELECT 1 -Params: [] -Duration: 5ms
[07/08/2026 12:57:10] PRISMA: SELECT "public"."Weather_Forecast"."id", "public"."Weather_Forecast"."time", "public"."Weather_Forec -Params: ["2026-08-06 22:57:10.323 UTC","2026-08-07 21:57:10.323 UTC",0] -Duration: 8ms
[07/08/2026 12:57:10] PRISMA: SELECT "public"."User"."id" FROM "public"."User" WHERE ("public"."User"."id" = $1 AND 1=1) LIMIT $2  -Params: [1,1,0] -Duration: 1ms
[07/08/2026 12:57:10] PRISMA: SELECT "public"."Solar_Data"."id", "public"."Solar_Data"."hour", "public"."Solar_Data"."Watts", "pub -Params: ["2026-08-06 10:57:10.327 UTC","2026-08-07 10:57:10.327 UTC",0] -Duration: 2ms
[07/08/2026 12:57:10] PRISMA: SELECT "public"."Washing_Program"."id", "public"."Washing_Program"."type", "public"."Washing_Program -Params: [5,0] -Duration: 2ms
[07/08/2026 12:57:10] PRISMA: SELECT "public"."Miele_Token"."id", "public"."Miele_Token"."accessToken", "public"."Miele_Token"."re -Params: [1,0] -Duration: 0ms
[07/08/2026 12:57:10] PRISMA: SELECT "public"."User"."id", "public"."User"."username" FROM "public"."User" WHERE "public"."User"." -Params: [1,0] -Duration: 0ms
[07/08/2026 12:57:10] PRISMA: SELECT "public"."Miele_Token"."id", "public"."Miele_Token"."accessToken", "public"."Miele_Token"."re -Params: [1,1,0] -Duration: 0ms
[07/08/2026 12:57:13] PRISMA: SELECT "public"."Miele_Token"."id", "public"."Miele_Token"."accessToken", "public"."Miele_Token"."re -Params: [1,1,0] -Duration: 4ms
[07/08/2026 12:57:13] PRISMA: SELECT "public"."Miele_Token"."id", "public"."Miele_Token"."accessToken", "public"."Miele_Token"."re -Params: [1,1,0] -Duration: 5ms
[07/08/2026 12:57:15] PRISMA: SELECT "public"."Miele_Token"."id", "public"."Miele_Token"."accessToken", "public"."Miele_Token"."re -Params: [1,1,0] -Duration: 0ms
[07/08/2026 12:57:15] PRISMA: SELECT "public"."Miele_Token"."id", "public"."Miele_Token"."accessToken", "public"."Miele_Token"."re -Params: [1,1,0] -Duration: 0ms
[07/08/2026 12:58:01] PRISMA: SELECT 1 -Params: [] -Duration: 4ms
[07/08/2026 12:58:01] PRISMA: SELECT 1 -Params: [] -Duration: 2ms
[07/08/2026 12:58:01] PRISMA: SELECT "public"."Miele_Token"."id", "public"."Miele_Token"."accessToken", "public"."Miele_Token"."re -Params: [1,1,0] -Duration: 2ms
[07/08/2026 12:58:01] PRISMA: SELECT "public"."Miele_Token"."id", "public"."Miele_Token"."accessToken", "public"."Miele_Token"."re -Params: [1,1,0] -Duration: 2ms
[07/08/2026 13:00:05] PRISMA: SELECT 1 -Params: [] -Duration: 5ms
[07/08/2026 13:00:05] PRISMA: INSERT INTO "public"."Solar_Data" ("hour","Watts","total") VALUES ($1,$2,$3) RETURNING "public"."Sol -Params: ["2026-08-07 11:00:05.383 UTC",1767,13556] -Duration: 16ms
[07/08/2026 13:02:56] PRISMA: SELECT "public"."Miele_Token"."id", "public"."Miele_Token"."accessToken", "public"."Miele_Token"."re -Params: [1,1,0] -Duration: 1ms
[07/08/2026 13:02:56] PRISMA: SELECT "public"."Miele_Token"."id", "public"."Miele_Token"."accessToken", "public"."Miele_Token"."re -Params: [1,1,0] -Duration: 2ms
[07/08/2026 13:02:58] PRISMA: SELECT "public"."Miele_Token"."id", "public"."Miele_Token"."accessToken", "public"."Miele_Token"."re -Params: [1,1,0] -Duration: 0ms
[07/08/2026 13:02:58] PRISMA: SELECT "public"."Miele_Token"."id", "public"."Miele_Token"."accessToken", "public"."Miele_Token"."re -Params: [1,1,0] -Duration: 0ms
[07/08/2026 13:05:02] PRISMA: SELECT 1 -Params: [] -Duration: 4ms
[07/08/2026 13:05:02] PRISMA: INSERT INTO "public"."Solar_Data" ("hour","Watts","total") VALUES ($1,$2,$3) RETURNING "public"."Sol -Params: ["2026-08-07 11:05:02.834 UTC",2140,13719] -Duration: 18ms
[07/08/2026 13:06:35] PRISMA: SELECT 1 -Params: [] -Duration: 3ms
[07/08/2026 13:06:35] PRISMA: SELECT 1 -Params: [] -Duration: 3ms
[07/08/2026 13:06:35] PRISMA: SELECT "public"."Miele_Token"."id", "public"."Miele_Token"."accessToken", "public"."Miele_Token"."re -Params: [1,1,0] -Duration: 0ms
[07/08/2026 13:06:35] PRISMA: SELECT "public"."Miele_Token"."id", "public"."Miele_Token"."accessToken", "public"."Miele_Token"."re -Params: [1,1,0] -Duration: 0ms
[07/08/2026 13:06:56] PRISMA: SELECT 1 -Params: [] -Duration: 1ms
[07/08/2026 13:06:56] PRISMA: SELECT "public"."Miele_Token"."id", "public"."Miele_Token"."accessToken", "public"."Miele_Token"."re -Params: [1,1,0] -Duration: 1ms
[07/08/2026 13:06:56] PRISMA: SELECT "public"."Miele_Token"."id", "public"."Miele_Token"."accessToken", "public"."Miele_Token"."re -Params: [1,1,0] -Duration: 0ms
[07/08/2026 13:06:56] PRISMA: SELECT "public"."Miele_Token"."id", "public"."Miele_Token"."accessToken", "public"."Miele_Token"."re -Params: [1,1,0] -Duration: 0ms
[07/08/2026 13:07:12] PRISMA: SELECT 1 -Params: [] -Duration: 3ms
[07/08/2026 13:07:12] PRISMA: SELECT "public"."Miele_Token"."id", "public"."Miele_Token"."accessToken", "public"."Miele_Token"."re -Params: [1,1,0] -Duration: 2ms
[07/08/2026 13:07:14] PRISMA: SELECT "public"."Miele_Token"."id", "public"."Miele_Token"."accessToken", "public"."Miele_Token"."re -Params: [1,1,0] -Duration: 0ms
[07/08/2026 13:07:14] PRISMA: SELECT "public"."Miele_Token"."id", "public"."Miele_Token"."accessToken", "public"."Miele_Token"."re -Params: [1,1,0] -Duration: 0ms
[07/08/2026 13:10:03] PRISMA: INSERT INTO "public"."Solar_Data" ("hour","Watts","total") VALUES ($1,$2,$3) RETURNING "public"."Sol -Params: ["2026-08-07 11:10:03.480 UTC",2520,13923] -Duration: 32ms
[07/08/2026 13:11:03] PRISMA: SELECT "public"."Weather_Forecast"."id", "public"."Weather_Forecast"."time", "public"."Weather_Forec -Params: ["2026-08-07 00:00:00 UTC",0] -Duration: 4ms
[07/08/2026 13:11:06] PRISMA: SELECT "public"."User"."id", "public"."User"."username", "public"."User"."password_hash", "public"." -Params: ["Parents",1,0] -Duration: 9ms
[07/08/2026 13:11:45] PRISMA: SELECT 1 -Params: [] -Duration: 3ms
[07/08/2026 13:11:45] PRISMA: SELECT "public"."Miele_Token"."id", "public"."Miele_Token"."accessToken", "public"."Miele_Token"."re -Params: [1,1,0] -Duration: 4ms
[07/08/2026 13:11:45] PRISMA: SELECT "public"."Miele_Token"."id", "public"."Miele_Token"."accessToken", "public"."Miele_Token"."re -Params: [1,1,0] -Duration: 2ms
[07/08/2026 13:12:03] PRISMA: SELECT 1 -Params: [] -Duration: 1ms
[07/08/2026 13:12:03] PRISMA: SELECT 1 -Params: [] -Duration: 0ms
[07/08/2026 13:12:03] PRISMA: SELECT "public"."Miele_Token"."id", "public"."Miele_Token"."accessToken", "public"."Miele_Token"."re -Params: [1,1,0] -Duration: 0ms
[07/08/2026 13:12:03] PRISMA: SELECT "public"."Miele_Token"."id", "public"."Miele_Token"."accessToken", "public"."Miele_Token"."re -Params: [1,1,0] -Duration: 0ms
[07/08/2026 13:12:25] PRISMA: SELECT 1 -Params: [] -Duration: 2ms
[07/08/2026 13:12:25] PRISMA: SELECT "public"."Miele_Token"."id", "public"."Miele_Token"."accessToken", "public"."Miele_Token"."re -Params: [1,1,0] -Duration: 1ms
[07/08/2026 13:12:25] PRISMA: SELECT "public"."Miele_Token"."id", "public"."Miele_Token"."accessToken", "public"."Miele_Token"."re -Params: [1,1,0] -Duration: 0ms
[07/08/2026 13:12:25] PRISMA: SELECT "public"."Miele_Token"."id", "public"."Miele_Token"."accessToken", "public"."Miele_Token"."re -Params: [1,1,0] -Duration: 0ms
[07/08/2026 13:13:05] PRISMA: SELECT "public"."Weather_Forecast"."id", "public"."Weather_Forecast"."time", "public"."Weather_Forec -Params: ["2026-08-07 00:00:00 UTC",0] -Duration: 2ms
[07/08/2026 13:13:08] PRISMA: SELECT "public"."User"."id", "public"."User"."username", "public"."User"."password_hash", "public"." -Params: ["Parents",1,0] -Duration: 5ms
[07/08/2026 13:13:08] PRISMA: SELECT "public"."Miele_Token"."id", "public"."Miele_Token"."accessToken", "public"."Miele_Token"."re -Params: [1,1,0] -Duration: 2ms
[07/08/2026 13:13:08] PRISMA: SELECT "public"."Miele_Token"."id", "public"."Miele_Token"."accessToken", "public"."Miele_Token"."re -Params: [1,1,0] -Duration: 0ms
[07/08/2026 13:13:08] PRISMA: SELECT "public"."Miele_Token"."id", "public"."Miele_Token"."accessToken", "public"."Miele_Token"."re -Params: [1,1,0] -Duration: 0ms
[07/08/2026 13:14:36] PRISMA: SELECT "public"."Weather_Forecast"."id", "public"."Weather_Forecast"."time", "public"."Weather_Forec -Params: ["2026-08-07 00:00:00 UTC",0] -Duration: 4ms
[07/08/2026 13:14:43] PRISMA: SELECT "public"."User"."id", "public"."User"."username", "public"."User"."password_hash", "public"." -Params: ["Parents",1,0] -Duration: 6ms
[07/08/2026 13:14:46] PRISMA: SELECT "public"."Miele_Token"."id", "public"."Miele_Token"."accessToken", "public"."Miele_Token"."re -Params: [1,1,0] -Duration: 5ms
[07/08/2026 13:14:46] PRISMA: SELECT "public"."Miele_Token"."id", "public"."Miele_Token"."accessToken", "public"."Miele_Token"."re -Params: [1,1,0] -Duration: 0ms
[07/08/2026 13:14:46] PRISMA: SELECT "public"."Miele_Token"."id", "public"."Miele_Token"."accessToken", "public"."Miele_Token"."re -Params: [1,1,0] -Duration: 0ms
[07/08/2026 13:15:04] PRISMA: SELECT 1 -Params: [] -Duration: 3ms
[07/08/2026 13:15:04] PRISMA: INSERT INTO "public"."Solar_Data" ("hour","Watts","total") VALUES ($1,$2,$3) RETURNING "public"."Sol -Params: ["2026-08-07 11:15:04.981 UTC",2632,14139] -Duration: 9ms
[07/08/2026 13:16:19] PRISMA: SELECT "public"."Weather_Forecast"."id", "public"."Weather_Forecast"."time", "public"."Weather_Forec -Params: ["2026-08-07 00:00:00 UTC",0] -Duration: 2ms
[07/08/2026 13:16:22] PRISMA: SELECT "public"."User"."id", "public"."User"."username", "public"."User"."password_hash", "public"." -Params: ["Parents",1,0] -Duration: 7ms
[07/08/2026 13:16:24] PRISMA: SELECT "public"."Miele_Token"."id", "public"."Miele_Token"."accessToken", "public"."Miele_Token"."re -Params: [1,1,0] -Duration: 5ms
[07/08/2026 13:16:25] PRISMA: SELECT "public"."Miele_Token"."id", "public"."Miele_Token"."accessToken", "public"."Miele_Token"."re -Params: [1,1,0] -Duration: 1ms
[07/08/2026 13:16:25] PRISMA: SELECT "public"."Miele_Token"."id", "public"."Miele_Token"."accessToken", "public"."Miele_Token"."re -Params: [1,1,0] -Duration: 0ms
[07/08/2026 13:16:38] PRISMA: SELECT 1 -Params: [] -Duration: 2ms
[07/08/2026 13:16:38] PRISMA: SELECT "public"."Weather_Forecast"."id", "public"."Weather_Forecast"."time", "public"."Weather_Forec -Params: ["2026-08-06 23:16:38.406 UTC","2026-08-07 22:16:38.406 UTC",0] -Duration: 8ms
[07/08/2026 13:16:38] PRISMA: SELECT "public"."User"."id" FROM "public"."User" WHERE ("public"."User"."id" = $1 AND 1=1) LIMIT $2  -Params: [1,1,0] -Duration: 13ms
[07/08/2026 13:16:38] PRISMA: SELECT "public"."Miele_Token"."id", "public"."Miele_Token"."accessToken", "public"."Miele_Token"."re -Params: [1,0] -Duration: 0ms
[07/08/2026 13:16:38] PRISMA: SELECT "public"."Solar_Data"."id", "public"."Solar_Data"."hour", "public"."Solar_Data"."Watts", "pub -Params: ["2026-08-06 11:16:38.414 UTC","2026-08-07 11:16:38.414 UTC",0] -Duration: 7ms
[07/08/2026 13:16:38] PRISMA: SELECT "public"."Washing_Program"."id", "public"."Washing_Program"."type", "public"."Washing_Program -Params: [5,0] -Duration: 3ms
[07/08/2026 13:16:38] PRISMA: SELECT "public"."User"."id", "public"."User"."username" FROM "public"."User" WHERE "public"."User"." -Params: [1,0] -Duration: 1ms
[07/08/2026 13:16:38] PRISMA: SELECT "public"."Miele_Token"."id", "public"."Miele_Token"."accessToken", "public"."Miele_Token"."re -Params: [1,1,0] -Duration: 1ms
[07/08/2026 13:16:40] PRISMA: SELECT "public"."Miele_Token"."id", "public"."Miele_Token"."accessToken", "public"."Miele_Token"."re -Params: [1,1,0] -Duration: 1ms
[07/08/2026 13:16:40] PRISMA: SELECT "public"."Miele_Token"."id", "public"."Miele_Token"."accessToken", "public"."Miele_Token"."re -Params: [1,1,0] -Duration: 1ms
[07/08/2026 13:16:47] PRISMA: SELECT "public"."Miele_Token"."id", "public"."Miele_Token"."accessToken", "public"."Miele_Token"."re -Params: [1,1,0] -Duration: 5ms
[07/08/2026 13:16:47] PRISMA: SELECT "public"."Miele_Token"."id", "public"."Miele_Token"."accessToken", "public"."Miele_Token"."re -Params: [1,1,0] -Duration: 1ms
[07/08/2026 13:16:47] PRISMA: SELECT "public"."Miele_Token"."id", "public"."Miele_Token"."accessToken", "public"."Miele_Token"."re -Params: [1,1,0] -Duration: 0ms
[07/08/2026 13:17:48] PRISMA: SELECT "public"."Weather_Forecast"."id", "public"."Weather_Forecast"."time", "public"."Weather_Forec -Params: ["2026-08-07 00:00:00 UTC",0] -Duration: 2ms
[07/08/2026 13:17:51] PRISMA: SELECT "public"."User"."id", "public"."User"."username", "public"."User"."password_hash", "public"." -Params: ["Parents",1,0] -Duration: 8ms
[07/08/2026 13:18:07] PRISMA: SELECT "public"."Weather_Forecast"."id", "public"."Weather_Forecast"."time", "public"."Weather_Forec -Params: ["2026-08-07 00:00:00 UTC",0] -Duration: 2ms
[07/08/2026 13:18:10] PRISMA: SELECT "public"."User"."id", "public"."User"."username", "public"."User"."password_hash", "public"." -Params: ["Parents",1,0] -Duration: 4ms
[07/08/2026 13:18:14] PRISMA: SELECT "public"."Weather_Forecast"."id", "public"."Weather_Forecast"."time", "public"."Weather_Forec -Params: ["2026-08-06 23:18:14.607 UTC","2026-08-07 22:18:14.607 UTC",0] -Duration: 11ms
[07/08/2026 13:18:14] PRISMA: SELECT "public"."User"."id" FROM "public"."User" WHERE ("public"."User"."id" = $1 AND 1=1) LIMIT $2  -Params: [1,1,0] -Duration: 2ms
[07/08/2026 13:18:14] PRISMA: SELECT "public"."Miele_Token"."id", "public"."Miele_Token"."accessToken", "public"."Miele_Token"."re -Params: [1,0] -Duration: 3ms
[07/08/2026 13:18:14] PRISMA: SELECT "public"."Solar_Data"."id", "public"."Solar_Data"."hour", "public"."Solar_Data"."Watts", "pub -Params: ["2026-08-06 11:18:14.614 UTC","2026-08-07 11:18:14.614 UTC",0] -Duration: 5ms
[07/08/2026 13:18:14] PRISMA: SELECT "public"."Washing_Program"."id", "public"."Washing_Program"."type", "public"."Washing_Program -Params: [5,0] -Duration: 5ms
[07/08/2026 13:18:14] PRISMA: SELECT "public"."User"."id", "public"."User"."username" FROM "public"."User" WHERE "public"."User"." -Params: [1,0] -Duration: 1ms
[07/08/2026 13:18:14] PRISMA: SELECT "public"."Miele_Token"."id", "public"."Miele_Token"."accessToken", "public"."Miele_Token"."re -Params: [1,1,0] -Duration: 1ms
[07/08/2026 13:18:16] PRISMA: SELECT "public"."Miele_Token"."id", "public"."Miele_Token"."accessToken", "public"."Miele_Token"."re -Params: [1,1,0] -Duration: 1ms
[07/08/2026 13:18:16] PRISMA: SELECT "public"."Miele_Token"."id", "public"."Miele_Token"."accessToken", "public"."Miele_Token"."re -Params: [1,1,0] -Duration: 0ms
[07/08/2026 13:18:20] PRISMA: SELECT "public"."Miele_Token"."id", "public"."Miele_Token"."accessToken", "public"."Miele_Token"."re -Params: [1,1,0] -Duration: 1ms
[07/08/2026 13:18:20] PRISMA: SELECT "public"."Miele_Token"."id", "public"."Miele_Token"."accessToken", "public"."Miele_Token"."re -Params: [1,1,0] -Duration: 0ms
[07/08/2026 13:18:20] PRISMA: SELECT "public"."Miele_Token"."id", "public"."Miele_Token"."accessToken", "public"."Miele_Token"."re -Params: [1,1,0] -Duration: 0ms
[07/08/2026 13:19:29] PRISMA: SELECT 1 -Params: [] -Duration: 3ms
[07/08/2026 13:19:29] PRISMA: SELECT "public"."Miele_Token"."id", "public"."Miele_Token"."accessToken", "public"."Miele_Token"."re -Params: [1,1,0] -Duration: 2ms
[07/08/2026 13:19:29] PRISMA: SELECT "public"."Miele_Token"."id", "public"."Miele_Token"."accessToken", "public"."Miele_Token"."re -Params: [1,1,0] -Duration: 3ms
[07/08/2026 13:19:29] PRISMA: SELECT "public"."Miele_Token"."id", "public"."Miele_Token"."accessToken", "public"."Miele_Token"."re -Params: [1,1,0] -Duration: 0ms
[07/08/2026 13:20:07] PRISMA: SELECT 1 -Params: [] -Duration: 10ms
[07/08/2026 13:20:07] PRISMA: INSERT INTO "public"."Solar_Data" ("hour","Watts","total") VALUES ($1,$2,$3) RETURNING "public"."Sol -Params: ["2026-08-07 11:20:07.898 UTC",2320,14336] -Duration: 15ms
[07/08/2026 13:21:06] PRISMA: SELECT "public"."Weather_Forecast"."id", "public"."Weather_Forecast"."time", "public"."Weather_Forec -Params: ["2026-08-07 00:00:00 UTC",0] -Duration: 3ms
[07/08/2026 13:21:09] PRISMA: SELECT "public"."User"."id", "public"."User"."username", "public"."User"."password_hash", "public"." -Params: ["Parents",1,0] -Duration: 7ms
[07/08/2026 13:21:09] PRISMA: SELECT "public"."Miele_Token"."id", "public"."Miele_Token"."accessToken", "public"."Miele_Token"."re -Params: [1,1,0] -Duration: 5ms
[07/08/2026 13:21:10] PRISMA: SELECT "public"."Miele_Token"."id", "public"."Miele_Token"."accessToken", "public"."Miele_Token"."re -Params: [1,1,0] -Duration: 1ms
[07/08/2026 13:21:10] PRISMA: SELECT "public"."Miele_Token"."id", "public"."Miele_Token"."accessToken", "public"."Miele_Token"."re -Params: [1,1,0] -Duration: 0ms
[07/08/2026 13:21:54] PRISMA: SELECT "public"."Weather_Forecast"."id", "public"."Weather_Forecast"."time", "public"."Weather_Forec -Params: ["2026-08-07 00:00:00 UTC",0] -Duration: 2ms
[07/08/2026 13:21:57] PRISMA: SELECT "public"."User"."id", "public"."User"."username", "public"."User"."password_hash", "public"." -Params: ["Parents",1,0] -Duration: 6ms
[07/08/2026 13:21:57] PRISMA: SELECT "public"."Miele_Token"."id", "public"."Miele_Token"."accessToken", "public"."Miele_Token"."re -Params: [1,1,0] -Duration: 5ms
[07/08/2026 13:21:58] PRISMA: SELECT "public"."Miele_Token"."id", "public"."Miele_Token"."accessToken", "public"."Miele_Token"."re -Params: [1,1,0] -Duration: 0ms
[07/08/2026 13:21:58] PRISMA: SELECT "public"."Miele_Token"."id", "public"."Miele_Token"."accessToken", "public"."Miele_Token"."re -Params: [1,1,0] -Duration: 0ms
[07/08/2026 13:22:26] PRISMA: SELECT "public"."Weather_Forecast"."id", "public"."Weather_Forecast"."time", "public"."Weather_Forec -Params: ["2026-08-07 00:00:00 UTC",0] -Duration: 4ms
[07/08/2026 13:22:29] PRISMA: SELECT "public"."User"."id", "public"."User"."username", "public"."User"."password_hash", "public"." -Params: ["Parents",1,0] -Duration: 3ms
[07/08/2026 13:23:02] PRISMA: SELECT "public"."Weather_Forecast"."id", "public"."Weather_Forecast"."time", "public"."Weather_Forec -Params: ["2026-08-07 00:00:00 UTC",0] -Duration: 2ms
[07/08/2026 13:23:04] PRISMA: SELECT "public"."User"."id", "public"."User"."username", "public"."User"."password_hash", "public"." -Params: ["Parents",1,0] -Duration: 7ms
[07/08/2026 13:23:11] PRISMA: SELECT "public"."Weather_Forecast"."id", "public"."Weather_Forecast"."time", "public"."Weather_Forec -Params: ["2026-08-07 00:00:00 UTC",0] -Duration: 2ms
[07/08/2026 13:23:14] PRISMA: SELECT "public"."User"."id", "public"."User"."username", "public"."User"."password_hash", "public"." -Params: ["Parents",1,0] -Duration: 3ms
[07/08/2026 13:24:40] PRISMA: SELECT 1 -Params: [] -Duration: 6ms
[07/08/2026 13:24:40] PRISMA: SELECT "public"."Miele_Token"."id", "public"."Miele_Token"."accessToken", "public"."Miele_Token"."re -Params: [1,1,0] -Duration: 4ms
[07/08/2026 13:24:40] PRISMA: SELECT "public"."Miele_Token"."id", "public"."Miele_Token"."accessToken", "public"."Miele_Token"."re -Params: [1,1,0] -Duration: 0ms
[07/08/2026 13:24:40] PRISMA: SELECT "public"."Miele_Token"."id", "public"."Miele_Token"."accessToken", "public"."Miele_Token"."re -Params: [1,1,0] -Duration: 1ms
[07/08/2026 13:25:06] PRISMA: SELECT 1 -Params: [] -Duration: 3ms
[07/08/2026 13:25:06] PRISMA: INSERT INTO "public"."Solar_Data" ("hour","Watts","total") VALUES ($1,$2,$3) RETURNING "public"."Sol -Params: ["2026-08-07 11:25:06.150 UTC",2670,14543] -Duration: 11ms
[07/08/2026 13:30:03] PRISMA: INSERT INTO "public"."Solar_Data" ("hour","Watts","total") VALUES ($1,$2,$3) RETURNING "public"."Sol -Params: ["2026-08-07 11:30:03.955 UTC",3120,14743] -Duration: 5ms
[07/08/2026 13:32:46] PRISMA: SELECT 1 -Params: [] -Duration: 3ms
[07/08/2026 13:32:46] PRISMA: SELECT "public"."Washing_Program"."id", "public"."Washing_Program"."type", "public"."Washing_Program -Params: [5,0] -Duration: 18ms
[07/08/2026 13:32:46] PRISMA: SELECT "public"."User"."id", "public"."User"."username" FROM "public"."User" WHERE "public"."User"." -Params: [1,0] -Duration: 7ms
[07/08/2026 13:32:46] PRISMA: SELECT "public"."Weather_Forecast"."id", "public"."Weather_Forecast"."time", "public"."Weather_Forec -Params: ["2026-08-06 23:32:46.884 UTC","2026-08-07 22:32:46.884 UTC",0] -Duration: 3ms
[07/08/2026 13:32:46] PRISMA: SELECT "public"."Solar_Data"."id", "public"."Solar_Data"."hour", "public"."Solar_Data"."Watts", "pub -Params: ["2026-08-06 11:32:46.879 UTC","2026-08-07 11:32:46.879 UTC",0] -Duration: 4ms
[07/08/2026 13:32:46] PRISMA: SELECT "public"."User"."id" FROM "public"."User" WHERE ("public"."User"."id" = $1 AND 1=1) LIMIT $2  -Params: [1,1,0] -Duration: 3ms
[07/08/2026 13:32:46] PRISMA: SELECT "public"."Miele_Token"."id", "public"."Miele_Token"."accessToken", "public"."Miele_Token"."re -Params: [1,0] -Duration: 1ms
[07/08/2026 13:32:47] PRISMA: SELECT "public"."Miele_Token"."id", "public"."Miele_Token"."accessToken", "public"."Miele_Token"."re -Params: [1,1,0] -Duration: 0ms
[07/08/2026 13:35:04] PRISMA: SELECT 1 -Params: [] -Duration: 3ms
[07/08/2026 13:35:04] PRISMA: INSERT INTO "public"."Solar_Data" ("hour","Watts","total") VALUES ($1,$2,$3) RETURNING "public"."Sol -Params: ["2026-08-07 11:35:04.521 UTC",4592,15127] -Duration: 15ms
[07/08/2026 13:37:18] PRISMA: SELECT 1 -Params: [] -Duration: 2ms
[07/08/2026 13:37:18] PRISMA: SELECT 1 -Params: [] -Duration: 8ms
[07/08/2026 13:37:18] PRISMA: SELECT 1 -Params: [] -Duration: 1ms
[07/08/2026 13:37:18] PRISMA: SELECT "public"."Washing_Program"."id", "public"."Washing_Program"."type", "public"."Washing_Program -Params: [5,0] -Duration: 6ms
[07/08/2026 13:37:18] PRISMA: SELECT "public"."Weather_Forecast"."id", "public"."Weather_Forecast"."time", "public"."Weather_Forec -Params: ["2026-08-06 23:37:18.770 UTC","2026-08-07 22:37:18.770 UTC",0] -Duration: 8ms
[07/08/2026 13:37:18] PRISMA: SELECT "public"."Solar_Data"."id", "public"."Solar_Data"."hour", "public"."Solar_Data"."Watts", "pub -Params: ["2026-08-06 11:37:18.762 UTC","2026-08-07 11:37:18.762 UTC",0] -Duration: 8ms
[07/08/2026 13:37:18] PRISMA: SELECT "public"."User"."id", "public"."User"."username" FROM "public"."User" WHERE "public"."User"." -Params: [1,0] -Duration: 3ms
[07/08/2026 13:37:18] PRISMA: SELECT "public"."User"."id" FROM "public"."User" WHERE ("public"."User"."id" = $1 AND 1=1) LIMIT $2  -Params: [1,1,0] -Duration: 2ms
[07/08/2026 13:37:18] PRISMA: SELECT "public"."Miele_Token"."id", "public"."Miele_Token"."accessToken", "public"."Miele_Token"."re -Params: [1,0] -Duration: 4ms
[07/08/2026 13:37:18] PRISMA: SELECT "public"."Miele_Token"."id", "public"."Miele_Token"."accessToken", "public"."Miele_Token"."re -Params: [1,1,0] -Duration: 0ms
[07/08/2026 13:40:03] PRISMA: INSERT INTO "public"."Solar_Data" ("hour","Watts","total") VALUES ($1,$2,$3) RETURNING "public"."Sol -Params: ["2026-08-07 11:40:03.196 UTC",4621,15483] -Duration: 15ms
[07/08/2026 13:44:46] PRISMA: SELECT 1 -Params: [] -Duration: 7ms
[07/08/2026 13:44:46] PRISMA: SELECT "public"."User"."id" FROM "public"."User" WHERE ("public"."User"."id" = $1 AND 1=1) LIMIT $2  -Params: [1,1,0] -Duration: 22ms
[07/08/2026 13:44:46] PRISMA: SELECT "public"."Miele_Token"."id", "public"."Miele_Token"."accessToken", "public"."Miele_Token"."re -Params: [1,0] -Duration: 6ms
[07/08/2026 13:44:46] PRISMA: SELECT "public"."Miele_Token"."id", "public"."Miele_Token"."accessToken", "public"."Miele_Token"."re -Params: [1,1,0] -Duration: 0ms
[07/08/2026 13:44:46] PRISMA: SELECT "public"."Washing_Program"."id", "public"."Washing_Program"."type", "public"."Washing_Program -Params: [5,0] -Duration: 3ms
[07/08/2026 13:44:46] PRISMA: SELECT "public"."Weather_Forecast"."id", "public"."Weather_Forecast"."time", "public"."Weather_Forec -Params: ["2026-08-06 23:44:46.771 UTC","2026-08-07 22:44:46.771 UTC",0] -Duration: 4ms
[07/08/2026 13:44:46] PRISMA: SELECT "public"."User"."id", "public"."User"."username" FROM "public"."User" WHERE "public"."User"." -Params: [1,0] -Duration: 0ms
[07/08/2026 13:44:46] PRISMA: SELECT "public"."Solar_Data"."id", "public"."Solar_Data"."hour", "public"."Solar_Data"."Watts", "pub -Params: ["2026-08-06 11:44:46.765 UTC","2026-08-07 11:44:46.765 UTC",0] -Duration: 4ms
[07/08/2026 13:45:03] PRISMA: SELECT 1 -Params: [] -Duration: 2ms
[07/08/2026 13:45:03] PRISMA: INSERT INTO "public"."Solar_Data" ("hour","Watts","total") VALUES ($1,$2,$3) RETURNING "public"."Sol -Params: ["2026-08-07 11:45:03.889 UTC",3105,15821] -Duration: 4ms
[07/08/2026 13:45:56] PRISMA: SELECT 1 -Params: [] -Duration: 6ms
[07/08/2026 13:45:56] PRISMA: SELECT 1 -Params: [] -Duration: 10ms
[07/08/2026 13:45:56] PRISMA: SELECT 1 -Params: [] -Duration: 5ms
[07/08/2026 13:45:56] PRISMA: SELECT "public"."Weather_Forecast"."id", "public"."Weather_Forecast"."time", "public"."Weather_Forec -Params: ["2026-08-06 23:45:56.630 UTC","2026-08-07 22:45:56.630 UTC",0] -Duration: 4ms
[07/08/2026 13:45:56] PRISMA: SELECT "public"."Washing_Program"."id", "public"."Washing_Program"."type", "public"."Washing_Program -Params: [5,0] -Duration: 16ms
[07/08/2026 13:45:56] PRISMA: SELECT "public"."Solar_Data"."id", "public"."Solar_Data"."hour", "public"."Solar_Data"."Watts", "pub -Params: ["2026-08-06 11:45:56.623 UTC","2026-08-07 11:45:56.623 UTC",0] -Duration: 18ms
[07/08/2026 13:45:56] PRISMA: SELECT "public"."User"."id", "public"."User"."username" FROM "public"."User" WHERE "public"."User"." -Params: [1,0] -Duration: 11ms
[07/08/2026 13:45:56] PRISMA: SELECT "public"."User"."id" FROM "public"."User" WHERE ("public"."User"."id" = $1 AND 1=1) LIMIT $2  -Params: [1,1,0] -Duration: 7ms
[07/08/2026 13:45:56] PRISMA: SELECT "public"."Miele_Token"."id", "public"."Miele_Token"."accessToken", "public"."Miele_Token"."re -Params: [1,0] -Duration: 1ms
[07/08/2026 13:45:56] PRISMA: SELECT "public"."Miele_Token"."id", "public"."Miele_Token"."accessToken", "public"."Miele_Token"."re -Params: [1,1,0] -Duration: 0ms
[07/08/2026 13:55:01] PRISMA: SELECT 1 -Params: [] -Duration: 1ms
[07/08/2026 13:55:01] PRISMA: SELECT "public"."Washing_Program"."id", "public"."Washing_Program"."type", "public"."Washing_Program -Params: [5,0] -Duration: 11ms
[07/08/2026 13:55:01] PRISMA: SELECT "public"."User"."id", "public"."User"."username" FROM "public"."User" WHERE "public"."User"." -Params: [1,0] -Duration: 1ms
[07/08/2026 13:55:01] PRISMA: SELECT "public"."Weather_Forecast"."id", "public"."Weather_Forecast"."time", "public"."Weather_Forec -Params: ["2026-08-06 23:55:01.853 UTC","2026-08-07 22:55:01.853 UTC",0] -Duration: 2ms
[07/08/2026 13:55:01] PRISMA: SELECT "public"."User"."id" FROM "public"."User" WHERE ("public"."User"."id" = $1 AND 1=1) LIMIT $2  -Params: [1,1,0] -Duration: 1ms
[07/08/2026 13:55:01] PRISMA: SELECT "public"."Solar_Data"."id", "public"."Solar_Data"."hour", "public"."Solar_Data"."Watts", "pub -Params: ["2026-08-06 11:55:01.851 UTC","2026-08-07 11:55:01.851 UTC",0] -Duration: 2ms
[07/08/2026 13:55:01] PRISMA: SELECT "public"."Miele_Token"."id", "public"."Miele_Token"."accessToken", "public"."Miele_Token"."re -Params: [1,0] -Duration: 1ms
[07/08/2026 13:55:01] PRISMA: SELECT "public"."Miele_Token"."id", "public"."Miele_Token"."accessToken", "public"."Miele_Token"."re -Params: [1,1,0] -Duration: 0ms
[07/08/2026 13:55:05] PRISMA: INSERT INTO "public"."Solar_Data" ("hour","Watts","total") VALUES ($1,$2,$3) RETURNING "public"."Sol -Params: ["2026-08-07 11:55:05.715 UTC",3943,16495] -Duration: 12ms
[07/08/2026 13:58:16] PRISMA: SELECT 1 -Params: [] -Duration: 4ms
[07/08/2026 13:58:16] PRISMA: SELECT 1 -Params: [] -Duration: 6ms
[07/08/2026 13:58:16] PRISMA: SELECT "public"."Miele_Token"."id", "public"."Miele_Token"."accessToken", "public"."Miele_Token"."re -Params: [1,1,0] -Duration: 3ms
[07/08/2026 13:58:16] PRISMA: SELECT "public"."Miele_Token"."id", "public"."Miele_Token"."accessToken", "public"."Miele_Token"."re -Params: [1,1,0] -Duration: 5ms
[07/08/2026 13:59:00] PRISMA: SELECT 1 -Params: [] -Duration: 4ms
[07/08/2026 13:59:00] PRISMA: SELECT "public"."Miele_Token"."id", "public"."Miele_Token"."accessToken", "public"."Miele_Token"."re -Params: [1,1,0] -Duration: 1ms
[07/08/2026 13:59:02] PRISMA: SELECT 1 -Params: [] -Duration: 2ms
[07/08/2026 13:59:02] PRISMA: INSERT INTO "public"."PushNotif" ("createdAt","sendAt","type") VALUES ($1,$2,$3) RETURNING "public". -Params: ["2026-08-07 11:59:02.600 UTC","2026-08-07 12:04:02.600 UTC",1] -Duration: 9ms
[07/08/2026 13:59:02] PRISMA: INSERT INTO "public"."Washing_Program" ("type","time","finished","authorId") VALUES ($1,$2,$3,$4) RE -Params: ["Express 20","2026-08-07 11:59:02.600 UTC",false,1] -Duration: 17ms
[07/08/2026 13:59:02] PRISMA: SELECT "public"."Miele_Token"."id", "public"."Miele_Token"."accessToken", "public"."Miele_Token"."re -Params: [1,1,0] -Duration: 0ms
[07/08/2026 13:59:02] PRISMA: SELECT "public"."Miele_Token"."id", "public"."Miele_Token"."accessToken", "public"."Miele_Token"."re -Params: [1,1,0] -Duration: 0ms
[07/08/2026 14:00:00] PRISMA: SELECT 1 -Params: [] -Duration: 2ms
[07/08/2026 14:00:00] PRISMA: SELECT "public"."PushNotif"."id", "public"."PushNotif"."createdAt", "public"."PushNotif"."sendAt", " -Params: ["2026-08-07 12:00:00.087 UTC",0] -Duration: 5ms
[07/08/2026 14:00:00] PRISMA: SELECT "public"."PushNotif"."id", "public"."PushNotif"."createdAt", "public"."PushNotif"."sendAt", " -Params: [0] -Duration: 0ms
[07/08/2026 14:00:00] PRISMA: INSERT INTO "public"."Solar_Data" ("hour","Watts","total") VALUES ($1,$2,$3) RETURNING "public"."Sol -Params: ["2026-08-07 12:00:00.894 UTC",4953,16881] -Duration: 7ms
[07/08/2026 14:01:00] PRISMA: SELECT "public"."PushNotif"."id", "public"."PushNotif"."createdAt", "public"."PushNotif"."sendAt", " -Params: ["2026-08-07 12:01:00.059 UTC",0] -Duration: 3ms
[07/08/2026 14:01:00] PRISMA: SELECT "public"."PushNotif"."id", "public"."PushNotif"."createdAt", "public"."PushNotif"."sendAt", " -Params: [0] -Duration: 0ms
[07/08/2026 14:02:00] PRISMA: SELECT 1 -Params: [] -Duration: 8ms
[07/08/2026 14:02:00] PRISMA: SELECT "public"."PushNotif"."id", "public"."PushNotif"."createdAt", "public"."PushNotif"."sendAt", " -Params: ["2026-08-07 12:02:00.063 UTC",0] -Duration: 1ms
[07/08/2026 14:02:00] PRISMA: SELECT "public"."PushNotif"."id", "public"."PushNotif"."createdAt", "public"."PushNotif"."sendAt", " -Params: [0] -Duration: 0ms
[07/08/2026 14:03:00] PRISMA: SELECT 1 -Params: [] -Duration: 3ms
[07/08/2026 14:03:00] PRISMA: SELECT "public"."PushNotif"."id", "public"."PushNotif"."createdAt", "public"."PushNotif"."sendAt", " -Params: ["2026-08-07 12:03:00.064 UTC",0] -Duration: 1ms
[07/08/2026 14:03:00] PRISMA: SELECT "public"."PushNotif"."id", "public"."PushNotif"."createdAt", "public"."PushNotif"."sendAt", " -Params: [0] -Duration: 0ms
[07/08/2026 14:04:00] PRISMA: SELECT 1 -Params: [] -Duration: 6ms
[07/08/2026 14:04:00] PRISMA: SELECT "public"."PushNotif"."id", "public"."PushNotif"."createdAt", "public"."PushNotif"."sendAt", " -Params: ["2026-08-07 12:04:00.057 UTC",0] -Duration: 1ms
[07/08/2026 14:04:00] PRISMA: SELECT "public"."PushNotif"."id", "public"."PushNotif"."createdAt", "public"."PushNotif"."sendAt", " -Params: [0] -Duration: 0ms
[07/08/2026 14:05:00] PRISMA: SELECT 1 -Params: [] -Duration: 1ms
[07/08/2026 14:05:00] PRISMA: SELECT "public"."PushNotif"."id", "public"."PushNotif"."createdAt", "public"."PushNotif"."sendAt", " -Params: ["2026-08-07 12:05:00.070 UTC",0] -Duration: 1ms
[07/08/2026 14:05:00] PRISMA: SELECT "public"."PushSubscription"."id", "public"."PushSubscription"."userId", "public"."PushSubscri -Params: [0] -Duration: 4ms
[07/08/2026 14:05:00] PRISMA: DELETE FROM "public"."PushNotif" WHERE ("public"."PushNotif"."id" = $1 AND 1=1) RETURNING "public"." -Params: [11] -Duration: 5ms
[07/08/2026 14:05:00] PRISMA: SELECT "public"."Washing_Program"."id", "public"."Washing_Program"."type", "public"."Washing_Program -Params: ["2026-08-07 11:59:02.600 UTC",0] -Duration: 3ms
[07/08/2026 14:05:00] PRISMA: UPDATE "public"."Washing_Program" SET "finished" = $1 WHERE ("public"."Washing_Program"."id" = $2 AN -Params: [true,8] -Duration: 2ms
[07/08/2026 14:05:00] PRISMA: UPDATE "public"."Washing_Program" SET "finished" = $1 WHERE ("public"."Washing_Program"."id" = $2 AN -Params: [true,9] -Duration: 0ms
[07/08/2026 14:05:00] PRISMA: UPDATE "public"."Washing_Program" SET "finished" = $1 WHERE ("public"."Washing_Program"."id" = $2 AN -Params: [true,10] -Duration: 1ms
[07/08/2026 14:05:00] PRISMA: UPDATE "public"."Washing_Program" SET "finished" = $1 WHERE ("public"."Washing_Program"."id" = $2 AN -Params: [true,11] -Duration: 0ms
[07/08/2026 14:05:00] PRISMA: UPDATE "public"."Washing_Program" SET "finished" = $1 WHERE ("public"."Washing_Program"."id" = $2 AN -Params: [true,12] -Duration: 0ms
[07/08/2026 14:05:00] PRISMA: UPDATE "public"."Washing_Program" SET "finished" = $1 WHERE ("public"."Washing_Program"."id" = $2 AN -Params: [true,13] -Duration: 4ms
[07/08/2026 14:05:00] PRISMA: UPDATE "public"."Washing_Program" SET "finished" = $1 WHERE ("public"."Washing_Program"."id" = $2 AN -Params: [true,14] -Duration: 0ms
[07/08/2026 14:05:00] PRISMA: UPDATE "public"."Washing_Program" SET "finished" = $1 WHERE ("public"."Washing_Program"."id" = $2 AN -Params: [true,15] -Duration: 0ms
[07/08/2026 14:05:00] PRISMA: UPDATE "public"."Washing_Program" SET "finished" = $1 WHERE ("public"."Washing_Program"."id" = $2 AN -Params: [true,16] -Duration: 0ms
[07/08/2026 14:05:00] PRISMA: UPDATE "public"."Washing_Program" SET "finished" = $1 WHERE ("public"."Washing_Program"."id" = $2 AN -Params: [true,17] -Duration: 0ms
[07/08/2026 14:05:00] PRISMA: UPDATE "public"."Washing_Program" SET "finished" = $1 WHERE ("public"."Washing_Program"."id" = $2 AN -Params: [true,18] -Duration: 0ms
[07/08/2026 14:05:00] PRISMA: UPDATE "public"."Washing_Program" SET "finished" = $1 WHERE ("public"."Washing_Program"."id" = $2 AN -Params: [true,19] -Duration: 0ms
[07/08/2026 14:05:00] PRISMA: UPDATE "public"."Washing_Program" SET "finished" = $1 WHERE ("public"."Washing_Program"."id" = $2 AN -Params: [true,20] -Duration: 0ms
[07/08/2026 14:05:00] PRISMA: UPDATE "public"."Washing_Program" SET "finished" = $1 WHERE ("public"."Washing_Program"."id" = $2 AN -Params: [true,21] -Duration: 0ms
[07/08/2026 14:05:00] PRISMA: UPDATE "public"."Washing_Program" SET "finished" = $1 WHERE ("public"."Washing_Program"."id" = $2 AN -Params: [true,22] -Duration: 0ms
[07/08/2026 14:05:00] PRISMA: UPDATE "public"."Washing_Program" SET "finished" = $1 WHERE ("public"."Washing_Program"."id" = $2 AN -Params: [true,23] -Duration: 0ms
[07/08/2026 14:05:00] PRISMA: UPDATE "public"."Washing_Program" SET "finished" = $1 WHERE ("public"."Washing_Program"."id" = $2 AN -Params: [true,24] -Duration: 0ms
[07/08/2026 14:05:00] PRISMA: UPDATE "public"."Washing_Program" SET "finished" = $1 WHERE ("public"."Washing_Program"."id" = $2 AN -Params: [true,25] -Duration: 0ms
[07/08/2026 14:05:00] PRISMA: UPDATE "public"."Washing_Program" SET "finished" = $1 WHERE ("public"."Washing_Program"."id" = $2 AN -Params: [true,26] -Duration: 0ms
[07/08/2026 14:05:00] PRISMA: UPDATE "public"."Washing_Program" SET "finished" = $1 WHERE ("public"."Washing_Program"."id" = $2 AN -Params: [true,27] -Duration: 0ms
[07/08/2026 14:05:00] PRISMA: UPDATE "public"."Washing_Program" SET "finished" = $1 WHERE ("public"."Washing_Program"."id" = $2 AN -Params: [true,28] -Duration: 0ms
[07/08/2026 14:05:00] PRISMA: UPDATE "public"."Washing_Program" SET "finished" = $1 WHERE ("public"."Washing_Program"."id" = $2 AN -Params: [true,29] -Duration: 0ms
[07/08/2026 14:05:00] PRISMA: UPDATE "public"."Washing_Program" SET "finished" = $1 WHERE ("public"."Washing_Program"."id" = $2 AN -Params: [true,30] -Duration: 0ms
[07/08/2026 14:05:00] PRISMA: UPDATE "public"."Washing_Program" SET "finished" = $1 WHERE ("public"."Washing_Program"."id" = $2 AN -Params: [true,43] -Duration: 0ms
[07/08/2026 14:05:00] PRISMA: UPDATE "public"."Washing_Program" SET "finished" = $1 WHERE ("public"."Washing_Program"."id" = $2 AN -Params: [true,42] -Duration: 0ms
[07/08/2026 14:05:00] PRISMA: UPDATE "public"."Washing_Program" SET "finished" = $1 WHERE ("public"."Washing_Program"."id" = $2 AN -Params: [true,31] -Duration: 0ms
[07/08/2026 14:05:00] PRISMA: UPDATE "public"."Washing_Program" SET "finished" = $1 WHERE ("public"."Washing_Program"."id" = $2 AN -Params: [true,32] -Duration: 0ms
[07/08/2026 14:05:00] PRISMA: UPDATE "public"."Washing_Program" SET "finished" = $1 WHERE ("public"."Washing_Program"."id" = $2 AN -Params: [true,33] -Duration: 0ms
[07/08/2026 14:05:00] PRISMA: UPDATE "public"."Washing_Program" SET "finished" = $1 WHERE ("public"."Washing_Program"."id" = $2 AN -Params: [true,34] -Duration: 0ms
[07/08/2026 14:05:00] PRISMA: UPDATE "public"."Washing_Program" SET "finished" = $1 WHERE ("public"."Washing_Program"."id" = $2 AN -Params: [true,35] -Duration: 0ms
[07/08/2026 14:05:00] PRISMA: UPDATE "public"."Washing_Program" SET "finished" = $1 WHERE ("public"."Washing_Program"."id" = $2 AN -Params: [true,36] -Duration: 0ms
[07/08/2026 14:05:00] PRISMA: UPDATE "public"."Washing_Program" SET "finished" = $1 WHERE ("public"."Washing_Program"."id" = $2 AN -Params: [true,37] -Duration: 0ms
[07/08/2026 14:05:00] PRISMA: UPDATE "public"."Washing_Program" SET "finished" = $1 WHERE ("public"."Washing_Program"."id" = $2 AN -Params: [true,38] -Duration: 0ms
[07/08/2026 14:05:00] PRISMA: UPDATE "public"."Washing_Program" SET "finished" = $1 WHERE ("public"."Washing_Program"."id" = $2 AN -Params: [true,39] -Duration: 0ms
[07/08/2026 14:05:00] PRISMA: UPDATE "public"."Washing_Program" SET "finished" = $1 WHERE ("public"."Washing_Program"."id" = $2 AN -Params: [true,41] -Duration: 0ms
[07/08/2026 14:05:00] PRISMA: UPDATE "public"."Washing_Program" SET "finished" = $1 WHERE ("public"."Washing_Program"."id" = $2 AN -Params: [true,40] -Duration: 0ms
[07/08/2026 14:05:00] PRISMA: UPDATE "public"."Washing_Program" SET "finished" = $1 WHERE ("public"."Washing_Program"."id" = $2 AN -Params: [true,1] -Duration: 0ms
[07/08/2026 14:05:00] PRISMA: UPDATE "public"."Washing_Program" SET "finished" = $1 WHERE ("public"."Washing_Program"."id" = $2 AN -Params: [true,2] -Duration: 0ms
[07/08/2026 14:05:00] PRISMA: UPDATE "public"."Washing_Program" SET "finished" = $1 WHERE ("public"."Washing_Program"."id" = $2 AN -Params: [true,3] -Duration: 0ms
[07/08/2026 14:05:00] PRISMA: UPDATE "public"."Washing_Program" SET "finished" = $1 WHERE ("public"."Washing_Program"."id" = $2 AN -Params: [true,4] -Duration: 0ms
[07/08/2026 14:05:00] PRISMA: UPDATE "public"."Washing_Program" SET "finished" = $1 WHERE ("public"."Washing_Program"."id" = $2 AN -Params: [true,5] -Duration: 0ms
[07/08/2026 14:05:00] PRISMA: UPDATE "public"."Washing_Program" SET "finished" = $1 WHERE ("public"."Washing_Program"."id" = $2 AN -Params: [true,6] -Duration: 0ms
[07/08/2026 14:05:00] PRISMA: UPDATE "public"."Washing_Program" SET "finished" = $1 WHERE ("public"."Washing_Program"."id" = $2 AN -Params: [true,7] -Duration: 0ms
[07/08/2026 14:05:00] PRISMA: SELECT "public"."PushNotif"."id", "public"."PushNotif"."createdAt", "public"."PushNotif"."sendAt", " -Params: [0] -Duration: 0ms
[07/08/2026 14:07:19] PRISMA: SELECT "public"."Washing_Program"."id", "public"."Washing_Program"."type", "public"."Washing_Program -Params: [5,0] -Duration: 3ms
[07/08/2026 14:07:19] PRISMA: SELECT "public"."Weather_Forecast"."id", "public"."Weather_Forecast"."time", "public"."Weather_Forec -Params: ["2026-08-07 00:07:19.903 UTC","2026-08-07 23:07:19.903 UTC",0] -Duration: 4ms
[07/08/2026 14:07:19] PRISMA: SELECT "public"."Solar_Data"."id", "public"."Solar_Data"."hour", "public"."Solar_Data"."Watts", "pub -Params: ["2026-08-06 12:07:19.899 UTC","2026-08-07 12:07:19.899 UTC",0] -Duration: 7ms
[07/08/2026 14:07:19] PRISMA: SELECT "public"."User"."id" FROM "public"."User" WHERE ("public"."User"."id" = $1 AND 1=1) LIMIT $2  -Params: [1,1,0] -Duration: 5ms
[07/08/2026 14:07:19] PRISMA: SELECT "public"."User"."id", "public"."User"."username" FROM "public"."User" WHERE "public"."User"." -Params: [1,0] -Duration: 1ms
[07/08/2026 14:07:19] PRISMA: SELECT "public"."Miele_Token"."id", "public"."Miele_Token"."accessToken", "public"."Miele_Token"."re -Params: [1,0] -Duration: 1ms
[07/08/2026 14:07:20] PRISMA: SELECT "public"."Miele_Token"."id", "public"."Miele_Token"."accessToken", "public"."Miele_Token"."re -Params: [1,1,0] -Duration: 0ms
[07/08/2026 14:10:06] PRISMA: SELECT 1 -Params: [] -Duration: 4ms
[07/08/2026 14:10:06] PRISMA: INSERT INTO "public"."Solar_Data" ("hour","Watts","total") VALUES ($1,$2,$3) RETURNING "public"."Sol -Params: ["2026-08-07 12:10:06.042 UTC",1629,17216] -Duration: 12ms
[07/08/2026 14:11:51] PRISMA: SELECT 1 -Params: [] -Duration: 4ms
[07/08/2026 14:11:51] PRISMA: SELECT 1 -Params: [] -Duration: 0ms
[07/08/2026 14:11:51] PRISMA: SELECT "public"."User"."id" FROM "public"."User" WHERE ("public"."User"."id" = $1 AND 1=1) LIMIT $2  -Params: [1,1,0] -Duration: 5ms
[07/08/2026 14:11:51] PRISMA: SELECT 1 -Params: [] -Duration: 6ms
[07/08/2026 14:11:51] PRISMA: SELECT "public"."Washing_Program"."id", "public"."Washing_Program"."type", "public"."Washing_Program -Params: [5,0] -Duration: 7ms
[07/08/2026 14:11:51] PRISMA: SELECT "public"."Miele_Token"."id", "public"."Miele_Token"."accessToken", "public"."Miele_Token"."re -Params: [1,0] -Duration: 1ms
[07/08/2026 14:11:51] PRISMA: SELECT "public"."Solar_Data"."id", "public"."Solar_Data"."hour", "public"."Solar_Data"."Watts", "pub -Params: ["2026-08-06 12:11:51.945 UTC","2026-08-07 12:11:51.945 UTC",0] -Duration: 1ms
[07/08/2026 14:11:51] PRISMA: SELECT "public"."User"."id", "public"."User"."username" FROM "public"."User" WHERE "public"."User"." -Params: [1,0] -Duration: 0ms
[07/08/2026 14:11:51] PRISMA: SELECT "public"."Weather_Forecast"."id", "public"."Weather_Forecast"."time", "public"."Weather_Forec -Params: ["2026-08-07 00:11:51.965 UTC","2026-08-07 23:11:51.965 UTC",0] -Duration: 5ms
[07/08/2026 14:11:51] PRISMA: SELECT "public"."Miele_Token"."id", "public"."Miele_Token"."accessToken", "public"."Miele_Token"."re -Params: [1,1,0] -Duration: 4ms
[07/08/2026 14:15:11] PRISMA: INSERT INTO "public"."Solar_Data" ("hour","Watts","total") VALUES ($1,$2,$3) RETURNING "public"."Sol -Params: ["2026-08-07 12:15:11.661 UTC",1735,17360] -Duration: 6ms
[07/08/2026 14:20:03] PRISMA: SELECT 1 -Params: [] -Duration: 7ms
[07/08/2026 14:20:03] PRISMA: INSERT INTO "public"."Solar_Data" ("hour","Watts","total") VALUES ($1,$2,$3) RETURNING "public"."Sol -Params: ["2026-08-07 12:20:03.666 UTC",4363,17548] -Duration: 3ms
[07/08/2026 14:22:04] PRISMA: SELECT "public"."Washing_Program"."id", "public"."Washing_Program"."type", "public"."Washing_Program -Params: [5,0] -Duration: 11ms
[07/08/2026 14:22:04] PRISMA: SELECT "public"."Weather_Forecast"."id", "public"."Weather_Forecast"."time", "public"."Weather_Forec -Params: ["2026-08-07 00:22:04.211 UTC","2026-08-07 23:22:04.211 UTC",0] -Duration: 11ms
[07/08/2026 14:22:04] PRISMA: SELECT "public"."Solar_Data"."id", "public"."Solar_Data"."hour", "public"."Solar_Data"."Watts", "pub -Params: ["2026-08-06 12:22:04.199 UTC","2026-08-07 12:22:04.199 UTC",0] -Duration: 11ms
[07/08/2026 14:22:04] PRISMA: SELECT "public"."User"."id" FROM "public"."User" WHERE ("public"."User"."id" = $1 AND 1=1) LIMIT $2  -Params: [1,1,0] -Duration: 12ms
[07/08/2026 14:22:04] PRISMA: SELECT "public"."Miele_Token"."id", "public"."Miele_Token"."accessToken", "public"."Miele_Token"."re -Params: [1,0] -Duration: 2ms
[07/08/2026 14:22:04] PRISMA: SELECT "public"."User"."id", "public"."User"."username" FROM "public"."User" WHERE "public"."User"." -Params: [1,0] -Duration: 3ms
[07/08/2026 14:22:04] PRISMA: SELECT "public"."Miele_Token"."id", "public"."Miele_Token"."accessToken", "public"."Miele_Token"."re -Params: [1,1,0] -Duration: 0ms
[07/08/2026 15:12:14] PRISMA: SELECT 1 -Params: [] -Duration: 17ms
[07/08/2026 15:12:14] PRISMA: SELECT 1 -Params: [] -Duration: 13ms
[07/08/2026 15:12:14] PRISMA: SELECT 1 -Params: [] -Duration: 62ms
[07/08/2026 15:12:14] PRISMA: SELECT 1 -Params: [] -Duration: 3ms
[07/08/2026 15:12:14] PRISMA: SELECT "public"."Washing_Program"."id", "public"."Washing_Program"."type", "public"."Washing_Program -Params: [5,0] -Duration: 3ms
[07/08/2026 15:12:14] PRISMA: SELECT "public"."Weather_Forecast"."id", "public"."Weather_Forecast"."time", "public"."Weather_Forec -Params: ["2026-08-07 01:12:14.384 UTC","2026-08-08 00:12:14.384 UTC",0] -Duration: 4ms
[07/08/2026 15:12:14] PRISMA: SELECT "public"."User"."id", "public"."User"."username" FROM "public"."User" WHERE "public"."User"." -Params: [1,0] -Duration: 2ms
[07/08/2026 15:12:14] PRISMA: SELECT "public"."User"."id" FROM "public"."User" WHERE ("public"."User"."id" = $1 AND 1=1) LIMIT $2  -Params: [1,1,0] -Duration: 17ms
[07/08/2026 15:12:14] PRISMA: SELECT "public"."Solar_Data"."id", "public"."Solar_Data"."hour", "public"."Solar_Data"."Watts", "pub -Params: ["2026-08-06 13:12:14.343 UTC","2026-08-07 13:12:14.343 UTC",0] -Duration: 20ms
[07/08/2026 15:12:14] PRISMA: SELECT "public"."Miele_Token"."id", "public"."Miele_Token"."accessToken", "public"."Miele_Token"."re -Params: [1,0] -Duration: 7ms
[07/08/2026 15:12:14] PRISMA: SELECT "public"."Miele_Token"."id", "public"."Miele_Token"."accessToken", "public"."Miele_Token"."re -Params: [1,1,0] -Duration: 0ms
[07/08/2026 16:41:22] PRISMA: SELECT "public"."Solar_Data"."id", "public"."Solar_Data"."hour", "public"."Solar_Data"."Watts", "pub -Params: ["2026-08-06 14:41:22.649 UTC","2026-08-07 14:41:22.649 UTC",0] -Duration: 6ms
[07/08/2026 16:41:22] PRISMA: SELECT "public"."Washing_Program"."id", "public"."Washing_Program"."type", "public"."Washing_Program -Params: [5,0] -Duration: 6ms
[07/08/2026 16:41:22] PRISMA: SELECT "public"."User"."id" FROM "public"."User" WHERE ("public"."User"."id" = $1 AND 1=1) LIMIT $2  -Params: [1,1,0] -Duration: 6ms
[07/08/2026 16:41:22] PRISMA: SELECT "public"."Weather_Forecast"."id", "public"."Weather_Forecast"."time", "public"."Weather_Forec -Params: ["2026-08-07 02:41:22.659 UTC","2026-08-08 01:41:22.659 UTC",0] -Duration: 6ms
[07/08/2026 16:41:22] PRISMA: SELECT "public"."User"."id", "public"."User"."username" FROM "public"."User" WHERE "public"."User"." -Params: [1,0] -Duration: 1ms
[07/08/2026 16:41:22] PRISMA: SELECT "public"."Miele_Token"."id", "public"."Miele_Token"."accessToken", "public"."Miele_Token"."re -Params: [1,0] -Duration: 1ms
[07/08/2026 16:41:22] PRISMA: SELECT "public"."Miele_Token"."id", "public"."Miele_Token"."accessToken", "public"."Miele_Token"."re -Params: [1,1,0] -Duration: 0ms
[07/08/2026 16:45:03] PRISMA: SELECT 1 -Params: [] -Duration: 5ms
[07/08/2026 16:45:03] PRISMA: INSERT INTO "public"."Solar_Data" ("hour","Watts","total") VALUES ($1,$2,$3) RETURNING "public"."Sol -Params: ["2026-08-07 14:45:03.232 UTC",1938,23846] -Duration: 9ms
[07/08/2026 16:47:28] PRISMA: SELECT "public"."Solar_Data"."id", "public"."Solar_Data"."hour", "public"."Solar_Data"."Watts", "pub -Params: ["2026-08-06 14:47:28.681 UTC","2026-08-07 14:47:28.681 UTC",0] -Duration: 4ms
[07/08/2026 16:47:28] PRISMA: SELECT "public"."Washing_Program"."id", "public"."Washing_Program"."type", "public"."Washing_Program -Params: [5,0] -Duration: 4ms
[07/08/2026 16:47:28] PRISMA: SELECT "public"."User"."id" FROM "public"."User" WHERE ("public"."User"."id" = $1 AND 1=1) LIMIT $2  -Params: [1,1,0] -Duration: 4ms
[07/08/2026 16:47:28] PRISMA: SELECT "public"."Weather_Forecast"."id", "public"."Weather_Forecast"."time", "public"."Weather_Forec -Params: ["2026-08-07 02:47:28.689 UTC","2026-08-08 01:47:28.689 UTC",0] -Duration: 4ms
[07/08/2026 16:47:28] PRISMA: SELECT "public"."Miele_Token"."id", "public"."Miele_Token"."accessToken", "public"."Miele_Token"."re -Params: [1,0] -Duration: 1ms
[07/08/2026 16:47:28] PRISMA: SELECT "public"."User"."id", "public"."User"."username" FROM "public"."User" WHERE "public"."User"." -Params: [1,0] -Duration: 1ms
[07/08/2026 16:47:28] PRISMA: SELECT "public"."Miele_Token"."id", "public"."Miele_Token"."accessToken", "public"."Miele_Token"."re -Params: [1,1,0] -Duration: 1ms
[07/08/2026 16:50:01] PRISMA: SELECT 1 -Params: [] -Duration: 6ms
[07/08/2026 16:50:01] PRISMA: INSERT INTO "public"."Solar_Data" ("hour","Watts","total") VALUES ($1,$2,$3) RETURNING "public"."Sol -Params: ["2026-08-07 14:50:01.771 UTC",1566,24004] -Duration: 9ms
[07/08/2026 16:52:00] PRISMA: SELECT 1 -Params: [] -Duration: 3ms
[07/08/2026 16:52:00] PRISMA: SELECT 1 -Params: [] -Duration: 0ms
[07/08/2026 16:52:00] PRISMA: SELECT "public"."Washing_Program"."id", "public"."Washing_Program"."type", "public"."Washing_Program -Params: [5,0] -Duration: 3ms
[07/08/2026 16:52:00] PRISMA: SELECT "public"."User"."id", "public"."User"."username" FROM "public"."User" WHERE "public"."User"." -Params: [1,0] -Duration: 0ms
[07/08/2026 16:52:00] PRISMA: SELECT "public"."Solar_Data"."id", "public"."Solar_Data"."hour", "public"."Solar_Data"."Watts", "pub -Params: ["2026-08-06 14:52:00.720 UTC","2026-08-07 14:52:00.720 UTC",0] -Duration: 10ms
[07/08/2026 16:52:00] PRISMA: SELECT "public"."Weather_Forecast"."id", "public"."Weather_Forecast"."time", "public"."Weather_Forec -Params: ["2026-08-07 02:52:00.737 UTC","2026-08-08 01:52:00.737 UTC",0] -Duration: 6ms
[07/08/2026 16:52:00] PRISMA: SELECT "public"."User"."id" FROM "public"."User" WHERE ("public"."User"."id" = $1 AND 1=1) LIMIT $2  -Params: [1,1,0] -Duration: 5ms
[07/08/2026 16:52:00] PRISMA: SELECT "public"."Miele_Token"."id", "public"."Miele_Token"."accessToken", "public"."Miele_Token"."re -Params: [1,0] -Duration: 0ms
[07/08/2026 16:52:00] PRISMA: SELECT "public"."Miele_Token"."id", "public"."Miele_Token"."accessToken", "public"."Miele_Token"."re -Params: [1,1,0] -Duration: 0ms
[07/08/2026 16:55:03] PRISMA: INSERT INTO "public"."Solar_Data" ("hour","Watts","total") VALUES ($1,$2,$3) RETURNING "public"."Sol -Params: ["2026-08-07 14:55:03.677 UTC",1497,24131] -Duration: 10ms
[07/08/2026 17:00:01] PRISMA: SELECT 1 -Params: [] -Duration: 2ms
[07/08/2026 17:00:01] PRISMA: INSERT INTO "public"."Solar_Data" ("hour","Watts","total") VALUES ($1,$2,$3) RETURNING "public"."Sol -Params: ["2026-08-07 15:00:01.324 UTC",1557,24255] -Duration: 8ms
[07/08/2026 17:05:03] PRISMA: INSERT INTO "public"."Solar_Data" ("hour","Watts","total") VALUES ($1,$2,$3) RETURNING "public"."Sol -Params: ["2026-08-07 15:05:03.081 UTC",1656,24393] -Duration: 7ms
[07/08/2026 17:07:28] PRISMA: SELECT 1 -Params: [] -Duration: 9ms
[07/08/2026 17:07:28] PRISMA: SELECT "public"."Washing_Program"."id", "public"."Washing_Program"."type", "public"."Washing_Program -Params: [5,0] -Duration: 25ms
[07/08/2026 17:07:28] PRISMA: SELECT "public"."User"."id", "public"."User"."username" FROM "public"."User" WHERE "public"."User"." -Params: [1,0] -Duration: 6ms
[07/08/2026 17:07:28] PRISMA: SELECT "public"."User"."id" FROM "public"."User" WHERE ("public"."User"."id" = $1 AND 1=1) LIMIT $2  -Params: [1,1,0] -Duration: 2ms
[07/08/2026 17:07:28] PRISMA: SELECT "public"."Solar_Data"."id", "public"."Solar_Data"."hour", "public"."Solar_Data"."Watts", "pub -Params: ["2026-08-06 15:07:28.559 UTC","2026-08-07 15:07:28.559 UTC",0] -Duration: 2ms
[07/08/2026 17:07:28] PRISMA: SELECT "public"."Weather_Forecast"."id", "public"."Weather_Forecast"."time", "public"."Weather_Forec -Params: ["2026-08-07 03:07:28.566 UTC","2026-08-08 02:07:28.566 UTC",0] -Duration: 2ms
[07/08/2026 17:07:28] PRISMA: SELECT "public"."Miele_Token"."id", "public"."Miele_Token"."accessToken", "public"."Miele_Token"."re -Params: [1,0] -Duration: 0ms
[07/08/2026 17:07:28] PRISMA: SELECT "public"."Miele_Token"."id", "public"."Miele_Token"."accessToken", "public"."Miele_Token"."re -Params: [1,1,0] -Duration: 0ms
[07/08/2026 17:10:03] PRISMA: SELECT 1 -Params: [] -Duration: 4ms
[07/08/2026 17:10:03] PRISMA: INSERT INTO "public"."Solar_Data" ("hour","Watts","total") VALUES ($1,$2,$3) RETURNING "public"."Sol -Params: ["2026-08-07 15:10:03.634 UTC",2889,24528] -Duration: 9ms
[07/08/2026 17:12:00] PRISMA: SELECT 1 -Params: [] -Duration: 4ms
[07/08/2026 17:12:00] PRISMA: SELECT 1 -Params: [] -Duration: 5ms
[07/08/2026 17:12:00] PRISMA: SELECT 1 -Params: [] -Duration: 0ms
[07/08/2026 17:12:00] PRISMA: SELECT "public"."Washing_Program"."id", "public"."Washing_Program"."type", "public"."Washing_Program -Params: [5,0] -Duration: 9ms
[07/08/2026 17:12:00] PRISMA: SELECT "public"."Solar_Data"."id", "public"."Solar_Data"."hour", "public"."Solar_Data"."Watts", "pub -Params: ["2026-08-06 15:12:00.461 UTC","2026-08-07 15:12:00.461 UTC",0] -Duration: 10ms
[07/08/2026 17:12:00] PRISMA: SELECT "public"."User"."id", "public"."User"."username" FROM "public"."User" WHERE "public"."User"." -Params: [1,0] -Duration: 2ms
[07/08/2026 17:12:00] PRISMA: SELECT "public"."Weather_Forecast"."id", "public"."Weather_Forecast"."time", "public"."Weather_Forec -Params: ["2026-08-07 03:12:00.470 UTC","2026-08-08 02:12:00.470 UTC",0] -Duration: 11ms
[07/08/2026 17:12:00] PRISMA: SELECT "public"."User"."id" FROM "public"."User" WHERE ("public"."User"."id" = $1 AND 1=1) LIMIT $2  -Params: [1,1,0] -Duration: 2ms
[07/08/2026 17:12:00] PRISMA: SELECT "public"."Miele_Token"."id", "public"."Miele_Token"."accessToken", "public"."Miele_Token"."re -Params: [1,0] -Duration: 1ms
[07/08/2026 17:12:00] PRISMA: SELECT "public"."Miele_Token"."id", "public"."Miele_Token"."accessToken", "public"."Miele_Token"."re -Params: [1,1,0] -Duration: 1ms
[07/08/2026 17:15:07] PRISMA: SELECT 1 -Params: [] -Duration: 4ms
[07/08/2026 17:15:07] PRISMA: INSERT INTO "public"."Solar_Data" ("hour","Watts","total") VALUES ($1,$2,$3) RETURNING "public"."Sol -Params: ["2026-08-07 15:15:07.001 UTC",3509,24754] -Duration: 26ms
[07/08/2026 17:20:01] PRISMA: INSERT INTO "public"."Solar_Data" ("hour","Watts","total") VALUES ($1,$2,$3) RETURNING "public"."Sol -Params: ["2026-08-07 15:20:01.784 UTC",3138,25027] -Duration: 6ms
[07/08/2026 17:25:02] PRISMA: INSERT INTO "public"."Solar_Data" ("hour","Watts","total") VALUES ($1,$2,$3) RETURNING "public"."Sol -Params: ["2026-08-07 15:25:02.221 UTC",3091,25243] -Duration: 8ms
[07/08/2026 17:28:28] PRISMA: SELECT 1 -Params: [] -Duration: 8ms
[07/08/2026 17:28:28] PRISMA: SELECT "public"."Weather_Forecast"."id", "public"."Weather_Forecast"."time", "public"."Weather_Forec -Params: ["2026-08-07 03:28:28.545 UTC","2026-08-08 02:28:28.545 UTC",0] -Duration: 30ms
[07/08/2026 17:28:28] PRISMA: SELECT "public"."Washing_Program"."id", "public"."Washing_Program"."type", "public"."Washing_Program -Params: [5,0] -Duration: 4ms
[07/08/2026 17:28:28] PRISMA: SELECT "public"."Solar_Data"."id", "public"."Solar_Data"."hour", "public"."Solar_Data"."Watts", "pub -Params: ["2026-08-06 15:28:28.551 UTC","2026-08-07 15:28:28.551 UTC",0] -Duration: 5ms
[07/08/2026 17:28:28] PRISMA: SELECT "public"."User"."id", "public"."User"."username" FROM "public"."User" WHERE "public"."User"." -Params: [1,0] -Duration: 1ms
[07/08/2026 17:28:28] PRISMA: SELECT "public"."User"."id" FROM "public"."User" WHERE ("public"."User"."id" = $1 AND 1=1) LIMIT $2  -Params: [1,1,0] -Duration: 2ms
[07/08/2026 17:28:28] PRISMA: SELECT "public"."Miele_Token"."id", "public"."Miele_Token"."accessToken", "public"."Miele_Token"."re -Params: [1,0] -Duration: 1ms
[07/08/2026 17:28:28] PRISMA: SELECT "public"."Miele_Token"."id", "public"."Miele_Token"."accessToken", "public"."Miele_Token"."re -Params: [1,1,0] -Duration: 1ms
[07/08/2026 17:30:02] PRISMA: SELECT 1 -Params: [] -Duration: 2ms
[07/08/2026 17:30:02] PRISMA: INSERT INTO "public"."Solar_Data" ("hour","Watts","total") VALUES ($1,$2,$3) RETURNING "public"."Sol -Params: ["2026-08-07 15:30:02.963 UTC",2998,25497] -Duration: 12ms
[07/08/2026 17:33:00] PRISMA: SELECT 1 -Params: [] -Duration: 2ms
[07/08/2026 17:33:00] PRISMA: SELECT 1 -Params: [] -Duration: 2ms
[07/08/2026 17:33:00] PRISMA: SELECT 1 -Params: [] -Duration: 6ms
[07/08/2026 17:33:00] PRISMA: SELECT "public"."Weather_Forecast"."id", "public"."Weather_Forecast"."time", "public"."Weather_Forec -Params: ["2026-08-07 03:33:00.431 UTC","2026-08-08 02:33:00.431 UTC",0] -Duration: 9ms
[07/08/2026 17:33:00] PRISMA: SELECT "public"."Solar_Data"."id", "public"."Solar_Data"."hour", "public"."Solar_Data"."Watts", "pub -Params: ["2026-08-06 15:33:00.429 UTC","2026-08-07 15:33:00.429 UTC",0] -Duration: 12ms
[07/08/2026 17:33:00] PRISMA: SELECT "public"."Washing_Program"."id", "public"."Washing_Program"."type", "public"."Washing_Program -Params: [5,0] -Duration: 13ms
[07/08/2026 17:33:00] PRISMA: SELECT "public"."User"."id", "public"."User"."username" FROM "public"."User" WHERE "public"."User"." -Params: [1,0] -Duration: 1ms
[07/08/2026 17:33:00] PRISMA: SELECT "public"."User"."id" FROM "public"."User" WHERE ("public"."User"."id" = $1 AND 1=1) LIMIT $2  -Params: [1,1,0] -Duration: 5ms
[07/08/2026 17:33:00] PRISMA: SELECT "public"."Miele_Token"."id", "public"."Miele_Token"."accessToken", "public"."Miele_Token"."re -Params: [1,0] -Duration: 3ms
[07/08/2026 17:33:00] PRISMA: SELECT "public"."Miele_Token"."id", "public"."Miele_Token"."accessToken", "public"."Miele_Token"."re -Params: [1,1,0] -Duration: 0ms
[07/08/2026 17:35:02] PRISMA: SELECT 1 -Params: [] -Duration: 2ms
[07/08/2026 17:35:02] PRISMA: INSERT INTO "public"."Solar_Data" ("hour","Watts","total") VALUES ($1,$2,$3) RETURNING "public"."Sol -Params: ["2026-08-07 15:35:02.218 UTC",2774,25738] -Duration: 12ms
[07/08/2026 17:40:02] PRISMA: INSERT INTO "public"."Solar_Data" ("hour","Watts","total") VALUES ($1,$2,$3) RETURNING "public"."Sol -Params: ["2026-08-07 15:40:02.138 UTC",2476,25959] -Duration: 5ms
[07/08/2026 17:42:28] PRISMA: SELECT 1 -Params: [] -Duration: 7ms
[07/08/2026 17:42:28] PRISMA: SELECT "public"."Washing_Program"."id", "public"."Washing_Program"."type", "public"."Washing_Program -Params: [5,0] -Duration: 20ms
[07/08/2026 17:42:28] PRISMA: SELECT "public"."User"."id", "public"."User"."username" FROM "public"."User" WHERE "public"."User"." -Params: [1,0] -Duration: 10ms
[07/08/2026 17:42:28] PRISMA: SELECT "public"."Solar_Data"."id", "public"."Solar_Data"."hour", "public"."Solar_Data"."Watts", "pub -Params: ["2026-08-06 15:42:28.583 UTC","2026-08-07 15:42:28.583 UTC",0] -Duration: 7ms
[07/08/2026 17:42:28] PRISMA: SELECT "public"."User"."id" FROM "public"."User" WHERE ("public"."User"."id" = $1 AND 1=1) LIMIT $2  -Params: [1,1,0] -Duration: 3ms
[07/08/2026 17:42:28] PRISMA: SELECT "public"."Miele_Token"."id", "public"."Miele_Token"."accessToken", "public"."Miele_Token"."re -Params: [1,0] -Duration: 1ms
[07/08/2026 17:42:28] PRISMA: SELECT "public"."Weather_Forecast"."id", "public"."Weather_Forecast"."time", "public"."Weather_Forec -Params: ["2026-08-07 03:42:28.586 UTC","2026-08-08 02:42:28.586 UTC",0] -Duration: 3ms
[07/08/2026 17:42:28] PRISMA: SELECT "public"."Miele_Token"."id", "public"."Miele_Token"."accessToken", "public"."Miele_Token"."re -Params: [1,1,0] -Duration: 1ms
[07/08/2026 17:45:01] PRISMA: SELECT 1 -Params: [] -Duration: 7ms
[07/08/2026 17:45:01] PRISMA: INSERT INTO "public"."Solar_Data" ("hour","Watts","total") VALUES ($1,$2,$3) RETURNING "public"."Sol -Params: ["2026-08-07 15:45:01.089 UTC",2555,26139] -Duration: 6ms
[07/08/2026 17:47:00] PRISMA: SELECT 1 -Params: [] -Duration: 5ms
[07/08/2026 17:47:00] PRISMA: SELECT 1 -Params: [] -Duration: 6ms
[07/08/2026 17:47:00] PRISMA: SELECT 1 -Params: [] -Duration: 1ms
[07/08/2026 17:47:00] PRISMA: SELECT "public"."Washing_Program"."id", "public"."Washing_Program"."type", "public"."Washing_Program -Params: [5,0] -Duration: 9ms
[07/08/2026 17:47:00] PRISMA: SELECT "public"."Weather_Forecast"."id", "public"."Weather_Forecast"."time", "public"."Weather_Forec -Params: ["2026-08-07 03:47:00.603 UTC","2026-08-08 02:47:00.603 UTC",0] -Duration: 9ms
[07/08/2026 17:47:00] PRISMA: SELECT "public"."User"."id", "public"."User"."username" FROM "public"."User" WHERE "public"."User"." -Params: [1,0] -Duration: 2ms
[07/08/2026 17:47:00] PRISMA: SELECT "public"."Solar_Data"."id", "public"."Solar_Data"."hour", "public"."Solar_Data"."Watts", "pub -Params: ["2026-08-06 15:47:00.597 UTC","2026-08-07 15:47:00.597 UTC",0] -Duration: 14ms
[07/08/2026 17:47:00] PRISMA: SELECT "public"."User"."id" FROM "public"."User" WHERE ("public"."User"."id" = $1 AND 1=1) LIMIT $2  -Params: [1,1,0] -Duration: 2ms
[07/08/2026 17:47:00] PRISMA: SELECT "public"."Miele_Token"."id", "public"."Miele_Token"."accessToken", "public"."Miele_Token"."re -Params: [1,0] -Duration: 1ms
[07/08/2026 17:47:00] PRISMA: SELECT "public"."Miele_Token"."id", "public"."Miele_Token"."accessToken", "public"."Miele_Token"."re -Params: [1,1,0] -Duration: 0ms
[07/08/2026 17:50:05] PRISMA: SELECT 1 -Params: [] -Duration: 2ms
[07/08/2026 17:50:05] PRISMA: INSERT INTO "public"."Solar_Data" ("hour","Watts","total") VALUES ($1,$2,$3) RETURNING "public"."Sol -Params: ["2026-08-07 15:50:05.913 UTC",2488,26353] -Duration: 7ms
[07/08/2026 17:52:28] PRISMA: SELECT "public"."User"."id" FROM "public"."User" WHERE ("public"."User"."id" = $1 AND 1=1) LIMIT $2  -Params: [1,1,0] -Duration: 3ms
[07/08/2026 17:52:28] PRISMA: SELECT "public"."Washing_Program"."id", "public"."Washing_Program"."type", "public"."Washing_Program -Params: [5,0] -Duration: 3ms
[07/08/2026 17:52:28] PRISMA: SELECT "public"."User"."id", "public"."User"."username" FROM "public"."User" WHERE "public"."User"." -Params: [1,0] -Duration: 2ms
[07/08/2026 17:52:28] PRISMA: SELECT "public"."Miele_Token"."id", "public"."Miele_Token"."accessToken", "public"."Miele_Token"."re -Params: [1,0] -Duration: 2ms
[07/08/2026 17:52:28] PRISMA: SELECT "public"."Solar_Data"."id", "public"."Solar_Data"."hour", "public"."Solar_Data"."Watts", "pub -Params: ["2026-08-06 15:52:28.639 UTC","2026-08-07 15:52:28.639 UTC",0] -Duration: 6ms
[07/08/2026 17:52:28] PRISMA: SELECT "public"."Weather_Forecast"."id", "public"."Weather_Forecast"."time", "public"."Weather_Forec -Params: ["2026-08-07 03:52:28.642 UTC","2026-08-08 02:52:28.642 UTC",0] -Duration: 5ms
[07/08/2026 17:52:28] PRISMA: SELECT "public"."Miele_Token"."id", "public"."Miele_Token"."accessToken", "public"."Miele_Token"."re -Params: [1,1,0] -Duration: 1ms
[07/08/2026 17:55:04] PRISMA: SELECT 1 -Params: [] -Duration: 2ms
[07/08/2026 17:55:04] PRISMA: INSERT INTO "public"."Solar_Data" ("hour","Watts","total") VALUES ($1,$2,$3) RETURNING "public"."Sol -Params: ["2026-08-07 15:55:04.410 UTC",2514,26559] -Duration: 16ms
[07/08/2026 17:57:00] PRISMA: SELECT 1 -Params: [] -Duration: 2ms
[07/08/2026 17:57:00] PRISMA: SELECT 1 -Params: [] -Duration: 7ms
[07/08/2026 17:57:00] PRISMA: SELECT 1 -Params: [] -Duration: 0ms
[07/08/2026 17:57:00] PRISMA: SELECT "public"."Solar_Data"."id", "public"."Solar_Data"."hour", "public"."Solar_Data"."Watts", "pub -Params: ["2026-08-06 15:57:00.715 UTC","2026-08-07 15:57:00.715 UTC",0] -Duration: 5ms
[07/08/2026 17:57:00] PRISMA: SELECT "public"."Weather_Forecast"."id", "public"."Weather_Forecast"."time", "public"."Weather_Forec -Params: ["2026-08-07 03:57:00.722 UTC","2026-08-08 02:57:00.722 UTC",0] -Duration: 8ms
[07/08/2026 17:57:00] PRISMA: SELECT "public"."Washing_Program"."id", "public"."Washing_Program"."type", "public"."Washing_Program -Params: [5,0] -Duration: 10ms
[07/08/2026 17:57:00] PRISMA: SELECT "public"."User"."id", "public"."User"."username" FROM "public"."User" WHERE "public"."User"." -Params: [1,0] -Duration: 1ms
[07/08/2026 17:57:00] PRISMA: SELECT "public"."User"."id" FROM "public"."User" WHERE ("public"."User"."id" = $1 AND 1=1) LIMIT $2  -Params: [1,1,0] -Duration: 6ms
[07/08/2026 17:57:00] PRISMA: SELECT "public"."Miele_Token"."id", "public"."Miele_Token"."accessToken", "public"."Miele_Token"."re -Params: [1,0] -Duration: 0ms
[07/08/2026 17:57:00] PRISMA: SELECT "public"."Miele_Token"."id", "public"."Miele_Token"."accessToken", "public"."Miele_Token"."re -Params: [1,1,0] -Duration: 0ms
[07/08/2026 18:00:02] PRISMA: INSERT INTO "public"."Solar_Data" ("hour","Watts","total") VALUES ($1,$2,$3) RETURNING "public"."Sol -Params: ["2026-08-07 16:00:02.649 UTC",2495,26768] -Duration: 5ms
[07/08/2026 18:05:02] PRISMA: INSERT INTO "public"."Solar_Data" ("hour","Watts","total") VALUES ($1,$2,$3) RETURNING "public"."Sol -Params: ["2026-08-07 16:05:02.718 UTC",2320,26968] -Duration: 11ms
[07/08/2026 18:07:28] PRISMA: SELECT 1 -Params: [] -Duration: 5ms
[07/08/2026 18:07:28] PRISMA: SELECT "public"."Washing_Program"."id", "public"."Washing_Program"."type", "public"."Washing_Program -Params: [5,0] -Duration: 30ms
[07/08/2026 18:07:28] PRISMA: SELECT "public"."User"."id", "public"."User"."username" FROM "public"."User" WHERE "public"."User"." -Params: [1,0] -Duration: 7ms
[07/08/2026 18:07:28] PRISMA: SELECT "public"."User"."id" FROM "public"."User" WHERE ("public"."User"."id" = $1 AND 1=1) LIMIT $2  -Params: [1,1,0] -Duration: 3ms
[07/08/2026 18:07:28] PRISMA: SELECT "public"."Solar_Data"."id", "public"."Solar_Data"."hour", "public"."Solar_Data"."Watts", "pub -Params: ["2026-08-06 16:07:28.737 UTC","2026-08-07 16:07:28.737 UTC",0] -Duration: 3ms
[07/08/2026 18:07:28] PRISMA: SELECT "public"."Miele_Token"."id", "public"."Miele_Token"."accessToken", "public"."Miele_Token"."re -Params: [1,0] -Duration: 1ms
[07/08/2026 18:07:28] PRISMA: SELECT "public"."Weather_Forecast"."id", "public"."Weather_Forecast"."time", "public"."Weather_Forec -Params: ["2026-08-07 04:07:28.740 UTC","2026-08-08 03:07:28.740 UTC",0] -Duration: 4ms
[07/08/2026 18:07:28] PRISMA: SELECT "public"."Miele_Token"."id", "public"."Miele_Token"."accessToken", "public"."Miele_Token"."re -Params: [1,1,0] -Duration: 1ms
[07/08/2026 18:10:05] PRISMA: SELECT 1 -Params: [] -Duration: 1ms
[07/08/2026 18:10:05] PRISMA: INSERT INTO "public"."Solar_Data" ("hour","Watts","total") VALUES ($1,$2,$3) RETURNING "public"."Sol -Params: ["2026-08-07 16:10:05.237 UTC",2291,27165] -Duration: 7ms
[07/08/2026 18:12:00] PRISMA: SELECT 1 -Params: [] -Duration: 1ms
[07/08/2026 18:12:00] PRISMA: SELECT 1 -Params: [] -Duration: 4ms
[07/08/2026 18:12:00] PRISMA: SELECT 1 -Params: [] -Duration: 1ms
[07/08/2026 18:12:00] PRISMA: SELECT "public"."Washing_Program"."id", "public"."Washing_Program"."type", "public"."Washing_Program -Params: [5,0] -Duration: 12ms
[07/08/2026 18:12:00] PRISMA: SELECT "public"."Weather_Forecast"."id", "public"."Weather_Forecast"."time", "public"."Weather_Forec -Params: ["2026-08-07 04:12:00.625 UTC","2026-08-08 03:12:00.625 UTC",0] -Duration: 13ms
[07/08/2026 18:12:00] PRISMA: SELECT "public"."User"."id", "public"."User"."username" FROM "public"."User" WHERE "public"."User"." -Params: [1,0] -Duration: 6ms
[07/08/2026 18:12:00] PRISMA: SELECT "public"."Solar_Data"."id", "public"."Solar_Data"."hour", "public"."Solar_Data"."Watts", "pub -Params: ["2026-08-06 16:12:00.619 UTC","2026-08-07 16:12:00.619 UTC",0] -Duration: 21ms
[07/08/2026 18:12:00] PRISMA: SELECT "public"."User"."id" FROM "public"."User" WHERE ("public"."User"."id" = $1 AND 1=1) LIMIT $2  -Params: [1,1,0] -Duration: 1ms
[07/08/2026 18:12:00] PRISMA: SELECT "public"."Miele_Token"."id", "public"."Miele_Token"."accessToken", "public"."Miele_Token"."re -Params: [1,0] -Duration: 0ms
[07/08/2026 18:12:00] PRISMA: SELECT "public"."Miele_Token"."id", "public"."Miele_Token"."accessToken", "public"."Miele_Token"."re -Params: [1,1,0] -Duration: 0ms
[07/08/2026 18:15:06] PRISMA: SELECT 1 -Params: [] -Duration: 3ms
[07/08/2026 18:15:06] PRISMA: INSERT INTO "public"."Solar_Data" ("hour","Watts","total") VALUES ($1,$2,$3) RETURNING "public"."Sol -Params: ["2026-08-07 16:15:06.170 UTC",2098,27347] -Duration: 7ms
[07/08/2026 18:20:01] PRISMA: INSERT INTO "public"."Solar_Data" ("hour","Watts","total") VALUES ($1,$2,$3) RETURNING "public"."Sol -Params: ["2026-08-07 16:20:01.688 UTC",1953,27511] -Duration: 11ms
[07/08/2026 18:25:03] PRISMA: INSERT INTO "public"."Solar_Data" ("hour","Watts","total") VALUES ($1,$2,$3) RETURNING "public"."Sol -Params: ["2026-08-07 16:25:03.160 UTC",1842,27668] -Duration: 7ms
[07/08/2026 18:28:28] PRISMA: SELECT 1 -Params: [] -Duration: 6ms
[07/08/2026 18:28:28] PRISMA: SELECT "public"."Weather_Forecast"."id", "public"."Weather_Forecast"."time", "public"."Weather_Forec -Params: ["2026-08-07 04:28:28.847 UTC","2026-08-08 03:28:28.847 UTC",0] -Duration: 18ms
[07/08/2026 18:28:28] PRISMA: SELECT "public"."Washing_Program"."id", "public"."Washing_Program"."type", "public"."Washing_Program -Params: [5,0] -Duration: 2ms
[07/08/2026 18:28:28] PRISMA: SELECT "public"."User"."id", "public"."User"."username" FROM "public"."User" WHERE "public"."User"." -Params: [1,0] -Duration: 6ms
[07/08/2026 18:28:28] PRISMA: SELECT "public"."User"."id" FROM "public"."User" WHERE ("public"."User"."id" = $1 AND 1=1) LIMIT $2  -Params: [1,1,0] -Duration: 2ms
[07/08/2026 18:28:28] PRISMA: SELECT "public"."Miele_Token"."id", "public"."Miele_Token"."accessToken", "public"."Miele_Token"."re -Params: [1,0] -Duration: 2ms
[07/08/2026 18:28:28] PRISMA: SELECT "public"."Solar_Data"."id", "public"."Solar_Data"."hour", "public"."Solar_Data"."Watts", "pub -Params: ["2026-08-06 16:28:28.860 UTC","2026-08-07 16:28:28.860 UTC",0] -Duration: 3ms
[07/08/2026 18:28:29] PRISMA: SELECT "public"."Miele_Token"."id", "public"."Miele_Token"."accessToken", "public"."Miele_Token"."re -Params: [1,1,0] -Duration: 1ms
[07/08/2026 18:30:03] PRISMA: SELECT 1 -Params: [] -Duration: 3ms
[07/08/2026 18:30:03] PRISMA: INSERT INTO "public"."Solar_Data" ("hour","Watts","total") VALUES ($1,$2,$3) RETURNING "public"."Sol -Params: ["2026-08-07 16:30:03.978 UTC",1784,27823] -Duration: 6ms
[07/08/2026 18:33:00] PRISMA: SELECT 1 -Params: [] -Duration: 6ms
[07/08/2026 18:33:00] PRISMA: SELECT "public"."Washing_Program"."id", "public"."Washing_Program"."type", "public"."Washing_Program -Params: [5,0] -Duration: 10ms
[07/08/2026 18:33:00] PRISMA: SELECT "public"."User"."id", "public"."User"."username" FROM "public"."User" WHERE "public"."User"." -Params: [1,0] -Duration: 11ms
[07/08/2026 18:33:00] PRISMA: SELECT "public"."User"."id" FROM "public"."User" WHERE ("public"."User"."id" = $1 AND 1=1) LIMIT $2  -Params: [1,1,0] -Duration: 7ms
[07/08/2026 18:33:00] PRISMA: SELECT "public"."Weather_Forecast"."id", "public"."Weather_Forecast"."time", "public"."Weather_Forec -Params: ["2026-08-07 04:33:00.735 UTC","2026-08-08 03:33:00.735 UTC",0] -Duration: 9ms
[07/08/2026 18:33:00] PRISMA: SELECT "public"."Solar_Data"."id", "public"."Solar_Data"."hour", "public"."Solar_Data"."Watts", "pub -Params: ["2026-08-06 16:33:00.730 UTC","2026-08-07 16:33:00.730 UTC",0] -Duration: 9ms
[07/08/2026 18:33:00] PRISMA: SELECT "public"."Miele_Token"."id", "public"."Miele_Token"."accessToken", "public"."Miele_Token"."re -Params: [1,0] -Duration: 1ms
[07/08/2026 18:33:00] PRISMA: SELECT "public"."Miele_Token"."id", "public"."Miele_Token"."accessToken", "public"."Miele_Token"."re -Params: [1,1,0] -Duration: 0ms
[07/08/2026 18:35:02] PRISMA: SELECT 1 -Params: [] -Duration: 2ms
[07/08/2026 18:35:02] PRISMA: INSERT INTO "public"."Solar_Data" ("hour","Watts","total") VALUES ($1,$2,$3) RETURNING "public"."Sol -Params: ["2026-08-07 16:35:02 UTC",1612,27962] -Duration: 12ms
[07/08/2026 18:40:09] PRISMA: INSERT INTO "public"."Solar_Data" ("hour","Watts","total") VALUES ($1,$2,$3) RETURNING "public"."Sol -Params: ["2026-08-07 16:40:09.777 UTC",1411,28092] -Duration: 21ms
[07/08/2026 18:45:05] PRISMA: SELECT 1 -Params: [] -Duration: 4ms
[07/08/2026 18:45:05] PRISMA: INSERT INTO "public"."Solar_Data" ("hour","Watts","total") VALUES ($1,$2,$3) RETURNING "public"."Sol -Params: ["2026-08-07 16:45:05.422 UTC",1259,28201] -Duration: 4ms
[07/08/2026 18:48:28] PRISMA: SELECT "public"."Washing_Program"."id", "public"."Washing_Program"."type", "public"."Washing_Program -Params: [5,0] -Duration: 8ms
[07/08/2026 18:48:28] PRISMA: SELECT "public"."User"."id", "public"."User"."username" FROM "public"."User" WHERE "public"."User"." -Params: [1,0] -Duration: 2ms
[07/08/2026 18:48:28] PRISMA: SELECT "public"."User"."id" FROM "public"."User" WHERE ("public"."User"."id" = $1 AND 1=1) LIMIT $2  -Params: [1,1,0] -Duration: 4ms
[07/08/2026 18:48:28] PRISMA: SELECT "public"."Weather_Forecast"."id", "public"."Weather_Forecast"."time", "public"."Weather_Forec -Params: ["2026-08-07 04:48:28.843 UTC","2026-08-08 03:48:28.843 UTC",0] -Duration: 4ms
[07/08/2026 18:48:28] PRISMA: SELECT "public"."Solar_Data"."id", "public"."Solar_Data"."hour", "public"."Solar_Data"."Watts", "pub -Params: ["2026-08-06 16:48:28.835 UTC","2026-08-07 16:48:28.835 UTC",0] -Duration: 4ms
[07/08/2026 18:48:28] PRISMA: SELECT "public"."Miele_Token"."id", "public"."Miele_Token"."accessToken", "public"."Miele_Token"."re -Params: [1,0] -Duration: 1ms
[07/08/2026 18:48:28] PRISMA: SELECT "public"."Miele_Token"."id", "public"."Miele_Token"."accessToken", "public"."Miele_Token"."re -Params: [1,1,0] -Duration: 0ms
[07/08/2026 18:50:04] PRISMA: SELECT 1 -Params: [] -Duration: 2ms
[07/08/2026 18:50:04] PRISMA: INSERT INTO "public"."Solar_Data" ("hour","Watts","total") VALUES ($1,$2,$3) RETURNING "public"."Sol -Params: ["2026-08-07 16:50:04.042 UTC",1140,28300] -Duration: 7ms
[07/08/2026 18:53:00] PRISMA: SELECT 1 -Params: [] -Duration: 2ms
[07/08/2026 18:53:00] PRISMA: SELECT 1 -Params: [] -Duration: 2ms
[07/08/2026 18:53:00] PRISMA: SELECT 1 -Params: [] -Duration: 2ms
[07/08/2026 18:53:00] PRISMA: SELECT "public"."Solar_Data"."id", "public"."Solar_Data"."hour", "public"."Solar_Data"."Watts", "pub -Params: ["2026-08-06 16:53:00.702 UTC","2026-08-07 16:53:00.702 UTC",0] -Duration: 3ms
[07/08/2026 18:53:00] PRISMA: SELECT "public"."Weather_Forecast"."id", "public"."Weather_Forecast"."time", "public"."Weather_Forec -Params: ["2026-08-07 04:53:00.705 UTC","2026-08-08 03:53:00.705 UTC",0] -Duration: 3ms
[07/08/2026 18:53:00] PRISMA: SELECT "public"."Washing_Program"."id", "public"."Washing_Program"."type", "public"."Washing_Program -Params: [5,0] -Duration: 8ms
[07/08/2026 18:53:00] PRISMA: SELECT "public"."User"."id", "public"."User"."username" FROM "public"."User" WHERE "public"."User"." -Params: [1,0] -Duration: 0ms
[07/08/2026 18:53:00] PRISMA: SELECT "public"."User"."id" FROM "public"."User" WHERE ("public"."User"."id" = $1 AND 1=1) LIMIT $2  -Params: [1,1,0] -Duration: 0ms
[07/08/2026 18:53:00] PRISMA: SELECT "public"."Miele_Token"."id", "public"."Miele_Token"."accessToken", "public"."Miele_Token"."re -Params: [1,0] -Duration: 0ms
[07/08/2026 18:53:00] PRISMA: SELECT "public"."Miele_Token"."id", "public"."Miele_Token"."accessToken", "public"."Miele_Token"."re -Params: [1,1,0] -Duration: 0ms
[07/08/2026 18:55:04] PRISMA: INSERT INTO "public"."Solar_Data" ("hour","Watts","total") VALUES ($1,$2,$3) RETURNING "public"."Sol -Params: ["2026-08-07 16:55:04.642 UTC",1053,28393] -Duration: 12ms
[07/08/2026 18:55:23] PRISMA: SELECT 1 -Params: [] -Duration: 2ms
[07/08/2026 18:55:23] PRISMA: SELECT "public"."Weather_Forecast"."id", "public"."Weather_Forecast"."time", "public"."Weather_Forec -Params: ["2026-08-07 04:55:23.473 UTC","2026-08-08 03:55:23.473 UTC",0] -Duration: 6ms
[07/08/2026 18:56:36] PRISMA: SELECT 1 -Params: [] -Duration: 3ms
[07/08/2026 18:56:36] PRISMA: SELECT "public"."Weather_Forecast"."id", "public"."Weather_Forecast"."time", "public"."Weather_Forec -Params: ["2026-08-07 04:56:36.896 UTC","2026-08-08 03:56:36.896 UTC",0] -Duration: 1ms
[07/08/2026 18:56:36] PRISMA: SELECT "public"."Washing_Program"."id", "public"."Washing_Program"."type", "public"."Washing_Program -Params: [5,0] -Duration: 5ms
[07/08/2026 18:56:36] PRISMA: SELECT "public"."User"."id", "public"."User"."username" FROM "public"."User" WHERE "public"."User"." -Params: [1,0] -Duration: 3ms
[07/08/2026 18:56:36] PRISMA: SELECT "public"."Solar_Data"."id", "public"."Solar_Data"."hour", "public"."Solar_Data"."Watts", "pub -Params: ["2026-08-06 16:56:36.970 UTC","2026-08-07 16:56:36.970 UTC",0] -Duration: 2ms
[07/08/2026 18:56:36] PRISMA: SELECT "public"."User"."id" FROM "public"."User" WHERE ("public"."User"."id" = $1 AND 1=1) LIMIT $2  -Params: [1,1,0] -Duration: 0ms
[07/08/2026 18:56:36] PRISMA: SELECT "public"."Miele_Token"."id", "public"."Miele_Token"."accessToken", "public"."Miele_Token"."re -Params: [1,0] -Duration: 0ms
[07/08/2026 18:56:37] PRISMA: SELECT "public"."Miele_Token"."id", "public"."Miele_Token"."accessToken", "public"."Miele_Token"."re -Params: [1,1,0] -Duration: 0ms
[07/08/2026 18:56:46] PRISMA: SELECT "public"."Miele_Token"."id", "public"."Miele_Token"."accessToken", "public"."Miele_Token"."re -Params: [1,1,0] -Duration: 0ms
[07/08/2026 18:56:46] PRISMA: SELECT "public"."Miele_Token"."id", "public"."Miele_Token"."accessToken", "public"."Miele_Token"."re -Params: [1,1,0] -Duration: 0ms
[07/08/2026 18:56:48] PRISMA: SELECT "public"."Miele_Token"."id", "public"."Miele_Token"."accessToken", "public"."Miele_Token"."re -Params: [1,1,0] -Duration: 1ms
[07/08/2026 18:56:56] PRISMA: SELECT 1 -Params: [] -Duration: 1ms
[07/08/2026 18:56:56] PRISMA: SELECT "public"."Miele_Token"."id", "public"."Miele_Token"."accessToken", "public"."Miele_Token"."re -Params: [1,1,0] -Duration: 3ms
[07/08/2026 18:56:56] PRISMA: SELECT "public"."Miele_Token"."id", "public"."Miele_Token"."accessToken", "public"."Miele_Token"."re -Params: [1,1,0] -Duration: 6ms
[07/08/2026 18:58:28] PRISMA: SELECT 1 -Params: [] -Duration: 2ms
[07/08/2026 18:58:28] PRISMA: SELECT 1 -Params: [] -Duration: 3ms
[07/08/2026 18:58:28] PRISMA: SELECT "public"."Solar_Data"."id", "public"."Solar_Data"."hour", "public"."Solar_Data"."Watts", "pub -Params: ["2026-08-06 16:58:28.825 UTC","2026-08-07 16:58:28.825 UTC",0] -Duration: 6ms
[07/08/2026 18:58:28] PRISMA: SELECT "public"."Washing_Program"."id", "public"."Washing_Program"."type", "public"."Washing_Program -Params: [5,0] -Duration: 22ms
[07/08/2026 18:58:28] PRISMA: SELECT "public"."User"."id", "public"."User"."username" FROM "public"."User" WHERE "public"."User"." -Params: [1,0] -Duration: 19ms
[07/08/2026 18:58:28] PRISMA: SELECT "public"."User"."id" FROM "public"."User" WHERE ("public"."User"."id" = $1 AND 1=1) LIMIT $2  -Params: [1,1,0] -Duration: 2ms
[07/08/2026 18:58:28] PRISMA: SELECT "public"."Miele_Token"."id", "public"."Miele_Token"."accessToken", "public"."Miele_Token"."re -Params: [1,0] -Duration: 1ms
[07/08/2026 18:58:28] PRISMA: SELECT "public"."Weather_Forecast"."id", "public"."Weather_Forecast"."time", "public"."Weather_Forec -Params: ["2026-08-07 04:58:28.829 UTC","2026-08-08 03:58:28.829 UTC",0] -Duration: 4ms
[07/08/2026 18:58:28] PRISMA: SELECT "public"."Miele_Token"."id", "public"."Miele_Token"."accessToken", "public"."Miele_Token"."re -Params: [1,1,0] -Duration: 2ms
[07/08/2026 19:00:06] PRISMA: SELECT 1 -Params: [] -Duration: 2ms
[07/08/2026 19:00:06] PRISMA: INSERT INTO "public"."Solar_Data" ("hour","Watts","total") VALUES ($1,$2,$3) RETURNING "public"."Sol -Params: ["2026-08-07 17:00:06.811 UTC",949,28478] -Duration: 7ms
[07/08/2026 19:01:04] PRISMA: SELECT 1 -Params: [] -Duration: 1ms
[07/08/2026 19:01:04] PRISMA: SELECT "public"."Weather_Forecast"."id", "public"."Weather_Forecast"."time", "public"."Weather_Forec -Params: ["2026-08-07 05:01:04.380 UTC","2026-08-08 04:01:04.380 UTC",0] -Duration: 1ms
[07/08/2026 19:01:24] PRISMA: SELECT 1 -Params: [] -Duration: 1ms
[07/08/2026 19:01:24] PRISMA: SELECT "public"."Weather_Forecast"."id", "public"."Weather_Forecast"."time", "public"."Weather_Forec -Params: ["2026-08-07 05:01:24.293 UTC","2026-08-08 04:01:24.293 UTC",0] -Duration: 4ms
[07/08/2026 19:03:00] PRISMA: SELECT 1 -Params: [] -Duration: 1ms
[07/08/2026 19:03:00] PRISMA: SELECT 1 -Params: [] -Duration: 0ms
[07/08/2026 19:03:00] PRISMA: SELECT "public"."Washing_Program"."id", "public"."Washing_Program"."type", "public"."Washing_Program -Params: [5,0] -Duration: 8ms
[07/08/2026 19:03:00] PRISMA: SELECT "public"."User"."id", "public"."User"."username" FROM "public"."User" WHERE "public"."User"." -Params: [1,0] -Duration: 1ms
[07/08/2026 19:03:00] PRISMA: SELECT "public"."Solar_Data"."id", "public"."Solar_Data"."hour", "public"."Solar_Data"."Watts", "pub -Params: ["2026-08-06 17:03:00.584 UTC","2026-08-07 17:03:00.584 UTC",0] -Duration: 11ms
[07/08/2026 19:03:00] PRISMA: SELECT "public"."Weather_Forecast"."id", "public"."Weather_Forecast"."time", "public"."Weather_Forec -Params: ["2026-08-07 05:03:00.597 UTC","2026-08-08 04:03:00.597 UTC",0] -Duration: 0ms
[07/08/2026 19:03:00] PRISMA: SELECT "public"."User"."id" FROM "public"."User" WHERE ("public"."User"."id" = $1 AND 1=1) LIMIT $2  -Params: [1,1,0] -Duration: 0ms
[07/08/2026 19:03:00] PRISMA: SELECT "public"."Miele_Token"."id", "public"."Miele_Token"."accessToken", "public"."Miele_Token"."re -Params: [1,0] -Duration: 0ms
[07/08/2026 19:03:00] PRISMA: SELECT "public"."Miele_Token"."id", "public"."Miele_Token"."accessToken", "public"."Miele_Token"."re -Params: [1,1,0] -Duration: 0ms
[07/08/2026 19:05:03] PRISMA: INSERT INTO "public"."Solar_Data" ("hour","Watts","total") VALUES ($1,$2,$3) RETURNING "public"."Sol -Params: ["2026-08-07 17:05:03.425 UTC",829,28550] -Duration: 39ms
[07/08/2026 19:10:07] PRISMA: INSERT INTO "public"."Solar_Data" ("hour","Watts","total") VALUES ($1,$2,$3) RETURNING "public"."Sol -Params: ["2026-08-07 17:10:07.868 UTC",757,28618] -Duration: 6ms
[07/08/2026 19:10:28] PRISMA: SELECT 1 -Params: [] -Duration: 2ms
[07/08/2026 19:10:28] PRISMA: SELECT "public"."Solar_Data"."id", "public"."Solar_Data"."hour", "public"."Solar_Data"."Watts", "pub -Params: ["2026-08-06 17:10:28.689 UTC","2026-08-07 17:10:28.689 UTC",0] -Duration: 22ms
[07/08/2026 19:10:28] PRISMA: SELECT "public"."User"."id" FROM "public"."User" WHERE ("public"."User"."id" = $1 AND 1=1) LIMIT $2  -Params: [1,1,0] -Duration: 8ms
[07/08/2026 19:10:28] PRISMA: SELECT "public"."Miele_Token"."id", "public"."Miele_Token"."accessToken", "public"."Miele_Token"."re -Params: [1,0] -Duration: 1ms
[07/08/2026 19:10:28] PRISMA: SELECT "public"."Weather_Forecast"."id", "public"."Weather_Forecast"."time", "public"."Weather_Forec -Params: ["2026-08-07 05:10:28.704 UTC","2026-08-08 04:10:28.704 UTC",0] -Duration: 2ms
[07/08/2026 19:10:28] PRISMA: SELECT "public"."Washing_Program"."id", "public"."Washing_Program"."type", "public"."Washing_Program -Params: [5,0] -Duration: 1ms
[07/08/2026 19:10:28] PRISMA: SELECT "public"."User"."id", "public"."User"."username" FROM "public"."User" WHERE "public"."User"." -Params: [1,0] -Duration: 1ms
[07/08/2026 19:10:28] PRISMA: SELECT "public"."Miele_Token"."id", "public"."Miele_Token"."accessToken", "public"."Miele_Token"."re -Params: [1,1,0] -Duration: 1ms
[07/08/2026 19:15:00] PRISMA: SELECT 1 -Params: [] -Duration: 1ms
[07/08/2026 19:15:00] PRISMA: SELECT 1 -Params: [] -Duration: 3ms
[07/08/2026 19:15:00] PRISMA: SELECT "public"."Washing_Program"."id", "public"."Washing_Program"."type", "public"."Washing_Program -Params: [5,0] -Duration: 1ms
[07/08/2026 19:15:00] PRISMA: SELECT "public"."User"."id", "public"."User"."username" FROM "public"."User" WHERE "public"."User"." -Params: [1,0] -Duration: 0ms
[07/08/2026 19:15:00] PRISMA: SELECT 1 -Params: [] -Duration: 0ms
[07/08/2026 19:15:00] PRISMA: SELECT "public"."Solar_Data"."id", "public"."Solar_Data"."hour", "public"."Solar_Data"."Watts", "pub -Params: ["2026-08-06 17:15:00.675 UTC","2026-08-07 17:15:00.675 UTC",0] -Duration: 5ms
[07/08/2026 19:15:00] PRISMA: SELECT "public"."Weather_Forecast"."id", "public"."Weather_Forecast"."time", "public"."Weather_Forec -Params: ["2026-08-07 05:15:00.681 UTC","2026-08-08 04:15:00.681 UTC",0] -Duration: 3ms
[07/08/2026 19:15:00] PRISMA: SELECT "public"."User"."id" FROM "public"."User" WHERE ("public"."User"."id" = $1 AND 1=1) LIMIT $2  -Params: [1,1,0] -Duration: 0ms
[07/08/2026 19:15:00] PRISMA: SELECT "public"."Miele_Token"."id", "public"."Miele_Token"."accessToken", "public"."Miele_Token"."re -Params: [1,0] -Duration: 0ms
[07/08/2026 19:15:00] PRISMA: SELECT "public"."Miele_Token"."id", "public"."Miele_Token"."accessToken", "public"."Miele_Token"."re -Params: [1,1,0] -Duration: 0ms
[07/08/2026 19:15:02] PRISMA: INSERT INTO "public"."Solar_Data" ("hour","Watts","total") VALUES ($1,$2,$3) RETURNING "public"."Sol -Params: ["2026-08-07 17:15:02.535 UTC",657,28675] -Duration: 4ms
[07/08/2026 19:20:03] PRISMA: INSERT INTO "public"."Solar_Data" ("hour","Watts","total") VALUES ($1,$2,$3) RETURNING "public"."Sol -Params: ["2026-08-07 17:20:03.910 UTC",585,28727] -Duration: 5ms
[07/08/2026 19:25:05] PRISMA: INSERT INTO "public"."Solar_Data" ("hour","Watts","total") VALUES ($1,$2,$3) RETURNING "public"."Sol -Params: ["2026-08-07 17:25:05.796 UTC",521,28773] -Duration: 5ms
[07/08/2026 19:27:28] PRISMA: SELECT 1 -Params: [] -Duration: 22ms
[07/08/2026 19:27:28] PRISMA: SELECT "public"."Weather_Forecast"."id", "public"."Weather_Forecast"."time", "public"."Weather_Forec -Params: ["2026-08-07 05:27:28.736 UTC","2026-08-08 04:27:28.736 UTC",0] -Duration: 43ms
[07/08/2026 19:27:28] PRISMA: SELECT "public"."User"."id" FROM "public"."User" WHERE ("public"."User"."id" = $1 AND 1=1) LIMIT $2  -Params: [1,1,0] -Duration: 5ms
[07/08/2026 19:27:28] PRISMA: SELECT "public"."Washing_Program"."id", "public"."Washing_Program"."type", "public"."Washing_Program -Params: [5,0] -Duration: 6ms
[07/08/2026 19:27:28] PRISMA: SELECT "public"."User"."id", "public"."User"."username" FROM "public"."User" WHERE "public"."User"." -Params: [1,0] -Duration: 3ms
[07/08/2026 19:27:28] PRISMA: SELECT "public"."Miele_Token"."id", "public"."Miele_Token"."accessToken", "public"."Miele_Token"."re -Params: [1,0] -Duration: 4ms
[07/08/2026 19:27:28] PRISMA: SELECT "public"."Solar_Data"."id", "public"."Solar_Data"."hour", "public"."Solar_Data"."Watts", "pub -Params: ["2026-08-06 17:27:28.777 UTC","2026-08-07 17:27:28.777 UTC",0] -Duration: 7ms
[07/08/2026 19:27:28] PRISMA: SELECT "public"."Miele_Token"."id", "public"."Miele_Token"."accessToken", "public"."Miele_Token"."re -Params: [1,1,0] -Duration: 1ms
[07/08/2026 19:30:05] PRISMA: SELECT 1 -Params: [] -Duration: 3ms
[07/08/2026 19:30:05] PRISMA: INSERT INTO "public"."Solar_Data" ("hour","Watts","total") VALUES ($1,$2,$3) RETURNING "public"."Sol -Params: ["2026-08-07 17:30:05.281 UTC",427,28813] -Duration: 9ms
[07/08/2026 19:32:00] PRISMA: SELECT 1 -Params: [] -Duration: 2ms
[07/08/2026 19:32:00] PRISMA: SELECT 1 -Params: [] -Duration: 2ms
[07/08/2026 19:32:00] PRISMA: SELECT 1 -Params: [] -Duration: 4ms
[07/08/2026 19:32:00] PRISMA: SELECT "public"."Washing_Program"."id", "public"."Washing_Program"."type", "public"."Washing_Program -Params: [5,0] -Duration: 10ms
[07/08/2026 19:32:00] PRISMA: SELECT "public"."Weather_Forecast"."id", "public"."Weather_Forecast"."time", "public"."Weather_Forec -Params: ["2026-08-07 05:32:00.730 UTC","2026-08-08 04:32:00.730 UTC",0] -Duration: 12ms
[07/08/2026 19:32:00] PRISMA: SELECT "public"."Solar_Data"."id", "public"."Solar_Data"."hour", "public"."Solar_Data"."Watts", "pub -Params: ["2026-08-06 17:32:00.726 UTC","2026-08-07 17:32:00.726 UTC",0] -Duration: 17ms
[07/08/2026 19:32:00] PRISMA: SELECT "public"."User"."id", "public"."User"."username" FROM "public"."User" WHERE "public"."User"." -Params: [1,0] -Duration: 8ms
[07/08/2026 19:32:00] PRISMA: SELECT "public"."User"."id" FROM "public"."User" WHERE ("public"."User"."id" = $1 AND 1=1) LIMIT $2  -Params: [1,1,0] -Duration: 1ms
[07/08/2026 19:32:00] PRISMA: SELECT "public"."Miele_Token"."id", "public"."Miele_Token"."accessToken", "public"."Miele_Token"."re -Params: [1,0] -Duration: 1ms
[07/08/2026 19:32:00] PRISMA: SELECT "public"."Miele_Token"."id", "public"."Miele_Token"."accessToken", "public"."Miele_Token"."re -Params: [1,1,0] -Duration: 0ms
[07/08/2026 19:35:01] PRISMA: SELECT 1 -Params: [] -Duration: 2ms
[07/08/2026 19:35:01] PRISMA: INSERT INTO "public"."Solar_Data" ("hour","Watts","total") VALUES ($1,$2,$3) RETURNING "public"."Sol -Params: ["2026-08-07 17:35:01.766 UTC",394,28848] -Duration: 15ms
[07/08/2026 19:37:28] PRISMA: SELECT "public"."Weather_Forecast"."id", "public"."Weather_Forecast"."time", "public"."Weather_Forec -Params: ["2026-08-07 05:37:28.670 UTC","2026-08-08 04:37:28.670 UTC",0] -Duration: 4ms
[07/08/2026 19:37:28] PRISMA: SELECT "public"."User"."id" FROM "public"."User" WHERE ("public"."User"."id" = $1 AND 1=1) LIMIT $2  -Params: [1,1,0] -Duration: 6ms
[07/08/2026 19:37:28] PRISMA: SELECT "public"."Solar_Data"."id", "public"."Solar_Data"."hour", "public"."Solar_Data"."Watts", "pub -Params: ["2026-08-06 17:37:28.659 UTC","2026-08-07 17:37:28.659 UTC",0] -Duration: 5ms
[07/08/2026 19:37:28] PRISMA: SELECT "public"."Washing_Program"."id", "public"."Washing_Program"."type", "public"."Washing_Program -Params: [5,0] -Duration: 4ms
[07/08/2026 19:37:28] PRISMA: SELECT "public"."Miele_Token"."id", "public"."Miele_Token"."accessToken", "public"."Miele_Token"."re -Params: [1,0] -Duration: 1ms
[07/08/2026 19:37:28] PRISMA: SELECT "public"."User"."id", "public"."User"."username" FROM "public"."User" WHERE "public"."User"." -Params: [1,0] -Duration: 1ms
[07/08/2026 19:37:28] PRISMA: SELECT "public"."Miele_Token"."id", "public"."Miele_Token"."accessToken", "public"."Miele_Token"."re -Params: [1,1,0] -Duration: 2ms
[07/08/2026 19:40:00] PRISMA: SELECT 1 -Params: [] -Duration: 6ms
[07/08/2026 19:40:00] PRISMA: INSERT INTO "public"."Solar_Data" ("hour","Watts","total") VALUES ($1,$2,$3) RETURNING "public"."Sol -Params: ["2026-08-07 17:40:00.856 UTC",346,28879] -Duration: 5ms
[07/08/2026 19:42:00] PRISMA: SELECT 1 -Params: [] -Duration: 2ms
[07/08/2026 19:42:00] PRISMA: SELECT 1 -Params: [] -Duration: 3ms
[07/08/2026 19:42:00] PRISMA: SELECT 1 -Params: [] -Duration: 4ms
[07/08/2026 19:42:00] PRISMA: SELECT "public"."Washing_Program"."id", "public"."Washing_Program"."type", "public"."Washing_Program -Params: [5,0] -Duration: 1ms
[07/08/2026 19:42:00] PRISMA: SELECT "public"."User"."id", "public"."User"."username" FROM "public"."User" WHERE "public"."User"." -Params: [1,0] -Duration: 1ms
[07/08/2026 19:42:00] PRISMA: SELECT 1 -Params: [] -Duration: 2ms
[07/08/2026 19:42:00] PRISMA: SELECT "public"."Weather_Forecast"."id", "public"."Weather_Forecast"."time", "public"."Weather_Forec -Params: ["2026-08-07 05:42:00.789 UTC","2026-08-08 04:42:00.789 UTC",0] -Duration: 8ms
[07/08/2026 19:42:00] PRISMA: SELECT "public"."User"."id" FROM "public"."User" WHERE ("public"."User"."id" = $1 AND 1=1) LIMIT $2  -Params: [1,1,0] -Duration: 4ms
[07/08/2026 19:42:00] PRISMA: SELECT "public"."Solar_Data"."id", "public"."Solar_Data"."hour", "public"."Solar_Data"."Watts", "pub -Params: ["2026-08-06 17:42:00.786 UTC","2026-08-07 17:42:00.786 UTC",0] -Duration: 8ms
[07/08/2026 19:42:00] PRISMA: SELECT "public"."Miele_Token"."id", "public"."Miele_Token"."accessToken", "public"."Miele_Token"."re -Params: [1,0] -Duration: 2ms
[07/08/2026 19:42:00] PRISMA: SELECT "public"."Miele_Token"."id", "public"."Miele_Token"."accessToken", "public"."Miele_Token"."re -Params: [1,1,0] -Duration: 0ms
[07/08/2026 19:45:01] PRISMA: INSERT INTO "public"."Solar_Data" ("hour","Watts","total") VALUES ($1,$2,$3) RETURNING "public"."Sol -Params: ["2026-08-07 17:45:01.136 UTC",309,28906] -Duration: 3ms
[07/08/2026 19:50:04] PRISMA: INSERT INTO "public"."Solar_Data" ("hour","Watts","total") VALUES ($1,$2,$3) RETURNING "public"."Sol -Params: ["2026-08-07 17:50:04.052 UTC",267,28930] -Duration: 5ms
[07/08/2026 19:50:28] PRISMA: SELECT 1 -Params: [] -Duration: 8ms
[07/08/2026 19:50:28] PRISMA: SELECT "public"."Washing_Program"."id", "public"."Washing_Program"."type", "public"."Washing_Program -Params: [5,0] -Duration: 18ms
[07/08/2026 19:50:28] PRISMA: SELECT "public"."User"."id", "public"."User"."username" FROM "public"."User" WHERE "public"."User"." -Params: [1,0] -Duration: 6ms
[07/08/2026 19:50:28] PRISMA: SELECT "public"."Weather_Forecast"."id", "public"."Weather_Forecast"."time", "public"."Weather_Forec -Params: ["2026-08-07 05:50:28.732 UTC","2026-08-08 04:50:28.732 UTC",0] -Duration: 3ms
[07/08/2026 19:50:28] PRISMA: SELECT "public"."Solar_Data"."id", "public"."Solar_Data"."hour", "public"."Solar_Data"."Watts", "pub -Params: ["2026-08-06 17:50:28.724 UTC","2026-08-07 17:50:28.724 UTC",0] -Duration: 2ms
[07/08/2026 19:50:28] PRISMA: SELECT "public"."User"."id" FROM "public"."User" WHERE ("public"."User"."id" = $1 AND 1=1) LIMIT $2  -Params: [1,1,0] -Duration: 2ms
[07/08/2026 19:50:28] PRISMA: SELECT "public"."Miele_Token"."id", "public"."Miele_Token"."accessToken", "public"."Miele_Token"."re -Params: [1,0] -Duration: 2ms
[07/08/2026 19:50:28] PRISMA: SELECT "public"."Miele_Token"."id", "public"."Miele_Token"."accessToken", "public"."Miele_Token"."re -Params: [1,1,0] -Duration: 0ms
[07/08/2026 19:55:00] PRISMA: SELECT 1 -Params: [] -Duration: 5ms
[07/08/2026 19:55:00] PRISMA: SELECT 1 -Params: [] -Duration: 5ms
[07/08/2026 19:55:00] PRISMA: SELECT 1 -Params: [] -Duration: 0ms
[07/08/2026 19:55:00] PRISMA: SELECT 1 -Params: [] -Duration: 4ms
[07/08/2026 19:55:00] PRISMA: SELECT "public"."Weather_Forecast"."id", "public"."Weather_Forecast"."time", "public"."Weather_Forec -Params: ["2026-08-07 05:55:00.840 UTC","2026-08-08 04:55:00.840 UTC",0] -Duration: 4ms
[07/08/2026 19:55:00] PRISMA: SELECT "public"."Solar_Data"."id", "public"."Solar_Data"."hour", "public"."Solar_Data"."Watts", "pub -Params: ["2026-08-06 17:55:00.837 UTC","2026-08-07 17:55:00.837 UTC",0] -Duration: 5ms
[07/08/2026 19:55:00] PRISMA: SELECT "public"."User"."id" FROM "public"."User" WHERE ("public"."User"."id" = $1 AND 1=1) LIMIT $2  -Params: [1,1,0] -Duration: 6ms
[07/08/2026 19:55:00] PRISMA: SELECT "public"."Washing_Program"."id", "public"."Washing_Program"."type", "public"."Washing_Program -Params: [5,0] -Duration: 8ms
[07/08/2026 19:55:00] PRISMA: SELECT "public"."User"."id", "public"."User"."username" FROM "public"."User" WHERE "public"."User"." -Params: [1,0] -Duration: 0ms
[07/08/2026 19:55:00] PRISMA: SELECT "public"."Miele_Token"."id", "public"."Miele_Token"."accessToken", "public"."Miele_Token"."re -Params: [1,0] -Duration: 3ms
[07/08/2026 19:55:00] PRISMA: SELECT "public"."Miele_Token"."id", "public"."Miele_Token"."accessToken", "public"."Miele_Token"."re -Params: [1,1,0] -Duration: 0ms
[07/08/2026 19:55:02] PRISMA: INSERT INTO "public"."Solar_Data" ("hour","Watts","total") VALUES ($1,$2,$3) RETURNING "public"."Sol -Params: ["2026-08-07 17:55:02.297 UTC",247,28952] -Duration: 3ms
[07/08/2026 20:00:07] PRISMA: INSERT INTO "public"."Solar_Data" ("hour","Watts","total") VALUES ($1,$2,$3) RETURNING "public"."Sol -Params: ["2026-08-07 18:00:07.055 UTC",222,28972] -Duration: 5ms
[07/08/2026 20:00:28] PRISMA: SELECT 1 -Params: [] -Duration: 6ms
[07/08/2026 20:00:28] PRISMA: SELECT "public"."Washing_Program"."id", "public"."Washing_Program"."type", "public"."Washing_Program -Params: [5,0] -Duration: 23ms
[07/08/2026 20:00:28] PRISMA: SELECT "public"."User"."id", "public"."User"."username" FROM "public"."User" WHERE "public"."User"." -Params: [1,0] -Duration: 9ms
[07/08/2026 20:00:28] PRISMA: SELECT "public"."User"."id" FROM "public"."User" WHERE ("public"."User"."id" = $1 AND 1=1) LIMIT $2  -Params: [1,1,0] -Duration: 2ms
[07/08/2026 20:00:28] PRISMA: SELECT "public"."Weather_Forecast"."id", "public"."Weather_Forecast"."time", "public"."Weather_Forec -Params: ["2026-08-07 06:00:28.761 UTC","2026-08-08 05:00:28.761 UTC",0] -Duration: 3ms
[07/08/2026 20:00:28] PRISMA: SELECT "public"."Miele_Token"."id", "public"."Miele_Token"."accessToken", "public"."Miele_Token"."re -Params: [1,0] -Duration: 1ms
[07/08/2026 20:00:28] PRISMA: SELECT "public"."Solar_Data"."id", "public"."Solar_Data"."hour", "public"."Solar_Data"."Watts", "pub -Params: ["2026-08-06 18:00:28.755 UTC","2026-08-07 18:00:28.755 UTC",0] -Duration: 3ms
[07/08/2026 20:00:28] PRISMA: SELECT "public"."Miele_Token"."id", "public"."Miele_Token"."accessToken", "public"."Miele_Token"."re -Params: [1,1,0] -Duration: 1ms
[07/08/2026 20:05:00] PRISMA: SELECT 1 -Params: [] -Duration: 5ms
[07/08/2026 20:05:00] PRISMA: SELECT 1 -Params: [] -Duration: 6ms
[07/08/2026 20:05:00] PRISMA: SELECT 1 -Params: [] -Duration: 1ms
[07/08/2026 20:05:00] PRISMA: SELECT 1 -Params: [] -Duration: 2ms
[07/08/2026 20:05:00] PRISMA: SELECT "public"."Weather_Forecast"."id", "public"."Weather_Forecast"."time", "public"."Weather_Forec -Params: ["2026-08-07 06:05:00.792 UTC","2026-08-08 05:05:00.792 UTC",0] -Duration: 7ms
[07/08/2026 20:05:00] PRISMA: SELECT "public"."User"."id" FROM "public"."User" WHERE ("public"."User"."id" = $1 AND 1=1) LIMIT $2  -Params: [1,1,0] -Duration: 2ms
[07/08/2026 20:05:00] PRISMA: SELECT "public"."Washing_Program"."id", "public"."Washing_Program"."type", "public"."Washing_Program -Params: [5,0] -Duration: 11ms
[07/08/2026 20:05:00] PRISMA: SELECT "public"."Solar_Data"."id", "public"."Solar_Data"."hour", "public"."Solar_Data"."Watts", "pub -Params: ["2026-08-06 18:05:00.785 UTC","2026-08-07 18:05:00.785 UTC",0] -Duration: 15ms
[07/08/2026 20:05:00] PRISMA: SELECT "public"."Miele_Token"."id", "public"."Miele_Token"."accessToken", "public"."Miele_Token"."re -Params: [1,0] -Duration: 5ms
[07/08/2026 20:05:00] PRISMA: SELECT "public"."User"."id", "public"."User"."username" FROM "public"."User" WHERE "public"."User"." -Params: [1,0] -Duration: 4ms
[07/08/2026 20:05:00] PRISMA: SELECT "public"."Miele_Token"."id", "public"."Miele_Token"."accessToken", "public"."Miele_Token"."re -Params: [1,1,0] -Duration: 0ms
[07/08/2026 20:05:03] PRISMA: INSERT INTO "public"."Solar_Data" ("hour","Watts","total") VALUES ($1,$2,$3) RETURNING "public"."Sol -Params: ["2026-08-07 18:05:02.997 UTC",195,28989] -Duration: 16ms
[07/08/2026 20:09:19] PRISMA: SELECT "public"."Weather_Forecast"."id", "public"."Weather_Forecast"."time", "public"."Weather_Forec -Params: ["2026-08-07 06:09:19.626 UTC","2026-08-08 05:09:19.626 UTC",0] -Duration: 8ms
[07/08/2026 20:10:05] PRISMA: SELECT 1 -Params: [] -Duration: 4ms
[07/08/2026 20:10:05] PRISMA: INSERT INTO "public"."Solar_Data" ("hour","Watts","total") VALUES ($1,$2,$3) RETURNING "public"."Sol -Params: ["2026-08-07 18:10:05.100 UTC",169,29004] -Duration: 6ms
[07/08/2026 20:10:28] PRISMA: SELECT 1 -Params: [] -Duration: 4ms
[07/08/2026 20:10:28] PRISMA: SELECT "public"."Weather_Forecast"."id", "public"."Weather_Forecast"."time", "public"."Weather_Forec -Params: ["2026-08-07 06:10:28.788 UTC","2026-08-08 05:10:28.788 UTC",0] -Duration: 1ms
[07/08/2026 20:10:28] PRISMA: SELECT "public"."Washing_Program"."id", "public"."Washing_Program"."type", "public"."Washing_Program -Params: [5,0] -Duration: 6ms
[07/08/2026 20:10:28] PRISMA: SELECT "public"."User"."id", "public"."User"."username" FROM "public"."User" WHERE "public"."User"." -Params: [1,0] -Duration: 4ms
[07/08/2026 20:10:28] PRISMA: SELECT "public"."Solar_Data"."id", "public"."Solar_Data"."hour", "public"."Solar_Data"."Watts", "pub -Params: ["2026-08-06 18:10:28.805 UTC","2026-08-07 18:10:28.805 UTC",0] -Duration: 3ms
[07/08/2026 20:10:28] PRISMA: SELECT "public"."User"."id" FROM "public"."User" WHERE ("public"."User"."id" = $1 AND 1=1) LIMIT $2  -Params: [1,1,0] -Duration: 2ms
[07/08/2026 20:10:28] PRISMA: SELECT "public"."Miele_Token"."id", "public"."Miele_Token"."accessToken", "public"."Miele_Token"."re -Params: [1,0] -Duration: 3ms
[07/08/2026 20:10:28] PRISMA: SELECT "public"."Miele_Token"."id", "public"."Miele_Token"."accessToken", "public"."Miele_Token"."re -Params: [1,1,0] -Duration: 0ms
[07/08/2026 20:10:50] PRISMA: SELECT 1 -Params: [] -Duration: 1ms
[07/08/2026 20:10:51] PRISMA: SELECT "public"."Weather_Forecast"."id", "public"."Weather_Forecast"."time", "public"."Weather_Forec -Params: ["2026-08-07 06:10:50.989 UTC","2026-08-08 05:10:50.989 UTC",0] -Duration: 9ms
[07/08/2026 20:11:51] PRISMA: SELECT 1 -Params: [] -Duration: 20ms
[07/08/2026 20:11:51] PRISMA: SELECT "public"."Weather_Forecast"."id", "public"."Weather_Forecast"."time", "public"."Weather_Forec -Params: ["2026-08-07 06:11:51.862 UTC","2026-08-08 05:11:51.862 UTC",0] -Duration: 1ms
[07/08/2026 20:13:24] PRISMA: SELECT 1 -Params: [] -Duration: 1ms
[07/08/2026 20:13:24] PRISMA: SELECT "public"."Weather_Forecast"."id", "public"."Weather_Forecast"."time", "public"."Weather_Forec -Params: ["2026-08-07 06:13:24.067 UTC","2026-08-08 05:13:24.067 UTC",0] -Duration: 2ms
[07/08/2026 20:14:25] PRISMA: SELECT 1 -Params: [] -Duration: 25ms
[07/08/2026 20:14:25] PRISMA: SELECT "public"."Weather_Forecast"."id", "public"."Weather_Forecast"."time", "public"."Weather_Forec -Params: ["2026-08-07 06:14:25.099 UTC","2026-08-08 05:14:25.099 UTC",0] -Duration: 6ms
[07/08/2026 20:15:00] PRISMA: SELECT 1 -Params: [] -Duration: 4ms
[07/08/2026 20:15:00] PRISMA: SELECT 1 -Params: [] -Duration: 2ms
[07/08/2026 20:15:00] PRISMA: SELECT "public"."Weather_Forecast"."id", "public"."Weather_Forecast"."time", "public"."Weather_Forec -Params: ["2026-08-07 06:15:00.716 UTC","2026-08-08 05:15:00.716 UTC",0] -Duration: 6ms
[07/08/2026 20:15:00] PRISMA: SELECT "public"."Solar_Data"."id", "public"."Solar_Data"."hour", "public"."Solar_Data"."Watts", "pub -Params: ["2026-08-06 18:15:00.726 UTC","2026-08-07 18:15:00.726 UTC",0] -Duration: 9ms
[07/08/2026 20:15:00] PRISMA: SELECT "public"."Washing_Program"."id", "public"."Washing_Program"."type", "public"."Washing_Program -Params: [5,0] -Duration: 5ms
[07/08/2026 20:15:00] PRISMA: SELECT "public"."User"."id" FROM "public"."User" WHERE ("public"."User"."id" = $1 AND 1=1) LIMIT $2  -Params: [1,1,0] -Duration: 4ms
[07/08/2026 20:15:00] PRISMA: SELECT "public"."User"."id", "public"."User"."username" FROM "public"."User" WHERE "public"."User"." -Params: [1,0] -Duration: 1ms
[07/08/2026 20:15:00] PRISMA: SELECT "public"."Miele_Token"."id", "public"."Miele_Token"."accessToken", "public"."Miele_Token"."re -Params: [1,0] -Duration: 1ms
[07/08/2026 20:15:00] PRISMA: SELECT "public"."Miele_Token"."id", "public"."Miele_Token"."accessToken", "public"."Miele_Token"."re -Params: [1,1,0] -Duration: 0ms
[07/08/2026 20:15:01] PRISMA: INSERT INTO "public"."Solar_Data" ("hour","Watts","total") VALUES ($1,$2,$3) RETURNING "public"."Sol -Params: ["2026-08-07 18:15:01.754 UTC",155,29018] -Duration: 7ms
[07/08/2026 20:15:26] PRISMA: SELECT 1 -Params: [] -Duration: 1ms
[07/08/2026 20:15:26] PRISMA: SELECT "public"."Weather_Forecast"."id", "public"."Weather_Forecast"."time", "public"."Weather_Forec -Params: ["2026-08-07 06:15:26.466 UTC","2026-08-08 05:15:26.466 UTC",0] -Duration: 6ms
[07/08/2026 20:20:03] PRISMA: INSERT INTO "public"."Solar_Data" ("hour","Watts","total") VALUES ($1,$2,$3) RETURNING "public"."Sol -Params: ["2026-08-07 18:20:03.525 UTC",148,29030] -Duration: 5ms
[07/08/2026 20:24:28] PRISMA: SELECT 1 -Params: [] -Duration: 9ms
[07/08/2026 20:24:28] PRISMA: SELECT "public"."Washing_Program"."id", "public"."Washing_Program"."type", "public"."Washing_Program -Params: [5,0] -Duration: 31ms
[07/08/2026 20:24:28] PRISMA: SELECT "public"."User"."id", "public"."User"."username" FROM "public"."User" WHERE "public"."User"." -Params: [1,0] -Duration: 10ms
[07/08/2026 20:24:28] PRISMA: SELECT "public"."Weather_Forecast"."id", "public"."Weather_Forecast"."time", "public"."Weather_Forec -Params: ["2026-08-07 06:24:28.772 UTC","2026-08-08 05:24:28.772 UTC",0] -Duration: 6ms
[07/08/2026 20:24:28] PRISMA: SELECT "public"."User"."id" FROM "public"."User" WHERE ("public"."User"."id" = $1 AND 1=1) LIMIT $2  -Params: [1,1,0] -Duration: 7ms
[07/08/2026 20:24:28] PRISMA: SELECT "public"."Solar_Data"."id", "public"."Solar_Data"."hour", "public"."Solar_Data"."Watts", "pub -Params: ["2026-08-06 18:24:28.763 UTC","2026-08-07 18:24:28.763 UTC",0] -Duration: 7ms
[07/08/2026 20:24:28] PRISMA: SELECT "public"."Miele_Token"."id", "public"."Miele_Token"."accessToken", "public"."Miele_Token"."re -Params: [1,0] -Duration: 3ms
[07/08/2026 20:24:28] PRISMA: SELECT "public"."Miele_Token"."id", "public"."Miele_Token"."accessToken", "public"."Miele_Token"."re -Params: [1,1,0] -Duration: 0ms
[07/08/2026 20:25:01] PRISMA: SELECT 1 -Params: [] -Duration: 9ms
[07/08/2026 20:25:01] PRISMA: INSERT INTO "public"."Solar_Data" ("hour","Watts","total") VALUES ($1,$2,$3) RETURNING "public"."Sol -Params: ["2026-08-07 18:25:01.673 UTC",127,29041] -Duration: 10ms
[07/08/2026 20:29:00] PRISMA: SELECT 1 -Params: [] -Duration: 2ms
[07/08/2026 20:29:00] PRISMA: SELECT 1 -Params: [] -Duration: 2ms
[07/08/2026 20:29:00] PRISMA: SELECT 1 -Params: [] -Duration: 7ms
[07/08/2026 20:29:00] PRISMA: SELECT "public"."Solar_Data"."id", "public"."Solar_Data"."hour", "public"."Solar_Data"."Watts", "pub -Params: ["2026-08-06 18:29:00.914 UTC","2026-08-07 18:29:00.914 UTC",0] -Duration: 2ms
[07/08/2026 20:29:00] PRISMA: SELECT "public"."Weather_Forecast"."id", "public"."Weather_Forecast"."time", "public"."Weather_Forec -Params: ["2026-08-07 06:29:00.917 UTC","2026-08-08 05:29:00.917 UTC",0] -Duration: 1ms
[07/08/2026 20:29:00] PRISMA: SELECT "public"."Washing_Program"."id", "public"."Washing_Program"."type", "public"."Washing_Program -Params: [5,0] -Duration: 13ms
[07/08/2026 20:29:00] PRISMA: SELECT "public"."User"."id", "public"."User"."username" FROM "public"."User" WHERE "public"."User"." -Params: [1,0] -Duration: 1ms
[07/08/2026 20:29:00] PRISMA: SELECT "public"."User"."id" FROM "public"."User" WHERE ("public"."User"."id" = $1 AND 1=1) LIMIT $2  -Params: [1,1,0] -Duration: 19ms
[07/08/2026 20:29:00] PRISMA: SELECT "public"."Miele_Token"."id", "public"."Miele_Token"."accessToken", "public"."Miele_Token"."re -Params: [1,0] -Duration: 10ms
[07/08/2026 20:29:01] PRISMA: SELECT "public"."Miele_Token"."id", "public"."Miele_Token"."accessToken", "public"."Miele_Token"."re -Params: [1,1,0] -Duration: 0ms
[07/08/2026 20:30:03] PRISMA: INSERT INTO "public"."Solar_Data" ("hour","Watts","total") VALUES ($1,$2,$3) RETURNING "public"."Sol -Params: ["2026-08-07 18:30:03.034 UTC",117,29052] -Duration: 5ms
[07/08/2026 20:35:02] PRISMA: SELECT 1 -Params: [] -Duration: 2ms
[07/08/2026 20:35:02] PRISMA: INSERT INTO "public"."Solar_Data" ("hour","Watts","total") VALUES ($1,$2,$3) RETURNING "public"."Sol -Params: ["2026-08-07 18:35:02.528 UTC",103,29061] -Duration: 4ms
[07/08/2026 20:36:28] PRISMA: SELECT "public"."Washing_Program"."id", "public"."Washing_Program"."type", "public"."Washing_Program -Params: [5,0] -Duration: 5ms
[07/08/2026 20:36:28] PRISMA: SELECT "public"."User"."id" FROM "public"."User" WHERE ("public"."User"."id" = $1 AND 1=1) LIMIT $2  -Params: [1,1,0] -Duration: 3ms
[07/08/2026 20:36:28] PRISMA: SELECT "public"."Solar_Data"."id", "public"."Solar_Data"."hour", "public"."Solar_Data"."Watts", "pub -Params: ["2026-08-06 18:36:28.774 UTC","2026-08-07 18:36:28.774 UTC",0] -Duration: 7ms
[07/08/2026 20:36:28] PRISMA: SELECT "public"."Weather_Forecast"."id", "public"."Weather_Forecast"."time", "public"."Weather_Forec -Params: ["2026-08-07 06:36:28.776 UTC","2026-08-08 05:36:28.776 UTC",0] -Duration: 3ms
[07/08/2026 20:36:28] PRISMA: SELECT "public"."User"."id", "public"."User"."username" FROM "public"."User" WHERE "public"."User"." -Params: [1,0] -Duration: 1ms
[07/08/2026 20:36:28] PRISMA: SELECT "public"."Miele_Token"."id", "public"."Miele_Token"."accessToken", "public"."Miele_Token"."re -Params: [1,0] -Duration: 1ms
[07/08/2026 20:36:28] PRISMA: SELECT "public"."Miele_Token"."id", "public"."Miele_Token"."accessToken", "public"."Miele_Token"."re -Params: [1,1,0] -Duration: 0ms
[07/08/2026 20:40:01] PRISMA: SELECT 1 -Params: [] -Duration: 9ms
[07/08/2026 20:40:01] PRISMA: INSERT INTO "public"."Solar_Data" ("hour","Watts","total") VALUES ($1,$2,$3) RETURNING "public"."Sol -Params: ["2026-08-07 18:40:01.746 UTC",86,29069] -Duration: 17ms
[07/08/2026 20:41:00] PRISMA: SELECT 1 -Params: [] -Duration: 11ms
[07/08/2026 20:41:00] PRISMA: SELECT 1 -Params: [] -Duration: 11ms
[07/08/2026 20:41:00] PRISMA: SELECT 1 -Params: [] -Duration: 1ms
[07/08/2026 20:41:00] PRISMA: SELECT "public"."Washing_Program"."id", "public"."Washing_Program"."type", "public"."Washing_Program -Params: [5,0] -Duration: 7ms
[07/08/2026 20:41:00] PRISMA: SELECT "public"."Weather_Forecast"."id", "public"."Weather_Forecast"."time", "public"."Weather_Forec -Params: ["2026-08-07 06:41:00.759 UTC","2026-08-08 05:41:00.759 UTC",0] -Duration: 10ms
[07/08/2026 20:41:00] PRISMA: SELECT 1 -Params: [] -Duration: 1ms
[07/08/2026 20:41:00] PRISMA: SELECT "public"."Solar_Data"."id", "public"."Solar_Data"."hour", "public"."Solar_Data"."Watts", "pub -Params: ["2026-08-06 18:41:00.764 UTC","2026-08-07 18:41:00.764 UTC",0] -Duration: 10ms
[07/08/2026 20:41:00] PRISMA: SELECT "public"."User"."id", "public"."User"."username" FROM "public"."User" WHERE "public"."User"." -Params: [1,0] -Duration: 2ms
[07/08/2026 20:41:00] PRISMA: SELECT "public"."User"."id" FROM "public"."User" WHERE ("public"."User"."id" = $1 AND 1=1) LIMIT $2  -Params: [1,1,0] -Duration: 5ms
[07/08/2026 20:41:00] PRISMA: SELECT "public"."Miele_Token"."id", "public"."Miele_Token"."accessToken", "public"."Miele_Token"."re -Params: [1,0] -Duration: 3ms
[07/08/2026 20:41:00] PRISMA: SELECT "public"."Miele_Token"."id", "public"."Miele_Token"."accessToken", "public"."Miele_Token"."re -Params: [1,1,0] -Duration: 0ms
[07/08/2026 20:45:02] PRISMA: INSERT INTO "public"."Solar_Data" ("hour","Watts","total") VALUES ($1,$2,$3) RETURNING "public"."Sol -Params: ["2026-08-07 18:45:02.855 UTC",76,29076] -Duration: 5ms
[07/08/2026 20:50:00] PRISMA: SELECT 1 -Params: [] -Duration: 3ms
[07/08/2026 20:50:00] PRISMA: INSERT INTO "public"."Solar_Data" ("hour","Watts","total") VALUES ($1,$2,$3) RETURNING "public"."Sol -Params: ["2026-08-07 18:50:00.715 UTC",62,29081] -Duration: 7ms
[07/08/2026 20:55:02] PRISMA: INSERT INTO "public"."Solar_Data" ("hour","Watts","total") VALUES ($1,$2,$3) RETURNING "public"."Sol -Params: ["2026-08-07 18:55:02.885 UTC",46,29086] -Duration: 4ms
[07/08/2026 20:58:28] PRISMA: SELECT 1 -Params: [] -Duration: 9ms
[07/08/2026 20:58:28] PRISMA: SELECT "public"."User"."id" FROM "public"."User" WHERE ("public"."User"."id" = $1 AND 1=1) LIMIT $2  -Params: [1,1,0] -Duration: 28ms
[07/08/2026 20:58:28] PRISMA: SELECT "public"."Miele_Token"."id", "public"."Miele_Token"."accessToken", "public"."Miele_Token"."re -Params: [1,0] -Duration: 9ms
[07/08/2026 20:58:28] PRISMA: SELECT "public"."Miele_Token"."id", "public"."Miele_Token"."accessToken", "public"."Miele_Token"."re -Params: [1,1,0] -Duration: 1ms
[07/08/2026 20:58:28] PRISMA: SELECT "public"."Washing_Program"."id", "public"."Washing_Program"."type", "public"."Washing_Program -Params: [5,0] -Duration: 5ms
[07/08/2026 20:58:28] PRISMA: SELECT "public"."Weather_Forecast"."id", "public"."Weather_Forecast"."time", "public"."Weather_Forec -Params: ["2026-08-07 06:58:28.853 UTC","2026-08-08 05:58:28.853 UTC",0] -Duration: 5ms
[07/08/2026 20:58:28] PRISMA: SELECT "public"."Solar_Data"."id", "public"."Solar_Data"."hour", "public"."Solar_Data"."Watts", "pub -Params: ["2026-08-06 18:58:28.848 UTC","2026-08-07 18:58:28.848 UTC",0] -Duration: 5ms
[07/08/2026 20:58:28] PRISMA: SELECT "public"."User"."id", "public"."User"."username" FROM "public"."User" WHERE "public"."User"." -Params: [1,0] -Duration: 1ms
[07/08/2026 21:00:01] PRISMA: SELECT 1 -Params: [] -Duration: 4ms
[07/08/2026 21:00:01] PRISMA: INSERT INTO "public"."Solar_Data" ("hour","Watts","total") VALUES ($1,$2,$3) RETURNING "public"."Sol -Params: ["2026-08-07 19:00:01.743 UTC",34,29089] -Duration: 21ms
[07/08/2026 21:03:00] PRISMA: SELECT 1 -Params: [] -Duration: 8ms
[07/08/2026 21:03:00] PRISMA: SELECT 1 -Params: [] -Duration: 9ms
[07/08/2026 21:03:00] PRISMA: SELECT 1 -Params: [] -Duration: 11ms
[07/08/2026 21:03:00] PRISMA: SELECT "public"."Weather_Forecast"."id", "public"."Weather_Forecast"."time", "public"."Weather_Forec -Params: ["2026-08-07 07:03:00.752 UTC","2026-08-08 06:03:00.752 UTC",0] -Duration: 7ms
[07/08/2026 21:03:00] PRISMA: SELECT "public"."Washing_Program"."id", "public"."Washing_Program"."type", "public"."Washing_Program -Params: [5,0] -Duration: 16ms
[07/08/2026 21:03:00] PRISMA: SELECT "public"."Solar_Data"."id", "public"."Solar_Data"."hour", "public"."Solar_Data"."Watts", "pub -Params: ["2026-08-06 19:03:00.747 UTC","2026-08-07 19:03:00.747 UTC",0] -Duration: 24ms
[07/08/2026 21:03:00] PRISMA: SELECT "public"."User"."id", "public"."User"."username" FROM "public"."User" WHERE "public"."User"." -Params: [1,0] -Duration: 6ms
[07/08/2026 21:03:00] PRISMA: SELECT "public"."User"."id" FROM "public"."User" WHERE ("public"."User"."id" = $1 AND 1=1) LIMIT $2  -Params: [1,1,0] -Duration: 1ms
[07/08/2026 21:03:00] PRISMA: SELECT "public"."Miele_Token"."id", "public"."Miele_Token"."accessToken", "public"."Miele_Token"."re -Params: [1,0] -Duration: 0ms
[07/08/2026 21:03:00] PRISMA: SELECT "public"."Miele_Token"."id", "public"."Miele_Token"."accessToken", "public"."Miele_Token"."re -Params: [1,1,0] -Duration: 0ms
[07/08/2026 21:05:05] PRISMA: SELECT 1 -Params: [] -Duration: 3ms
[07/08/2026 21:05:05] PRISMA: INSERT INTO "public"."Solar_Data" ("hour","Watts","total") VALUES ($1,$2,$3) RETURNING "public"."Sol -Params: ["2026-08-07 19:05:05.035 UTC",15,29091] -Duration: 8ms
[07/08/2026 21:10:03] PRISMA: INSERT INTO "public"."Solar_Data" ("hour","Watts","total") VALUES ($1,$2,$3) RETURNING "public"."Sol -Params: ["2026-08-07 19:10:03.035 UTC",9,29093] -Duration: 9ms
[07/08/2026 21:10:28] PRISMA: SELECT 1 -Params: [] -Duration: 3ms
[07/08/2026 21:10:28] PRISMA: SELECT "public"."Washing_Program"."id", "public"."Washing_Program"."type", "public"."Washing_Program -Params: [5,0] -Duration: 21ms
[07/08/2026 21:10:28] PRISMA: SELECT "public"."User"."id", "public"."User"."username" FROM "public"."User" WHERE "public"."User"." -Params: [1,0] -Duration: 8ms
[07/08/2026 21:10:28] PRISMA: SELECT "public"."User"."id" FROM "public"."User" WHERE ("public"."User"."id" = $1 AND 1=1) LIMIT $2  -Params: [1,1,0] -Duration: 2ms
[07/08/2026 21:10:28] PRISMA: SELECT "public"."Weather_Forecast"."id", "public"."Weather_Forecast"."time", "public"."Weather_Forec -Params: ["2026-08-07 07:10:28.743 UTC","2026-08-08 06:10:28.743 UTC",0] -Duration: 2ms
[07/08/2026 21:10:28] PRISMA: SELECT "public"."Solar_Data"."id", "public"."Solar_Data"."hour", "public"."Solar_Data"."Watts", "pub -Params: ["2026-08-06 19:10:28.736 UTC","2026-08-07 19:10:28.736 UTC",0] -Duration: 2ms
[07/08/2026 21:10:28] PRISMA: SELECT "public"."Miele_Token"."id", "public"."Miele_Token"."accessToken", "public"."Miele_Token"."re -Params: [1,0] -Duration: 0ms
[07/08/2026 21:10:28] PRISMA: SELECT "public"."Miele_Token"."id", "public"."Miele_Token"."accessToken", "public"."Miele_Token"."re -Params: [1,1,0] -Duration: 1ms
[07/08/2026 21:15:00] PRISMA: SELECT 1 -Params: [] -Duration: 5ms
[07/08/2026 21:15:00] PRISMA: SELECT 1 -Params: [] -Duration: 7ms
[07/08/2026 21:15:00] PRISMA: SELECT 1 -Params: [] -Duration: 3ms
[07/08/2026 21:15:00] PRISMA: SELECT "public"."Weather_Forecast"."id", "public"."Weather_Forecast"."time", "public"."Weather_Forec -Params: ["2026-08-07 07:15:00.698 UTC","2026-08-08 06:15:00.698 UTC",0] -Duration: 5ms
[07/08/2026 21:15:00] PRISMA: SELECT 1 -Params: [] -Duration: 6ms
[07/08/2026 21:15:00] PRISMA: SELECT "public"."User"."id" FROM "public"."User" WHERE ("public"."User"."id" = $1 AND 1=1) LIMIT $2  -Params: [1,1,0] -Duration: 2ms
[07/08/2026 21:15:00] PRISMA: SELECT "public"."Washing_Program"."id", "public"."Washing_Program"."type", "public"."Washing_Program -Params: [5,0] -Duration: 10ms
[07/08/2026 21:15:00] PRISMA: SELECT "public"."User"."id", "public"."User"."username" FROM "public"."User" WHERE "public"."User"." -Params: [1,0] -Duration: 4ms
[07/08/2026 21:15:00] PRISMA: SELECT "public"."Miele_Token"."id", "public"."Miele_Token"."accessToken", "public"."Miele_Token"."re -Params: [1,0] -Duration: 6ms
[07/08/2026 21:15:00] PRISMA: SELECT "public"."Solar_Data"."id", "public"."Solar_Data"."hour", "public"."Solar_Data"."Watts", "pub -Params: ["2026-08-06 19:15:00.692 UTC","2026-08-07 19:15:00.692 UTC",0] -Duration: 15ms
[07/08/2026 21:15:00] PRISMA: SELECT "public"."Miele_Token"."id", "public"."Miele_Token"."accessToken", "public"."Miele_Token"."re -Params: [1,1,0] -Duration: 0ms
[07/08/2026 21:15:01] PRISMA: INSERT INTO "public"."Solar_Data" ("hour","Watts","total") VALUES ($1,$2,$3) RETURNING "public"."Sol -Params: ["2026-08-07 19:15:01.117 UTC",20,29093] -Duration: 6ms
[07/08/2026 21:20:03] PRISMA: INSERT INTO "public"."Solar_Data" ("hour","Watts","total") VALUES ($1,$2,$3) RETURNING "public"."Sol -Params: ["2026-08-07 19:20:03.339 UTC",0,29094] -Duration: 9ms
[07/08/2026 21:22:28] PRISMA: SELECT 1 -Params: [] -Duration: 4ms
[07/08/2026 21:22:28] PRISMA: SELECT "public"."Washing_Program"."id", "public"."Washing_Program"."type", "public"."Washing_Program -Params: [5,0] -Duration: 19ms
[07/08/2026 21:22:28] PRISMA: SELECT "public"."User"."id", "public"."User"."username" FROM "public"."User" WHERE "public"."User"." -Params: [1,0] -Duration: 5ms
[07/08/2026 21:22:28] PRISMA: SELECT "public"."Weather_Forecast"."id", "public"."Weather_Forecast"."time", "public"."Weather_Forec -Params: ["2026-08-07 07:22:28.662 UTC","2026-08-08 06:22:28.662 UTC",0] -Duration: 8ms
[07/08/2026 21:22:28] PRISMA: SELECT "public"."User"."id" FROM "public"."User" WHERE ("public"."User"."id" = $1 AND 1=1) LIMIT $2  -Params: [1,1,0] -Duration: 8ms
[07/08/2026 21:22:28] PRISMA: SELECT "public"."Solar_Data"."id", "public"."Solar_Data"."hour", "public"."Solar_Data"."Watts", "pub -Params: ["2026-08-06 19:22:28.655 UTC","2026-08-07 19:22:28.655 UTC",0] -Duration: 8ms
[07/08/2026 21:22:28] PRISMA: SELECT "public"."Miele_Token"."id", "public"."Miele_Token"."accessToken", "public"."Miele_Token"."re -Params: [1,0] -Duration: 1ms
[07/08/2026 21:22:28] PRISMA: SELECT "public"."Miele_Token"."id", "public"."Miele_Token"."accessToken", "public"."Miele_Token"."re -Params: [1,1,0] -Duration: 0ms
[07/08/2026 21:25:04] PRISMA: SELECT 1 -Params: [] -Duration: 2ms
[07/08/2026 21:25:04] PRISMA: INSERT INTO "public"."Solar_Data" ("hour","Watts","total") VALUES ($1,$2,$3) RETURNING "public"."Sol -Params: ["2026-08-07 19:25:04.494 UTC",0,29094] -Duration: 8ms
[07/08/2026 21:27:00] PRISMA: SELECT 1 -Params: [] -Duration: 1ms
[07/08/2026 21:27:00] PRISMA: SELECT 1 -Params: [] -Duration: 2ms
[07/08/2026 21:27:00] PRISMA: SELECT 1 -Params: [] -Duration: 0ms
[07/08/2026 21:27:00] PRISMA: SELECT "public"."Weather_Forecast"."id", "public"."Weather_Forecast"."time", "public"."Weather_Forec -Params: ["2026-08-07 07:27:00.823 UTC","2026-08-08 06:27:00.823 UTC",0] -Duration: 4ms
[07/08/2026 21:27:00] PRISMA: SELECT "public"."Solar_Data"."id", "public"."Solar_Data"."hour", "public"."Solar_Data"."Watts", "pub -Params: ["2026-08-06 19:27:00.821 UTC","2026-08-07 19:27:00.821 UTC",0] -Duration: 6ms
[07/08/2026 21:27:00] PRISMA: SELECT "public"."Washing_Program"."id", "public"."Washing_Program"."type", "public"."Washing_Program -Params: [5,0] -Duration: 15ms
[07/08/2026 21:27:00] PRISMA: SELECT "public"."User"."id", "public"."User"."username" FROM "public"."User" WHERE "public"."User"." -Params: [1,0] -Duration: 0ms
[07/08/2026 21:27:00] PRISMA: SELECT "public"."User"."id" FROM "public"."User" WHERE ("public"."User"."id" = $1 AND 1=1) LIMIT $2  -Params: [1,1,0] -Duration: 0ms
[07/08/2026 21:27:00] PRISMA: SELECT "public"."Miele_Token"."id", "public"."Miele_Token"."accessToken", "public"."Miele_Token"."re -Params: [1,0] -Duration: 0ms
[07/08/2026 21:27:00] PRISMA: SELECT "public"."Miele_Token"."id", "public"."Miele_Token"."accessToken", "public"."Miele_Token"."re -Params: [1,1,0] -Duration: 0ms
[07/08/2026 21:30:02] PRISMA: INSERT INTO "public"."Solar_Data" ("hour","Watts","total") VALUES ($1,$2,$3) RETURNING "public"."Sol -Params: ["2026-08-07 19:30:02.345 UTC",0,29094] -Duration: 8ms
[07/08/2026 21:35:02] PRISMA: SELECT 1 -Params: [] -Duration: 5ms
[07/08/2026 21:35:02] PRISMA: INSERT INTO "public"."Solar_Data" ("hour","Watts","total") VALUES ($1,$2,$3) RETURNING "public"."Sol -Params: ["2026-08-07 19:35:02.073 UTC",0,29094] -Duration: 10ms
[07/08/2026 21:40:03] PRISMA: INSERT INTO "public"."Solar_Data" ("hour","Watts","total") VALUES ($1,$2,$3) RETURNING "public"."Sol -Params: ["2026-08-07 19:40:03.173 UTC",0,29094] -Duration: 6ms
[07/08/2026 21:44:28] PRISMA: SELECT 1 -Params: [] -Duration: 2ms
[07/08/2026 21:44:28] PRISMA: SELECT "public"."Washing_Program"."id", "public"."Washing_Program"."type", "public"."Washing_Program -Params: [5,0] -Duration: 22ms
[07/08/2026 21:44:28] PRISMA: SELECT "public"."User"."id", "public"."User"."username" FROM "public"."User" WHERE "public"."User"." -Params: [1,0] -Duration: 1ms
[07/08/2026 21:44:28] PRISMA: SELECT "public"."Weather_Forecast"."id", "public"."Weather_Forecast"."time", "public"."Weather_Forec -Params: ["2026-08-07 07:44:28.740 UTC","2026-08-08 06:44:28.740 UTC",0] -Duration: 4ms
[07/08/2026 21:44:28] PRISMA: SELECT "public"."Solar_Data"."id", "public"."Solar_Data"."hour", "public"."Solar_Data"."Watts", "pub -Params: ["2026-08-06 19:44:28.737 UTC","2026-08-07 19:44:28.737 UTC",0] -Duration: 1ms
[07/08/2026 21:44:28] PRISMA: SELECT "public"."User"."id" FROM "public"."User" WHERE ("public"."User"."id" = $1 AND 1=1) LIMIT $2  -Params: [1,1,0] -Duration: 1ms
[07/08/2026 21:44:28] PRISMA: SELECT "public"."Miele_Token"."id", "public"."Miele_Token"."accessToken", "public"."Miele_Token"."re -Params: [1,0] -Duration: 1ms
[07/08/2026 21:44:28] PRISMA: SELECT "public"."Miele_Token"."id", "public"."Miele_Token"."accessToken", "public"."Miele_Token"."re -Params: [1,1,0] -Duration: 0ms
[07/08/2026 21:45:03] PRISMA: SELECT 1 -Params: [] -Duration: 4ms
[07/08/2026 21:45:03] PRISMA: INSERT INTO "public"."Solar_Data" ("hour","Watts","total") VALUES ($1,$2,$3) RETURNING "public"."Sol -Params: ["2026-08-07 19:45:03.038 UTC",0,29094] -Duration: 8ms
[07/08/2026 21:49:00] PRISMA: SELECT 1 -Params: [] -Duration: 6ms
[07/08/2026 21:49:00] PRISMA: SELECT 1 -Params: [] -Duration: 8ms
[07/08/2026 21:49:00] PRISMA: SELECT 1 -Params: [] -Duration: 5ms
[07/08/2026 21:49:00] PRISMA: SELECT "public"."Weather_Forecast"."id", "public"."Weather_Forecast"."time", "public"."Weather_Forec -Params: ["2026-08-07 07:49:00.797 UTC","2026-08-08 06:49:00.797 UTC",0] -Duration: 9ms
[07/08/2026 21:49:00] PRISMA: SELECT "public"."Solar_Data"."id", "public"."Solar_Data"."hour", "public"."Solar_Data"."Watts", "pub -Params: ["2026-08-06 19:49:00.795 UTC","2026-08-07 19:49:00.795 UTC",0] -Duration: 9ms
[07/08/2026 21:49:00] PRISMA: SELECT "public"."Washing_Program"."id", "public"."Washing_Program"."type", "public"."Washing_Program -Params: [5,0] -Duration: 29ms
[07/08/2026 21:49:00] PRISMA: SELECT "public"."User"."id", "public"."User"."username" FROM "public"."User" WHERE "public"."User"." -Params: [1,0] -Duration: 1ms
[07/08/2026 21:49:00] PRISMA: SELECT "public"."User"."id" FROM "public"."User" WHERE ("public"."User"."id" = $1 AND 1=1) LIMIT $2  -Params: [1,1,0] -Duration: 2ms
[07/08/2026 21:49:00] PRISMA: SELECT "public"."Miele_Token"."id", "public"."Miele_Token"."accessToken", "public"."Miele_Token"."re -Params: [1,0] -Duration: 2ms
[07/08/2026 21:49:00] PRISMA: SELECT "public"."Miele_Token"."id", "public"."Miele_Token"."accessToken", "public"."Miele_Token"."re -Params: [1,1,0] -Duration: 0ms
[07/08/2026 21:50:02] PRISMA: SELECT 1 -Params: [] -Duration: 4ms
[07/08/2026 21:50:02] PRISMA: INSERT INTO "public"."Solar_Data" ("hour","Watts","total") VALUES ($1,$2,$3) RETURNING "public"."Sol -Params: ["2026-08-07 19:50:02.681 UTC",0,29094] -Duration: 19ms
[07/08/2026 21:55:03] PRISMA: INSERT INTO "public"."Solar_Data" ("hour","Watts","total") VALUES ($1,$2,$3) RETURNING "public"."Sol -Params: ["2026-08-07 19:55:03.633 UTC",0,29094] -Duration: 3ms
[07/08/2026 22:00:04] PRISMA: INSERT INTO "public"."Solar_Data" ("hour","Watts","total") VALUES ($1,$2,$3) RETURNING "public"."Sol -Params: ["2026-08-07 20:00:04.590 UTC",0,29094] -Duration: 5ms
[07/08/2026 22:05:04] PRISMA: SELECT 1 -Params: [] -Duration: 7ms
[07/08/2026 22:05:04] PRISMA: INSERT INTO "public"."Solar_Data" ("hour","Watts","total") VALUES ($1,$2,$3) RETURNING "public"."Sol -Params: ["2026-08-07 20:05:04.114 UTC",0,29094] -Duration: 3ms
[07/08/2026 22:10:02] PRISMA: INSERT INTO "public"."Solar_Data" ("hour","Watts","total") VALUES ($1,$2,$3) RETURNING "public"."Sol -Params: ["2026-08-07 20:10:02.622 UTC",0,29094] -Duration: 12ms
[07/08/2026 22:15:04] PRISMA: INSERT INTO "public"."Solar_Data" ("hour","Watts","total") VALUES ($1,$2,$3) RETURNING "public"."Sol -Params: ["2026-08-07 20:15:04.269 UTC",0,29094] -Duration: 7ms
[07/08/2026 22:20:05] PRISMA: INSERT INTO "public"."Solar_Data" ("hour","Watts","total") VALUES ($1,$2,$3) RETURNING "public"."Sol -Params: ["2026-08-07 20:20:04.989 UTC",0,29094] -Duration: 10ms
[07/08/2026 22:21:28] PRISMA: SELECT 1 -Params: [] -Duration: 9ms
[07/08/2026 22:21:28] PRISMA: SELECT "public"."Washing_Program"."id", "public"."Washing_Program"."type", "public"."Washing_Program -Params: [5,0] -Duration: 21ms
[07/08/2026 22:21:28] PRISMA: SELECT "public"."User"."id", "public"."User"."username" FROM "public"."User" WHERE "public"."User"." -Params: [1,0] -Duration: 10ms
[07/08/2026 22:21:28] PRISMA: SELECT "public"."User"."id" FROM "public"."User" WHERE ("public"."User"."id" = $1 AND 1=1) LIMIT $2  -Params: [1,1,0] -Duration: 4ms
[07/08/2026 22:21:28] PRISMA: SELECT "public"."Solar_Data"."id", "public"."Solar_Data"."hour", "public"."Solar_Data"."Watts", "pub -Params: ["2026-08-06 20:21:28.780 UTC","2026-08-07 20:21:28.780 UTC",0] -Duration: 5ms
[07/08/2026 22:21:28] PRISMA: SELECT "public"."Weather_Forecast"."id", "public"."Weather_Forecast"."time", "public"."Weather_Forec -Params: ["2026-08-07 08:21:28.781 UTC","2026-08-08 07:21:28.781 UTC",0] -Duration: 6ms
[07/08/2026 22:21:28] PRISMA: SELECT "public"."Miele_Token"."id", "public"."Miele_Token"."accessToken", "public"."Miele_Token"."re -Params: [1,0] -Duration: 2ms
[07/08/2026 22:21:28] PRISMA: SELECT "public"."Miele_Token"."id", "public"."Miele_Token"."accessToken", "public"."Miele_Token"."re -Params: [1,1,0] -Duration: 0ms
[07/08/2026 22:25:01] PRISMA: SELECT 1 -Params: [] -Duration: 8ms
[07/08/2026 22:25:01] PRISMA: INSERT INTO "public"."Solar_Data" ("hour","Watts","total") VALUES ($1,$2,$3) RETURNING "public"."Sol -Params: ["2026-08-07 20:25:01.570 UTC",0,29094] -Duration: 18ms
[07/08/2026 22:26:00] PRISMA: SELECT 1 -Params: [] -Duration: 6ms
[07/08/2026 22:26:00] PRISMA: SELECT 1 -Params: [] -Duration: 3ms
[07/08/2026 22:26:00] PRISMA: SELECT 1 -Params: [] -Duration: 2ms
[07/08/2026 22:26:00] PRISMA: SELECT "public"."Solar_Data"."id", "public"."Solar_Data"."hour", "public"."Solar_Data"."Watts", "pub -Params: ["2026-08-06 20:26:00.838 UTC","2026-08-07 20:26:00.838 UTC",0] -Duration: 21ms
[07/08/2026 22:26:00] PRISMA: SELECT "public"."Washing_Program"."id", "public"."Washing_Program"."type", "public"."Washing_Program -Params: [5,0] -Duration: 17ms
[07/08/2026 22:26:00] PRISMA: SELECT "public"."Weather_Forecast"."id", "public"."Weather_Forecast"."time", "public"."Weather_Forec -Params: ["2026-08-07 08:26:00.830 UTC","2026-08-08 07:26:00.830 UTC",0] -Duration: 22ms
[07/08/2026 22:26:00] PRISMA: SELECT "public"."User"."id", "public"."User"."username" FROM "public"."User" WHERE "public"."User"." -Params: [1,0] -Duration: 9ms
[07/08/2026 22:26:00] PRISMA: SELECT "public"."User"."id" FROM "public"."User" WHERE ("public"."User"."id" = $1 AND 1=1) LIMIT $2  -Params: [1,1,0] -Duration: 2ms
[07/08/2026 22:26:00] PRISMA: SELECT "public"."Miele_Token"."id", "public"."Miele_Token"."accessToken", "public"."Miele_Token"."re -Params: [1,0] -Duration: 6ms
[07/08/2026 22:26:00] PRISMA: SELECT "public"."Miele_Token"."id", "public"."Miele_Token"."accessToken", "public"."Miele_Token"."re -Params: [1,1,0] -Duration: 0ms
[07/08/2026 22:30:02] PRISMA: SELECT 1 -Params: [] -Duration: 5ms
[07/08/2026 22:30:02] PRISMA: INSERT INTO "public"."Solar_Data" ("hour","Watts","total") VALUES ($1,$2,$3) RETURNING "public"."Sol -Params: ["2026-08-07 20:30:02.577 UTC",0,29094] -Duration: 13ms
[07/08/2026 22:32:28] PRISMA: SELECT "public"."Solar_Data"."id", "public"."Solar_Data"."hour", "public"."Solar_Data"."Watts", "pub -Params: ["2026-08-06 20:32:28.667 UTC","2026-08-07 20:32:28.667 UTC",0] -Duration: 9ms
[07/08/2026 22:32:28] PRISMA: SELECT "public"."User"."id" FROM "public"."User" WHERE ("public"."User"."id" = $1 AND 1=1) LIMIT $2  -Params: [1,1,0] -Duration: 2ms
[07/08/2026 22:32:28] PRISMA: SELECT "public"."Washing_Program"."id", "public"."Washing_Program"."type", "public"."Washing_Program -Params: [5,0] -Duration: 2ms
[07/08/2026 22:32:28] PRISMA: SELECT "public"."Weather_Forecast"."id", "public"."Weather_Forecast"."time", "public"."Weather_Forec -Params: ["2026-08-07 08:32:28.672 UTC","2026-08-08 07:32:28.672 UTC",0] -Duration: 3ms
[07/08/2026 22:32:28] PRISMA: SELECT "public"."Miele_Token"."id", "public"."Miele_Token"."accessToken", "public"."Miele_Token"."re -Params: [1,0] -Duration: 1ms
[07/08/2026 22:32:28] PRISMA: SELECT "public"."User"."id", "public"."User"."username" FROM "public"."User" WHERE "public"."User"." -Params: [1,0] -Duration: 1ms
[07/08/2026 22:32:28] PRISMA: SELECT "public"."Miele_Token"."id", "public"."Miele_Token"."accessToken", "public"."Miele_Token"."re -Params: [1,1,0] -Duration: 0ms
[07/08/2026 22:35:05] PRISMA: SELECT 1 -Params: [] -Duration: 3ms
[07/08/2026 22:35:05] PRISMA: INSERT INTO "public"."Solar_Data" ("hour","Watts","total") VALUES ($1,$2,$3) RETURNING "public"."Sol -Params: ["2026-08-07 20:35:05.530 UTC",0,29094] -Duration: 15ms
[07/08/2026 22:37:00] PRISMA: SELECT 1 -Params: [] -Duration: 4ms
[07/08/2026 22:37:00] PRISMA: SELECT 1 -Params: [] -Duration: 1ms
[07/08/2026 22:37:00] PRISMA: SELECT 1 -Params: [] -Duration: 4ms
[07/08/2026 22:37:00] PRISMA: SELECT 1 -Params: [] -Duration: 0ms
[07/08/2026 22:37:00] PRISMA: SELECT "public"."Weather_Forecast"."id", "public"."Weather_Forecast"."time", "public"."Weather_Forec -Params: ["2026-08-07 08:37:00.679 UTC","2026-08-08 07:37:00.679 UTC",0] -Duration: 8ms
[07/08/2026 22:37:00] PRISMA: SELECT "public"."Solar_Data"."id", "public"."Solar_Data"."hour", "public"."Solar_Data"."Watts", "pub -Params: ["2026-08-06 20:37:00.675 UTC","2026-08-07 20:37:00.675 UTC",0] -Duration: 11ms
[07/08/2026 22:37:00] PRISMA: SELECT "public"."Washing_Program"."id", "public"."Washing_Program"."type", "public"."Washing_Program -Params: [5,0] -Duration: 11ms
[07/08/2026 22:37:00] PRISMA: SELECT "public"."User"."id", "public"."User"."username" FROM "public"."User" WHERE "public"."User"." -Params: [1,0] -Duration: 1ms
[07/08/2026 22:37:00] PRISMA: SELECT "public"."User"."id" FROM "public"."User" WHERE ("public"."User"."id" = $1 AND 1=1) LIMIT $2  -Params: [1,1,0] -Duration: 16ms
[07/08/2026 22:37:00] PRISMA: SELECT "public"."Miele_Token"."id", "public"."Miele_Token"."accessToken", "public"."Miele_Token"."re -Params: [1,0] -Duration: 4ms
[07/08/2026 22:37:00] PRISMA: SELECT "public"."Miele_Token"."id", "public"."Miele_Token"."accessToken", "public"."Miele_Token"."re -Params: [1,1,0] -Duration: 0ms
[07/08/2026 22:40:03] PRISMA: INSERT INTO "public"."Solar_Data" ("hour","Watts","total") VALUES ($1,$2,$3) RETURNING "public"."Sol -Params: ["2026-08-07 20:40:03.557 UTC",0,29094] -Duration: 3ms
[07/08/2026 22:42:28] PRISMA: SELECT 1 -Params: [] -Duration: 2ms
[07/08/2026 22:42:28] PRISMA: SELECT "public"."Washing_Program"."id", "public"."Washing_Program"."type", "public"."Washing_Program -Params: [5,0] -Duration: 14ms
[07/08/2026 22:42:28] PRISMA: SELECT "public"."User"."id", "public"."User"."username" FROM "public"."User" WHERE "public"."User"." -Params: [1,0] -Duration: 4ms
[07/08/2026 22:42:28] PRISMA: SELECT "public"."Weather_Forecast"."id", "public"."Weather_Forecast"."time", "public"."Weather_Forec -Params: ["2026-08-07 08:42:28.767 UTC","2026-08-08 07:42:28.767 UTC",0] -Duration: 3ms
[07/08/2026 22:42:28] PRISMA: SELECT "public"."User"."id" FROM "public"."User" WHERE ("public"."User"."id" = $1 AND 1=1) LIMIT $2  -Params: [1,1,0] -Duration: 2ms
[07/08/2026 22:42:28] PRISMA: SELECT "public"."Miele_Token"."id", "public"."Miele_Token"."accessToken", "public"."Miele_Token"."re -Params: [1,0] -Duration: 7ms
[07/08/2026 22:42:28] PRISMA: SELECT "public"."Solar_Data"."id", "public"."Solar_Data"."hour", "public"."Solar_Data"."Watts", "pub -Params: ["2026-08-06 20:42:28.745 UTC","2026-08-07 20:42:28.745 UTC",0] -Duration: 4ms
[07/08/2026 22:42:28] PRISMA: SELECT "public"."Miele_Token"."id", "public"."Miele_Token"."accessToken", "public"."Miele_Token"."re -Params: [1,1,0] -Duration: 1ms
[07/08/2026 22:45:07] PRISMA: SELECT 1 -Params: [] -Duration: 7ms
[07/08/2026 22:45:07] PRISMA: INSERT INTO "public"."Solar_Data" ("hour","Watts","total") VALUES ($1,$2,$3) RETURNING "public"."Sol -Params: ["2026-08-07 20:45:07.471 UTC",0,29094] -Duration: 5ms
[07/08/2026 22:47:00] PRISMA: SELECT 1 -Params: [] -Duration: 5ms
[07/08/2026 22:47:00] PRISMA: SELECT "public"."Washing_Program"."id", "public"."Washing_Program"."type", "public"."Washing_Program -Params: [5,0] -Duration: 23ms
[07/08/2026 22:47:00] PRISMA: SELECT "public"."User"."id", "public"."User"."username" FROM "public"."User" WHERE "public"."User"." -Params: [1,0] -Duration: 3ms
[07/08/2026 22:47:00] PRISMA: SELECT "public"."Weather_Forecast"."id", "public"."Weather_Forecast"."time", "public"."Weather_Forec -Params: ["2026-08-07 08:47:00.678 UTC","2026-08-08 07:47:00.678 UTC",0] -Duration: 4ms
[07/08/2026 22:47:00] PRISMA: SELECT "public"."User"."id" FROM "public"."User" WHERE ("public"."User"."id" = $1 AND 1=1) LIMIT $2  -Params: [1,1,0] -Duration: 2ms
[07/08/2026 22:47:00] PRISMA: SELECT "public"."Miele_Token"."id", "public"."Miele_Token"."accessToken", "public"."Miele_Token"."re -Params: [1,0] -Duration: 2ms
[07/08/2026 22:47:00] PRISMA: SELECT "public"."Solar_Data"."id", "public"."Solar_Data"."hour", "public"."Solar_Data"."Watts", "pub -Params: ["2026-08-06 20:47:00.673 UTC","2026-08-07 20:47:00.673 UTC",0] -Duration: 3ms
[07/08/2026 22:47:00] PRISMA: SELECT "public"."Miele_Token"."id", "public"."Miele_Token"."accessToken", "public"."Miele_Token"."re -Params: [1,1,0] -Duration: 1ms
[07/08/2026 22:50:02] PRISMA: SELECT 1 -Params: [] -Duration: 9ms
[07/08/2026 22:50:02] PRISMA: INSERT INTO "public"."Solar_Data" ("hour","Watts","total") VALUES ($1,$2,$3) RETURNING "public"."Sol -Params: ["2026-08-07 20:50:02.641 UTC",0,29094] -Duration: 13ms
[07/08/2026 22:55:05] PRISMA: INSERT INTO "public"."Solar_Data" ("hour","Watts","total") VALUES ($1,$2,$3) RETURNING "public"."Sol -Params: ["2026-08-07 20:55:05.368 UTC",0,29094] -Duration: 6ms
[07/08/2026 23:00:05] PRISMA: INSERT INTO "public"."Solar_Data" ("hour","Watts","total") VALUES ($1,$2,$3) RETURNING "public"."Sol -Params: ["2026-08-07 21:00:05.570 UTC",0,29094] -Duration: 3ms
[07/08/2026 23:05:01] PRISMA: SELECT 1 -Params: [] -Duration: 3ms
[07/08/2026 23:05:01] PRISMA: INSERT INTO "public"."Solar_Data" ("hour","Watts","total") VALUES ($1,$2,$3) RETURNING "public"."Sol -Params: ["2026-08-07 21:05:01.593 UTC",0,29094] -Duration: 6ms
[07/08/2026 23:10:01] PRISMA: INSERT INTO "public"."Solar_Data" ("hour","Watts","total") VALUES ($1,$2,$3) RETURNING "public"."Sol -Params: ["2026-08-07 21:10:01.728 UTC",0,29094] -Duration: 5ms
[07/08/2026 23:15:02] PRISMA: INSERT INTO "public"."Solar_Data" ("hour","Watts","total") VALUES ($1,$2,$3) RETURNING "public"."Sol -Params: ["2026-08-07 21:15:02.697 UTC",0,29094] -Duration: 4ms
[07/08/2026 23:15:28] PRISMA: SELECT 1 -Params: [] -Duration: 2ms
[07/08/2026 23:15:28] PRISMA: SELECT "public"."Washing_Program"."id", "public"."Washing_Program"."type", "public"."Washing_Program -Params: [5,0] -Duration: 24ms
[07/08/2026 23:15:28] PRISMA: SELECT "public"."User"."id", "public"."User"."username" FROM "public"."User" WHERE "public"."User"." -Params: [1,0] -Duration: 14ms
[07/08/2026 23:15:28] PRISMA: SELECT "public"."User"."id" FROM "public"."User" WHERE ("public"."User"."id" = $1 AND 1=1) LIMIT $2  -Params: [1,1,0] -Duration: 1ms
[07/08/2026 23:15:28] PRISMA: SELECT "public"."Solar_Data"."id", "public"."Solar_Data"."hour", "public"."Solar_Data"."Watts", "pub -Params: ["2026-08-06 21:15:28.795 UTC","2026-08-07 21:15:28.795 UTC",0] -Duration: 3ms
[07/08/2026 23:15:28] PRISMA: SELECT "public"."Weather_Forecast"."id", "public"."Weather_Forecast"."time", "public"."Weather_Forec -Params: ["2026-08-07 09:15:28.798 UTC","2026-08-08 08:15:28.798 UTC",0] -Duration: 3ms
[07/08/2026 23:15:28] PRISMA: SELECT "public"."Miele_Token"."id", "public"."Miele_Token"."accessToken", "public"."Miele_Token"."re -Params: [1,0] -Duration: 2ms
[07/08/2026 23:15:28] PRISMA: SELECT "public"."Miele_Token"."id", "public"."Miele_Token"."accessToken", "public"."Miele_Token"."re -Params: [1,1,0] -Duration: 1ms
[07/08/2026 23:20:00] PRISMA: SELECT 1 -Params: [] -Duration: 7ms
[07/08/2026 23:20:00] PRISMA: SELECT 1 -Params: [] -Duration: 4ms
[07/08/2026 23:20:00] PRISMA: SELECT 1 -Params: [] -Duration: 8ms
[07/08/2026 23:20:00] PRISMA: SELECT 1 -Params: [] -Duration: 1ms
[07/08/2026 23:20:00] PRISMA: SELECT "public"."User"."id" FROM "public"."User" WHERE ("public"."User"."id" = $1 AND 1=1) LIMIT $2  -Params: [1,1,0] -Duration: 4ms
[07/08/2026 23:20:00] PRISMA: SELECT "public"."Washing_Program"."id", "public"."Washing_Program"."type", "public"."Washing_Program -Params: [5,0] -Duration: 7ms
[07/08/2026 23:20:00] PRISMA: SELECT "public"."Weather_Forecast"."id", "public"."Weather_Forecast"."time", "public"."Weather_Forec -Params: ["2026-08-07 09:20:00.669 UTC","2026-08-08 08:20:00.669 UTC",0] -Duration: 8ms
[07/08/2026 23:20:00] PRISMA: SELECT "public"."Miele_Token"."id", "public"."Miele_Token"."accessToken", "public"."Miele_Token"."re -Params: [1,0] -Duration: 3ms
[07/08/2026 23:20:00] PRISMA: SELECT "public"."Solar_Data"."id", "public"."Solar_Data"."hour", "public"."Solar_Data"."Watts", "pub -Params: ["2026-08-06 21:20:00.665 UTC","2026-08-07 21:20:00.665 UTC",0] -Duration: 10ms
[07/08/2026 23:20:00] PRISMA: SELECT "public"."User"."id", "public"."User"."username" FROM "public"."User" WHERE "public"."User"." -Params: [1,0] -Duration: 4ms
[07/08/2026 23:20:00] PRISMA: SELECT "public"."Miele_Token"."id", "public"."Miele_Token"."accessToken", "public"."Miele_Token"."re -Params: [1,1,0] -Duration: 0ms
[07/08/2026 23:20:03] PRISMA: INSERT INTO "public"."Solar_Data" ("hour","Watts","total") VALUES ($1,$2,$3) RETURNING "public"."Sol -Params: ["2026-08-07 21:20:03.200 UTC",0,29094] -Duration: 8ms
[07/08/2026 23:25:01] PRISMA: INSERT INTO "public"."Solar_Data" ("hour","Watts","total") VALUES ($1,$2,$3) RETURNING "public"."Sol -Params: ["2026-08-07 21:25:01.033 UTC",0,29094] -Duration: 5ms
[07/08/2026 23:30:07] PRISMA: INSERT INTO "public"."Solar_Data" ("hour","Watts","total") VALUES ($1,$2,$3) RETURNING "public"."Sol -Params: ["2026-08-07 21:30:07.011 UTC",0,29094] -Duration: 10ms
[07/08/2026 23:34:28] PRISMA: SELECT 1 -Params: [] -Duration: 7ms
[07/08/2026 23:34:28] PRISMA: SELECT "public"."Solar_Data"."id", "public"."Solar_Data"."hour", "public"."Solar_Data"."Watts", "pub -Params: ["2026-08-06 21:34:28.780 UTC","2026-08-07 21:34:28.780 UTC",0] -Duration: 27ms
[07/08/2026 23:34:28] PRISMA: SELECT "public"."Washing_Program"."id", "public"."Washing_Program"."type", "public"."Washing_Program -Params: [5,0] -Duration: 4ms
[07/08/2026 23:34:28] PRISMA: SELECT "public"."Weather_Forecast"."id", "public"."Weather_Forecast"."time", "public"."Weather_Forec -Params: ["2026-08-07 09:34:28.787 UTC","2026-08-08 08:34:28.787 UTC",0] -Duration: 6ms
[07/08/2026 23:34:28] PRISMA: SELECT "public"."User"."id" FROM "public"."User" WHERE ("public"."User"."id" = $1 AND 1=1) LIMIT $2  -Params: [1,1,0] -Duration: 7ms
[07/08/2026 23:34:28] PRISMA: SELECT "public"."User"."id", "public"."User"."username" FROM "public"."User" WHERE "public"."User"." -Params: [1,0] -Duration: 2ms
[07/08/2026 23:34:28] PRISMA: SELECT "public"."Miele_Token"."id", "public"."Miele_Token"."accessToken", "public"."Miele_Token"."re -Params: [1,0] -Duration: 2ms
[07/08/2026 23:34:28] PRISMA: SELECT "public"."Miele_Token"."id", "public"."Miele_Token"."accessToken", "public"."Miele_Token"."re -Params: [1,1,0] -Duration: 1ms
[07/08/2026 23:35:06] PRISMA: SELECT 1 -Params: [] -Duration: 10ms
[07/08/2026 23:35:06] PRISMA: INSERT INTO "public"."Solar_Data" ("hour","Watts","total") VALUES ($1,$2,$3) RETURNING "public"."Sol -Params: ["2026-08-07 21:35:06.220 UTC",0,29094] -Duration: 13ms
[07/08/2026 23:39:00] PRISMA: SELECT 1 -Params: [] -Duration: 4ms
[07/08/2026 23:39:00] PRISMA: SELECT 1 -Params: [] -Duration: 8ms
[07/08/2026 23:39:00] PRISMA: SELECT 1 -Params: [] -Duration: 7ms
[07/08/2026 23:39:00] PRISMA: SELECT "public"."Solar_Data"."id", "public"."Solar_Data"."hour", "public"."Solar_Data"."Watts", "pub -Params: ["2026-08-06 21:39:00.623 UTC","2026-08-07 21:39:00.623 UTC",0] -Duration: 17ms
[07/08/2026 23:39:00] PRISMA: SELECT "public"."Washing_Program"."id", "public"."Washing_Program"."type", "public"."Washing_Program -Params: [5,0] -Duration: 8ms
[07/08/2026 23:39:00] PRISMA: SELECT "public"."Weather_Forecast"."id", "public"."Weather_Forecast"."time", "public"."Weather_Forec -Params: ["2026-08-07 09:39:00.631 UTC","2026-08-08 08:39:00.631 UTC",0] -Duration: 19ms
[07/08/2026 23:39:00] PRISMA: SELECT "public"."User"."id" FROM "public"."User" WHERE ("public"."User"."id" = $1 AND 1=1) LIMIT $2  -Params: [1,1,0] -Duration: 0ms
[07/08/2026 23:39:00] PRISMA: SELECT "public"."Miele_Token"."id", "public"."Miele_Token"."accessToken", "public"."Miele_Token"."re -Params: [1,0] -Duration: 0ms
[07/08/2026 23:39:00] PRISMA: SELECT "public"."User"."id", "public"."User"."username" FROM "public"."User" WHERE "public"."User"." -Params: [1,0] -Duration: 3ms
[07/08/2026 23:39:00] PRISMA: SELECT "public"."Miele_Token"."id", "public"."Miele_Token"."accessToken", "public"."Miele_Token"."re -Params: [1,1,0] -Duration: 1ms
[07/08/2026 23:40:02] PRISMA: INSERT INTO "public"."Solar_Data" ("hour","Watts","total") VALUES ($1,$2,$3) RETURNING "public"."Sol -Params: ["2026-08-07 21:40:02.672 UTC",0,29094] -Duration: 5ms
[07/08/2026 23:45:04] PRISMA: INSERT INTO "public"."Solar_Data" ("hour","Watts","total") VALUES ($1,$2,$3) RETURNING "public"."Sol -Params: ["2026-08-07 21:45:04.497 UTC",0,29094] -Duration: 5ms
[07/08/2026 23:50:06] PRISMA: INSERT INTO "public"."Solar_Data" ("hour","Watts","total") VALUES ($1,$2,$3) RETURNING "public"."Sol -Params: ["2026-08-07 21:50:06.824 UTC",0,29094] -Duration: 5ms
[07/08/2026 23:50:28] PRISMA: SELECT 1 -Params: [] -Duration: 10ms
[07/08/2026 23:50:28] PRISMA: SELECT "public"."Solar_Data"."id", "public"."Solar_Data"."hour", "public"."Solar_Data"."Watts", "pub -Params: ["2026-08-06 21:50:28.876 UTC","2026-08-07 21:50:28.876 UTC",0] -Duration: 17ms
[07/08/2026 23:50:28] PRISMA: SELECT "public"."Weather_Forecast"."id", "public"."Weather_Forecast"."time", "public"."Weather_Forec -Params: ["2026-08-07 09:50:28.889 UTC","2026-08-08 08:50:28.889 UTC",0] -Duration: 3ms
[07/08/2026 23:50:28] PRISMA: SELECT "public"."Washing_Program"."id", "public"."Washing_Program"."type", "public"."Washing_Program -Params: [5,0] -Duration: 3ms
[07/08/2026 23:50:28] PRISMA: SELECT "public"."User"."id" FROM "public"."User" WHERE ("public"."User"."id" = $1 AND 1=1) LIMIT $2  -Params: [1,1,0] -Duration: 4ms
[07/08/2026 23:50:28] PRISMA: SELECT "public"."User"."id", "public"."User"."username" FROM "public"."User" WHERE "public"."User"." -Params: [1,0] -Duration: 1ms
[07/08/2026 23:50:28] PRISMA: SELECT "public"."Miele_Token"."id", "public"."Miele_Token"."accessToken", "public"."Miele_Token"."re -Params: [1,0] -Duration: 1ms
[07/08/2026 23:50:28] PRISMA: SELECT "public"."Miele_Token"."id", "public"."Miele_Token"."accessToken", "public"."Miele_Token"."re -Params: [1,1,0] -Duration: 1ms
[07/08/2026 23:55:00] PRISMA: SELECT 1 -Params: [] -Duration: 4ms
[07/08/2026 23:55:00] PRISMA: SELECT 1 -Params: [] -Duration: 7ms
[07/08/2026 23:55:00] PRISMA: SELECT 1 -Params: [] -Duration: 1ms
[07/08/2026 23:55:00] PRISMA: SELECT "public"."Solar_Data"."id", "public"."Solar_Data"."hour", "public"."Solar_Data"."Watts", "pub -Params: ["2026-08-06 21:55:00.708 UTC","2026-08-07 21:55:00.708 UTC",0] -Duration: 8ms
[07/08/2026 23:55:00] PRISMA: SELECT "public"."Weather_Forecast"."id", "public"."Weather_Forecast"."time", "public"."Weather_Forec -Params: ["2026-08-07 09:55:00.721 UTC","2026-08-08 08:55:00.721 UTC",0] -Duration: 4ms
[07/08/2026 23:55:00] PRISMA: SELECT "public"."Washing_Program"."id", "public"."Washing_Program"."type", "public"."Washing_Program -Params: [5,0] -Duration: 12ms
[07/08/2026 23:55:00] PRISMA: SELECT "public"."User"."id", "public"."User"."username" FROM "public"."User" WHERE "public"."User"." -Params: [1,0] -Duration: 0ms
[07/08/2026 23:55:00] PRISMA: SELECT "public"."User"."id" FROM "public"."User" WHERE ("public"."User"."id" = $1 AND 1=1) LIMIT $2  -Params: [1,1,0] -Duration: 0ms
[07/08/2026 23:55:00] PRISMA: SELECT "public"."Miele_Token"."id", "public"."Miele_Token"."accessToken", "public"."Miele_Token"."re -Params: [1,0] -Duration: 0ms
[07/08/2026 23:55:00] PRISMA: SELECT "public"."Miele_Token"."id", "public"."Miele_Token"."accessToken", "public"."Miele_Token"."re -Params: [1,1,0] -Duration: 0ms
[07/08/2026 23:55:01] PRISMA: INSERT INTO "public"."Solar_Data" ("hour","Watts","total") VALUES ($1,$2,$3) RETURNING "public"."Sol -Params: ["2026-08-07 21:55:01.583 UTC",0,29094] -Duration: 11ms
[07/08/2026 23:56:40] PRISMA: SELECT "public"."Weather_Forecast"."id", "public"."Weather_Forecast"."time", "public"."Weather_Forec -Params: ["2026-08-07 09:56:40.143 UTC","2026-08-08 08:56:40.143 UTC",0] -Duration: 5ms
[07/08/2026 23:56:43] PRISMA: SELECT "public"."Weather_Forecast"."id", "public"."Weather_Forecast"."time", "public"."Weather_Forec -Params: ["2026-08-07 09:56:43.585 UTC","2026-08-08 08:56:43.585 UTC",0] -Duration: 2ms
[07/08/2026 23:56:43] PRISMA: SELECT "public"."Solar_Data"."id", "public"."Solar_Data"."hour", "public"."Solar_Data"."Watts", "pub -Params: ["2026-08-06 21:56:43.589 UTC","2026-08-07 21:56:43.589 UTC",0] -Duration: 4ms
[08/08/2026 00:00:02] PRISMA: SELECT 1 -Params: [] -Duration: 8ms
[08/08/2026 00:00:02] PRISMA: INSERT INTO "public"."Solar_Data" ("hour","Watts","total") VALUES ($1,$2,$3) RETURNING "public"."Sol -Params: ["2026-08-07 22:00:02.681 UTC",0,29094] -Duration: 12ms
[08/08/2026 00:04:28] PRISMA: SELECT "public"."Weather_Forecast"."id", "public"."Weather_Forecast"."time", "public"."Weather_Forec -Params: ["2026-08-07 10:04:28.705 UTC","2026-08-08 09:04:28.705 UTC",0] -Duration: 5ms
[08/08/2026 00:04:28] PRISMA: SELECT "public"."Washing_Program"."id", "public"."Washing_Program"."type", "public"."Washing_Program -Params: [5,0] -Duration: 10ms
[08/08/2026 00:04:28] PRISMA: SELECT "public"."User"."id" FROM "public"."User" WHERE ("public"."User"."id" = $1 AND 1=1) LIMIT $2  -Params: [1,1,0] -Duration: 2ms
[08/08/2026 00:04:28] PRISMA: SELECT "public"."Solar_Data"."id", "public"."Solar_Data"."hour", "public"."Solar_Data"."Watts", "pub -Params: ["2026-08-06 22:04:28.699 UTC","2026-08-07 22:04:28.699 UTC",0] -Duration: 7ms
[08/08/2026 00:04:28] PRISMA: SELECT "public"."Miele_Token"."id", "public"."Miele_Token"."accessToken", "public"."Miele_Token"."re -Params: [1,0] -Duration: 1ms
[08/08/2026 00:04:28] PRISMA: SELECT "public"."User"."id", "public"."User"."username" FROM "public"."User" WHERE "public"."User"." -Params: [1,0] -Duration: 1ms
[08/08/2026 00:04:28] PRISMA: SELECT "public"."Miele_Token"."id", "public"."Miele_Token"."accessToken", "public"."Miele_Token"."re -Params: [1,1,0] -Duration: 1ms
[08/08/2026 00:05:05] PRISMA: SELECT 1 -Params: [] -Duration: 4ms
[08/08/2026 00:05:05] PRISMA: INSERT INTO "public"."Solar_Data" ("hour","Watts","total") VALUES ($1,$2,$3) RETURNING "public"."Sol -Params: ["2026-08-07 22:05:05.478 UTC",0,0] -Duration: 10ms
[08/08/2026 00:09:00] PRISMA: SELECT 1 -Params: [] -Duration: 3ms
[08/08/2026 00:09:00] PRISMA: SELECT 1 -Params: [] -Duration: 6ms
[08/08/2026 00:09:00] PRISMA: SELECT 1 -Params: [] -Duration: 1ms
[08/08/2026 00:09:00] PRISMA: SELECT "public"."Washing_Program"."id", "public"."Washing_Program"."type", "public"."Washing_Program -Params: [5,0] -Duration: 2ms
[08/08/2026 00:09:00] PRISMA: SELECT "public"."User"."id", "public"."User"."username" FROM "public"."User" WHERE "public"."User"." -Params: [1,0] -Duration: 0ms
[08/08/2026 00:09:00] PRISMA: SELECT "public"."Weather_Forecast"."id", "public"."Weather_Forecast"."time", "public"."Weather_Forec -Params: ["2026-08-07 10:09:00.634 UTC","2026-08-08 09:09:00.634 UTC",0] -Duration: 7ms
[08/08/2026 00:09:00] PRISMA: SELECT "public"."User"."id" FROM "public"."User" WHERE ("public"."User"."id" = $1 AND 1=1) LIMIT $2  -Params: [1,1,0] -Duration: 2ms
[08/08/2026 00:09:00] PRISMA: SELECT "public"."Solar_Data"."id", "public"."Solar_Data"."hour", "public"."Solar_Data"."Watts", "pub -Params: ["2026-08-06 22:09:00.629 UTC","2026-08-07 22:09:00.629 UTC",0] -Duration: 12ms
[08/08/2026 00:09:00] PRISMA: SELECT "public"."Miele_Token"."id", "public"."Miele_Token"."accessToken", "public"."Miele_Token"."re -Params: [1,0] -Duration: 1ms
[08/08/2026 00:09:00] PRISMA: SELECT "public"."Miele_Token"."id", "public"."Miele_Token"."accessToken", "public"."Miele_Token"."re -Params: [1,1,0] -Duration: 0ms
[08/08/2026 00:10:10] PRISMA: INSERT INTO "public"."Solar_Data" ("hour","Watts","total") VALUES ($1,$2,$3) RETURNING "public"."Sol -Params: ["2026-08-07 22:10:10.944 UTC",0,0] -Duration: 6ms
[08/08/2026 00:15:02] PRISMA: SELECT 1 -Params: [] -Duration: 3ms
[08/08/2026 00:15:02] PRISMA: INSERT INTO "public"."Solar_Data" ("hour","Watts","total") VALUES ($1,$2,$3) RETURNING "public"."Sol -Params: ["2026-08-07 22:15:02.207 UTC",0,0] -Duration: 3ms
[08/08/2026 00:16:28] PRISMA: SELECT "public"."Washing_Program"."id", "public"."Washing_Program"."type", "public"."Washing_Program -Params: [5,0] -Duration: 4ms
[08/08/2026 00:16:28] PRISMA: SELECT "public"."Weather_Forecast"."id", "public"."Weather_Forecast"."time", "public"."Weather_Forec -Params: ["2026-08-07 10:16:28.653 UTC","2026-08-08 09:16:28.653 UTC",0] -Duration: 3ms
[08/08/2026 00:16:28] PRISMA: SELECT "public"."Solar_Data"."id", "public"."Solar_Data"."hour", "public"."Solar_Data"."Watts", "pub -Params: ["2026-08-06 22:16:28.642 UTC","2026-08-07 22:16:28.642 UTC",0] -Duration: 5ms
[08/08/2026 00:16:28] PRISMA: SELECT "public"."User"."id", "public"."User"."username" FROM "public"."User" WHERE "public"."User"." -Params: [1,0] -Duration: 4ms
[08/08/2026 00:16:28] PRISMA: SELECT "public"."User"."id" FROM "public"."User" WHERE ("public"."User"."id" = $1 AND 1=1) LIMIT $2  -Params: [1,1,0] -Duration: 2ms
[08/08/2026 00:16:28] PRISMA: SELECT "public"."Miele_Token"."id", "public"."Miele_Token"."accessToken", "public"."Miele_Token"."re -Params: [1,0] -Duration: 2ms
[08/08/2026 00:16:28] PRISMA: SELECT "public"."Miele_Token"."id", "public"."Miele_Token"."accessToken", "public"."Miele_Token"."re -Params: [1,1,0] -Duration: 0ms
[08/08/2026 00:20:02] PRISMA: SELECT 1 -Params: [] -Duration: 3ms
[08/08/2026 00:20:02] PRISMA: INSERT INTO "public"."Solar_Data" ("hour","Watts","total") VALUES ($1,$2,$3) RETURNING "public"."Sol -Params: ["2026-08-07 22:20:02.073 UTC",0,0] -Duration: 7ms
[08/08/2026 00:21:00] PRISMA: SELECT 1 -Params: [] -Duration: 5ms
[08/08/2026 00:21:00] PRISMA: SELECT 1 -Params: [] -Duration: 3ms
[08/08/2026 00:21:00] PRISMA: SELECT 1 -Params: [] -Duration: 6ms
[08/08/2026 00:21:00] PRISMA: SELECT 1 -Params: [] -Duration: 1ms
[08/08/2026 00:21:00] PRISMA: SELECT "public"."Solar_Data"."id", "public"."Solar_Data"."hour", "public"."Solar_Data"."Watts", "pub -Params: ["2026-08-06 22:21:00.681 UTC","2026-08-07 22:21:00.681 UTC",0] -Duration: 4ms
[08/08/2026 00:21:00] PRISMA: SELECT "public"."Washing_Program"."id", "public"."Washing_Program"."type", "public"."Washing_Program -Params: [5,0] -Duration: 13ms
[08/08/2026 00:21:00] PRISMA: SELECT "public"."Weather_Forecast"."id", "public"."Weather_Forecast"."time", "public"."Weather_Forec -Params: ["2026-08-07 10:21:00.683 UTC","2026-08-08 09:21:00.683 UTC",0] -Duration: 13ms
[08/08/2026 00:21:00] PRISMA: SELECT "public"."User"."id" FROM "public"."User" WHERE ("public"."User"."id" = $1 AND 1=1) LIMIT $2  -Params: [1,1,0] -Duration: 13ms
[08/08/2026 00:21:00] PRISMA: SELECT "public"."User"."id", "public"."User"."username" FROM "public"."User" WHERE "public"."User"." -Params: [1,0] -Duration: 2ms
[08/08/2026 00:21:00] PRISMA: SELECT "public"."Miele_Token"."id", "public"."Miele_Token"."accessToken", "public"."Miele_Token"."re -Params: [1,0] -Duration: 3ms
[08/08/2026 00:21:00] PRISMA: SELECT "public"."Miele_Token"."id", "public"."Miele_Token"."accessToken", "public"."Miele_Token"."re -Params: [1,1,0] -Duration: 0ms
[08/08/2026 00:25:03] PRISMA: INSERT INTO "public"."Solar_Data" ("hour","Watts","total") VALUES ($1,$2,$3) RETURNING "public"."Sol -Params: ["2026-08-07 22:25:03.053 UTC",0,0] -Duration: 3ms
[08/08/2026 00:28:28] PRISMA: SELECT 1 -Params: [] -Duration: 2ms
[08/08/2026 00:28:28] PRISMA: SELECT "public"."Washing_Program"."id", "public"."Washing_Program"."type", "public"."Washing_Program -Params: [5,0] -Duration: 15ms
[08/08/2026 00:28:28] PRISMA: SELECT "public"."User"."id", "public"."User"."username" FROM "public"."User" WHERE "public"."User"." -Params: [1,0] -Duration: 2ms
[08/08/2026 00:28:28] PRISMA: SELECT "public"."Solar_Data"."id", "public"."Solar_Data"."hour", "public"."Solar_Data"."Watts", "pub -Params: ["2026-08-06 22:28:28.727 UTC","2026-08-07 22:28:28.727 UTC",0] -Duration: 5ms
[08/08/2026 00:28:28] PRISMA: SELECT "public"."Weather_Forecast"."id", "public"."Weather_Forecast"."time", "public"."Weather_Forec -Params: ["2026-08-07 10:28:28.730 UTC","2026-08-08 09:28:28.730 UTC",0] -Duration: 6ms
[08/08/2026 00:28:28] PRISMA: SELECT "public"."User"."id" FROM "public"."User" WHERE ("public"."User"."id" = $1 AND 1=1) LIMIT $2  -Params: [1,1,0] -Duration: 4ms
[08/08/2026 00:28:28] PRISMA: SELECT "public"."Miele_Token"."id", "public"."Miele_Token"."accessToken", "public"."Miele_Token"."re -Params: [1,0] -Duration: 2ms
[08/08/2026 00:28:28] PRISMA: SELECT "public"."Miele_Token"."id", "public"."Miele_Token"."accessToken", "public"."Miele_Token"."re -Params: [1,1,0] -Duration: 0ms
[08/08/2026 00:30:01] PRISMA: SELECT 1 -Params: [] -Duration: 4ms
[08/08/2026 00:30:01] PRISMA: INSERT INTO "public"."Solar_Data" ("hour","Watts","total") VALUES ($1,$2,$3) RETURNING "public"."Sol -Params: ["2026-08-07 22:30:01.559 UTC",0,0] -Duration: 21ms
[08/08/2026 00:33:00] PRISMA: SELECT 1 -Params: [] -Duration: 2ms
[08/08/2026 00:33:00] PRISMA: SELECT 1 -Params: [] -Duration: 2ms
[08/08/2026 00:33:00] PRISMA: SELECT 1 -Params: [] -Duration: 2ms
[08/08/2026 00:33:00] PRISMA: SELECT "public"."Weather_Forecast"."id", "public"."Weather_Forecast"."time", "public"."Weather_Forec -Params: ["2026-08-07 10:33:00.647 UTC","2026-08-08 09:33:00.647 UTC",0] -Duration: 9ms
[08/08/2026 00:33:00] PRISMA: SELECT "public"."Washing_Program"."id", "public"."Washing_Program"."type", "public"."Washing_Program -Params: [5,0] -Duration: 10ms
[08/08/2026 00:33:00] PRISMA: SELECT "public"."Solar_Data"."id", "public"."Solar_Data"."hour", "public"."Solar_Data"."Watts", "pub -Params: ["2026-08-06 22:33:00.644 UTC","2026-08-07 22:33:00.644 UTC",0] -Duration: 10ms
[08/08/2026 00:33:00] PRISMA: SELECT "public"."User"."id", "public"."User"."username" FROM "public"."User" WHERE "public"."User"." -Params: [1,0] -Duration: 1ms
[08/08/2026 00:33:00] PRISMA: SELECT "public"."User"."id" FROM "public"."User" WHERE ("public"."User"."id" = $1 AND 1=1) LIMIT $2  -Params: [1,1,0] -Duration: 1ms
[08/08/2026 00:33:00] PRISMA: SELECT "public"."Miele_Token"."id", "public"."Miele_Token"."accessToken", "public"."Miele_Token"."re -Params: [1,0] -Duration: 2ms
[08/08/2026 00:33:00] PRISMA: SELECT "public"."Miele_Token"."id", "public"."Miele_Token"."accessToken", "public"."Miele_Token"."re -Params: [1,1,0] -Duration: 0ms
[08/08/2026 00:35:10] PRISMA: SELECT 1 -Params: [] -Duration: 3ms
[08/08/2026 00:35:10] PRISMA: INSERT INTO "public"."Solar_Data" ("hour","Watts","total") VALUES ($1,$2,$3) RETURNING "public"."Sol -Params: ["2026-08-07 22:35:10.731 UTC",0,0] -Duration: 7ms
[08/08/2026 00:40:04] PRISMA: INSERT INTO "public"."Solar_Data" ("hour","Watts","total") VALUES ($1,$2,$3) RETURNING "public"."Sol -Params: ["2026-08-07 22:40:04.299 UTC",0,0] -Duration: 6ms
[08/08/2026 00:45:07] PRISMA: INSERT INTO "public"."Solar_Data" ("hour","Watts","total") VALUES ($1,$2,$3) RETURNING "public"."Sol -Params: ["2026-08-07 22:45:07.208 UTC",0,0] -Duration: 8ms
[08/08/2026 00:50:12] PRISMA: INSERT INTO "public"."Solar_Data" ("hour","Watts","total") VALUES ($1,$2,$3) RETURNING "public"."Sol -Params: ["2026-08-07 22:50:12.614 UTC",0,0] -Duration: 4ms
[08/08/2026 00:51:28] PRISMA: SELECT 1 -Params: [] -Duration: 7ms
[08/08/2026 00:51:28] PRISMA: SELECT "public"."Washing_Program"."id", "public"."Washing_Program"."type", "public"."Washing_Program -Params: [5,0] -Duration: 32ms
[08/08/2026 00:51:28] PRISMA: SELECT "public"."User"."id", "public"."User"."username" FROM "public"."User" WHERE "public"."User"." -Params: [1,0] -Duration: 9ms
[08/08/2026 00:51:28] PRISMA: SELECT "public"."Solar_Data"."id", "public"."Solar_Data"."hour", "public"."Solar_Data"."Watts", "pub -Params: ["2026-08-06 22:51:28.730 UTC","2026-08-07 22:51:28.730 UTC",0] -Duration: 5ms
[08/08/2026 00:51:28] PRISMA: SELECT "public"."User"."id" FROM "public"."User" WHERE ("public"."User"."id" = $1 AND 1=1) LIMIT $2  -Params: [1,1,0] -Duration: 2ms
[08/08/2026 00:51:28] PRISMA: SELECT "public"."Miele_Token"."id", "public"."Miele_Token"."accessToken", "public"."Miele_Token"."re -Params: [1,0] -Duration: 1ms
[08/08/2026 00:51:28] PRISMA: SELECT "public"."Weather_Forecast"."id", "public"."Weather_Forecast"."time", "public"."Weather_Forec -Params: ["2026-08-07 10:51:28.739 UTC","2026-08-08 09:51:28.739 UTC",0] -Duration: 3ms
[08/08/2026 00:51:28] PRISMA: SELECT "public"."Miele_Token"."id", "public"."Miele_Token"."accessToken", "public"."Miele_Token"."re -Params: [1,1,0] -Duration: 1ms
[08/08/2026 00:55:01] PRISMA: SELECT 1 -Params: [] -Duration: 3ms
[08/08/2026 00:55:01] PRISMA: INSERT INTO "public"."Solar_Data" ("hour","Watts","total") VALUES ($1,$2,$3) RETURNING "public"."Sol -Params: ["2026-08-07 22:55:01.565 UTC",0,0] -Duration: 8ms
[08/08/2026 00:56:00] PRISMA: SELECT 1 -Params: [] -Duration: 9ms
[08/08/2026 00:56:00] PRISMA: SELECT 1 -Params: [] -Duration: 7ms
[08/08/2026 00:56:00] PRISMA: SELECT 1 -Params: [] -Duration: 4ms
[08/08/2026 00:56:00] PRISMA: SELECT "public"."Solar_Data"."id", "public"."Solar_Data"."hour", "public"."Solar_Data"."Watts", "pub -Params: ["2026-08-06 22:56:00.744 UTC","2026-08-07 22:56:00.744 UTC",0] -Duration: 8ms
[08/08/2026 00:56:00] PRISMA: SELECT "public"."Washing_Program"."id", "public"."Washing_Program"."type", "public"."Washing_Program -Params: [5,0] -Duration: 9ms
[08/08/2026 00:56:00] PRISMA: SELECT "public"."Weather_Forecast"."id", "public"."Weather_Forecast"."time", "public"."Weather_Forec -Params: ["2026-08-07 10:56:00.747 UTC","2026-08-08 09:56:00.747 UTC",0] -Duration: 15ms
[08/08/2026 00:56:00] PRISMA: SELECT "public"."User"."id", "public"."User"."username" FROM "public"."User" WHERE "public"."User"." -Params: [1,0] -Duration: 7ms
[08/08/2026 00:56:00] PRISMA: SELECT "public"."User"."id" FROM "public"."User" WHERE ("public"."User"."id" = $1 AND 1=1) LIMIT $2  -Params: [1,1,0] -Duration: 1ms
[08/08/2026 00:56:00] PRISMA: SELECT "public"."Miele_Token"."id", "public"."Miele_Token"."accessToken", "public"."Miele_Token"."re -Params: [1,0] -Duration: 2ms
[08/08/2026 00:56:00] PRISMA: SELECT "public"."Miele_Token"."id", "public"."Miele_Token"."accessToken", "public"."Miele_Token"."re -Params: [1,1,0] -Duration: 0ms
[08/08/2026 01:00:07] PRISMA: SELECT 1 -Params: [] -Duration: 2ms
[08/08/2026 01:00:07] PRISMA: INSERT INTO "public"."Solar_Data" ("hour","Watts","total") VALUES ($1,$2,$3) RETURNING "public"."Sol -Params: ["2026-08-07 23:00:07.940 UTC",0,0] -Duration: 7ms
[08/08/2026 01:05:03] PRISMA: INSERT INTO "public"."Solar_Data" ("hour","Watts","total") VALUES ($1,$2,$3) RETURNING "public"."Sol -Params: ["2026-08-07 23:05:03.004 UTC",0,0] -Duration: 8ms
[08/08/2026 01:07:28] PRISMA: SELECT 1 -Params: [] -Duration: 28ms
[08/08/2026 01:07:28] PRISMA: SELECT "public"."Solar_Data"."id", "public"."Solar_Data"."hour", "public"."Solar_Data"."Watts", "pub -Params: ["2026-08-06 23:07:28.745 UTC","2026-08-07 23:07:28.745 UTC",0] -Duration: 19ms
[08/08/2026 01:07:28] PRISMA: SELECT "public"."Washing_Program"."id", "public"."Washing_Program"."type", "public"."Washing_Program -Params: [5,0] -Duration: 2ms
[08/08/2026 01:07:28] PRISMA: SELECT "public"."Weather_Forecast"."id", "public"."Weather_Forecast"."time", "public"."Weather_Forec -Params: ["2026-08-07 11:07:28.746 UTC","2026-08-08 10:07:28.746 UTC",0] -Duration: 2ms
[08/08/2026 01:07:28] PRISMA: SELECT "public"."User"."id" FROM "public"."User" WHERE ("public"."User"."id" = $1 AND 1=1) LIMIT $2  -Params: [1,1,0] -Duration: 3ms
[08/08/2026 01:07:28] PRISMA: SELECT "public"."User"."id", "public"."User"."username" FROM "public"."User" WHERE "public"."User"." -Params: [1,0] -Duration: 1ms
[08/08/2026 01:07:28] PRISMA: SELECT "public"."Miele_Token"."id", "public"."Miele_Token"."accessToken", "public"."Miele_Token"."re -Params: [1,0] -Duration: 1ms
[08/08/2026 01:07:28] PRISMA: SELECT "public"."Miele_Token"."id", "public"."Miele_Token"."accessToken", "public"."Miele_Token"."re -Params: [1,1,0] -Duration: 0ms
[08/08/2026 01:10:04] PRISMA: SELECT 1 -Params: [] -Duration: 3ms
[08/08/2026 01:10:04] PRISMA: INSERT INTO "public"."Solar_Data" ("hour","Watts","total") VALUES ($1,$2,$3) RETURNING "public"."Sol -Params: ["2026-08-07 23:10:04.627 UTC",0,0] -Duration: 10ms
[08/08/2026 01:12:00] PRISMA: SELECT 1 -Params: [] -Duration: 3ms
[08/08/2026 01:12:00] PRISMA: SELECT 1 -Params: [] -Duration: 5ms
[08/08/2026 01:12:00] PRISMA: SELECT 1 -Params: [] -Duration: 2ms
[08/08/2026 01:12:00] PRISMA: SELECT "public"."Washing_Program"."id", "public"."Washing_Program"."type", "public"."Washing_Program -Params: [5,0] -Duration: 2ms
[08/08/2026 01:12:00] PRISMA: SELECT "public"."Weather_Forecast"."id", "public"."Weather_Forecast"."time", "public"."Weather_Forec -Params: ["2026-08-07 11:12:00.688 UTC","2026-08-08 10:12:00.688 UTC",0] -Duration: 2ms
[08/08/2026 01:12:00] PRISMA: SELECT "public"."User"."id", "public"."User"."username" FROM "public"."User" WHERE "public"."User"." -Params: [1,0] -Duration: 4ms
[08/08/2026 01:12:00] PRISMA: SELECT "public"."Solar_Data"."id", "public"."Solar_Data"."hour", "public"."Solar_Data"."Watts", "pub -Params: ["2026-08-06 23:12:00.680 UTC","2026-08-07 23:12:00.680 UTC",0] -Duration: 19ms
[08/08/2026 01:12:00] PRISMA: SELECT "public"."User"."id" FROM "public"."User" WHERE ("public"."User"."id" = $1 AND 1=1) LIMIT $2  -Params: [1,1,0] -Duration: 2ms
[08/08/2026 01:12:00] PRISMA: SELECT "public"."Miele_Token"."id", "public"."Miele_Token"."accessToken", "public"."Miele_Token"."re -Params: [1,0] -Duration: 0ms
[08/08/2026 01:12:00] PRISMA: SELECT "public"."Miele_Token"."id", "public"."Miele_Token"."accessToken", "public"."Miele_Token"."re -Params: [1,1,0] -Duration: 0ms
[08/08/2026 01:15:05] PRISMA: SELECT 1 -Params: [] -Duration: 4ms
[08/08/2026 01:15:05] PRISMA: INSERT INTO "public"."Solar_Data" ("hour","Watts","total") VALUES ($1,$2,$3) RETURNING "public"."Sol -Params: ["2026-08-07 23:15:05.564 UTC",0,0] -Duration: 6ms
[08/08/2026 01:20:02] PRISMA: INSERT INTO "public"."Solar_Data" ("hour","Watts","total") VALUES ($1,$2,$3) RETURNING "public"."Sol -Params: ["2026-08-07 23:20:02.517 UTC",0,0] -Duration: 6ms
[08/08/2026 01:25:04] PRISMA: INSERT INTO "public"."Solar_Data" ("hour","Watts","total") VALUES ($1,$2,$3) RETURNING "public"."Sol -Params: ["2026-08-07 23:25:04.117 UTC",0,0] -Duration: 7ms
[08/08/2026 01:30:05] PRISMA: INSERT INTO "public"."Solar_Data" ("hour","Watts","total") VALUES ($1,$2,$3) RETURNING "public"."Sol -Params: ["2026-08-07 23:30:05.949 UTC",0,0] -Duration: 3ms
[08/08/2026 01:35:04] PRISMA: SELECT 1 -Params: [] -Duration: 7ms
[08/08/2026 01:35:04] PRISMA: INSERT INTO "public"."Solar_Data" ("hour","Watts","total") VALUES ($1,$2,$3) RETURNING "public"."Sol -Params: ["2026-08-07 23:35:04.572 UTC",0,0] -Duration: 4ms
[08/08/2026 01:39:28] PRISMA: SELECT "public"."Washing_Program"."id", "public"."Washing_Program"."type", "public"."Washing_Program -Params: [5,0] -Duration: 9ms
[08/08/2026 01:39:28] PRISMA: SELECT "public"."User"."id" FROM "public"."User" WHERE ("public"."User"."id" = $1 AND 1=1) LIMIT $2  -Params: [1,1,0] -Duration: 10ms
[08/08/2026 01:39:28] PRISMA: SELECT "public"."Weather_Forecast"."id", "public"."Weather_Forecast"."time", "public"."Weather_Forec -Params: ["2026-08-07 11:39:28.785 UTC","2026-08-08 10:39:28.785 UTC",0] -Duration: 10ms
[08/08/2026 01:39:28] PRISMA: SELECT "public"."Solar_Data"."id", "public"."Solar_Data"."hour", "public"."Solar_Data"."Watts", "pub -Params: ["2026-08-06 23:39:28.779 UTC","2026-08-07 23:39:28.779 UTC",0] -Duration: 12ms
[08/08/2026 01:39:28] PRISMA: SELECT "public"."User"."id", "public"."User"."username" FROM "public"."User" WHERE "public"."User"." -Params: [1,0] -Duration: 2ms
[08/08/2026 01:39:28] PRISMA: SELECT "public"."Miele_Token"."id", "public"."Miele_Token"."accessToken", "public"."Miele_Token"."re -Params: [1,0] -Duration: 2ms
[08/08/2026 01:39:28] PRISMA: SELECT "public"."Miele_Token"."id", "public"."Miele_Token"."accessToken", "public"."Miele_Token"."re -Params: [1,1,0] -Duration: 1ms
[08/08/2026 01:40:02] PRISMA: SELECT 1 -Params: [] -Duration: 3ms
[08/08/2026 01:40:02] PRISMA: INSERT INTO "public"."Solar_Data" ("hour","Watts","total") VALUES ($1,$2,$3) RETURNING "public"."Sol -Params: ["2026-08-07 23:40:02.595 UTC",0,0] -Duration: 6ms
[08/08/2026 01:44:00] PRISMA: SELECT 1 -Params: [] -Duration: 7ms
[08/08/2026 01:44:00] PRISMA: SELECT 1 -Params: [] -Duration: 8ms
[08/08/2026 01:44:00] PRISMA: SELECT 1 -Params: [] -Duration: 2ms
[08/08/2026 01:44:00] PRISMA: SELECT "public"."Washing_Program"."id", "public"."Washing_Program"."type", "public"."Washing_Program -Params: [5,0] -Duration: 1ms
[08/08/2026 01:44:00] PRISMA: SELECT "public"."Solar_Data"."id", "public"."Solar_Data"."hour", "public"."Solar_Data"."Watts", "pub -Params: ["2026-08-06 23:44:00.698 UTC","2026-08-07 23:44:00.698 UTC",0] -Duration: 3ms
[08/08/2026 01:44:00] PRISMA: SELECT 1 -Params: [] -Duration: 3ms
[08/08/2026 01:44:00] PRISMA: SELECT "public"."User"."id", "public"."User"."username" FROM "public"."User" WHERE "public"."User"." -Params: [1,0] -Duration: 2ms
[08/08/2026 01:44:00] PRISMA: SELECT "public"."Weather_Forecast"."id", "public"."Weather_Forecast"."time", "public"."Weather_Forec -Params: ["2026-08-07 11:44:00.701 UTC","2026-08-08 10:44:00.701 UTC",0] -Duration: 12ms
[08/08/2026 01:44:00] PRISMA: SELECT "public"."User"."id" FROM "public"."User" WHERE ("public"."User"."id" = $1 AND 1=1) LIMIT $2  -Params: [1,1,0] -Duration: 9ms
[08/08/2026 01:44:00] PRISMA: SELECT "public"."Miele_Token"."id", "public"."Miele_Token"."accessToken", "public"."Miele_Token"."re -Params: [1,0] -Duration: 3ms
[08/08/2026 01:44:00] PRISMA: SELECT "public"."Miele_Token"."id", "public"."Miele_Token"."accessToken", "public"."Miele_Token"."re -Params: [1,1,0] -Duration: 0ms
[08/08/2026 01:45:02] PRISMA: INSERT INTO "public"."Solar_Data" ("hour","Watts","total") VALUES ($1,$2,$3) RETURNING "public"."Sol -Params: ["2026-08-07 23:45:02.561 UTC",0,0] -Duration: 11ms
[08/08/2026 01:50:01] PRISMA: SELECT 1 -Params: [] -Duration: 4ms
[08/08/2026 01:50:01] PRISMA: INSERT INTO "public"."Solar_Data" ("hour","Watts","total") VALUES ($1,$2,$3) RETURNING "public"."Sol -Params: ["2026-08-07 23:50:01.544 UTC",0,0] -Duration: 4ms
[08/08/2026 01:52:28] PRISMA: SELECT "public"."Washing_Program"."id", "public"."Washing_Program"."type", "public"."Washing_Program -Params: [5,0] -Duration: 3ms
[08/08/2026 01:52:28] PRISMA: SELECT "public"."Weather_Forecast"."id", "public"."Weather_Forecast"."time", "public"."Weather_Forec -Params: ["2026-08-07 11:52:28.676 UTC","2026-08-08 10:52:28.676 UTC",0] -Duration: 3ms
[08/08/2026 01:52:28] PRISMA: SELECT "public"."User"."id" FROM "public"."User" WHERE ("public"."User"."id" = $1 AND 1=1) LIMIT $2  -Params: [1,1,0] -Duration: 2ms
[08/08/2026 01:52:28] PRISMA: SELECT "public"."Solar_Data"."id", "public"."Solar_Data"."hour", "public"."Solar_Data"."Watts", "pub -Params: ["2026-08-06 23:52:28.670 UTC","2026-08-07 23:52:28.670 UTC",0] -Duration: 4ms
[08/08/2026 01:52:28] PRISMA: SELECT "public"."User"."id", "public"."User"."username" FROM "public"."User" WHERE "public"."User"." -Params: [1,0] -Duration: 1ms
[08/08/2026 01:52:28] PRISMA: SELECT "public"."Miele_Token"."id", "public"."Miele_Token"."accessToken", "public"."Miele_Token"."re -Params: [1,0] -Duration: 1ms
[08/08/2026 01:52:28] PRISMA: SELECT "public"."Miele_Token"."id", "public"."Miele_Token"."accessToken", "public"."Miele_Token"."re -Params: [1,1,0] -Duration: 0ms
[08/08/2026 01:55:04] PRISMA: SELECT 1 -Params: [] -Duration: 3ms
[08/08/2026 01:55:04] PRISMA: INSERT INTO "public"."Solar_Data" ("hour","Watts","total") VALUES ($1,$2,$3) RETURNING "public"."Sol -Params: ["2026-08-07 23:55:04.069 UTC",0,0] -Duration: 8ms
[08/08/2026 01:57:00] PRISMA: SELECT 1 -Params: [] -Duration: 7ms
[08/08/2026 01:57:00] PRISMA: SELECT 1 -Params: [] -Duration: 2ms
[08/08/2026 01:57:00] PRISMA: SELECT "public"."Washing_Program"."id", "public"."Washing_Program"."type", "public"."Washing_Program -Params: [5,0] -Duration: 13ms
[08/08/2026 01:57:00] PRISMA: SELECT 1 -Params: [] -Duration: 1ms
[08/08/2026 01:57:00] PRISMA: SELECT "public"."User"."id", "public"."User"."username" FROM "public"."User" WHERE "public"."User"." -Params: [1,0] -Duration: 0ms
[08/08/2026 01:57:00] PRISMA: SELECT "public"."User"."id" FROM "public"."User" WHERE ("public"."User"."id" = $1 AND 1=1) LIMIT $2  -Params: [1,1,0] -Duration: 2ms
[08/08/2026 01:57:00] PRISMA: SELECT "public"."Miele_Token"."id", "public"."Miele_Token"."accessToken", "public"."Miele_Token"."re -Params: [1,0] -Duration: 1ms
[08/08/2026 01:57:00] PRISMA: SELECT "public"."Solar_Data"."id", "public"."Solar_Data"."hour", "public"."Solar_Data"."Watts", "pub -Params: ["2026-08-06 23:57:00.785 UTC","2026-08-07 23:57:00.785 UTC",0] -Duration: 11ms
[08/08/2026 01:57:00] PRISMA: SELECT "public"."Weather_Forecast"."id", "public"."Weather_Forecast"."time", "public"."Weather_Forec -Params: ["2026-08-07 11:57:00.789 UTC","2026-08-08 10:57:00.789 UTC",0] -Duration: 10ms
[08/08/2026 01:57:00] PRISMA: SELECT "public"."Miele_Token"."id", "public"."Miele_Token"."accessToken", "public"."Miele_Token"."re -Params: [1,1,0] -Duration: 1ms
[08/08/2026 02:00:04] PRISMA: INSERT INTO "public"."Solar_Data" ("hour","Watts","total") VALUES ($1,$2,$3) RETURNING "public"."Sol -Params: ["2026-08-08 00:00:04.272 UTC",0,0] -Duration: 16ms
[08/08/2026 02:05:01] PRISMA: SELECT 1 -Params: [] -Duration: 2ms
[08/08/2026 02:05:01] PRISMA: INSERT INTO "public"."Solar_Data" ("hour","Watts","total") VALUES ($1,$2,$3) RETURNING "public"."Sol -Params: ["2026-08-08 00:05:01.254 UTC",0,0] -Duration: 3ms
[08/08/2026 02:10:03] PRISMA: INSERT INTO "public"."Solar_Data" ("hour","Watts","total") VALUES ($1,$2,$3) RETURNING "public"."Sol -Params: ["2026-08-08 00:10:03.748 UTC",0,0] -Duration: 6ms
[08/08/2026 02:12:28] PRISMA: SELECT 1 -Params: [] -Duration: 11ms
[08/08/2026 02:12:28] PRISMA: SELECT "public"."Weather_Forecast"."id", "public"."Weather_Forecast"."time", "public"."Weather_Forec -Params: ["2026-08-07 12:12:28.798 UTC","2026-08-08 11:12:28.798 UTC",0] -Duration: 35ms
[08/08/2026 02:12:28] PRISMA: SELECT "public"."User"."id" FROM "public"."User" WHERE ("public"."User"."id" = $1 AND 1=1) LIMIT $2  -Params: [1,1,0] -Duration: 4ms
[08/08/2026 02:12:28] PRISMA: SELECT "public"."Washing_Program"."id", "public"."Washing_Program"."type", "public"."Washing_Program -Params: [5,0] -Duration: 5ms
[08/08/2026 02:12:28] PRISMA: SELECT "public"."Solar_Data"."id", "public"."Solar_Data"."hour", "public"."Solar_Data"."Watts", "pub -Params: ["2026-08-07 00:12:28.805 UTC","2026-08-08 00:12:28.805 UTC",0] -Duration: 8ms
[08/08/2026 02:12:28] PRISMA: SELECT "public"."Miele_Token"."id", "public"."Miele_Token"."accessToken", "public"."Miele_Token"."re -Params: [1,0] -Duration: 4ms
[08/08/2026 02:12:28] PRISMA: SELECT "public"."User"."id", "public"."User"."username" FROM "public"."User" WHERE "public"."User"." -Params: [1,0] -Duration: 4ms
[08/08/2026 02:12:28] PRISMA: SELECT "public"."Miele_Token"."id", "public"."Miele_Token"."accessToken", "public"."Miele_Token"."re -Params: [1,1,0] -Duration: 2ms
[08/08/2026 02:15:03] PRISMA: SELECT 1 -Params: [] -Duration: 3ms
[08/08/2026 02:15:04] PRISMA: INSERT INTO "public"."Solar_Data" ("hour","Watts","total") VALUES ($1,$2,$3) RETURNING "public"."Sol -Params: ["2026-08-08 00:15:03.988 UTC",0,0] -Duration: 9ms
[08/08/2026 02:17:00] PRISMA: SELECT 1 -Params: [] -Duration: 4ms
[08/08/2026 02:17:00] PRISMA: SELECT 1 -Params: [] -Duration: 5ms
[08/08/2026 02:17:00] PRISMA: SELECT 1 -Params: [] -Duration: 1ms
[08/08/2026 02:17:00] PRISMA: SELECT "public"."Washing_Program"."id", "public"."Washing_Program"."type", "public"."Washing_Program -Params: [5,0] -Duration: 2ms
[08/08/2026 02:17:00] PRISMA: SELECT "public"."User"."id", "public"."User"."username" FROM "public"."User" WHERE "public"."User"." -Params: [1,0] -Duration: 0ms
[08/08/2026 02:17:00] PRISMA: SELECT "public"."User"."id" FROM "public"."User" WHERE ("public"."User"."id" = $1 AND 1=1) LIMIT $2  -Params: [1,1,0] -Duration: 1ms
[08/08/2026 02:17:00] PRISMA: SELECT "public"."Miele_Token"."id", "public"."Miele_Token"."accessToken", "public"."Miele_Token"."re -Params: [1,0] -Duration: 2ms
[08/08/2026 02:17:00] PRISMA: SELECT "public"."Weather_Forecast"."id", "public"."Weather_Forecast"."time", "public"."Weather_Forec -Params: ["2026-08-07 12:17:00.644 UTC","2026-08-08 11:17:00.644 UTC",0] -Duration: 9ms
[08/08/2026 02:17:00] PRISMA: SELECT "public"."Solar_Data"."id", "public"."Solar_Data"."hour", "public"."Solar_Data"."Watts", "pub -Params: ["2026-08-07 00:17:00.642 UTC","2026-08-08 00:17:00.642 UTC",0] -Duration: 11ms
[08/08/2026 02:17:00] PRISMA: SELECT "public"."Miele_Token"."id", "public"."Miele_Token"."accessToken", "public"."Miele_Token"."re -Params: [1,1,0] -Duration: 0ms
[08/08/2026 02:20:02] PRISMA: INSERT INTO "public"."Solar_Data" ("hour","Watts","total") VALUES ($1,$2,$3) RETURNING "public"."Sol -Params: ["2026-08-08 00:20:02.016 UTC",0,0] -Duration: 6ms
[08/08/2026 02:25:02] PRISMA: INSERT INTO "public"."Solar_Data" ("hour","Watts","total") VALUES ($1,$2,$3) RETURNING "public"."Sol -Params: ["2026-08-08 00:25:02.534 UTC",0,0] -Duration: 3ms
[08/08/2026 02:30:02] PRISMA: INSERT INTO "public"."Solar_Data" ("hour","Watts","total") VALUES ($1,$2,$3) RETURNING "public"."Sol -Params: ["2026-08-08 00:30:02.712 UTC",0,0] -Duration: 5ms
[08/08/2026 02:31:28] PRISMA: SELECT 1 -Params: [] -Duration: 8ms
[08/08/2026 02:31:28] PRISMA: SELECT "public"."Solar_Data"."id", "public"."Solar_Data"."hour", "public"."Solar_Data"."Watts", "pub -Params: ["2026-08-07 00:31:28.775 UTC","2026-08-08 00:31:28.775 UTC",0] -Duration: 17ms
[08/08/2026 02:31:28] PRISMA: SELECT "public"."Washing_Program"."id", "public"."Washing_Program"."type", "public"."Washing_Program -Params: [5,0] -Duration: 6ms
[08/08/2026 02:31:28] PRISMA: SELECT "public"."User"."id" FROM "public"."User" WHERE ("public"."User"."id" = $1 AND 1=1) LIMIT $2  -Params: [1,1,0] -Duration: 7ms
[08/08/2026 02:31:28] PRISMA: SELECT "public"."Weather_Forecast"."id", "public"."Weather_Forecast"."time", "public"."Weather_Forec -Params: ["2026-08-07 12:31:28.776 UTC","2026-08-08 11:31:28.776 UTC",0] -Duration: 6ms
[08/08/2026 02:31:28] PRISMA: SELECT "public"."User"."id", "public"."User"."username" FROM "public"."User" WHERE "public"."User"." -Params: [1,0] -Duration: 1ms
[08/08/2026 02:31:28] PRISMA: SELECT "public"."Miele_Token"."id", "public"."Miele_Token"."accessToken", "public"."Miele_Token"."re -Params: [1,0] -Duration: 1ms
[08/08/2026 02:31:28] PRISMA: SELECT "public"."Miele_Token"."id", "public"."Miele_Token"."accessToken", "public"."Miele_Token"."re -Params: [1,1,0] -Duration: 0ms
[08/08/2026 02:35:02] PRISMA: SELECT 1 -Params: [] -Duration: 3ms
[08/08/2026 02:35:02] PRISMA: INSERT INTO "public"."Solar_Data" ("hour","Watts","total") VALUES ($1,$2,$3) RETURNING "public"."Sol -Params: ["2026-08-08 00:35:02.648 UTC",0,0] -Duration: 16ms
[08/08/2026 02:36:00] PRISMA: SELECT 1 -Params: [] -Duration: 3ms
[08/08/2026 02:36:00] PRISMA: SELECT 1 -Params: [] -Duration: 6ms
[08/08/2026 02:36:00] PRISMA: SELECT 1 -Params: [] -Duration: 1ms
[08/08/2026 02:36:00] PRISMA: SELECT "public"."Solar_Data"."id", "public"."Solar_Data"."hour", "public"."Solar_Data"."Watts", "pub -Params: ["2026-08-07 00:36:00.653 UTC","2026-08-08 00:36:00.653 UTC",0] -Duration: 26ms
[08/08/2026 02:36:00] PRISMA: SELECT "public"."Washing_Program"."id", "public"."Washing_Program"."type", "public"."Washing_Program -Params: [5,0] -Duration: 27ms
[08/08/2026 02:36:00] PRISMA: SELECT "public"."Weather_Forecast"."id", "public"."Weather_Forecast"."time", "public"."Weather_Forec -Params: ["2026-08-07 12:36:00.661 UTC","2026-08-08 11:36:00.661 UTC",0] -Duration: 28ms
[08/08/2026 02:36:00] PRISMA: SELECT "public"."User"."id", "public"."User"."username" FROM "public"."User" WHERE "public"."User"." -Params: [1,0] -Duration: 4ms
[08/08/2026 02:36:00] PRISMA: SELECT "public"."User"."id" FROM "public"."User" WHERE ("public"."User"."id" = $1 AND 1=1) LIMIT $2  -Params: [1,1,0] -Duration: 2ms
[08/08/2026 02:36:00] PRISMA: SELECT "public"."Miele_Token"."id", "public"."Miele_Token"."accessToken", "public"."Miele_Token"."re -Params: [1,0] -Duration: 1ms
[08/08/2026 02:36:00] PRISMA: SELECT "public"."Miele_Token"."id", "public"."Miele_Token"."accessToken", "public"."Miele_Token"."re -Params: [1,1,0] -Duration: 0ms
[08/08/2026 02:40:02] PRISMA: SELECT 1 -Params: [] -Duration: 3ms
[08/08/2026 02:40:02] PRISMA: INSERT INTO "public"."Solar_Data" ("hour","Watts","total") VALUES ($1,$2,$3) RETURNING "public"."Sol -Params: ["2026-08-08 00:40:02.617 UTC",0,0] -Duration: 8ms
[08/08/2026 02:41:28] PRISMA: SELECT "public"."Solar_Data"."id", "public"."Solar_Data"."hour", "public"."Solar_Data"."Watts", "pub -Params: ["2026-08-07 00:41:28.641 UTC","2026-08-08 00:41:28.641 UTC",0] -Duration: 3ms
[08/08/2026 02:41:28] PRISMA: SELECT "public"."User"."id" FROM "public"."User" WHERE ("public"."User"."id" = $1 AND 1=1) LIMIT $2  -Params: [1,1,0] -Duration: 3ms
[08/08/2026 02:41:28] PRISMA: SELECT "public"."Washing_Program"."id", "public"."Washing_Program"."type", "public"."Washing_Program -Params: [5,0] -Duration: 3ms
[08/08/2026 02:41:28] PRISMA: SELECT "public"."Weather_Forecast"."id", "public"."Weather_Forecast"."time", "public"."Weather_Forec -Params: ["2026-08-07 12:41:28.646 UTC","2026-08-08 11:41:28.646 UTC",0] -Duration: 4ms
[08/08/2026 02:41:28] PRISMA: SELECT "public"."User"."id", "public"."User"."username" FROM "public"."User" WHERE "public"."User"." -Params: [1,0] -Duration: 2ms
[08/08/2026 02:41:28] PRISMA: SELECT "public"."Miele_Token"."id", "public"."Miele_Token"."accessToken", "public"."Miele_Token"."re -Params: [1,0] -Duration: 2ms
[08/08/2026 02:41:28] PRISMA: SELECT "public"."Miele_Token"."id", "public"."Miele_Token"."accessToken", "public"."Miele_Token"."re -Params: [1,1,0] -Duration: 2ms
[08/08/2026 02:45:02] PRISMA: SELECT 1 -Params: [] -Duration: 2ms
[08/08/2026 02:45:02] PRISMA: INSERT INTO "public"."Solar_Data" ("hour","Watts","total") VALUES ($1,$2,$3) RETURNING "public"."Sol -Params: ["2026-08-08 00:45:02.637 UTC",0,0] -Duration: 8ms
[08/08/2026 02:46:00] PRISMA: SELECT 1 -Params: [] -Duration: 1ms
[08/08/2026 02:46:00] PRISMA: SELECT 1 -Params: [] -Duration: 3ms
[08/08/2026 02:46:00] PRISMA: SELECT 1 -Params: [] -Duration: 4ms
[08/08/2026 02:46:00] PRISMA: SELECT "public"."Washing_Program"."id", "public"."Washing_Program"."type", "public"."Washing_Program -Params: [5,0] -Duration: 3ms
[08/08/2026 02:46:00] PRISMA: SELECT "public"."User"."id", "public"."User"."username" FROM "public"."User" WHERE "public"."User"." -Params: [1,0] -Duration: 0ms
[08/08/2026 02:46:00] PRISMA: SELECT "public"."User"."id" FROM "public"."User" WHERE ("public"."User"."id" = $1 AND 1=1) LIMIT $2  -Params: [1,1,0] -Duration: 1ms
[08/08/2026 02:46:00] PRISMA: SELECT "public"."Solar_Data"."id", "public"."Solar_Data"."hour", "public"."Solar_Data"."Watts", "pub -Params: ["2026-08-07 00:46:00.641 UTC","2026-08-08 00:46:00.641 UTC",0] -Duration: 8ms
[08/08/2026 02:46:00] PRISMA: SELECT "public"."Weather_Forecast"."id", "public"."Weather_Forecast"."time", "public"."Weather_Forec -Params: ["2026-08-07 12:46:00.643 UTC","2026-08-08 11:46:00.643 UTC",0] -Duration: 7ms
[08/08/2026 02:46:00] PRISMA: SELECT "public"."Miele_Token"."id", "public"."Miele_Token"."accessToken", "public"."Miele_Token"."re -Params: [1,0] -Duration: 1ms
[08/08/2026 02:46:00] PRISMA: SELECT "public"."Miele_Token"."id", "public"."Miele_Token"."accessToken", "public"."Miele_Token"."re -Params: [1,1,0] -Duration: 0ms
[08/08/2026 02:50:09] PRISMA: INSERT INTO "public"."Solar_Data" ("hour","Watts","total") VALUES ($1,$2,$3) RETURNING "public"."Sol -Params: ["2026-08-08 00:50:09.296 UTC",0,0] -Duration: 6ms
[08/08/2026 02:55:06] PRISMA: SELECT 1 -Params: [] -Duration: 4ms
[08/08/2026 02:55:06] PRISMA: INSERT INTO "public"."Solar_Data" ("hour","Watts","total") VALUES ($1,$2,$3) RETURNING "public"."Sol -Params: ["2026-08-08 00:55:06.046 UTC",0,0] -Duration: 8ms
[08/08/2026 02:57:29] PRISMA: SELECT "public"."Washing_Program"."id", "public"."Washing_Program"."type", "public"."Washing_Program -Params: [5,0] -Duration: 6ms
[08/08/2026 02:57:29] PRISMA: SELECT "public"."Weather_Forecast"."id", "public"."Weather_Forecast"."time", "public"."Weather_Forec -Params: ["2026-08-07 12:57:29.046 UTC","2026-08-08 11:57:29.046 UTC",0] -Duration: 6ms
[08/08/2026 02:57:29] PRISMA: SELECT "public"."Solar_Data"."id", "public"."Solar_Data"."hour", "public"."Solar_Data"."Watts", "pub -Params: ["2026-08-07 00:57:29.042 UTC","2026-08-08 00:57:29.042 UTC",0] -Duration: 6ms
[08/08/2026 02:57:29] PRISMA: SELECT "public"."User"."id" FROM "public"."User" WHERE ("public"."User"."id" = $1 AND 1=1) LIMIT $2  -Params: [1,1,0] -Duration: 7ms
[08/08/2026 02:57:29] PRISMA: SELECT "public"."User"."id", "public"."User"."username" FROM "public"."User" WHERE "public"."User"." -Params: [1,0] -Duration: 2ms
[08/08/2026 02:57:29] PRISMA: SELECT "public"."Miele_Token"."id", "public"."Miele_Token"."accessToken", "public"."Miele_Token"."re -Params: [1,0] -Duration: 2ms
[08/08/2026 02:57:29] PRISMA: SELECT "public"."Miele_Token"."id", "public"."Miele_Token"."accessToken", "public"."Miele_Token"."re -Params: [1,1,0] -Duration: 1ms
[08/08/2026 03:00:02] PRISMA: SELECT 1 -Params: [] -Duration: 2ms
[08/08/2026 03:00:02] PRISMA: INSERT INTO "public"."Solar_Data" ("hour","Watts","total") VALUES ($1,$2,$3) RETURNING "public"."Sol -Params: ["2026-08-08 01:00:02.114 UTC",0,0] -Duration: 6ms
[08/08/2026 03:02:00] PRISMA: SELECT 1 -Params: [] -Duration: 6ms
[08/08/2026 03:02:00] PRISMA: SELECT 1 -Params: [] -Duration: 9ms
[08/08/2026 03:02:00] PRISMA: SELECT 1 -Params: [] -Duration: 1ms
[08/08/2026 03:02:00] PRISMA: SELECT "public"."Weather_Forecast"."id", "public"."Weather_Forecast"."time", "public"."Weather_Forec -Params: ["2026-08-07 13:02:00.691 UTC","2026-08-08 12:02:00.691 UTC",0] -Duration: 9ms
[08/08/2026 03:02:00] PRISMA: SELECT "public"."Washing_Program"."id", "public"."Washing_Program"."type", "public"."Washing_Program -Params: [5,0] -Duration: 7ms
[08/08/2026 03:02:00] PRISMA: SELECT "public"."Solar_Data"."id", "public"."Solar_Data"."hour", "public"."Solar_Data"."Watts", "pub -Params: ["2026-08-07 01:02:00.682 UTC","2026-08-08 01:02:00.682 UTC",0] -Duration: 11ms
[08/08/2026 03:02:00] PRISMA: SELECT "public"."User"."id" FROM "public"."User" WHERE ("public"."User"."id" = $1 AND 1=1) LIMIT $2  -Params: [1,1,0] -Duration: 1ms
[08/08/2026 03:02:00] PRISMA: SELECT "public"."Miele_Token"."id", "public"."Miele_Token"."accessToken", "public"."Miele_Token"."re -Params: [1,0] -Duration: 0ms
[08/08/2026 03:02:00] PRISMA: SELECT "public"."User"."id", "public"."User"."username" FROM "public"."User" WHERE "public"."User"." -Params: [1,0] -Duration: 4ms
[08/08/2026 03:02:00] PRISMA: SELECT "public"."Miele_Token"."id", "public"."Miele_Token"."accessToken", "public"."Miele_Token"."re -Params: [1,1,0] -Duration: 1ms
[08/08/2026 03:05:03] PRISMA: INSERT INTO "public"."Solar_Data" ("hour","Watts","total") VALUES ($1,$2,$3) RETURNING "public"."Sol -Params: ["2026-08-08 01:05:02.979 UTC",0,0] -Duration: 11ms
[08/08/2026 03:10:04] PRISMA: INSERT INTO "public"."Solar_Data" ("hour","Watts","total") VALUES ($1,$2,$3) RETURNING "public"."Sol -Params: ["2026-08-08 01:10:04.811 UTC",0,0] -Duration: 6ms
[08/08/2026 03:15:02] PRISMA: SELECT 1 -Params: [] -Duration: 10ms
[08/08/2026 03:15:02] PRISMA: INSERT INTO "public"."Solar_Data" ("hour","Watts","total") VALUES ($1,$2,$3) RETURNING "public"."Sol -Params: ["2026-08-08 01:15:02.075 UTC",0,0] -Duration: 4ms
[08/08/2026 03:17:28] PRISMA: SELECT "public"."Washing_Program"."id", "public"."Washing_Program"."type", "public"."Washing_Program -Params: [5,0] -Duration: 6ms
[08/08/2026 03:17:28] PRISMA: SELECT "public"."Weather_Forecast"."id", "public"."Weather_Forecast"."time", "public"."Weather_Forec -Params: ["2026-08-07 13:17:28.748 UTC","2026-08-08 12:17:28.748 UTC",0] -Duration: 7ms
[08/08/2026 03:17:28] PRISMA: SELECT "public"."User"."id" FROM "public"."User" WHERE ("public"."User"."id" = $1 AND 1=1) LIMIT $2  -Params: [1,1,0] -Duration: 4ms
[08/08/2026 03:17:28] PRISMA: SELECT "public"."Solar_Data"."id", "public"."Solar_Data"."hour", "public"."Solar_Data"."Watts", "pub -Params: ["2026-08-07 01:17:28.741 UTC","2026-08-08 01:17:28.741 UTC",0] -Duration: 8ms
[08/08/2026 03:17:28] PRISMA: SELECT "public"."User"."id", "public"."User"."username" FROM "public"."User" WHERE "public"."User"." -Params: [1,0] -Duration: 2ms
[08/08/2026 03:17:28] PRISMA: SELECT "public"."Miele_Token"."id", "public"."Miele_Token"."accessToken", "public"."Miele_Token"."re -Params: [1,0] -Duration: 2ms
[08/08/2026 03:17:28] PRISMA: SELECT "public"."Miele_Token"."id", "public"."Miele_Token"."accessToken", "public"."Miele_Token"."re -Params: [1,1,0] -Duration: 1ms
[08/08/2026 03:20:04] PRISMA: SELECT 1 -Params: [] -Duration: 2ms
[08/08/2026 03:20:04] PRISMA: INSERT INTO "public"."Solar_Data" ("hour","Watts","total") VALUES ($1,$2,$3) RETURNING "public"."Sol -Params: ["2026-08-08 01:20:04.584 UTC",0,0] -Duration: 13ms
[08/08/2026 03:22:00] PRISMA: SELECT 1 -Params: [] -Duration: 6ms
[08/08/2026 03:22:00] PRISMA: SELECT 1 -Params: [] -Duration: 1ms
[08/08/2026 03:22:00] PRISMA: SELECT "public"."Washing_Program"."id", "public"."Washing_Program"."type", "public"."Washing_Program -Params: [5,0] -Duration: 15ms
[08/08/2026 03:22:00] PRISMA: SELECT "public"."Solar_Data"."id", "public"."Solar_Data"."hour", "public"."Solar_Data"."Watts", "pub -Params: ["2026-08-07 01:22:00.683 UTC","2026-08-08 01:22:00.683 UTC",0] -Duration: 11ms
[08/08/2026 03:22:00] PRISMA: SELECT "public"."User"."id", "public"."User"."username" FROM "public"."User" WHERE "public"."User"." -Params: [1,0] -Duration: 1ms
[08/08/2026 03:22:00] PRISMA: SELECT 1 -Params: [] -Duration: 1ms
[08/08/2026 03:22:00] PRISMA: SELECT "public"."Weather_Forecast"."id", "public"."Weather_Forecast"."time", "public"."Weather_Forec -Params: ["2026-08-07 13:22:00.702 UTC","2026-08-08 12:22:00.702 UTC",0] -Duration: 7ms
[08/08/2026 03:22:00] PRISMA: SELECT "public"."User"."id" FROM "public"."User" WHERE ("public"."User"."id" = $1 AND 1=1) LIMIT $2  -Params: [1,1,0] -Duration: 3ms
[08/08/2026 03:22:00] PRISMA: SELECT "public"."Miele_Token"."id", "public"."Miele_Token"."accessToken", "public"."Miele_Token"."re -Params: [1,0] -Duration: 1ms
[08/08/2026 03:22:00] PRISMA: SELECT "public"."Miele_Token"."id", "public"."Miele_Token"."accessToken", "public"."Miele_Token"."re -Params: [1,1,0] -Duration: 0ms
[08/08/2026 03:25:03] PRISMA: INSERT INTO "public"."Solar_Data" ("hour","Watts","total") VALUES ($1,$2,$3) RETURNING "public"."Sol -Params: ["2026-08-08 01:25:03.187 UTC",0,0] -Duration: 4ms
[08/08/2026 03:30:05] PRISMA: INSERT INTO "public"."Solar_Data" ("hour","Watts","total") VALUES ($1,$2,$3) RETURNING "public"."Sol -Params: ["2026-08-08 01:30:05.622 UTC",0,0] -Duration: 5ms
[08/08/2026 03:35:09] PRISMA: INSERT INTO "public"."Solar_Data" ("hour","Watts","total") VALUES ($1,$2,$3) RETURNING "public"."Sol -Params: ["2026-08-08 01:35:09.606 UTC",0,0] -Duration: 7ms
[08/08/2026 03:37:28] PRISMA: SELECT 1 -Params: [] -Duration: 3ms
[08/08/2026 03:37:28] PRISMA: SELECT "public"."User"."id" FROM "public"."User" WHERE ("public"."User"."id" = $1 AND 1=1) LIMIT $2  -Params: [1,1,0] -Duration: 35ms
[08/08/2026 03:37:28] PRISMA: SELECT "public"."Miele_Token"."id", "public"."Miele_Token"."accessToken", "public"."Miele_Token"."re -Params: [1,0] -Duration: 6ms
[08/08/2026 03:37:28] PRISMA: SELECT "public"."Miele_Token"."id", "public"."Miele_Token"."accessToken", "public"."Miele_Token"."re -Params: [1,1,0] -Duration: 1ms
[08/08/2026 03:37:28] PRISMA: SELECT "public"."Washing_Program"."id", "public"."Washing_Program"."type", "public"."Washing_Program -Params: [5,0] -Duration: 5ms
[08/08/2026 03:37:28] PRISMA: SELECT "public"."Solar_Data"."id", "public"."Solar_Data"."hour", "public"."Solar_Data"."Watts", "pub -Params: ["2026-08-07 01:37:28.854 UTC","2026-08-08 01:37:28.854 UTC",0] -Duration: 6ms
[08/08/2026 03:37:28] PRISMA: SELECT "public"."User"."id", "public"."User"."username" FROM "public"."User" WHERE "public"."User"." -Params: [1,0] -Duration: 2ms
[08/08/2026 03:37:28] PRISMA: SELECT "public"."Weather_Forecast"."id", "public"."Weather_Forecast"."time", "public"."Weather_Forec -Params: ["2026-08-07 13:37:28.862 UTC","2026-08-08 12:37:28.862 UTC",0] -Duration: 7ms
[08/08/2026 03:40:02] PRISMA: SELECT 1 -Params: [] -Duration: 2ms
[08/08/2026 03:40:02] PRISMA: INSERT INTO "public"."Solar_Data" ("hour","Watts","total") VALUES ($1,$2,$3) RETURNING "public"."Sol -Params: ["2026-08-08 01:40:02.606 UTC",0,0] -Duration: 14ms
[08/08/2026 03:42:00] PRISMA: SELECT 1 -Params: [] -Duration: 3ms
[08/08/2026 03:42:00] PRISMA: SELECT 1 -Params: [] -Duration: 3ms
[08/08/2026 03:42:00] PRISMA: SELECT 1 -Params: [] -Duration: 5ms
[08/08/2026 03:42:00] PRISMA: SELECT "public"."Washing_Program"."id", "public"."Washing_Program"."type", "public"."Washing_Program -Params: [5,0] -Duration: 14ms
[08/08/2026 03:42:00] PRISMA: SELECT "public"."Weather_Forecast"."id", "public"."Weather_Forecast"."time", "public"."Weather_Forec -Params: ["2026-08-07 13:42:00.751 UTC","2026-08-08 12:42:00.751 UTC",0] -Duration: 16ms
[08/08/2026 03:42:00] PRISMA: SELECT "public"."Solar_Data"."id", "public"."Solar_Data"."hour", "public"."Solar_Data"."Watts", "pub -Params: ["2026-08-07 01:42:00.748 UTC","2026-08-08 01:42:00.748 UTC",0] -Duration: 17ms
[08/08/2026 03:42:00] PRISMA: SELECT "public"."User"."id", "public"."User"."username" FROM "public"."User" WHERE "public"."User"." -Params: [1,0] -Duration: 8ms
[08/08/2026 03:42:00] PRISMA: SELECT "public"."User"."id" FROM "public"."User" WHERE ("public"."User"."id" = $1 AND 1=1) LIMIT $2  -Params: [1,1,0] -Duration: 2ms
[08/08/2026 03:42:00] PRISMA: SELECT "public"."Miele_Token"."id", "public"."Miele_Token"."accessToken", "public"."Miele_Token"."re -Params: [1,0] -Duration: 1ms
[08/08/2026 03:42:00] PRISMA: SELECT "public"."Miele_Token"."id", "public"."Miele_Token"."accessToken", "public"."Miele_Token"."re -Params: [1,1,0] -Duration: 0ms
[08/08/2026 03:45:02] PRISMA: SELECT 1 -Params: [] -Duration: 3ms
[08/08/2026 03:45:02] PRISMA: INSERT INTO "public"."Solar_Data" ("hour","Watts","total") VALUES ($1,$2,$3) RETURNING "public"."Sol -Params: ["2026-08-08 01:45:02.632 UTC",0,0] -Duration: 10ms
[08/08/2026 03:50:04] PRISMA: INSERT INTO "public"."Solar_Data" ("hour","Watts","total") VALUES ($1,$2,$3) RETURNING "public"."Sol -Params: ["2026-08-08 01:50:04.223 UTC",0,0] -Duration: 10ms
[08/08/2026 03:55:01] PRISMA: SELECT 1 -Params: [] -Duration: 4ms
[08/08/2026 03:55:01] PRISMA: INSERT INTO "public"."Solar_Data" ("hour","Watts","total") VALUES ($1,$2,$3) RETURNING "public"."Sol -Params: ["2026-08-08 01:55:01.078 UTC",0,0] -Duration: 9ms
[08/08/2026 03:57:28] PRISMA: SELECT "public"."Washing_Program"."id", "public"."Washing_Program"."type", "public"."Washing_Program -Params: [5,0] -Duration: 9ms
[08/08/2026 03:57:28] PRISMA: SELECT "public"."User"."id" FROM "public"."User" WHERE ("public"."User"."id" = $1 AND 1=1) LIMIT $2  -Params: [1,1,0] -Duration: 9ms
[08/08/2026 03:57:28] PRISMA: SELECT "public"."Weather_Forecast"."id", "public"."Weather_Forecast"."time", "public"."Weather_Forec -Params: ["2026-08-07 13:57:28.863 UTC","2026-08-08 12:57:28.863 UTC",0] -Duration: 9ms
[08/08/2026 03:57:28] PRISMA: SELECT "public"."Solar_Data"."id", "public"."Solar_Data"."hour", "public"."Solar_Data"."Watts", "pub -Params: ["2026-08-07 01:57:28.849 UTC","2026-08-08 01:57:28.849 UTC",0] -Duration: 9ms
[08/08/2026 03:57:28] PRISMA: SELECT "public"."Miele_Token"."id", "public"."Miele_Token"."accessToken", "public"."Miele_Token"."re -Params: [1,0] -Duration: 2ms
[08/08/2026 03:57:28] PRISMA: SELECT "public"."User"."id", "public"."User"."username" FROM "public"."User" WHERE "public"."User"." -Params: [1,0] -Duration: 2ms
[08/08/2026 03:57:29] PRISMA: SELECT "public"."Miele_Token"."id", "public"."Miele_Token"."accessToken", "public"."Miele_Token"."re -Params: [1,1,0] -Duration: 6ms
[08/08/2026 04:00:04] PRISMA: SELECT 1 -Params: [] -Duration: 2ms
[08/08/2026 04:00:04] PRISMA: INSERT INTO "public"."Solar_Data" ("hour","Watts","total") VALUES ($1,$2,$3) RETURNING "public"."Sol -Params: ["2026-08-08 02:00:04.601 UTC",0,0] -Duration: 15ms
[08/08/2026 04:02:00] PRISMA: SELECT 1 -Params: [] -Duration: 1ms
[08/08/2026 04:02:00] PRISMA: SELECT 1 -Params: [] -Duration: 2ms
[08/08/2026 04:02:00] PRISMA: SELECT 1 -Params: [] -Duration: 1ms
[08/08/2026 04:02:00] PRISMA: SELECT "public"."Solar_Data"."id", "public"."Solar_Data"."hour", "public"."Solar_Data"."Watts", "pub -Params: ["2026-08-07 02:02:00.663 UTC","2026-08-08 02:02:00.663 UTC",0] -Duration: 10ms
[08/08/2026 04:02:00] PRISMA: SELECT "public"."Weather_Forecast"."id", "public"."Weather_Forecast"."time", "public"."Weather_Forec -Params: ["2026-08-07 14:02:00.669 UTC","2026-08-08 13:02:00.669 UTC",0] -Duration: 11ms
[08/08/2026 04:02:00] PRISMA: SELECT "public"."Washing_Program"."id", "public"."Washing_Program"."type", "public"."Washing_Program -Params: [5,0] -Duration: 5ms
[08/08/2026 04:02:00] PRISMA: SELECT "public"."User"."id" FROM "public"."User" WHERE ("public"."User"."id" = $1 AND 1=1) LIMIT $2  -Params: [1,1,0] -Duration: 0ms
[08/08/2026 04:02:00] PRISMA: SELECT "public"."Miele_Token"."id", "public"."Miele_Token"."accessToken", "public"."Miele_Token"."re -Params: [1,0] -Duration: 0ms
[08/08/2026 04:02:00] PRISMA: SELECT "public"."User"."id", "public"."User"."username" FROM "public"."User" WHERE "public"."User"." -Params: [1,0] -Duration: 2ms
[08/08/2026 04:02:00] PRISMA: SELECT "public"."Miele_Token"."id", "public"."Miele_Token"."accessToken", "public"."Miele_Token"."re -Params: [1,1,0] -Duration: 1ms
[08/08/2026 04:05:05] PRISMA: INSERT INTO "public"."Solar_Data" ("hour","Watts","total") VALUES ($1,$2,$3) RETURNING "public"."Sol -Params: ["2026-08-08 02:05:05.471 UTC",0,0] -Duration: 13ms
[08/08/2026 04:10:02] PRISMA: SELECT 1 -Params: [] -Duration: 3ms
[08/08/2026 04:10:02] PRISMA: INSERT INTO "public"."Solar_Data" ("hour","Watts","total") VALUES ($1,$2,$3) RETURNING "public"."Sol -Params: ["2026-08-08 02:10:02.565 UTC",0,0] -Duration: 4ms
[08/08/2026 04:15:05] PRISMA: INSERT INTO "public"."Solar_Data" ("hour","Watts","total") VALUES ($1,$2,$3) RETURNING "public"."Sol -Params: ["2026-08-08 02:15:05.205 UTC",0,0] -Duration: 5ms
[08/08/2026 04:20:05] PRISMA: INSERT INTO "public"."Solar_Data" ("hour","Watts","total") VALUES ($1,$2,$3) RETURNING "public"."Sol -Params: ["2026-08-08 02:20:05.591 UTC",0,0] -Duration: 4ms
[08/08/2026 04:25:01] PRISMA: SELECT 1 -Params: [] -Duration: 3ms
[08/08/2026 04:25:01] PRISMA: INSERT INTO "public"."Solar_Data" ("hour","Watts","total") VALUES ($1,$2,$3) RETURNING "public"."Sol -Params: ["2026-08-08 02:25:01.670 UTC",0,0] -Duration: 3ms
[08/08/2026 04:29:28] PRISMA: SELECT "public"."Washing_Program"."id", "public"."Washing_Program"."type", "public"."Washing_Program -Params: [5,0] -Duration: 12ms
[08/08/2026 04:29:28] PRISMA: SELECT "public"."Weather_Forecast"."id", "public"."Weather_Forecast"."time", "public"."Weather_Forec -Params: ["2026-08-07 14:29:28.796 UTC","2026-08-08 13:29:28.796 UTC",0] -Duration: 13ms
[08/08/2026 04:29:28] PRISMA: SELECT "public"."User"."id" FROM "public"."User" WHERE ("public"."User"."id" = $1 AND 1=1) LIMIT $2  -Params: [1,1,0] -Duration: 4ms
[08/08/2026 04:29:28] PRISMA: SELECT "public"."Solar_Data"."id", "public"."Solar_Data"."hour", "public"."Solar_Data"."Watts", "pub -Params: ["2026-08-07 02:29:28.788 UTC","2026-08-08 02:29:28.788 UTC",0] -Duration: 15ms
[08/08/2026 04:29:28] PRISMA: SELECT "public"."Miele_Token"."id", "public"."Miele_Token"."accessToken", "public"."Miele_Token"."re -Params: [1,0] -Duration: 2ms
[08/08/2026 04:29:28] PRISMA: SELECT "public"."User"."id", "public"."User"."username" FROM "public"."User" WHERE "public"."User"." -Params: [1,0] -Duration: 3ms
[08/08/2026 04:29:29] PRISMA: SELECT "public"."Miele_Token"."id", "public"."Miele_Token"."accessToken", "public"."Miele_Token"."re -Params: [1,1,0] -Duration: 1ms
[08/08/2026 04:30:02] PRISMA: SELECT 1 -Params: [] -Duration: 3ms
[08/08/2026 04:30:02] PRISMA: INSERT INTO "public"."Solar_Data" ("hour","Watts","total") VALUES ($1,$2,$3) RETURNING "public"."Sol -Params: ["2026-08-08 02:30:02.116 UTC",0,0] -Duration: 7ms
[08/08/2026 04:34:00] PRISMA: SELECT 1 -Params: [] -Duration: 3ms
[08/08/2026 04:34:00] PRISMA: SELECT 1 -Params: [] -Duration: 3ms
[08/08/2026 04:34:00] PRISMA: SELECT 1 -Params: [] -Duration: 4ms
[08/08/2026 04:34:00] PRISMA: SELECT 1 -Params: [] -Duration: 1ms
[08/08/2026 04:34:00] PRISMA: SELECT "public"."Weather_Forecast"."id", "public"."Weather_Forecast"."time", "public"."Weather_Forec -Params: ["2026-08-07 14:34:00.732 UTC","2026-08-08 13:34:00.732 UTC",0] -Duration: 11ms
[08/08/2026 04:34:00] PRISMA: SELECT "public"."Solar_Data"."id", "public"."Solar_Data"."hour", "public"."Solar_Data"."Watts", "pub -Params: ["2026-08-07 02:34:00.736 UTC","2026-08-08 02:34:00.736 UTC",0] -Duration: 12ms
[08/08/2026 04:34:00] PRISMA: SELECT "public"."Washing_Program"."id", "public"."Washing_Program"."type", "public"."Washing_Program -Params: [5,0] -Duration: 3ms
[08/08/2026 04:34:00] PRISMA: SELECT "public"."User"."id", "public"."User"."username" FROM "public"."User" WHERE "public"."User"." -Params: [1,0] -Duration: 4ms
[08/08/2026 04:34:00] PRISMA: SELECT "public"."User"."id" FROM "public"."User" WHERE ("public"."User"."id" = $1 AND 1=1) LIMIT $2  -Params: [1,1,0] -Duration: 7ms
[08/08/2026 04:34:00] PRISMA: SELECT "public"."Miele_Token"."id", "public"."Miele_Token"."accessToken", "public"."Miele_Token"."re -Params: [1,0] -Duration: 2ms
[08/08/2026 04:34:00] PRISMA: SELECT "public"."Miele_Token"."id", "public"."Miele_Token"."accessToken", "public"."Miele_Token"."re -Params: [1,1,0] -Duration: 0ms
[08/08/2026 04:35:02] PRISMA: INSERT INTO "public"."Solar_Data" ("hour","Watts","total") VALUES ($1,$2,$3) RETURNING "public"."Sol -Params: ["2026-08-08 02:35:02.690 UTC",0,0] -Duration: 5ms
[08/08/2026 04:40:03] PRISMA: INSERT INTO "public"."Solar_Data" ("hour","Watts","total") VALUES ($1,$2,$3) RETURNING "public"."Sol -Params: ["2026-08-08 02:40:02.993 UTC",0,0] -Duration: 4ms
[08/08/2026 04:45:03] PRISMA: SELECT 1 -Params: [] -Duration: 2ms
[08/08/2026 04:45:03] PRISMA: INSERT INTO "public"."Solar_Data" ("hour","Watts","total") VALUES ($1,$2,$3) RETURNING "public"."Sol -Params: ["2026-08-08 02:45:02.999 UTC",0,0] -Duration: 3ms
[08/08/2026 04:50:01] PRISMA: INSERT INTO "public"."Solar_Data" ("hour","Watts","total") VALUES ($1,$2,$3) RETURNING "public"."Sol -Params: ["2026-08-08 02:50:01.755 UTC",0,0] -Duration: 11ms
[08/08/2026 04:51:28] PRISMA: SELECT 1 -Params: [] -Duration: 7ms
[08/08/2026 04:51:28] PRISMA: SELECT "public"."Washing_Program"."id", "public"."Washing_Program"."type", "public"."Washing_Program -Params: [5,0] -Duration: 46ms
[08/08/2026 04:51:28] PRISMA: SELECT "public"."User"."id", "public"."User"."username" FROM "public"."User" WHERE "public"."User"." -Params: [1,0] -Duration: 3ms
[08/08/2026 04:51:29] PRISMA: SELECT "public"."Weather_Forecast"."id", "public"."Weather_Forecast"."time", "public"."Weather_Forec -Params: ["2026-08-07 14:51:28.933 UTC","2026-08-08 13:51:28.933 UTC",0] -Duration: 5ms
[08/08/2026 04:51:29] PRISMA: SELECT "public"."User"."id" FROM "public"."User" WHERE ("public"."User"."id" = $1 AND 1=1) LIMIT $2  -Params: [1,1,0] -Duration: 5ms
[08/08/2026 04:51:29] PRISMA: SELECT "public"."Solar_Data"."id", "public"."Solar_Data"."hour", "public"."Solar_Data"."Watts", "pub -Params: ["2026-08-07 02:51:28.923 UTC","2026-08-08 02:51:28.923 UTC",0] -Duration: 6ms
[08/08/2026 04:51:29] PRISMA: SELECT "public"."Miele_Token"."id", "public"."Miele_Token"."accessToken", "public"."Miele_Token"."re -Params: [1,0] -Duration: 1ms
[08/08/2026 04:51:29] PRISMA: SELECT "public"."Miele_Token"."id", "public"."Miele_Token"."accessToken", "public"."Miele_Token"."re -Params: [1,1,0] -Duration: 0ms
[08/08/2026 04:55:05] PRISMA: SELECT 1 -Params: [] -Duration: 4ms
[08/08/2026 04:55:05] PRISMA: INSERT INTO "public"."Solar_Data" ("hour","Watts","total") VALUES ($1,$2,$3) RETURNING "public"."Sol -Params: ["2026-08-08 02:55:05.053 UTC",0,0] -Duration: 6ms
[08/08/2026 04:56:00] PRISMA: SELECT 1 -Params: [] -Duration: 7ms
[08/08/2026 04:56:00] PRISMA: SELECT 1 -Params: [] -Duration: 4ms
[08/08/2026 04:56:00] PRISMA: SELECT 1 -Params: [] -Duration: 1ms
[08/08/2026 04:56:00] PRISMA: SELECT "public"."Solar_Data"."id", "public"."Solar_Data"."hour", "public"."Solar_Data"."Watts", "pub -Params: ["2026-08-07 02:56:00.898 UTC","2026-08-08 02:56:00.898 UTC",0] -Duration: 6ms
[08/08/2026 04:56:00] PRISMA: SELECT "public"."Weather_Forecast"."id", "public"."Weather_Forecast"."time", "public"."Weather_Forec -Params: ["2026-08-07 14:56:00.904 UTC","2026-08-08 13:56:00.904 UTC",0] -Duration: 2ms
[08/08/2026 04:56:00] PRISMA: SELECT "public"."Washing_Program"."id", "public"."Washing_Program"."type", "public"."Washing_Program -Params: [5,0] -Duration: 14ms
[08/08/2026 04:56:00] PRISMA: SELECT "public"."User"."id", "public"."User"."username" FROM "public"."User" WHERE "public"."User"." -Params: [1,0] -Duration: 1ms
[08/08/2026 04:56:00] PRISMA: SELECT "public"."User"."id" FROM "public"."User" WHERE ("public"."User"."id" = $1 AND 1=1) LIMIT $2  -Params: [1,1,0] -Duration: 2ms
[08/08/2026 04:56:00] PRISMA: SELECT "public"."Miele_Token"."id", "public"."Miele_Token"."accessToken", "public"."Miele_Token"."re -Params: [1,0] -Duration: 1ms
[08/08/2026 04:56:01] PRISMA: SELECT "public"."Miele_Token"."id", "public"."Miele_Token"."accessToken", "public"."Miele_Token"."re -Params: [1,1,0] -Duration: 1ms
[08/08/2026 05:00:01] PRISMA: SELECT 1 -Params: [] -Duration: 1ms
[08/08/2026 05:00:01] PRISMA: INSERT INTO "public"."Solar_Data" ("hour","Watts","total") VALUES ($1,$2,$3) RETURNING "public"."Sol -Params: ["2026-08-08 03:00:01.609 UTC",0,0] -Duration: 5ms
[08/08/2026 05:02:28] PRISMA: SELECT "public"."Washing_Program"."id", "public"."Washing_Program"."type", "public"."Washing_Program -Params: [5,0] -Duration: 3ms
[08/08/2026 05:02:28] PRISMA: SELECT "public"."User"."id" FROM "public"."User" WHERE ("public"."User"."id" = $1 AND 1=1) LIMIT $2  -Params: [1,1,0] -Duration: 3ms
[08/08/2026 05:02:28] PRISMA: SELECT "public"."Weather_Forecast"."id", "public"."Weather_Forecast"."time", "public"."Weather_Forec -Params: ["2026-08-07 15:02:28.753 UTC","2026-08-08 14:02:28.753 UTC",0] -Duration: 8ms
[08/08/2026 05:02:28] PRISMA: SELECT "public"."User"."id", "public"."User"."username" FROM "public"."User" WHERE "public"."User"." -Params: [1,0] -Duration: 1ms
[08/08/2026 05:02:28] PRISMA: SELECT "public"."Miele_Token"."id", "public"."Miele_Token"."accessToken", "public"."Miele_Token"."re -Params: [1,0] -Duration: 2ms
[08/08/2026 05:02:28] PRISMA: SELECT "public"."Solar_Data"."id", "public"."Solar_Data"."hour", "public"."Solar_Data"."Watts", "pub -Params: ["2026-08-07 03:02:28.751 UTC","2026-08-08 03:02:28.751 UTC",0] -Duration: 5ms
[08/08/2026 05:02:28] PRISMA: SELECT "public"."Miele_Token"."id", "public"."Miele_Token"."accessToken", "public"."Miele_Token"."re -Params: [1,1,0] -Duration: 3ms
[08/08/2026 05:05:05] PRISMA: SELECT 1 -Params: [] -Duration: 3ms
[08/08/2026 05:05:05] PRISMA: INSERT INTO "public"."Solar_Data" ("hour","Watts","total") VALUES ($1,$2,$3) RETURNING "public"."Sol -Params: ["2026-08-08 03:05:05.153 UTC",0,0] -Duration: 6ms
[08/08/2026 05:07:00] PRISMA: SELECT 1 -Params: [] -Duration: 3ms
[08/08/2026 05:07:00] PRISMA: SELECT 1 -Params: [] -Duration: 6ms
[08/08/2026 05:07:00] PRISMA: SELECT 1 -Params: [] -Duration: 4ms
[08/08/2026 05:07:00] PRISMA: SELECT 1 -Params: [] -Duration: 2ms
[08/08/2026 05:07:00] PRISMA: SELECT "public"."Washing_Program"."id", "public"."Washing_Program"."type", "public"."Washing_Program -Params: [5,0] -Duration: 11ms
[08/08/2026 05:07:00] PRISMA: SELECT "public"."Weather_Forecast"."id", "public"."Weather_Forecast"."time", "public"."Weather_Forec -Params: ["2026-08-07 15:07:00.700 UTC","2026-08-08 14:07:00.700 UTC",0] -Duration: 10ms
[08/08/2026 05:07:00] PRISMA: SELECT "public"."Solar_Data"."id", "public"."Solar_Data"."hour", "public"."Solar_Data"."Watts", "pub -Params: ["2026-08-07 03:07:00.698 UTC","2026-08-08 03:07:00.698 UTC",0] -Duration: 16ms
[08/08/2026 05:07:00] PRISMA: SELECT "public"."User"."id" FROM "public"."User" WHERE ("public"."User"."id" = $1 AND 1=1) LIMIT $2  -Params: [1,1,0] -Duration: 16ms
[08/08/2026 05:07:00] PRISMA: SELECT "public"."User"."id", "public"."User"."username" FROM "public"."User" WHERE "public"."User"." -Params: [1,0] -Duration: 10ms
[08/08/2026 05:07:00] PRISMA: SELECT "public"."Miele_Token"."id", "public"."Miele_Token"."accessToken", "public"."Miele_Token"."re -Params: [1,0] -Duration: 6ms
[08/08/2026 05:07:00] PRISMA: SELECT "public"."Miele_Token"."id", "public"."Miele_Token"."accessToken", "public"."Miele_Token"."re -Params: [1,1,0] -Duration: 3ms
[08/08/2026 05:10:02] PRISMA: INSERT INTO "public"."Solar_Data" ("hour","Watts","total") VALUES ($1,$2,$3) RETURNING "public"."Sol -Params: ["2026-08-08 03:10:02.646 UTC",0,0] -Duration: 5ms
[08/08/2026 05:13:28] PRISMA: SELECT 1 -Params: [] -Duration: 8ms
[08/08/2026 05:13:28] PRISMA: SELECT "public"."Washing_Program"."id", "public"."Washing_Program"."type", "public"."Washing_Program -Params: [5,0] -Duration: 36ms
[08/08/2026 05:13:28] PRISMA: SELECT "public"."User"."id", "public"."User"."username" FROM "public"."User" WHERE "public"."User"." -Params: [1,0] -Duration: 4ms
[08/08/2026 05:13:28] PRISMA: SELECT "public"."User"."id" FROM "public"."User" WHERE ("public"."User"."id" = $1 AND 1=1) LIMIT $2  -Params: [1,1,0] -Duration: 1ms
[08/08/2026 05:13:28] PRISMA: SELECT "public"."Weather_Forecast"."id", "public"."Weather_Forecast"."time", "public"."Weather_Forec -Params: ["2026-08-07 15:13:28.711 UTC","2026-08-08 14:13:28.711 UTC",0] -Duration: 2ms
[08/08/2026 05:13:28] PRISMA: SELECT "public"."Solar_Data"."id", "public"."Solar_Data"."hour", "public"."Solar_Data"."Watts", "pub -Params: ["2026-08-07 03:13:28.702 UTC","2026-08-08 03:13:28.702 UTC",0] -Duration: 2ms
[08/08/2026 05:13:28] PRISMA: SELECT "public"."Miele_Token"."id", "public"."Miele_Token"."accessToken", "public"."Miele_Token"."re -Params: [1,0] -Duration: 1ms
[08/08/2026 05:13:28] PRISMA: SELECT "public"."Miele_Token"."id", "public"."Miele_Token"."accessToken", "public"."Miele_Token"."re -Params: [1,1,0] -Duration: 1ms
[08/08/2026 05:15:01] PRISMA: SELECT 1 -Params: [] -Duration: 4ms
[08/08/2026 05:15:01] PRISMA: INSERT INTO "public"."Solar_Data" ("hour","Watts","total") VALUES ($1,$2,$3) RETURNING "public"."Sol -Params: ["2026-08-08 03:15:01.716 UTC",0,0] -Duration: 6ms
[08/08/2026 05:18:00] PRISMA: SELECT 1 -Params: [] -Duration: 3ms
[08/08/2026 05:18:00] PRISMA: SELECT 1 -Params: [] -Duration: 4ms
[08/08/2026 05:18:00] PRISMA: SELECT 1 -Params: [] -Duration: 2ms
[08/08/2026 05:18:00] PRISMA: SELECT "public"."Weather_Forecast"."id", "public"."Weather_Forecast"."time", "public"."Weather_Forec -Params: ["2026-08-07 15:18:00.708 UTC","2026-08-08 14:18:00.708 UTC",0] -Duration: 3ms
[08/08/2026 05:18:00] PRISMA: SELECT "public"."Solar_Data"."id", "public"."Solar_Data"."hour", "public"."Solar_Data"."Watts", "pub -Params: ["2026-08-07 03:18:00.706 UTC","2026-08-08 03:18:00.706 UTC",0] -Duration: 27ms
[08/08/2026 05:18:00] PRISMA: SELECT "public"."Washing_Program"."id", "public"."Washing_Program"."type", "public"."Washing_Program -Params: [5,0] -Duration: 35ms
[08/08/2026 05:18:00] PRISMA: SELECT "public"."User"."id", "public"."User"."username" FROM "public"."User" WHERE "public"."User"." -Params: [1,0] -Duration: 15ms
[08/08/2026 05:18:00] PRISMA: SELECT "public"."User"."id" FROM "public"."User" WHERE ("public"."User"."id" = $1 AND 1=1) LIMIT $2  -Params: [1,1,0] -Duration: 9ms
[08/08/2026 05:18:00] PRISMA: SELECT "public"."Miele_Token"."id", "public"."Miele_Token"."accessToken", "public"."Miele_Token"."re -Params: [1,0] -Duration: 1ms
[08/08/2026 05:18:00] PRISMA: SELECT "public"."Miele_Token"."id", "public"."Miele_Token"."accessToken", "public"."Miele_Token"."re -Params: [1,1,0] -Duration: 0ms
[08/08/2026 05:20:03] PRISMA: SELECT 1 -Params: [] -Duration: 3ms
[08/08/2026 05:20:03] PRISMA: INSERT INTO "public"."Solar_Data" ("hour","Watts","total") VALUES ($1,$2,$3) RETURNING "public"."Sol -Params: ["2026-08-08 03:20:03.727 UTC",0,0] -Duration: 9ms
[08/08/2026 05:25:03] PRISMA: INSERT INTO "public"."Solar_Data" ("hour","Watts","total") VALUES ($1,$2,$3) RETURNING "public"."Sol -Params: ["2026-08-08 03:25:03.257 UTC",0,0] -Duration: 5ms
[08/08/2026 05:30:05] PRISMA: INSERT INTO "public"."Solar_Data" ("hour","Watts","total") VALUES ($1,$2,$3) RETURNING "public"."Sol -Params: ["2026-08-08 03:30:05.067 UTC",0,0] -Duration: 7ms
[08/08/2026 05:35:05] PRISMA: INSERT INTO "public"."Solar_Data" ("hour","Watts","total") VALUES ($1,$2,$3) RETURNING "public"."Sol -Params: ["2026-08-08 03:35:05.465 UTC",0,0] -Duration: 4ms
[08/08/2026 05:37:28] PRISMA: SELECT 1 -Params: [] -Duration: 11ms
[08/08/2026 05:37:28] PRISMA: SELECT "public"."Solar_Data"."id", "public"."Solar_Data"."hour", "public"."Solar_Data"."Watts", "pub -Params: ["2026-08-07 03:37:28.810 UTC","2026-08-08 03:37:28.810 UTC",0] -Duration: 26ms
[08/08/2026 05:37:28] PRISMA: SELECT "public"."User"."id" FROM "public"."User" WHERE ("public"."User"."id" = $1 AND 1=1) LIMIT $2  -Params: [1,1,0] -Duration: 6ms
[08/08/2026 05:37:28] PRISMA: SELECT "public"."Washing_Program"."id", "public"."Washing_Program"."type", "public"."Washing_Program -Params: [5,0] -Duration: 6ms
[08/08/2026 05:37:28] PRISMA: SELECT "public"."Weather_Forecast"."id", "public"."Weather_Forecast"."time", "public"."Weather_Forec -Params: ["2026-08-07 15:37:28.819 UTC","2026-08-08 14:37:28.819 UTC",0] -Duration: 6ms
[08/08/2026 05:37:28] PRISMA: SELECT "public"."User"."id", "public"."User"."username" FROM "public"."User" WHERE "public"."User"." -Params: [1,0] -Duration: 2ms
[08/08/2026 05:37:28] PRISMA: SELECT "public"."Miele_Token"."id", "public"."Miele_Token"."accessToken", "public"."Miele_Token"."re -Params: [1,0] -Duration: 2ms
[08/08/2026 05:37:28] PRISMA: SELECT "public"."Miele_Token"."id", "public"."Miele_Token"."accessToken", "public"."Miele_Token"."re -Params: [1,1,0] -Duration: 0ms
[08/08/2026 05:40:04] PRISMA: SELECT 1 -Params: [] -Duration: 2ms
[08/08/2026 05:40:04] PRISMA: INSERT INTO "public"."Solar_Data" ("hour","Watts","total") VALUES ($1,$2,$3) RETURNING "public"."Sol -Params: ["2026-08-08 03:40:04.804 UTC",0,0] -Duration: 8ms
[08/08/2026 05:42:00] PRISMA: SELECT 1 -Params: [] -Duration: 5ms
[08/08/2026 05:42:00] PRISMA: SELECT 1 -Params: [] -Duration: 2ms
[08/08/2026 05:42:00] PRISMA: SELECT 1 -Params: [] -Duration: 1ms
[08/08/2026 05:42:00] PRISMA: SELECT "public"."Weather_Forecast"."id", "public"."Weather_Forecast"."time", "public"."Weather_Forec -Params: ["2026-08-07 15:42:00.807 UTC","2026-08-08 14:42:00.807 UTC",0] -Duration: 7ms
[08/08/2026 05:42:00] PRISMA: SELECT "public"."Washing_Program"."id", "public"."Washing_Program"."type", "public"."Washing_Program -Params: [5,0] -Duration: 15ms
[08/08/2026 05:42:00] PRISMA: SELECT "public"."Solar_Data"."id", "public"."Solar_Data"."hour", "public"."Solar_Data"."Watts", "pub -Params: ["2026-08-07 03:42:00.804 UTC","2026-08-08 03:42:00.804 UTC",0] -Duration: 17ms
[08/08/2026 05:42:00] PRISMA: SELECT "public"."User"."id", "public"."User"."username" FROM "public"."User" WHERE "public"."User"." -Params: [1,0] -Duration: 3ms
[08/08/2026 05:42:00] PRISMA: SELECT "public"."User"."id" FROM "public"."User" WHERE ("public"."User"."id" = $1 AND 1=1) LIMIT $2  -Params: [1,1,0] -Duration: 2ms
[08/08/2026 05:42:00] PRISMA: SELECT "public"."Miele_Token"."id", "public"."Miele_Token"."accessToken", "public"."Miele_Token"."re -Params: [1,0] -Duration: 1ms
[08/08/2026 05:42:00] PRISMA: SELECT "public"."Miele_Token"."id", "public"."Miele_Token"."accessToken", "public"."Miele_Token"."re -Params: [1,1,0] -Duration: 0ms
[08/08/2026 05:45:02] PRISMA: SELECT 1 -Params: [] -Duration: 3ms
[08/08/2026 05:45:02] PRISMA: INSERT INTO "public"."Solar_Data" ("hour","Watts","total") VALUES ($1,$2,$3) RETURNING "public"."Sol -Params: ["2026-08-08 03:45:02.766 UTC",0,0] -Duration: 13ms
[08/08/2026 05:50:05] PRISMA: INSERT INTO "public"."Solar_Data" ("hour","Watts","total") VALUES ($1,$2,$3) RETURNING "public"."Sol -Params: ["2026-08-08 03:50:05.256 UTC",0,0] -Duration: 4ms
[08/08/2026 05:55:02] PRISMA: SELECT 1 -Params: [] -Duration: 6ms
[08/08/2026 05:55:02] PRISMA: INSERT INTO "public"."Solar_Data" ("hour","Watts","total") VALUES ($1,$2,$3) RETURNING "public"."Sol -Params: ["2026-08-08 03:55:02.326 UTC",0,0] -Duration: 3ms
[08/08/2026 06:00:02] PRISMA: INSERT INTO "public"."Solar_Data" ("hour","Watts","total") VALUES ($1,$2,$3) RETURNING "public"."Sol -Params: ["2026-08-08 04:00:02.661 UTC",0,0] -Duration: 4ms
[08/08/2026 06:05:01] PRISMA: SELECT 1 -Params: [] -Duration: 11ms
[08/08/2026 06:05:01] PRISMA: INSERT INTO "public"."Solar_Data" ("hour","Watts","total") VALUES ($1,$2,$3) RETURNING "public"."Sol -Params: ["2026-08-08 04:05:01.664 UTC",0,0] -Duration: 4ms
[08/08/2026 06:10:05] PRISMA: INSERT INTO "public"."Solar_Data" ("hour","Watts","total") VALUES ($1,$2,$3) RETURNING "public"."Sol -Params: ["2026-08-08 04:10:05.360 UTC",0,0] -Duration: 3ms
[08/08/2026 06:15:02] PRISMA: SELECT 1 -Params: [] -Duration: 4ms
[08/08/2026 06:15:02] PRISMA: INSERT INTO "public"."Solar_Data" ("hour","Watts","total") VALUES ($1,$2,$3) RETURNING "public"."Sol -Params: ["2026-08-08 04:15:02.046 UTC",0,0] -Duration: 4ms
[08/08/2026 06:20:03] PRISMA: INSERT INTO "public"."Solar_Data" ("hour","Watts","total") VALUES ($1,$2,$3) RETURNING "public"."Sol -Params: ["2026-08-08 04:20:03.443 UTC",19,1] -Duration: 3ms
[08/08/2026 06:22:28] PRISMA: SELECT 1 -Params: [] -Duration: 8ms
[08/08/2026 06:22:28] PRISMA: SELECT "public"."Solar_Data"."id", "public"."Solar_Data"."hour", "public"."Solar_Data"."Watts", "pub -Params: ["2026-08-07 04:22:28.840 UTC","2026-08-08 04:22:28.840 UTC",0] -Duration: 18ms
[08/08/2026 06:22:28] PRISMA: SELECT "public"."User"."id" FROM "public"."User" WHERE ("public"."User"."id" = $1 AND 1=1) LIMIT $2  -Params: [1,1,0] -Duration: 5ms
[08/08/2026 06:22:28] PRISMA: SELECT "public"."Weather_Forecast"."id", "public"."Weather_Forecast"."time", "public"."Weather_Forec -Params: ["2026-08-07 16:22:28.846 UTC","2026-08-08 15:22:28.846 UTC",0] -Duration: 4ms
[08/08/2026 06:22:28] PRISMA: SELECT "public"."Washing_Program"."id", "public"."Washing_Program"."type", "public"."Washing_Program -Params: [5,0] -Duration: 4ms
[08/08/2026 06:22:28] PRISMA: SELECT "public"."User"."id", "public"."User"."username" FROM "public"."User" WHERE "public"."User"." -Params: [1,0] -Duration: 1ms
[08/08/2026 06:22:28] PRISMA: SELECT "public"."Miele_Token"."id", "public"."Miele_Token"."accessToken", "public"."Miele_Token"."re -Params: [1,0] -Duration: 2ms
[08/08/2026 06:22:28] PRISMA: SELECT "public"."Miele_Token"."id", "public"."Miele_Token"."accessToken", "public"."Miele_Token"."re -Params: [1,1,0] -Duration: 0ms
[08/08/2026 06:25:05] PRISMA: SELECT 1 -Params: [] -Duration: 3ms
[08/08/2026 06:25:05] PRISMA: INSERT INTO "public"."Solar_Data" ("hour","Watts","total") VALUES ($1,$2,$3) RETURNING "public"."Sol -Params: ["2026-08-08 04:25:05.497 UTC",8,2] -Duration: 8ms
[08/08/2026 06:27:00] PRISMA: SELECT 1 -Params: [] -Duration: 7ms
[08/08/2026 06:27:00] PRISMA: SELECT 1 -Params: [] -Duration: 1ms
[08/08/2026 06:27:00] PRISMA: SELECT 1 -Params: [] -Duration: 0ms
[08/08/2026 06:27:00] PRISMA: SELECT "public"."Weather_Forecast"."id", "public"."Weather_Forecast"."time", "public"."Weather_Forec -Params: ["2026-08-07 16:27:00.866 UTC","2026-08-08 15:27:00.866 UTC",0] -Duration: 1ms
[08/08/2026 06:27:00] PRISMA: SELECT "public"."Washing_Program"."id", "public"."Washing_Program"."type", "public"."Washing_Program -Params: [5,0] -Duration: 4ms
[08/08/2026 06:27:00] PRISMA: SELECT "public"."Solar_Data"."id", "public"."Solar_Data"."hour", "public"."Solar_Data"."Watts", "pub -Params: ["2026-08-07 04:27:00.857 UTC","2026-08-08 04:27:00.857 UTC",0] -Duration: 8ms
[08/08/2026 06:27:00] PRISMA: SELECT "public"."User"."id", "public"."User"."username" FROM "public"."User" WHERE "public"."User"." -Params: [1,0] -Duration: 2ms
[08/08/2026 06:27:00] PRISMA: SELECT "public"."User"."id" FROM "public"."User" WHERE ("public"."User"."id" = $1 AND 1=1) LIMIT $2  -Params: [1,1,0] -Duration: 8ms
[08/08/2026 06:27:00] PRISMA: SELECT "public"."Miele_Token"."id", "public"."Miele_Token"."accessToken", "public"."Miele_Token"."re -Params: [1,0] -Duration: 5ms
[08/08/2026 06:27:00] PRISMA: SELECT "public"."Miele_Token"."id", "public"."Miele_Token"."accessToken", "public"."Miele_Token"."re -Params: [1,1,0] -Duration: 0ms
[08/08/2026 06:30:02] PRISMA: INSERT INTO "public"."Solar_Data" ("hour","Watts","total") VALUES ($1,$2,$3) RETURNING "public"."Sol -Params: ["2026-08-08 04:30:02.458 UTC",17,3] -Duration: 5ms
[08/08/2026 06:35:01] PRISMA: SELECT 1 -Params: [] -Duration: 7ms
[08/08/2026 06:35:01] PRISMA: INSERT INTO "public"."Solar_Data" ("hour","Watts","total") VALUES ($1,$2,$3) RETURNING "public"."Sol -Params: ["2026-08-08 04:35:01.059 UTC",31,4] -Duration: 4ms
[08/08/2026 06:38:28] PRISMA: SELECT "public"."User"."id" FROM "public"."User" WHERE ("public"."User"."id" = $1 AND 1=1) LIMIT $2  -Params: [1,1,0] -Duration: 7ms
[08/08/2026 06:38:28] PRISMA: SELECT "public"."Weather_Forecast"."id", "public"."Weather_Forecast"."time", "public"."Weather_Forec -Params: ["2026-08-07 16:38:28.843 UTC","2026-08-08 15:38:28.843 UTC",0] -Duration: 7ms
[08/08/2026 06:38:28] PRISMA: SELECT "public"."Washing_Program"."id", "public"."Washing_Program"."type", "public"."Washing_Program -Params: [5,0] -Duration: 7ms
[08/08/2026 06:38:28] PRISMA: SELECT "public"."Solar_Data"."id", "public"."Solar_Data"."hour", "public"."Solar_Data"."Watts", "pub -Params: ["2026-08-07 04:38:28.839 UTC","2026-08-08 04:38:28.839 UTC",0] -Duration: 8ms
[08/08/2026 06:38:28] PRISMA: SELECT "public"."Miele_Token"."id", "public"."Miele_Token"."accessToken", "public"."Miele_Token"."re -Params: [1,0] -Duration: 1ms
[08/08/2026 06:38:28] PRISMA: SELECT "public"."User"."id", "public"."User"."username" FROM "public"."User" WHERE "public"."User"." -Params: [1,0] -Duration: 1ms
[08/08/2026 06:38:28] PRISMA: SELECT "public"."Miele_Token"."id", "public"."Miele_Token"."accessToken", "public"."Miele_Token"."re -Params: [1,1,0] -Duration: 1ms
[08/08/2026 06:40:03] PRISMA: SELECT 1 -Params: [] -Duration: 2ms
[08/08/2026 06:40:03] PRISMA: INSERT INTO "public"."Solar_Data" ("hour","Watts","total") VALUES ($1,$2,$3) RETURNING "public"."Sol -Params: ["2026-08-08 04:40:03.335 UTC",41,8] -Duration: 14ms
[08/08/2026 06:43:00] PRISMA: SELECT 1 -Params: [] -Duration: 3ms
[08/08/2026 06:43:00] PRISMA: SELECT 1 -Params: [] -Duration: 4ms
[08/08/2026 06:43:00] PRISMA: SELECT 1 -Params: [] -Duration: 6ms
[08/08/2026 06:43:00] PRISMA: SELECT "public"."Washing_Program"."id", "public"."Washing_Program"."type", "public"."Washing_Program -Params: [5,0] -Duration: 1ms
[08/08/2026 06:43:00] PRISMA: SELECT 1 -Params: [] -Duration: 1ms
[08/08/2026 06:43:00] PRISMA: SELECT "public"."User"."id", "public"."User"."username" FROM "public"."User" WHERE "public"."User"." -Params: [1,0] -Duration: 0ms
[08/08/2026 06:43:00] PRISMA: SELECT "public"."Weather_Forecast"."id", "public"."Weather_Forecast"."time", "public"."Weather_Forec -Params: ["2026-08-07 16:43:00.784 UTC","2026-08-08 15:43:00.784 UTC",0] -Duration: 10ms
[08/08/2026 06:43:00] PRISMA: SELECT "public"."Solar_Data"."id", "public"."Solar_Data"."hour", "public"."Solar_Data"."Watts", "pub -Params: ["2026-08-07 04:43:00.781 UTC","2026-08-08 04:43:00.781 UTC",0] -Duration: 11ms
[08/08/2026 06:43:00] PRISMA: SELECT "public"."User"."id" FROM "public"."User" WHERE ("public"."User"."id" = $1 AND 1=1) LIMIT $2  -Params: [1,1,0] -Duration: 9ms
[08/08/2026 06:43:00] PRISMA: SELECT "public"."Miele_Token"."id", "public"."Miele_Token"."accessToken", "public"."Miele_Token"."re -Params: [1,0] -Duration: 4ms
[08/08/2026 06:43:00] PRISMA: SELECT "public"."Miele_Token"."id", "public"."Miele_Token"."accessToken", "public"."Miele_Token"."re -Params: [1,1,0] -Duration: 1ms
[08/08/2026 06:45:05] PRISMA: INSERT INTO "public"."Solar_Data" ("hour","Watts","total") VALUES ($1,$2,$3) RETURNING "public"."Sol -Params: ["2026-08-08 04:45:05.288 UTC",55,12] -Duration: 6ms
[08/08/2026 06:50:03] PRISMA: SELECT 1 -Params: [] -Duration: 3ms
[08/08/2026 06:50:03] PRISMA: INSERT INTO "public"."Solar_Data" ("hour","Watts","total") VALUES ($1,$2,$3) RETURNING "public"."Sol -Params: ["2026-08-08 04:50:03.096 UTC",69,17] -Duration: 4ms
[08/08/2026 06:55:04] PRISMA: INSERT INTO "public"."Solar_Data" ("hour","Watts","total") VALUES ($1,$2,$3) RETURNING "public"."Sol -Params: ["2026-08-08 04:55:04.775 UTC",82,23] -Duration: 4ms
[08/08/2026 07:00:04] PRISMA: SELECT 1 -Params: [] -Duration: 6ms
[08/08/2026 07:00:04] PRISMA: INSERT INTO "public"."Solar_Data" ("hour","Watts","total") VALUES ($1,$2,$3) RETURNING "public"."Sol -Params: ["2026-08-08 05:00:04.484 UTC",96,30] -Duration: 3ms
[08/08/2026 07:05:05] PRISMA: INSERT INTO "public"."Solar_Data" ("hour","Watts","total") VALUES ($1,$2,$3) RETURNING "public"."Sol -Params: ["2026-08-08 05:05:04.965 UTC",108,39] -Duration: 5ms
[08/08/2026 07:10:08] PRISMA: INSERT INTO "public"."Solar_Data" ("hour","Watts","total") VALUES ($1,$2,$3) RETURNING "public"."Sol -Params: ["2026-08-08 05:10:08.249 UTC",123,49] -Duration: 4ms
[08/08/2026 07:13:28] PRISMA: SELECT 1 -Params: [] -Duration: 40ms
[08/08/2026 07:13:28] PRISMA: SELECT "public"."Solar_Data"."id", "public"."Solar_Data"."hour", "public"."Solar_Data"."Watts", "pub -Params: ["2026-08-07 05:13:28.794 UTC","2026-08-08 05:13:28.794 UTC",0] -Duration: 31ms
[08/08/2026 07:13:28] PRISMA: SELECT "public"."Washing_Program"."id", "public"."Washing_Program"."type", "public"."Washing_Program -Params: [5,0] -Duration: 7ms
[08/08/2026 07:13:28] PRISMA: SELECT "public"."User"."id" FROM "public"."User" WHERE ("public"."User"."id" = $1 AND 1=1) LIMIT $2  -Params: [1,1,0] -Duration: 8ms
[08/08/2026 07:13:28] PRISMA: SELECT "public"."Weather_Forecast"."id", "public"."Weather_Forecast"."time", "public"."Weather_Forec -Params: ["2026-08-07 17:13:28.820 UTC","2026-08-08 16:13:28.820 UTC",0] -Duration: 10ms
[08/08/2026 07:13:28] PRISMA: SELECT "public"."Miele_Token"."id", "public"."Miele_Token"."accessToken", "public"."Miele_Token"."re -Params: [1,0] -Duration: 5ms
[08/08/2026 07:13:28] PRISMA: SELECT "public"."User"."id", "public"."User"."username" FROM "public"."User" WHERE "public"."User"." -Params: [1,0] -Duration: 6ms
[08/08/2026 07:13:28] PRISMA: SELECT "public"."Miele_Token"."id", "public"."Miele_Token"."accessToken", "public"."Miele_Token"."re -Params: [1,1,0] -Duration: 1ms
[08/08/2026 07:15:01] PRISMA: SELECT 1 -Params: [] -Duration: 2ms
[08/08/2026 07:15:01] PRISMA: INSERT INTO "public"."Solar_Data" ("hour","Watts","total") VALUES ($1,$2,$3) RETURNING "public"."Sol -Params: ["2026-08-08 05:15:01.902 UTC",132,59] -Duration: 8ms
[08/08/2026 07:18:00] PRISMA: SELECT 1 -Params: [] -Duration: 2ms
[08/08/2026 07:18:00] PRISMA: SELECT 1 -Params: [] -Duration: 2ms
[08/08/2026 07:18:00] PRISMA: SELECT 1 -Params: [] -Duration: 3ms
[08/08/2026 07:18:00] PRISMA: SELECT "public"."Weather_Forecast"."id", "public"."Weather_Forecast"."time", "public"."Weather_Forec -Params: ["2026-08-07 17:18:00.659 UTC","2026-08-08 16:18:00.659 UTC",0] -Duration: 1ms
[08/08/2026 07:18:00] PRISMA: SELECT "public"."Washing_Program"."id", "public"."Washing_Program"."type", "public"."Washing_Program -Params: [5,0] -Duration: 3ms
[08/08/2026 07:18:00] PRISMA: SELECT "public"."User"."id", "public"."User"."username" FROM "public"."User" WHERE "public"."User"." -Params: [1,0] -Duration: 0ms
[08/08/2026 07:18:00] PRISMA: SELECT "public"."User"."id" FROM "public"."User" WHERE ("public"."User"."id" = $1 AND 1=1) LIMIT $2  -Params: [1,1,0] -Duration: 3ms
[08/08/2026 07:18:00] PRISMA: SELECT "public"."Solar_Data"."id", "public"."Solar_Data"."hour", "public"."Solar_Data"."Watts", "pub -Params: ["2026-08-07 05:18:00.657 UTC","2026-08-08 05:18:00.657 UTC",0] -Duration: 11ms
[08/08/2026 07:18:00] PRISMA: SELECT "public"."Miele_Token"."id", "public"."Miele_Token"."accessToken", "public"."Miele_Token"."re -Params: [1,0] -Duration: 1ms
[08/08/2026 07:18:00] PRISMA: SELECT "public"."Miele_Token"."id", "public"."Miele_Token"."accessToken", "public"."Miele_Token"."re -Params: [1,1,0] -Duration: 1ms
[08/08/2026 07:20:10] PRISMA: INSERT INTO "public"."Solar_Data" ("hour","Watts","total") VALUES ($1,$2,$3) RETURNING "public"."Sol -Params: ["2026-08-08 05:20:10.063 UTC",147,71] -Duration: 5ms
[08/08/2026 07:25:05] PRISMA: SELECT 1 -Params: [] -Duration: 2ms
[08/08/2026 07:25:05] PRISMA: INSERT INTO "public"."Solar_Data" ("hour","Watts","total") VALUES ($1,$2,$3) RETURNING "public"."Sol -Params: ["2026-08-08 05:25:05.560 UTC",155,83] -Duration: 3ms
[08/08/2026 07:27:28] PRISMA: SELECT "public"."Washing_Program"."id", "public"."Washing_Program"."type", "public"."Washing_Program -Params: [5,0] -Duration: 10ms
[08/08/2026 07:27:28] PRISMA: SELECT "public"."User"."id" FROM "public"."User" WHERE ("public"."User"."id" = $1 AND 1=1) LIMIT $2  -Params: [1,1,0] -Duration: 10ms
[08/08/2026 07:27:28] PRISMA: SELECT "public"."Weather_Forecast"."id", "public"."Weather_Forecast"."time", "public"."Weather_Forec -Params: ["2026-08-07 17:27:28.845 UTC","2026-08-08 16:27:28.845 UTC",0] -Duration: 2ms
[08/08/2026 07:27:28] PRISMA: SELECT "public"."Solar_Data"."id", "public"."Solar_Data"."hour", "public"."Solar_Data"."Watts", "pub -Params: ["2026-08-07 05:27:28.840 UTC","2026-08-08 05:27:28.840 UTC",0] -Duration: 11ms
[08/08/2026 07:27:28] PRISMA: SELECT "public"."User"."id", "public"."User"."username" FROM "public"."User" WHERE "public"."User"." -Params: [1,0] -Duration: 1ms
[08/08/2026 07:27:28] PRISMA: SELECT "public"."Miele_Token"."id", "public"."Miele_Token"."accessToken", "public"."Miele_Token"."re -Params: [1,0] -Duration: 2ms
[08/08/2026 07:27:28] PRISMA: SELECT "public"."Miele_Token"."id", "public"."Miele_Token"."accessToken", "public"."Miele_Token"."re -Params: [1,1,0] -Duration: 0ms
[08/08/2026 07:30:05] PRISMA: SELECT 1 -Params: [] -Duration: 2ms
[08/08/2026 07:30:05] PRISMA: INSERT INTO "public"."Solar_Data" ("hour","Watts","total") VALUES ($1,$2,$3) RETURNING "public"."Sol -Params: ["2026-08-08 05:30:05.059 UTC",166,97] -Duration: 9ms
[08/08/2026 07:32:00] PRISMA: SELECT 1 -Params: [] -Duration: 3ms
[08/08/2026 07:32:00] PRISMA: SELECT 1 -Params: [] -Duration: 1ms
[08/08/2026 07:32:00] PRISMA: SELECT "public"."Washing_Program"."id", "public"."Washing_Program"."type", "public"."Washing_Program -Params: [5,0] -Duration: 9ms
[08/08/2026 07:32:00] PRISMA: SELECT "public"."User"."id", "public"."User"."username" FROM "public"."User" WHERE "public"."User"." -Params: [1,0] -Duration: 2ms
[08/08/2026 07:32:00] PRISMA: SELECT "public"."Solar_Data"."id", "public"."Solar_Data"."hour", "public"."Solar_Data"."Watts", "pub -Params: ["2026-08-07 05:32:00.704 UTC","2026-08-08 05:32:00.704 UTC",0] -Duration: 7ms
[08/08/2026 07:32:00] PRISMA: SELECT "public"."Weather_Forecast"."id", "public"."Weather_Forecast"."time", "public"."Weather_Forec -Params: ["2026-08-07 17:32:00.729 UTC","2026-08-08 16:32:00.729 UTC",0] -Duration: 4ms
[08/08/2026 07:32:00] PRISMA: SELECT "public"."User"."id" FROM "public"."User" WHERE ("public"."User"."id" = $1 AND 1=1) LIMIT $2  -Params: [1,1,0] -Duration: 0ms
[08/08/2026 07:32:00] PRISMA: SELECT "public"."Miele_Token"."id", "public"."Miele_Token"."accessToken", "public"."Miele_Token"."re -Params: [1,0] -Duration: 0ms
[08/08/2026 07:32:00] PRISMA: SELECT "public"."Miele_Token"."id", "public"."Miele_Token"."accessToken", "public"."Miele_Token"."re -Params: [1,1,0] -Duration: 0ms
[08/08/2026 07:35:07] PRISMA: INSERT INTO "public"."Solar_Data" ("hour","Watts","total") VALUES ($1,$2,$3) RETURNING "public"."Sol -Params: ["2026-08-08 05:35:07.081 UTC",173,111] -Duration: 5ms
[08/08/2026 07:37:28] PRISMA: SELECT 1 -Params: [] -Duration: 2ms
[08/08/2026 07:37:28] PRISMA: SELECT "public"."Washing_Program"."id", "public"."Washing_Program"."type", "public"."Washing_Program -Params: [5,0] -Duration: 13ms
[08/08/2026 07:37:28] PRISMA: SELECT "public"."User"."id", "public"."User"."username" FROM "public"."User" WHERE "public"."User"." -Params: [1,0] -Duration: 3ms
[08/08/2026 07:37:28] PRISMA: SELECT "public"."Weather_Forecast"."id", "public"."Weather_Forecast"."time", "public"."Weather_Forec -Params: ["2026-08-07 17:37:28.725 UTC","2026-08-08 16:37:28.725 UTC",0] -Duration: 9ms
[08/08/2026 07:37:28] PRISMA: SELECT "public"."Solar_Data"."id", "public"."Solar_Data"."hour", "public"."Solar_Data"."Watts", "pub -Params: ["2026-08-07 05:37:28.707 UTC","2026-08-08 05:37:28.707 UTC",0] -Duration: 2ms
[08/08/2026 07:37:28] PRISMA: SELECT "public"."User"."id" FROM "public"."User" WHERE ("public"."User"."id" = $1 AND 1=1) LIMIT $2  -Params: [1,1,0] -Duration: 1ms
[08/08/2026 07:37:28] PRISMA: SELECT "public"."Miele_Token"."id", "public"."Miele_Token"."accessToken", "public"."Miele_Token"."re -Params: [1,0] -Duration: 1ms
[08/08/2026 07:37:28] PRISMA: SELECT "public"."Miele_Token"."id", "public"."Miele_Token"."accessToken", "public"."Miele_Token"."re -Params: [1,1,0] -Duration: 0ms
[08/08/2026 07:40:08] PRISMA: SELECT 1 -Params: [] -Duration: 3ms
[08/08/2026 07:40:08] PRISMA: INSERT INTO "public"."Solar_Data" ("hour","Watts","total") VALUES ($1,$2,$3) RETURNING "public"."Sol -Params: ["2026-08-08 05:40:08.251 UTC",182,126] -Duration: 16ms
[08/08/2026 07:42:00] PRISMA: SELECT 1 -Params: [] -Duration: 2ms
[08/08/2026 07:42:00] PRISMA: SELECT 1 -Params: [] -Duration: 1ms
[08/08/2026 07:42:00] PRISMA: SELECT "public"."Washing_Program"."id", "public"."Washing_Program"."type", "public"."Washing_Program -Params: [5,0] -Duration: 8ms
[08/08/2026 07:42:00] PRISMA: SELECT "public"."Solar_Data"."id", "public"."Solar_Data"."hour", "public"."Solar_Data"."Watts", "pub -Params: ["2026-08-07 05:42:00.721 UTC","2026-08-08 05:42:00.721 UTC",0] -Duration: 1ms
[08/08/2026 07:42:00] PRISMA: SELECT "public"."User"."id", "public"."User"."username" FROM "public"."User" WHERE "public"."User"." -Params: [1,0] -Duration: 4ms
[08/08/2026 07:42:00] PRISMA: SELECT "public"."User"."id" FROM "public"."User" WHERE ("public"."User"."id" = $1 AND 1=1) LIMIT $2  -Params: [1,1,0] -Duration: 0ms
[08/08/2026 07:42:00] PRISMA: SELECT "public"."Miele_Token"."id", "public"."Miele_Token"."accessToken", "public"."Miele_Token"."re -Params: [1,0] -Duration: 1ms
[08/08/2026 07:42:00] PRISMA: SELECT "public"."Miele_Token"."id", "public"."Miele_Token"."accessToken", "public"."Miele_Token"."re -Params: [1,1,0] -Duration: 0ms
[08/08/2026 07:42:00] PRISMA: SELECT "public"."Weather_Forecast"."id", "public"."Weather_Forecast"."time", "public"."Weather_Forec -Params: ["2026-08-07 17:42:00.724 UTC","2026-08-08 16:42:00.724 UTC",0] -Duration: 10ms
[08/08/2026 07:45:03] PRISMA: SELECT 1 -Params: [] -Duration: 8ms
[08/08/2026 07:45:03] PRISMA: INSERT INTO "public"."Solar_Data" ("hour","Watts","total") VALUES ($1,$2,$3) RETURNING "public"."Sol -Params: ["2026-08-08 05:45:03.921 UTC",190,141] -Duration: 7ms
[08/08/2026 07:49:28] PRISMA: SELECT "public"."Washing_Program"."id", "public"."Washing_Program"."type", "public"."Washing_Program -Params: [5,0] -Duration: 3ms
[08/08/2026 07:49:28] PRISMA: SELECT "public"."Weather_Forecast"."id", "public"."Weather_Forecast"."time", "public"."Weather_Forec -Params: ["2026-08-07 17:49:28.659 UTC","2026-08-08 16:49:28.659 UTC",0] -Duration: 3ms
[08/08/2026 07:49:28] PRISMA: SELECT "public"."User"."id" FROM "public"."User" WHERE ("public"."User"."id" = $1 AND 1=1) LIMIT $2  -Params: [1,1,0] -Duration: 2ms
[08/08/2026 07:49:28] PRISMA: SELECT "public"."Solar_Data"."id", "public"."Solar_Data"."hour", "public"."Solar_Data"."Watts", "pub -Params: ["2026-08-07 05:49:28.652 UTC","2026-08-08 05:49:28.652 UTC",0] -Duration: 4ms
[08/08/2026 07:49:28] PRISMA: SELECT "public"."User"."id", "public"."User"."username" FROM "public"."User" WHERE "public"."User"." -Params: [1,0] -Duration: 1ms
[08/08/2026 07:49:28] PRISMA: SELECT "public"."Miele_Token"."id", "public"."Miele_Token"."accessToken", "public"."Miele_Token"."re -Params: [1,0] -Duration: 1ms
[08/08/2026 07:49:28] PRISMA: SELECT "public"."Miele_Token"."id", "public"."Miele_Token"."accessToken", "public"."Miele_Token"."re -Params: [1,1,0] -Duration: 0ms
[08/08/2026 07:50:07] PRISMA: SELECT 1 -Params: [] -Duration: 2ms
[08/08/2026 07:50:07] PRISMA: INSERT INTO "public"."Solar_Data" ("hour","Watts","total") VALUES ($1,$2,$3) RETURNING "public"."Sol -Params: ["2026-08-08 05:50:07.694 UTC",199,158] -Duration: 7ms
[08/08/2026 07:54:00] PRISMA: SELECT 1 -Params: [] -Duration: 0ms
[08/08/2026 07:54:00] PRISMA: SELECT 1 -Params: [] -Duration: 1ms
[08/08/2026 07:54:00] PRISMA: SELECT 1 -Params: [] -Duration: 2ms
[08/08/2026 07:54:00] PRISMA: SELECT 1 -Params: [] -Duration: 0ms
[08/08/2026 07:54:00] PRISMA: SELECT "public"."Weather_Forecast"."id", "public"."Weather_Forecast"."time", "public"."Weather_Forec -Params: ["2026-08-07 17:54:00.732 UTC","2026-08-08 16:54:00.732 UTC",0] -Duration: 5ms
[08/08/2026 07:54:00] PRISMA: SELECT "public"."Washing_Program"."id", "public"."Washing_Program"."type", "public"."Washing_Program -Params: [5,0] -Duration: 6ms
[08/08/2026 07:54:00] PRISMA: SELECT "public"."User"."id" FROM "public"."User" WHERE ("public"."User"."id" = $1 AND 1=1) LIMIT $2  -Params: [1,1,0] -Duration: 5ms
[08/08/2026 07:54:00] PRISMA: SELECT "public"."Solar_Data"."id", "public"."Solar_Data"."hour", "public"."Solar_Data"."Watts", "pub -Params: ["2026-08-07 05:54:00.731 UTC","2026-08-08 05:54:00.731 UTC",0] -Duration: 6ms
[08/08/2026 07:54:00] PRISMA: SELECT "public"."User"."id", "public"."User"."username" FROM "public"."User" WHERE "public"."User"." -Params: [1,0] -Duration: 0ms
[08/08/2026 07:54:00] PRISMA: SELECT "public"."Miele_Token"."id", "public"."Miele_Token"."accessToken", "public"."Miele_Token"."re -Params: [1,0] -Duration: 1ms
[08/08/2026 07:54:00] PRISMA: SELECT "public"."Miele_Token"."id", "public"."Miele_Token"."accessToken", "public"."Miele_Token"."re -Params: [1,1,0] -Duration: 0ms
[08/08/2026 08:00:05] PRISMA: INSERT INTO "public"."Solar_Data" ("hour","Watts","total") VALUES ($1,$2,$3) RETURNING "public"."Sol -Params: ["2026-08-08 06:00:05.348 UTC",216,192] -Duration: 5ms
[08/08/2026 08:00:28] PRISMA: SELECT 1 -Params: [] -Duration: 2ms
[08/08/2026 08:00:28] PRISMA: SELECT "public"."Washing_Program"."id", "public"."Washing_Program"."type", "public"."Washing_Program -Params: [5,0] -Duration: 25ms
[08/08/2026 08:00:28] PRISMA: SELECT "public"."User"."id", "public"."User"."username" FROM "public"."User" WHERE "public"."User"." -Params: [1,0] -Duration: 6ms
[08/08/2026 08:00:28] PRISMA: SELECT "public"."User"."id" FROM "public"."User" WHERE ("public"."User"."id" = $1 AND 1=1) LIMIT $2  -Params: [1,1,0] -Duration: 1ms
[08/08/2026 08:00:28] PRISMA: SELECT "public"."Weather_Forecast"."id", "public"."Weather_Forecast"."time", "public"."Weather_Forec -Params: ["2026-08-07 18:00:28.803 UTC","2026-08-08 17:00:28.803 UTC",0] -Duration: 2ms
[08/08/2026 08:00:28] PRISMA: SELECT "public"."Miele_Token"."id", "public"."Miele_Token"."accessToken", "public"."Miele_Token"."re -Params: [1,0] -Duration: 0ms
[08/08/2026 08:00:28] PRISMA: SELECT "public"."Solar_Data"."id", "public"."Solar_Data"."hour", "public"."Solar_Data"."Watts", "pub -Params: ["2026-08-07 06:00:28.800 UTC","2026-08-08 06:00:28.800 UTC",0] -Duration: 2ms
[08/08/2026 08:00:28] PRISMA: SELECT "public"."Miele_Token"."id", "public"."Miele_Token"."accessToken", "public"."Miele_Token"."re -Params: [1,1,0] -Duration: 0ms
[08/08/2026 08:05:00] PRISMA: SELECT 1 -Params: [] -Duration: 1ms
[08/08/2026 08:05:00] PRISMA: SELECT 1 -Params: [] -Duration: 2ms
[08/08/2026 08:05:00] PRISMA: SELECT 1 -Params: [] -Duration: 2ms
[08/08/2026 08:05:00] PRISMA: SELECT 1 -Params: [] -Duration: 2ms
[08/08/2026 08:05:00] PRISMA: SELECT "public"."Weather_Forecast"."id", "public"."Weather_Forecast"."time", "public"."Weather_Forec -Params: ["2026-08-07 18:05:00.741 UTC","2026-08-08 17:05:00.741 UTC",0] -Duration: 2ms
[08/08/2026 08:05:00] PRISMA: SELECT "public"."Solar_Data"."id", "public"."Solar_Data"."hour", "public"."Solar_Data"."Watts", "pub -Params: ["2026-08-07 06:05:00.737 UTC","2026-08-08 06:05:00.737 UTC",0] -Duration: 1ms
[08/08/2026 08:05:00] PRISMA: SELECT "public"."User"."id" FROM "public"."User" WHERE ("public"."User"."id" = $1 AND 1=1) LIMIT $2  -Params: [1,1,0] -Duration: 4ms
[08/08/2026 08:05:00] PRISMA: SELECT "public"."Washing_Program"."id", "public"."Washing_Program"."type", "public"."Washing_Program -Params: [5,0] -Duration: 10ms
[08/08/2026 08:05:00] PRISMA: SELECT "public"."User"."id", "public"."User"."username" FROM "public"."User" WHERE "public"."User"." -Params: [1,0] -Duration: 1ms
[08/08/2026 08:05:00] PRISMA: SELECT "public"."Miele_Token"."id", "public"."Miele_Token"."accessToken", "public"."Miele_Token"."re -Params: [1,0] -Duration: 5ms
[08/08/2026 08:05:00] PRISMA: SELECT "public"."Miele_Token"."id", "public"."Miele_Token"."accessToken", "public"."Miele_Token"."re -Params: [1,1,0] -Duration: 0ms
[08/08/2026 08:05:04] PRISMA: INSERT INTO "public"."Solar_Data" ("hour","Watts","total") VALUES ($1,$2,$3) RETURNING "public"."Sol -Params: ["2026-08-08 06:05:04.170 UTC",228,210] -Duration: 4ms
[08/08/2026 08:10:02] PRISMA: INSERT INTO "public"."Solar_Data" ("hour","Watts","total") VALUES ($1,$2,$3) RETURNING "public"."Sol -Params: ["2026-08-08 06:10:02.264 UTC",243,230] -Duration: 9ms
[08/08/2026 08:13:28] PRISMA: SELECT 1 -Params: [] -Duration: 7ms
[08/08/2026 08:13:28] PRISMA: SELECT "public"."Washing_Program"."id", "public"."Washing_Program"."type", "public"."Washing_Program -Params: [5,0] -Duration: 27ms
[08/08/2026 08:13:28] PRISMA: SELECT "public"."User"."id", "public"."User"."username" FROM "public"."User" WHERE "public"."User"." -Params: [1,0] -Duration: 14ms
[08/08/2026 08:13:28] PRISMA: SELECT "public"."Solar_Data"."id", "public"."Solar_Data"."hour", "public"."Solar_Data"."Watts", "pub -Params: ["2026-08-07 06:13:28.715 UTC","2026-08-08 06:13:28.715 UTC",0] -Duration: 2ms
[08/08/2026 08:13:28] PRISMA: SELECT "public"."User"."id" FROM "public"."User" WHERE ("public"."User"."id" = $1 AND 1=1) LIMIT $2  -Params: [1,1,0] -Duration: 2ms
[08/08/2026 08:13:28] PRISMA: SELECT "public"."Miele_Token"."id", "public"."Miele_Token"."accessToken", "public"."Miele_Token"."re -Params: [1,0] -Duration: 2ms
[08/08/2026 08:13:28] PRISMA: SELECT "public"."Weather_Forecast"."id", "public"."Weather_Forecast"."time", "public"."Weather_Forec -Params: ["2026-08-07 18:13:28.721 UTC","2026-08-08 17:13:28.721 UTC",0] -Duration: 4ms
[08/08/2026 08:13:28] PRISMA: SELECT "public"."Miele_Token"."id", "public"."Miele_Token"."accessToken", "public"."Miele_Token"."re -Params: [1,1,0] -Duration: 1ms
[08/08/2026 08:15:05] PRISMA: SELECT 1 -Params: [] -Duration: 8ms
[08/08/2026 08:15:05] PRISMA: INSERT INTO "public"."Solar_Data" ("hour","Watts","total") VALUES ($1,$2,$3) RETURNING "public"."Sol -Params: ["2026-08-08 06:15:05.933 UTC",259,251] -Duration: 6ms
[08/08/2026 08:18:00] PRISMA: SELECT 1 -Params: [] -Duration: 4ms
[08/08/2026 08:18:00] PRISMA: SELECT 1 -Params: [] -Duration: 3ms
[08/08/2026 08:18:00] PRISMA: SELECT 1 -Params: [] -Duration: 1ms
[08/08/2026 08:18:00] PRISMA: SELECT "public"."Washing_Program"."id", "public"."Washing_Program"."type", "public"."Washing_Program -Params: [5,0] -Duration: 7ms
[08/08/2026 08:18:00] PRISMA: SELECT "public"."Weather_Forecast"."id", "public"."Weather_Forecast"."time", "public"."Weather_Forec -Params: ["2026-08-07 18:18:00.716 UTC","2026-08-08 17:18:00.716 UTC",0] -Duration: 9ms
[08/08/2026 08:18:00] PRISMA: SELECT "public"."User"."id", "public"."User"."username" FROM "public"."User" WHERE "public"."User"." -Params: [1,0] -Duration: 3ms
[08/08/2026 08:18:00] PRISMA: SELECT "public"."Solar_Data"."id", "public"."Solar_Data"."hour", "public"."Solar_Data"."Watts", "pub -Params: ["2026-08-07 06:18:00.715 UTC","2026-08-08 06:18:00.715 UTC",0] -Duration: 12ms
[08/08/2026 08:18:00] PRISMA: SELECT "public"."User"."id" FROM "public"."User" WHERE ("public"."User"."id" = $1 AND 1=1) LIMIT $2  -Params: [1,1,0] -Duration: 2ms
[08/08/2026 08:18:00] PRISMA: SELECT "public"."Miele_Token"."id", "public"."Miele_Token"."accessToken", "public"."Miele_Token"."re -Params: [1,0] -Duration: 1ms
[08/08/2026 08:18:00] PRISMA: SELECT "public"."Miele_Token"."id", "public"."Miele_Token"."accessToken", "public"."Miele_Token"."re -Params: [1,1,0] -Duration: 0ms
[08/08/2026 08:20:05] PRISMA: SELECT 1 -Params: [] -Duration: 4ms
[08/08/2026 08:20:05] PRISMA: INSERT INTO "public"."Solar_Data" ("hour","Watts","total") VALUES ($1,$2,$3) RETURNING "public"."Sol -Params: ["2026-08-08 06:20:05.068 UTC",391,274] -Duration: 23ms
[08/08/2026 08:25:03] PRISMA: INSERT INTO "public"."Solar_Data" ("hour","Watts","total") VALUES ($1,$2,$3) RETURNING "public"."Sol -Params: ["2026-08-08 06:25:03.047 UTC",644,316] -Duration: 11ms
[08/08/2026 08:30:03] PRISMA: INSERT INTO "public"."Solar_Data" ("hour","Watts","total") VALUES ($1,$2,$3) RETURNING "public"."Sol -Params: ["2026-08-08 06:30:03.180 UTC",1049,389] -Duration: 4ms
[08/08/2026 08:32:28] PRISMA: SELECT 1 -Params: [] -Duration: 8ms
[08/08/2026 08:32:28] PRISMA: SELECT "public"."Washing_Program"."id", "public"."Washing_Program"."type", "public"."Washing_Program -Params: [5,0] -Duration: 77ms
[08/08/2026 08:32:28] PRISMA: SELECT "public"."User"."id", "public"."User"."username" FROM "public"."User" WHERE "public"."User"." -Params: [1,0] -Duration: 11ms
[08/08/2026 08:32:28] PRISMA: SELECT "public"."Solar_Data"."id", "public"."Solar_Data"."hour", "public"."Solar_Data"."Watts", "pub -Params: ["2026-08-07 06:32:28.832 UTC","2026-08-08 06:32:28.832 UTC",0] -Duration: 7ms
[08/08/2026 08:32:28] PRISMA: SELECT "public"."Weather_Forecast"."id", "public"."Weather_Forecast"."time", "public"."Weather_Forec -Params: ["2026-08-07 18:32:28.837 UTC","2026-08-08 17:32:28.837 UTC",0] -Duration: 8ms
[08/08/2026 08:32:28] PRISMA: SELECT "public"."User"."id" FROM "public"."User" WHERE ("public"."User"."id" = $1 AND 1=1) LIMIT $2  -Params: [1,1,0] -Duration: 11ms
[08/08/2026 08:32:28] PRISMA: SELECT "public"."Miele_Token"."id", "public"."Miele_Token"."accessToken", "public"."Miele_Token"."re -Params: [1,0] -Duration: 10ms
[08/08/2026 08:32:29] PRISMA: SELECT "public"."Miele_Token"."id", "public"."Miele_Token"."accessToken", "public"."Miele_Token"."re -Params: [1,1,0] -Duration: 1ms
[08/08/2026 08:37:00] PRISMA: SELECT 1 -Params: [] -Duration: 5ms
[08/08/2026 08:37:00] PRISMA: SELECT 1 -Params: [] -Duration: 6ms
[08/08/2026 08:37:00] PRISMA: SELECT 1 -Params: [] -Duration: 1ms
[08/08/2026 08:37:00] PRISMA: SELECT "public"."Washing_Program"."id", "public"."Washing_Program"."type", "public"."Washing_Program -Params: [5,0] -Duration: 25ms
[08/08/2026 08:37:00] PRISMA: SELECT "public"."Solar_Data"."id", "public"."Solar_Data"."hour", "public"."Solar_Data"."Watts", "pub -Params: ["2026-08-07 06:37:00.733 UTC","2026-08-08 06:37:00.733 UTC",0] -Duration: 25ms
[08/08/2026 08:37:00] PRISMA: SELECT "public"."Weather_Forecast"."id", "public"."Weather_Forecast"."time", "public"."Weather_Forec -Params: ["2026-08-07 18:37:00.735 UTC","2026-08-08 17:37:00.735 UTC",0] -Duration: 26ms
[08/08/2026 08:37:00] PRISMA: SELECT "public"."User"."id", "public"."User"."username" FROM "public"."User" WHERE "public"."User"." -Params: [1,0] -Duration: 7ms
[08/08/2026 08:37:00] PRISMA: SELECT "public"."User"."id" FROM "public"."User" WHERE ("public"."User"."id" = $1 AND 1=1) LIMIT $2  -Params: [1,1,0] -Duration: 2ms
[08/08/2026 08:37:00] PRISMA: SELECT "public"."Miele_Token"."id", "public"."Miele_Token"."accessToken", "public"."Miele_Token"."re -Params: [1,0] -Duration: 0ms
[08/08/2026 08:37:00] PRISMA: SELECT "public"."Miele_Token"."id", "public"."Miele_Token"."accessToken", "public"."Miele_Token"."re -Params: [1,1,0] -Duration: 0ms
[08/08/2026 08:40:04] PRISMA: SELECT 1 -Params: [] -Duration: 6ms
[08/08/2026 08:40:04] PRISMA: INSERT INTO "public"."Solar_Data" ("hour","Watts","total") VALUES ($1,$2,$3) RETURNING "public"."Sol -Params: ["2026-08-08 06:40:04.043 UTC",1512,600] -Duration: 7ms
[08/08/2026 08:42:28] PRISMA: SELECT "public"."Weather_Forecast"."id", "public"."Weather_Forecast"."time", "public"."Weather_Forec -Params: ["2026-08-07 18:42:28.718 UTC","2026-08-08 17:42:28.718 UTC",0] -Duration: 5ms
[08/08/2026 08:42:28] PRISMA: SELECT "public"."Washing_Program"."id", "public"."Washing_Program"."type", "public"."Washing_Program -Params: [5,0] -Duration: 4ms
[08/08/2026 08:42:28] PRISMA: SELECT "public"."Solar_Data"."id", "public"."Solar_Data"."hour", "public"."Solar_Data"."Watts", "pub -Params: ["2026-08-07 06:42:28.713 UTC","2026-08-08 06:42:28.713 UTC",0] -Duration: 5ms
[08/08/2026 08:42:28] PRISMA: SELECT "public"."User"."id", "public"."User"."username" FROM "public"."User" WHERE "public"."User"." -Params: [1,0] -Duration: 1ms
[08/08/2026 08:42:28] PRISMA: SELECT "public"."User"."id" FROM "public"."User" WHERE ("public"."User"."id" = $1 AND 1=1) LIMIT $2  -Params: [1,1,0] -Duration: 3ms
[08/08/2026 08:42:28] PRISMA: SELECT "public"."Miele_Token"."id", "public"."Miele_Token"."accessToken", "public"."Miele_Token"."re -Params: [1,0] -Duration: 1ms
[08/08/2026 08:42:28] PRISMA: SELECT "public"."Miele_Token"."id", "public"."Miele_Token"."accessToken", "public"."Miele_Token"."re -Params: [1,1,0] -Duration: 0ms
[08/08/2026 08:45:04] PRISMA: SELECT 1 -Params: [] -Duration: 3ms
[08/08/2026 08:45:04] PRISMA: INSERT INTO "public"."Solar_Data" ("hour","Watts","total") VALUES ($1,$2,$3) RETURNING "public"."Sol -Params: ["2026-08-08 06:45:04.689 UTC",1741,735] -Duration: 9ms
[08/08/2026 08:47:00] PRISMA: SELECT 1 -Params: [] -Duration: 2ms
[08/08/2026 08:47:00] PRISMA: SELECT 1 -Params: [] -Duration: 1ms
[08/08/2026 08:47:00] PRISMA: SELECT "public"."Washing_Program"."id", "public"."Washing_Program"."type", "public"."Washing_Program -Params: [5,0] -Duration: 10ms
[08/08/2026 08:47:00] PRISMA: SELECT "public"."Solar_Data"."id", "public"."Solar_Data"."hour", "public"."Solar_Data"."Watts", "pub -Params: ["2026-08-07 06:47:00.768 UTC","2026-08-08 06:47:00.768 UTC",0] -Duration: 9ms
[08/08/2026 08:47:00] PRISMA: SELECT "public"."User"."id", "public"."User"."username" FROM "public"."User" WHERE "public"."User"." -Params: [1,0] -Duration: 2ms
[08/08/2026 08:47:00] PRISMA: SELECT "public"."Weather_Forecast"."id", "public"."Weather_Forecast"."time", "public"."Weather_Forec -Params: ["2026-08-07 18:47:00.784 UTC","2026-08-08 17:47:00.784 UTC",0] -Duration: 7ms
[08/08/2026 08:47:00] PRISMA: SELECT "public"."User"."id" FROM "public"."User" WHERE ("public"."User"."id" = $1 AND 1=1) LIMIT $2  -Params: [1,1,0] -Duration: 0ms
[08/08/2026 08:47:00] PRISMA: SELECT "public"."Miele_Token"."id", "public"."Miele_Token"."accessToken", "public"."Miele_Token"."re -Params: [1,0] -Duration: 0ms
[08/08/2026 08:47:00] PRISMA: SELECT "public"."Miele_Token"."id", "public"."Miele_Token"."accessToken", "public"."Miele_Token"."re -Params: [1,1,0] -Duration: 0ms
[08/08/2026 08:50:04] PRISMA: INSERT INTO "public"."Solar_Data" ("hour","Watts","total") VALUES ($1,$2,$3) RETURNING "public"."Sol -Params: ["2026-08-08 06:50:04.082 UTC",1920,889] -Duration: 6ms
[08/08/2026 08:55:08] PRISMA: INSERT INTO "public"."Solar_Data" ("hour","Watts","total") VALUES ($1,$2,$3) RETURNING "public"."Sol -Params: ["2026-08-08 06:55:08.467 UTC",2030,1054] -Duration: 4ms
[08/08/2026 09:00:06] PRISMA: SELECT 1 -Params: [] -Duration: 3ms
[08/08/2026 09:00:06] PRISMA: INSERT INTO "public"."Solar_Data" ("hour","Watts","total") VALUES ($1,$2,$3) RETURNING "public"."Sol -Params: ["2026-08-08 07:00:06.557 UTC",2140,1225] -Duration: 3ms
[08/08/2026 09:04:28] PRISMA: SELECT "public"."Washing_Program"."id", "public"."Washing_Program"."type", "public"."Washing_Program -Params: [5,0] -Duration: 3ms
[08/08/2026 09:04:28] PRISMA: SELECT "public"."User"."id" FROM "public"."User" WHERE ("public"."User"."id" = $1 AND 1=1) LIMIT $2  -Params: [1,1,0] -Duration: 1ms
[08/08/2026 09:04:28] PRISMA: SELECT "public"."Weather_Forecast"."id", "public"."Weather_Forecast"."time", "public"."Weather_Forec -Params: ["2026-08-07 19:04:28.790 UTC","2026-08-08 18:04:28.790 UTC",0] -Duration: 3ms
[08/08/2026 09:04:28] PRISMA: SELECT "public"."Solar_Data"."id", "public"."Solar_Data"."hour", "public"."Solar_Data"."Watts", "pub -Params: ["2026-08-07 07:04:28.799 UTC","2026-08-08 07:04:28.799 UTC",0] -Duration: 3ms
[08/08/2026 09:04:28] PRISMA: SELECT "public"."User"."id", "public"."User"."username" FROM "public"."User" WHERE "public"."User"." -Params: [1,0] -Duration: 0ms
[08/08/2026 09:04:28] PRISMA: SELECT "public"."Miele_Token"."id", "public"."Miele_Token"."accessToken", "public"."Miele_Token"."re -Params: [1,0] -Duration: 1ms
[08/08/2026 09:04:28] PRISMA: SELECT "public"."Miele_Token"."id", "public"."Miele_Token"."accessToken", "public"."Miele_Token"."re -Params: [1,1,0] -Duration: 0ms
[08/08/2026 09:05:08] PRISMA: SELECT 1 -Params: [] -Duration: 2ms
[08/08/2026 09:05:08] PRISMA: INSERT INTO "public"."Solar_Data" ("hour","Watts","total") VALUES ($1,$2,$3) RETURNING "public"."Sol -Params: ["2026-08-08 07:05:08.478 UTC",2231,1409] -Duration: 13ms
[08/08/2026 09:09:00] PRISMA: SELECT 1 -Params: [] -Duration: 13ms
[08/08/2026 09:09:00] PRISMA: SELECT 1 -Params: [] -Duration: 10ms
[08/08/2026 09:09:00] PRISMA: SELECT "public"."Washing_Program"."id", "public"."Washing_Program"."type", "public"."Washing_Program -Params: [5,0] -Duration: 19ms
[08/08/2026 09:09:00] PRISMA: SELECT "public"."User"."id", "public"."User"."username" FROM "public"."User" WHERE "public"."User"." -Params: [1,0] -Duration: 0ms
[08/08/2026 09:09:00] PRISMA: SELECT "public"."Solar_Data"."id", "public"."Solar_Data"."hour", "public"."Solar_Data"."Watts", "pub -Params: ["2026-08-07 07:09:00.727 UTC","2026-08-08 07:09:00.727 UTC",0] -Duration: 9ms
[08/08/2026 09:09:00] PRISMA: SELECT "public"."Weather_Forecast"."id", "public"."Weather_Forecast"."time", "public"."Weather_Forec -Params: ["2026-08-07 19:09:00.750 UTC","2026-08-08 18:09:00.750 UTC",0] -Duration: 5ms
[08/08/2026 09:09:00] PRISMA: SELECT "public"."User"."id" FROM "public"."User" WHERE ("public"."User"."id" = $1 AND 1=1) LIMIT $2  -Params: [1,1,0] -Duration: 0ms
[08/08/2026 09:09:00] PRISMA: SELECT "public"."Miele_Token"."id", "public"."Miele_Token"."accessToken", "public"."Miele_Token"."re -Params: [1,0] -Duration: 0ms
[08/08/2026 09:09:00] PRISMA: SELECT "public"."Miele_Token"."id", "public"."Miele_Token"."accessToken", "public"."Miele_Token"."re -Params: [1,1,0] -Duration: 0ms
[08/08/2026 09:10:09] PRISMA: INSERT INTO "public"."Solar_Data" ("hour","Watts","total") VALUES ($1,$2,$3) RETURNING "public"."Sol -Params: ["2026-08-08 07:10:09.690 UTC",2160,1598] -Duration: 6ms
[08/08/2026 09:15:04] PRISMA: SELECT 1 -Params: [] -Duration: 3ms
[08/08/2026 09:15:04] PRISMA: INSERT INTO "public"."Solar_Data" ("hour","Watts","total") VALUES ($1,$2,$3) RETURNING "public"."Sol -Params: ["2026-08-08 07:15:04.535 UTC",2533,1793] -Duration: 6ms
[08/08/2026 09:20:09] PRISMA: INSERT INTO "public"."Solar_Data" ("hour","Watts","total") VALUES ($1,$2,$3) RETURNING "public"."Sol -Params: ["2026-08-08 07:20:08.963 UTC",2526,2010] -Duration: 5ms
[08/08/2026 09:22:28] PRISMA: SELECT 1 -Params: [] -Duration: 14ms
[08/08/2026 09:22:28] PRISMA: SELECT "public"."Washing_Program"."id", "public"."Washing_Program"."type", "public"."Washing_Program -Params: [5,0] -Duration: 24ms
[08/08/2026 09:22:28] PRISMA: SELECT "public"."User"."id", "public"."User"."username" FROM "public"."User" WHERE "public"."User"." -Params: [1,0] -Duration: 5ms
[08/08/2026 09:22:28] PRISMA: SELECT "public"."User"."id" FROM "public"."User" WHERE ("public"."User"."id" = $1 AND 1=1) LIMIT $2  -Params: [1,1,0] -Duration: 5ms
[08/08/2026 09:22:28] PRISMA: SELECT "public"."Miele_Token"."id", "public"."Miele_Token"."accessToken", "public"."Miele_Token"."re -Params: [1,0] -Duration: 3ms
[08/08/2026 09:22:28] PRISMA: SELECT "public"."Weather_Forecast"."id", "public"."Weather_Forecast"."time", "public"."Weather_Forec -Params: ["2026-08-07 19:22:28.826 UTC","2026-08-08 18:22:28.826 UTC",0] -Duration: 5ms
[08/08/2026 09:22:28] PRISMA: SELECT "public"."Solar_Data"."id", "public"."Solar_Data"."hour", "public"."Solar_Data"."Watts", "pub -Params: ["2026-08-07 07:22:28.816 UTC","2026-08-08 07:22:28.816 UTC",0] -Duration: 5ms
[08/08/2026 09:22:28] PRISMA: SELECT "public"."Miele_Token"."id", "public"."Miele_Token"."accessToken", "public"."Miele_Token"."re -Params: [1,1,0] -Duration: 0ms
[08/08/2026 09:25:05] PRISMA: SELECT 1 -Params: [] -Duration: 8ms
[08/08/2026 09:25:05] PRISMA: INSERT INTO "public"."Solar_Data" ("hour","Watts","total") VALUES ($1,$2,$3) RETURNING "public"."Sol -Params: ["2026-08-08 07:25:05.491 UTC",2724,2228] -Duration: 5ms
[08/08/2026 09:27:00] PRISMA: SELECT 1 -Params: [] -Duration: 5ms
[08/08/2026 09:27:00] PRISMA: SELECT 1 -Params: [] -Duration: 1ms
[08/08/2026 09:27:00] PRISMA: SELECT "public"."Washing_Program"."id", "public"."Washing_Program"."type", "public"."Washing_Program -Params: [5,0] -Duration: 7ms
[08/08/2026 09:27:00] PRISMA: SELECT 1 -Params: [] -Duration: 2ms
[08/08/2026 09:27:00] PRISMA: SELECT "public"."User"."id", "public"."User"."username" FROM "public"."User" WHERE "public"."User"." -Params: [1,0] -Duration: 9ms
[08/08/2026 09:27:00] PRISMA: SELECT "public"."Solar_Data"."id", "public"."Solar_Data"."hour", "public"."Solar_Data"."Watts", "pub -Params: ["2026-08-07 07:27:00.870 UTC","2026-08-08 07:27:00.870 UTC",0] -Duration: 18ms
[08/08/2026 09:27:00] PRISMA: SELECT "public"."Weather_Forecast"."id", "public"."Weather_Forecast"."time", "public"."Weather_Forec -Params: ["2026-08-07 19:27:00.873 UTC","2026-08-08 18:27:00.873 UTC",0] -Duration: 29ms
[08/08/2026 09:27:00] PRISMA: SELECT "public"."User"."id" FROM "public"."User" WHERE ("public"."User"."id" = $1 AND 1=1) LIMIT $2  -Params: [1,1,0] -Duration: 5ms
[08/08/2026 09:27:00] PRISMA: SELECT "public"."Miele_Token"."id", "public"."Miele_Token"."accessToken", "public"."Miele_Token"."re -Params: [1,0] -Duration: 3ms
[08/08/2026 09:27:01] PRISMA: SELECT "public"."Miele_Token"."id", "public"."Miele_Token"."accessToken", "public"."Miele_Token"."re -Params: [1,1,0] -Duration: 3ms
[08/08/2026 09:30:05] PRISMA: SELECT 1 -Params: [] -Duration: 2ms
[08/08/2026 09:30:05] PRISMA: INSERT INTO "public"."Solar_Data" ("hour","Watts","total") VALUES ($1,$2,$3) RETURNING "public"."Sol -Params: ["2026-08-08 07:30:05.268 UTC",2692,2460] -Duration: 4ms
[08/08/2026 09:35:06] PRISMA: INSERT INTO "public"."Solar_Data" ("hour","Watts","total") VALUES ($1,$2,$3) RETURNING "public"."Sol -Params: ["2026-08-08 07:35:06.569 UTC",2707,2692] -Duration: 8ms
[08/08/2026 09:40:07] PRISMA: INSERT INTO "public"."Solar_Data" ("hour","Watts","total") VALUES ($1,$2,$3) RETURNING "public"."Sol -Params: ["2026-08-08 07:40:07.689 UTC",2826,2930] -Duration: 5ms
[08/08/2026 09:44:28] PRISMA: SELECT 1 -Params: [] -Duration: 3ms
[08/08/2026 09:44:28] PRISMA: SELECT "public"."Solar_Data"."id", "public"."Solar_Data"."hour", "public"."Solar_Data"."Watts", "pub -Params: ["2026-08-07 07:44:28.830 UTC","2026-08-08 07:44:28.830 UTC",0] -Duration: 28ms
[08/08/2026 09:44:28] PRISMA: SELECT "public"."Washing_Program"."id", "public"."Washing_Program"."type", "public"."Washing_Program -Params: [5,0] -Duration: 2ms
[08/08/2026 09:44:28] PRISMA: SELECT "public"."Weather_Forecast"."id", "public"."Weather_Forecast"."time", "public"."Weather_Forec -Params: ["2026-08-07 19:44:28.836 UTC","2026-08-08 18:44:28.836 UTC",0] -Duration: 3ms
[08/08/2026 09:44:28] PRISMA: SELECT "public"."User"."id", "public"."User"."username" FROM "public"."User" WHERE "public"."User"." -Params: [1,0] -Duration: 2ms
[08/08/2026 09:44:28] PRISMA: SELECT "public"."User"."id" FROM "public"."User" WHERE ("public"."User"."id" = $1 AND 1=1) LIMIT $2  -Params: [1,1,0] -Duration: 3ms
[08/08/2026 09:44:28] PRISMA: SELECT "public"."Miele_Token"."id", "public"."Miele_Token"."accessToken", "public"."Miele_Token"."re -Params: [1,0] -Duration: 3ms
[08/08/2026 09:44:28] PRISMA: SELECT "public"."Miele_Token"."id", "public"."Miele_Token"."accessToken", "public"."Miele_Token"."re -Params: [1,1,0] -Duration: 1ms
[08/08/2026 09:45:04] PRISMA: SELECT 1 -Params: [] -Duration: 2ms
[08/08/2026 09:45:04] PRISMA: INSERT INTO "public"."Solar_Data" ("hour","Watts","total") VALUES ($1,$2,$3) RETURNING "public"."Sol -Params: ["2026-08-08 07:45:04.516 UTC",3063,3169] -Duration: 8ms
[08/08/2026 09:49:00] PRISMA: SELECT 1 -Params: [] -Duration: 4ms
[08/08/2026 09:49:00] PRISMA: SELECT 1 -Params: [] -Duration: 12ms
[08/08/2026 09:49:00] PRISMA: SELECT 1 -Params: [] -Duration: 1ms
[08/08/2026 09:49:00] PRISMA: SELECT "public"."Weather_Forecast"."id", "public"."Weather_Forecast"."time", "public"."Weather_Forec -Params: ["2026-08-07 19:49:00.690 UTC","2026-08-08 18:49:00.690 UTC",0] -Duration: 9ms
[08/08/2026 09:49:00] PRISMA: SELECT "public"."Solar_Data"."id", "public"."Solar_Data"."hour", "public"."Solar_Data"."Watts", "pub -Params: ["2026-08-07 07:49:00.701 UTC","2026-08-08 07:49:00.701 UTC",0] -Duration: 13ms
[08/08/2026 09:49:00] PRISMA: SELECT "public"."Washing_Program"."id", "public"."Washing_Program"."type", "public"."Washing_Program -Params: [5,0] -Duration: 10ms
[08/08/2026 09:49:00] PRISMA: SELECT "public"."User"."id", "public"."User"."username" FROM "public"."User" WHERE "public"."User"." -Params: [1,0] -Duration: 3ms
[08/08/2026 09:49:00] PRISMA: SELECT "public"."User"."id" FROM "public"."User" WHERE ("public"."User"."id" = $1 AND 1=1) LIMIT $2  -Params: [1,1,0] -Duration: 1ms
[08/08/2026 09:49:00] PRISMA: SELECT "public"."Miele_Token"."id", "public"."Miele_Token"."accessToken", "public"."Miele_Token"."re -Params: [1,0] -Duration: 1ms
[08/08/2026 09:49:00] PRISMA: SELECT "public"."Miele_Token"."id", "public"."Miele_Token"."accessToken", "public"."Miele_Token"."re -Params: [1,1,0] -Duration: 0ms
[08/08/2026 09:50:07] PRISMA: INSERT INTO "public"."Solar_Data" ("hour","Watts","total") VALUES ($1,$2,$3) RETURNING "public"."Sol -Params: ["2026-08-08 07:50:07.224 UTC",3072,3428] -Duration: 7ms
[08/08/2026 09:55:03] PRISMA: SELECT 1 -Params: [] -Duration: 6ms
[08/08/2026 09:55:03] PRISMA: INSERT INTO "public"."Solar_Data" ("hour","Watts","total") VALUES ($1,$2,$3) RETURNING "public"."Sol -Params: ["2026-08-08 07:55:03.829 UTC",3278,3682] -Duration: 3ms
[08/08/2026 10:00:08] PRISMA: INSERT INTO "public"."Solar_Data" ("hour","Watts","total") VALUES ($1,$2,$3) RETURNING "public"."Sol -Params: ["2026-08-08 08:00:08.336 UTC",3239,3954] -Duration: 4ms
[08/08/2026 10:03:28] PRISMA: SELECT 1 -Params: [] -Duration: 6ms
[08/08/2026 10:03:28] PRISMA: SELECT "public"."Washing_Program"."id", "public"."Washing_Program"."type", "public"."Washing_Program -Params: [5,0] -Duration: 28ms
[08/08/2026 10:03:28] PRISMA: SELECT "public"."User"."id", "public"."User"."username" FROM "public"."User" WHERE "public"."User"." -Params: [1,0] -Duration: 2ms
[08/08/2026 10:03:28] PRISMA: SELECT "public"."User"."id" FROM "public"."User" WHERE ("public"."User"."id" = $1 AND 1=1) LIMIT $2  -Params: [1,1,0] -Duration: 1ms
[08/08/2026 10:03:28] PRISMA: SELECT "public"."Weather_Forecast"."id", "public"."Weather_Forecast"."time", "public"."Weather_Forec -Params: ["2026-08-07 20:03:28.789 UTC","2026-08-08 19:03:28.789 UTC",0] -Duration: 2ms
[08/08/2026 10:03:28] PRISMA: SELECT "public"."Miele_Token"."id", "public"."Miele_Token"."accessToken", "public"."Miele_Token"."re -Params: [1,0] -Duration: 1ms
[08/08/2026 10:03:28] PRISMA: SELECT "public"."Solar_Data"."id", "public"."Solar_Data"."hour", "public"."Solar_Data"."Watts", "pub -Params: ["2026-08-07 08:03:28.783 UTC","2026-08-08 08:03:28.783 UTC",0] -Duration: 3ms
[08/08/2026 10:03:28] PRISMA: SELECT "public"."Miele_Token"."id", "public"."Miele_Token"."accessToken", "public"."Miele_Token"."re -Params: [1,1,0] -Duration: 2ms
[08/08/2026 10:05:08] PRISMA: SELECT 1 -Params: [] -Duration: 3ms
[08/08/2026 10:05:08] PRISMA: INSERT INTO "public"."Solar_Data" ("hour","Watts","total") VALUES ($1,$2,$3) RETURNING "public"."Sol -Params: ["2026-08-08 08:05:08.429 UTC",3275,4233] -Duration: 10ms
[08/08/2026 10:08:00] PRISMA: SELECT 1 -Params: [] -Duration: 2ms
[08/08/2026 10:08:00] PRISMA: SELECT 1 -Params: [] -Duration: 1ms
[08/08/2026 10:08:00] PRISMA: SELECT 1 -Params: [] -Duration: 1ms
[08/08/2026 10:08:00] PRISMA: SELECT "public"."Weather_Forecast"."id", "public"."Weather_Forecast"."time", "public"."Weather_Forec -Params: ["2026-08-07 20:08:00.716 UTC","2026-08-08 19:08:00.716 UTC",0] -Duration: 8ms
[08/08/2026 10:08:00] PRISMA: SELECT "public"."Washing_Program"."id", "public"."Washing_Program"."type", "public"."Washing_Program -Params: [5,0] -Duration: 4ms
[08/08/2026 10:08:00] PRISMA: SELECT "public"."Solar_Data"."id", "public"."Solar_Data"."hour", "public"."Solar_Data"."Watts", "pub -Params: ["2026-08-07 08:08:00.724 UTC","2026-08-08 08:08:00.724 UTC",0] -Duration: 16ms
[08/08/2026 10:08:00] PRISMA: SELECT "public"."User"."id" FROM "public"."User" WHERE ("public"."User"."id" = $1 AND 1=1) LIMIT $2  -Params: [1,1,0] -Duration: 6ms
[08/08/2026 10:08:00] PRISMA: SELECT "public"."User"."id", "public"."User"."username" FROM "public"."User" WHERE "public"."User"." -Params: [1,0] -Duration: 10ms
[08/08/2026 10:08:00] PRISMA: SELECT "public"."Miele_Token"."id", "public"."Miele_Token"."accessToken", "public"."Miele_Token"."re -Params: [1,0] -Duration: 0ms
[08/08/2026 10:08:00] PRISMA: SELECT "public"."Miele_Token"."id", "public"."Miele_Token"."accessToken", "public"."Miele_Token"."re -Params: [1,1,0] -Duration: 0ms
[08/08/2026 10:10:09] PRISMA: INSERT INTO "public"."Solar_Data" ("hour","Watts","total") VALUES ($1,$2,$3) RETURNING "public"."Sol -Params: ["2026-08-08 08:10:09.077 UTC",3405,4517] -Duration: 4ms
[08/08/2026 10:15:08] PRISMA: SELECT 1 -Params: [] -Duration: 4ms
[08/08/2026 10:15:08] PRISMA: INSERT INTO "public"."Solar_Data" ("hour","Watts","total") VALUES ($1,$2,$3) RETURNING "public"."Sol -Params: ["2026-08-08 08:15:08.666 UTC",3561,4801] -Duration: 8ms
[08/08/2026 10:20:10] PRISMA: INSERT INTO "public"."Solar_Data" ("hour","Watts","total") VALUES ($1,$2,$3) RETURNING "public"."Sol -Params: ["2026-08-08 08:20:09.972 UTC",3575,5104] -Duration: 7ms
[08/08/2026 10:25:01] PRISMA: SELECT 1 -Params: [] -Duration: 5ms
[08/08/2026 10:25:01] PRISMA: INSERT INTO "public"."Solar_Data" ("hour","Watts","total") VALUES ($1,$2,$3) RETURNING "public"."Sol -Params: ["2026-08-08 08:25:01.184 UTC",3661,5389] -Duration: 5ms
[08/08/2026 10:30:04] PRISMA: INSERT INTO "public"."Solar_Data" ("hour","Watts","total") VALUES ($1,$2,$3) RETURNING "public"."Sol -Params: ["2026-08-08 08:30:04.330 UTC",3640,5700] -Duration: 4ms
[08/08/2026 10:35:06] PRISMA: INSERT INTO "public"."Solar_Data" ("hour","Watts","total") VALUES ($1,$2,$3) RETURNING "public"."Sol -Params: ["2026-08-08 08:35:06.647 UTC",3715,6007] -Duration: 9ms
[08/08/2026 10:40:05] PRISMA: SELECT 1 -Params: [] -Duration: 8ms
[08/08/2026 10:40:05] PRISMA: INSERT INTO "public"."Solar_Data" ("hour","Watts","total") VALUES ($1,$2,$3) RETURNING "public"."Sol -Params: ["2026-08-08 08:40:05.595 UTC",3739,6321] -Duration: 2ms
[08/08/2026 10:45:05] PRISMA: INSERT INTO "public"."Solar_Data" ("hour","Watts","total") VALUES ($1,$2,$3) RETURNING "public"."Sol -Params: ["2026-08-08 08:45:05.674 UTC",3956,6648] -Duration: 7ms
[08/08/2026 10:50:05] PRISMA: SELECT 1 -Params: [] -Duration: 6ms
[08/08/2026 10:50:05] PRISMA: INSERT INTO "public"."Solar_Data" ("hour","Watts","total") VALUES ($1,$2,$3) RETURNING "public"."Sol -Params: ["2026-08-08 08:50:05.153 UTC",4002,6972] -Duration: 3ms
[08/08/2026 10:52:28] PRISMA: SELECT "public"."Washing_Program"."id", "public"."Washing_Program"."type", "public"."Washing_Program -Params: [5,0] -Duration: 4ms
[08/08/2026 10:52:28] PRISMA: SELECT "public"."Weather_Forecast"."id", "public"."Weather_Forecast"."time", "public"."Weather_Forec -Params: ["2026-08-07 20:52:28.791 UTC","2026-08-08 19:52:28.791 UTC",0] -Duration: 5ms
[08/08/2026 10:52:28] PRISMA: SELECT "public"."User"."id" FROM "public"."User" WHERE ("public"."User"."id" = $1 AND 1=1) LIMIT $2  -Params: [1,1,0] -Duration: 5ms
[08/08/2026 10:52:28] PRISMA: SELECT "public"."Solar_Data"."id", "public"."Solar_Data"."hour", "public"."Solar_Data"."Watts", "pub -Params: ["2026-08-07 08:52:28.780 UTC","2026-08-08 08:52:28.780 UTC",0] -Duration: 5ms
[08/08/2026 10:52:28] PRISMA: SELECT "public"."User"."id", "public"."User"."username" FROM "public"."User" WHERE "public"."User"." -Params: [1,0] -Duration: 1ms
[08/08/2026 10:52:28] PRISMA: SELECT "public"."Miele_Token"."id", "public"."Miele_Token"."accessToken", "public"."Miele_Token"."re -Params: [1,0] -Duration: 1ms
[08/08/2026 10:52:28] PRISMA: SELECT "public"."Miele_Token"."id", "public"."Miele_Token"."accessToken", "public"."Miele_Token"."re -Params: [1,1,0] -Duration: 0ms
[08/08/2026 10:55:08] PRISMA: SELECT 1 -Params: [] -Duration: 3ms
[08/08/2026 10:55:08] PRISMA: INSERT INTO "public"."Solar_Data" ("hour","Watts","total") VALUES ($1,$2,$3) RETURNING "public"."Sol -Params: ["2026-08-08 08:55:08.457 UTC",3935,7290] -Duration: 9ms
[08/08/2026 10:57:00] PRISMA: SELECT 1 -Params: [] -Duration: 7ms
[08/08/2026 10:57:00] PRISMA: SELECT 1 -Params: [] -Duration: 2ms
[08/08/2026 10:57:00] PRISMA: SELECT 1 -Params: [] -Duration: 6ms
[08/08/2026 10:57:00] PRISMA: SELECT 1 -Params: [] -Duration: 0ms
[08/08/2026 10:57:00] PRISMA: SELECT "public"."Washing_Program"."id", "public"."Washing_Program"."type", "public"."Washing_Program -Params: [5,0] -Duration: 10ms
[08/08/2026 10:57:00] PRISMA: SELECT "public"."Weather_Forecast"."id", "public"."Weather_Forecast"."time", "public"."Weather_Forec -Params: ["2026-08-07 20:57:00.792 UTC","2026-08-08 19:57:00.792 UTC",0] -Duration: 6ms
[08/08/2026 10:57:00] PRISMA: SELECT "public"."User"."id", "public"."User"."username" FROM "public"."User" WHERE "public"."User"." -Params: [1,0] -Duration: 1ms
[08/08/2026 10:57:00] PRISMA: SELECT "public"."Solar_Data"."id", "public"."Solar_Data"."hour", "public"."Solar_Data"."Watts", "pub -Params: ["2026-08-07 08:57:00.789 UTC","2026-08-08 08:57:00.789 UTC",0] -Duration: 14ms
[08/08/2026 10:57:00] PRISMA: SELECT "public"."User"."id" FROM "public"."User" WHERE ("public"."User"."id" = $1 AND 1=1) LIMIT $2  -Params: [1,1,0] -Duration: 8ms
[08/08/2026 10:57:00] PRISMA: SELECT "public"."Miele_Token"."id", "public"."Miele_Token"."accessToken", "public"."Miele_Token"."re -Params: [1,0] -Duration: 1ms
[08/08/2026 10:57:00] PRISMA: SELECT "public"."Miele_Token"."id", "public"."Miele_Token"."accessToken", "public"."Miele_Token"."re -Params: [1,1,0] -Duration: 0ms
[08/08/2026 11:00:01] PRISMA: INSERT INTO "public"."Solar_Data" ("hour","Watts","total") VALUES ($1,$2,$3) RETURNING "public"."Sol -Params: ["2026-08-08 09:00:01.733 UTC",3764,7601] -Duration: 8ms
[08/08/2026 11:05:08] PRISMA: INSERT INTO "public"."Solar_Data" ("hour","Watts","total") VALUES ($1,$2,$3) RETURNING "public"."Sol -Params: ["2026-08-08 09:05:08.046 UTC",4178,7935] -Duration: 5ms
[08/08/2026 11:10:08] PRISMA: INSERT INTO "public"."Solar_Data" ("hour","Watts","total") VALUES ($1,$2,$3) RETURNING "public"."Sol -Params: ["2026-08-08 09:10:08.493 UTC",4160,8282] -Duration: 8ms
[08/08/2026 11:15:01] PRISMA: SELECT 1 -Params: [] -Duration: 5ms
[08/08/2026 11:15:01] PRISMA: INSERT INTO "public"."Solar_Data" ("hour","Watts","total") VALUES ($1,$2,$3) RETURNING "public"."Sol -Params: ["2026-08-08 09:15:01.751 UTC",4345,8628] -Duration: 5ms
[08/08/2026 11:20:03] PRISMA: INSERT INTO "public"."Solar_Data" ("hour","Watts","total") VALUES ($1,$2,$3) RETURNING "public"."Sol -Params: ["2026-08-08 09:20:03.607 UTC",4460,8991] -Duration: 12ms
[08/08/2026 11:25:06] PRISMA: INSERT INTO "public"."Solar_Data" ("hour","Watts","total") VALUES ($1,$2,$3) RETURNING "public"."Sol -Params: ["2026-08-08 09:25:06.026 UTC",4170,9356] -Duration: 10ms
[08/08/2026 11:25:28] PRISMA: SELECT 1 -Params: [] -Duration: 6ms
[08/08/2026 11:25:28] PRISMA: SELECT "public"."Solar_Data"."id", "public"."Solar_Data"."hour", "public"."Solar_Data"."Watts", "pub -Params: ["2026-08-07 09:25:28.881 UTC","2026-08-08 09:25:28.881 UTC",0] -Duration: 61ms
[08/08/2026 11:25:28] PRISMA: SELECT "public"."User"."id" FROM "public"."User" WHERE ("public"."User"."id" = $1 AND 1=1) LIMIT $2  -Params: [1,1,0] -Duration: 3ms
[08/08/2026 11:25:28] PRISMA: SELECT "public"."Washing_Program"."id", "public"."Washing_Program"."type", "public"."Washing_Program -Params: [5,0] -Duration: 4ms
[08/08/2026 11:25:28] PRISMA: SELECT "public"."Miele_Token"."id", "public"."Miele_Token"."accessToken", "public"."Miele_Token"."re -Params: [1,0] -Duration: 2ms
[08/08/2026 11:25:28] PRISMA: SELECT "public"."User"."id", "public"."User"."username" FROM "public"."User" WHERE "public"."User"." -Params: [1,0] -Duration: 1ms
[08/08/2026 11:25:28] PRISMA: SELECT "public"."Weather_Forecast"."id", "public"."Weather_Forecast"."time", "public"."Weather_Forec -Params: ["2026-08-07 21:25:28.893 UTC","2026-08-08 20:25:28.893 UTC",0] -Duration: 2ms
[08/08/2026 11:25:29] PRISMA: SELECT "public"."Miele_Token"."id", "public"."Miele_Token"."accessToken", "public"."Miele_Token"."re -Params: [1,1,0] -Duration: 3ms
[08/08/2026 11:30:00] PRISMA: SELECT 1 -Params: [] -Duration: 3ms
[08/08/2026 11:30:00] PRISMA: SELECT 1 -Params: [] -Duration: 2ms
[08/08/2026 11:30:00] PRISMA: SELECT 1 -Params: [] -Duration: 4ms
[08/08/2026 11:30:00] PRISMA: SELECT 1 -Params: [] -Duration: 3ms
[08/08/2026 11:30:00] PRISMA: SELECT "public"."Washing_Program"."id", "public"."Washing_Program"."type", "public"."Washing_Program -Params: [5,0] -Duration: 5ms
[08/08/2026 11:30:00] PRISMA: SELECT "public"."User"."id", "public"."User"."username" FROM "public"."User" WHERE "public"."User"." -Params: [1,0] -Duration: 1ms
[08/08/2026 11:30:00] PRISMA: SELECT "public"."Weather_Forecast"."id", "public"."Weather_Forecast"."time", "public"."Weather_Forec -Params: ["2026-08-07 21:30:00.785 UTC","2026-08-08 20:30:00.785 UTC",0] -Duration: 10ms
[08/08/2026 11:30:00] PRISMA: SELECT "public"."User"."id" FROM "public"."User" WHERE ("public"."User"."id" = $1 AND 1=1) LIMIT $2  -Params: [1,1,0] -Duration: 12ms
[08/08/2026 11:30:00] PRISMA: SELECT "public"."Miele_Token"."id", "public"."Miele_Token"."accessToken", "public"."Miele_Token"."re -Params: [1,0] -Duration: 1ms
[08/08/2026 11:30:00] PRISMA: SELECT "public"."Solar_Data"."id", "public"."Solar_Data"."hour", "public"."Solar_Data"."Watts", "pub -Params: ["2026-08-07 09:30:00.782 UTC","2026-08-08 09:30:00.782 UTC",0] -Duration: 15ms
[08/08/2026 11:30:00] PRISMA: SELECT "public"."Miele_Token"."id", "public"."Miele_Token"."accessToken", "public"."Miele_Token"."re -Params: [1,1,0] -Duration: 0ms
[08/08/2026 11:30:07] PRISMA: INSERT INTO "public"."Solar_Data" ("hour","Watts","total") VALUES ($1,$2,$3) RETURNING "public"."Sol -Params: ["2026-08-08 09:30:07.239 UTC",4343,9705] -Duration: 11ms
[08/08/2026 11:35:05] PRISMA: INSERT INTO "public"."Solar_Data" ("hour","Watts","total") VALUES ($1,$2,$3) RETURNING "public"."Sol -Params: ["2026-08-08 09:35:05.560 UTC",4489,10077] -Duration: 4ms
[08/08/2026 11:36:28] PRISMA: SELECT 1 -Params: [] -Duration: 12ms
[08/08/2026 11:36:28] PRISMA: SELECT "public"."Washing_Program"."id", "public"."Washing_Program"."type", "public"."Washing_Program -Params: [5,0] -Duration: 16ms
[08/08/2026 11:36:28] PRISMA: SELECT "public"."User"."id", "public"."User"."username" FROM "public"."User" WHERE "public"."User"." -Params: [1,0] -Duration: 9ms
[08/08/2026 11:36:28] PRISMA: SELECT "public"."User"."id" FROM "public"."User" WHERE ("public"."User"."id" = $1 AND 1=1) LIMIT $2  -Params: [1,1,0] -Duration: 8ms
[08/08/2026 11:36:28] PRISMA: SELECT "public"."Miele_Token"."id", "public"."Miele_Token"."accessToken", "public"."Miele_Token"."re -Params: [1,0] -Duration: 4ms
[08/08/2026 11:36:28] PRISMA: SELECT "public"."Weather_Forecast"."id", "public"."Weather_Forecast"."time", "public"."Weather_Forec -Params: ["2026-08-07 21:36:28.666 UTC","2026-08-08 20:36:28.666 UTC",0] -Duration: 3ms
[08/08/2026 11:36:28] PRISMA: SELECT "public"."Solar_Data"."id", "public"."Solar_Data"."hour", "public"."Solar_Data"."Watts", "pub -Params: ["2026-08-07 09:36:28.663 UTC","2026-08-08 09:36:28.663 UTC",0] -Duration: 6ms
[08/08/2026 11:36:28] PRISMA: SELECT "public"."Miele_Token"."id", "public"."Miele_Token"."accessToken", "public"."Miele_Token"."re -Params: [1,1,0] -Duration: 2ms
[08/08/2026 11:40:07] PRISMA: SELECT 1 -Params: [] -Duration: 3ms
[08/08/2026 11:40:07] PRISMA: INSERT INTO "public"."Solar_Data" ("hour","Watts","total") VALUES ($1,$2,$3) RETURNING "public"."Sol -Params: ["2026-08-08 09:40:07.625 UTC",4578,10448] -Duration: 6ms
[08/08/2026 11:41:00] PRISMA: SELECT 1 -Params: [] -Duration: 3ms
[08/08/2026 11:41:00] PRISMA: SELECT 1 -Params: [] -Duration: 5ms
[08/08/2026 11:41:00] PRISMA: SELECT 1 -Params: [] -Duration: 1ms
[08/08/2026 11:41:00] PRISMA: SELECT "public"."Washing_Program"."id", "public"."Washing_Program"."type", "public"."Washing_Program -Params: [5,0] -Duration: 13ms
[08/08/2026 11:41:00] PRISMA: SELECT "public"."Solar_Data"."id", "public"."Solar_Data"."hour", "public"."Solar_Data"."Watts", "pub -Params: ["2026-08-07 09:41:00.785 UTC","2026-08-08 09:41:00.785 UTC",0] -Duration: 19ms
[08/08/2026 11:41:00] PRISMA: SELECT "public"."User"."id", "public"."User"."username" FROM "public"."User" WHERE "public"."User"." -Params: [1,0] -Duration: 6ms
[08/08/2026 11:41:00] PRISMA: SELECT "public"."Weather_Forecast"."id", "public"."Weather_Forecast"."time", "public"."Weather_Forec -Params: ["2026-08-07 21:41:00.788 UTC","2026-08-08 20:41:00.788 UTC",0] -Duration: 19ms
[08/08/2026 11:41:00] PRISMA: SELECT "public"."User"."id" FROM "public"."User" WHERE ("public"."User"."id" = $1 AND 1=1) LIMIT $2  -Params: [1,1,0] -Duration: 1ms
[08/08/2026 11:41:00] PRISMA: SELECT "public"."Miele_Token"."id", "public"."Miele_Token"."accessToken", "public"."Miele_Token"."re -Params: [1,0] -Duration: 0ms
[08/08/2026 11:41:00] PRISMA: SELECT "public"."Miele_Token"."id", "public"."Miele_Token"."accessToken", "public"."Miele_Token"."re -Params: [1,1,0] -Duration: 0ms
[08/08/2026 11:45:05] PRISMA: SELECT 1 -Params: [] -Duration: 5ms
[08/08/2026 11:45:05] PRISMA: INSERT INTO "public"."Solar_Data" ("hour","Watts","total") VALUES ($1,$2,$3) RETURNING "public"."Sol -Params: ["2026-08-08 09:45:05.173 UTC",4627,10828] -Duration: 6ms
[08/08/2026 11:49:28] PRISMA: SELECT "public"."Washing_Program"."id", "public"."Washing_Program"."type", "public"."Washing_Program -Params: [5,0] -Duration: 8ms
[08/08/2026 11:49:28] PRISMA: SELECT "public"."Solar_Data"."id", "public"."Solar_Data"."hour", "public"."Solar_Data"."Watts", "pub -Params: ["2026-08-07 09:49:28.683 UTC","2026-08-08 09:49:28.683 UTC",0] -Duration: 7ms
[08/08/2026 11:49:28] PRISMA: SELECT "public"."Weather_Forecast"."id", "public"."Weather_Forecast"."time", "public"."Weather_Forec -Params: ["2026-08-07 21:49:28.709 UTC","2026-08-08 20:49:28.709 UTC",0] -Duration: 4ms
[08/08/2026 11:49:28] PRISMA: SELECT "public"."User"."id", "public"."User"."username" FROM "public"."User" WHERE "public"."User"." -Params: [1,0] -Duration: 1ms
[08/08/2026 11:49:28] PRISMA: SELECT "public"."User"."id" FROM "public"."User" WHERE ("public"."User"."id" = $1 AND 1=1) LIMIT $2  -Params: [1,1,0] -Duration: 3ms
[08/08/2026 11:49:28] PRISMA: SELECT "public"."Miele_Token"."id", "public"."Miele_Token"."accessToken", "public"."Miele_Token"."re -Params: [1,0] -Duration: 2ms
[08/08/2026 11:49:28] PRISMA: SELECT "public"."Miele_Token"."id", "public"."Miele_Token"."accessToken", "public"."Miele_Token"."re -Params: [1,1,0] -Duration: 0ms
[08/08/2026 11:50:10] PRISMA: SELECT 1 -Params: [] -Duration: 3ms
[08/08/2026 11:50:10] PRISMA: INSERT INTO "public"."Solar_Data" ("hour","Watts","total") VALUES ($1,$2,$3) RETURNING "public"."Sol -Params: ["2026-08-08 09:50:10.431 UTC",4644,11221] -Duration: 16ms
[08/08/2026 11:54:00] PRISMA: SELECT 1 -Params: [] -Duration: 3ms
[08/08/2026 11:54:00] PRISMA: SELECT 1 -Params: [] -Duration: 0ms
[08/08/2026 11:54:00] PRISMA: SELECT "public"."Washing_Program"."id", "public"."Washing_Program"."type", "public"."Washing_Program -Params: [5,0] -Duration: 10ms
[08/08/2026 11:54:00] PRISMA: SELECT "public"."User"."id", "public"."User"."username" FROM "public"."User" WHERE "public"."User"." -Params: [1,0] -Duration: 1ms
[08/08/2026 11:54:00] PRISMA: SELECT "public"."Solar_Data"."id", "public"."Solar_Data"."hour", "public"."Solar_Data"."Watts", "pub -Params: ["2026-08-07 09:54:00.649 UTC","2026-08-08 09:54:00.649 UTC",0] -Duration: 10ms
[08/08/2026 11:54:00] PRISMA: SELECT "public"."Weather_Forecast"."id", "public"."Weather_Forecast"."time", "public"."Weather_Forec -Params: ["2026-08-07 21:54:00.676 UTC","2026-08-08 20:54:00.676 UTC",0] -Duration: 5ms
[08/08/2026 11:54:00] PRISMA: SELECT "public"."User"."id" FROM "public"."User" WHERE ("public"."User"."id" = $1 AND 1=1) LIMIT $2  -Params: [1,1,0] -Duration: 1ms
[08/08/2026 11:54:00] PRISMA: SELECT "public"."Miele_Token"."id", "public"."Miele_Token"."accessToken", "public"."Miele_Token"."re -Params: [1,0] -Duration: 1ms
[08/08/2026 11:54:00] PRISMA: SELECT "public"."Miele_Token"."id", "public"."Miele_Token"."accessToken", "public"."Miele_Token"."re -Params: [1,1,0] -Duration: 0ms
[08/08/2026 11:55:04] PRISMA: INSERT INTO "public"."Solar_Data" ("hour","Watts","total") VALUES ($1,$2,$3) RETURNING "public"."Sol -Params: ["2026-08-08 09:55:04.828 UTC",4441,11595] -Duration: 3ms
[08/08/2026 11:59:28] PRISMA: SELECT 1 -Params: [] -Duration: 5ms
[08/08/2026 11:59:28] PRISMA: SELECT "public"."Washing_Program"."id", "public"."Washing_Program"."type", "public"."Washing_Program -Params: [5,0] -Duration: 12ms
[08/08/2026 11:59:28] PRISMA: SELECT "public"."User"."id", "public"."User"."username" FROM "public"."User" WHERE "public"."User"." -Params: [1,0] -Duration: 10ms
[08/08/2026 11:59:28] PRISMA: SELECT "public"."User"."id" FROM "public"."User" WHERE ("public"."User"."id" = $1 AND 1=1) LIMIT $2  -Params: [1,1,0] -Duration: 1ms
[08/08/2026 11:59:28] PRISMA: SELECT "public"."Weather_Forecast"."id", "public"."Weather_Forecast"."time", "public"."Weather_Forec -Params: ["2026-08-07 21:59:28.683 UTC","2026-08-08 20:59:28.683 UTC",0] -Duration: 2ms
[08/08/2026 11:59:28] PRISMA: SELECT "public"."Solar_Data"."id", "public"."Solar_Data"."hour", "public"."Solar_Data"."Watts", "pub -Params: ["2026-08-07 09:59:28.678 UTC","2026-08-08 09:59:28.678 UTC",0] -Duration: 2ms
[08/08/2026 11:59:28] PRISMA: SELECT "public"."Miele_Token"."id", "public"."Miele_Token"."accessToken", "public"."Miele_Token"."re -Params: [1,0] -Duration: 2ms
[08/08/2026 11:59:28] PRISMA: SELECT "public"."Miele_Token"."id", "public"."Miele_Token"."accessToken", "public"."Miele_Token"."re -Params: [1,1,0] -Duration: 1ms
[08/08/2026 12:00:09] PRISMA: SELECT 1 -Params: [] -Duration: 7ms
[08/08/2026 12:00:09] PRISMA: INSERT INTO "public"."Solar_Data" ("hour","Watts","total") VALUES ($1,$2,$3) RETURNING "public"."Sol -Params: ["2026-08-08 10:00:09.350 UTC",4723,11991] -Duration: 5ms
[08/08/2026 12:04:00] PRISMA: SELECT 1 -Params: [] -Duration: 6ms
[08/08/2026 12:04:00] PRISMA: SELECT 1 -Params: [] -Duration: 2ms
[08/08/2026 12:04:00] PRISMA: SELECT 1 -Params: [] -Duration: 6ms
[08/08/2026 12:04:00] PRISMA: SELECT "public"."Weather_Forecast"."id", "public"."Weather_Forecast"."time", "public"."Weather_Forec -Params: ["2026-08-07 22:04:00.494 UTC","2026-08-08 21:04:00.494 UTC",0] -Duration: 5ms
[08/08/2026 12:04:00] PRISMA: SELECT "public"."Washing_Program"."id", "public"."Washing_Program"."type", "public"."Washing_Program -Params: [5,0] -Duration: 12ms
[08/08/2026 12:04:00] PRISMA: SELECT "public"."User"."id", "public"."User"."username" FROM "public"."User" WHERE "public"."User"." -Params: [1,0] -Duration: 7ms
[08/08/2026 12:04:00] PRISMA: SELECT "public"."Solar_Data"."id", "public"."Solar_Data"."hour", "public"."Solar_Data"."Watts", "pub -Params: ["2026-08-07 10:04:00.488 UTC","2026-08-08 10:04:00.488 UTC",0] -Duration: 23ms
[08/08/2026 12:04:00] PRISMA: SELECT "public"."User"."id" FROM "public"."User" WHERE ("public"."User"."id" = $1 AND 1=1) LIMIT $2  -Params: [1,1,0] -Duration: 6ms
[08/08/2026 12:04:00] PRISMA: SELECT "public"."Miele_Token"."id", "public"."Miele_Token"."accessToken", "public"."Miele_Token"."re -Params: [1,0] -Duration: 3ms
[08/08/2026 12:04:00] PRISMA: SELECT "public"."Miele_Token"."id", "public"."Miele_Token"."accessToken", "public"."Miele_Token"."re -Params: [1,1,0] -Duration: 0ms
[08/08/2026 12:05:04] PRISMA: SELECT 1 -Params: [] -Duration: 9ms
[08/08/2026 12:05:04] PRISMA: INSERT INTO "public"."Solar_Data" ("hour","Watts","total") VALUES ($1,$2,$3) RETURNING "public"."Sol -Params: ["2026-08-08 10:05:04.436 UTC",4684,12378] -Duration: 10ms
[08/08/2026 12:09:28] PRISMA: SELECT "public"."User"."id" FROM "public"."User" WHERE ("public"."User"."id" = $1 AND 1=1) LIMIT $2  -Params: [1,1,0] -Duration: 5ms
[08/08/2026 12:09:28] PRISMA: SELECT "public"."Weather_Forecast"."id", "public"."Weather_Forecast"."time", "public"."Weather_Forec -Params: ["2026-08-07 22:09:28.477 UTC","2026-08-08 21:09:28.477 UTC",0] -Duration: 5ms
[08/08/2026 12:09:28] PRISMA: SELECT "public"."Solar_Data"."id", "public"."Solar_Data"."hour", "public"."Solar_Data"."Watts", "pub -Params: ["2026-08-07 10:09:28.475 UTC","2026-08-08 10:09:28.475 UTC",0] -Duration: 4ms
[08/08/2026 12:09:28] PRISMA: SELECT "public"."Washing_Program"."id", "public"."Washing_Program"."type", "public"."Washing_Program -Params: [5,0] -Duration: 5ms
[08/08/2026 12:09:28] PRISMA: SELECT "public"."Miele_Token"."id", "public"."Miele_Token"."accessToken", "public"."Miele_Token"."re -Params: [1,0] -Duration: 1ms
[08/08/2026 12:09:28] PRISMA: SELECT "public"."User"."id", "public"."User"."username" FROM "public"."User" WHERE "public"."User"." -Params: [1,0] -Duration: 1ms
[08/08/2026 12:09:28] PRISMA: SELECT "public"."Miele_Token"."id", "public"."Miele_Token"."accessToken", "public"."Miele_Token"."re -Params: [1,1,0] -Duration: 1ms
[08/08/2026 12:10:03] PRISMA: SELECT 1 -Params: [] -Duration: 2ms
[08/08/2026 12:10:03] PRISMA: INSERT INTO "public"."Solar_Data" ("hour","Watts","total") VALUES ($1,$2,$3) RETURNING "public"."Sol -Params: ["2026-08-08 10:10:03.137 UTC",4767,12770] -Duration: 10ms
[08/08/2026 12:14:00] PRISMA: SELECT 1 -Params: [] -Duration: 7ms
[08/08/2026 12:14:00] PRISMA: SELECT 1 -Params: [] -Duration: 10ms
[08/08/2026 12:14:00] PRISMA: SELECT 1 -Params: [] -Duration: 3ms
[08/08/2026 12:14:00] PRISMA: SELECT "public"."Washing_Program"."id", "public"."Washing_Program"."type", "public"."Washing_Program -Params: [5,0] -Duration: 2ms
[08/08/2026 12:14:00] PRISMA: SELECT 1 -Params: [] -Duration: 0ms
[08/08/2026 12:14:00] PRISMA: SELECT "public"."User"."id", "public"."User"."username" FROM "public"."User" WHERE "public"."User"." -Params: [1,0] -Duration: 3ms
[08/08/2026 12:14:00] PRISMA: SELECT "public"."Weather_Forecast"."id", "public"."Weather_Forecast"."time", "public"."Weather_Forec -Params: ["2026-08-07 22:14:00.446 UTC","2026-08-08 21:14:00.446 UTC",0] -Duration: 12ms
[08/08/2026 12:14:00] PRISMA: SELECT "public"."User"."id" FROM "public"."User" WHERE ("public"."User"."id" = $1 AND 1=1) LIMIT $2  -Params: [1,1,0] -Duration: 16ms
[08/08/2026 12:14:00] PRISMA: SELECT "public"."Solar_Data"."id", "public"."Solar_Data"."hour", "public"."Solar_Data"."Watts", "pub -Params: ["2026-08-07 10:14:00.439 UTC","2026-08-08 10:14:00.439 UTC",0] -Duration: 22ms
[08/08/2026 12:14:00] PRISMA: SELECT "public"."Miele_Token"."id", "public"."Miele_Token"."accessToken", "public"."Miele_Token"."re -Params: [1,0] -Duration: 9ms
[08/08/2026 12:14:00] PRISMA: SELECT "public"."Miele_Token"."id", "public"."Miele_Token"."accessToken", "public"."Miele_Token"."re -Params: [1,1,0] -Duration: 4ms
[08/08/2026 12:15:06] PRISMA: INSERT INTO "public"."Solar_Data" ("hour","Watts","total") VALUES ($1,$2,$3) RETURNING "public"."Sol -Params: ["2026-08-08 10:15:06.350 UTC",4767,13172] -Duration: 17ms
[08/08/2026 12:20:06] PRISMA: SELECT 1 -Params: [] -Duration: 10ms
[08/08/2026 12:20:06] PRISMA: INSERT INTO "public"."Solar_Data" ("hour","Watts","total") VALUES ($1,$2,$3) RETURNING "public"."Sol -Params: ["2026-08-08 10:20:06.253 UTC",4789,13568] -Duration: 3ms
[08/08/2026 12:25:05] PRISMA: INSERT INTO "public"."Solar_Data" ("hour","Watts","total") VALUES ($1,$2,$3) RETURNING "public"."Sol -Params: ["2026-08-08 10:25:05.751 UTC",4830,13975] -Duration: 9ms
[08/08/2026 12:25:28] PRISMA: SELECT 1 -Params: [] -Duration: 10ms
[08/08/2026 12:25:28] PRISMA: SELECT "public"."Washing_Program"."id", "public"."Washing_Program"."type", "public"."Washing_Program -Params: [5,0] -Duration: 15ms
[08/08/2026 12:25:28] PRISMA: SELECT "public"."User"."id", "public"."User"."username" FROM "public"."User" WHERE "public"."User"." -Params: [1,0] -Duration: 13ms
[08/08/2026 12:25:28] PRISMA: SELECT "public"."User"."id" FROM "public"."User" WHERE ("public"."User"."id" = $1 AND 1=1) LIMIT $2  -Params: [1,1,0] -Duration: 7ms
[08/08/2026 12:25:28] PRISMA: SELECT "public"."Weather_Forecast"."id", "public"."Weather_Forecast"."time", "public"."Weather_Forec -Params: ["2026-08-07 22:25:28.629 UTC","2026-08-08 21:25:28.629 UTC",0] -Duration: 7ms
[08/08/2026 12:25:28] PRISMA: SELECT "public"."Solar_Data"."id", "public"."Solar_Data"."hour", "public"."Solar_Data"."Watts", "pub -Params: ["2026-08-07 10:25:28.625 UTC","2026-08-08 10:25:28.625 UTC",0] -Duration: 7ms
[08/08/2026 12:25:28] PRISMA: SELECT "public"."Miele_Token"."id", "public"."Miele_Token"."accessToken", "public"."Miele_Token"."re -Params: [1,0] -Duration: 1ms
[08/08/2026 12:25:28] PRISMA: SELECT "public"."Miele_Token"."id", "public"."Miele_Token"."accessToken", "public"."Miele_Token"."re -Params: [1,1,0] -Duration: 0ms
[08/08/2026 12:30:00] PRISMA: SELECT 1 -Params: [] -Duration: 1ms
[08/08/2026 12:30:00] PRISMA: SELECT 1 -Params: [] -Duration: 2ms
[08/08/2026 12:30:00] PRISMA: SELECT 1 -Params: [] -Duration: 0ms
[08/08/2026 12:30:00] PRISMA: SELECT 1 -Params: [] -Duration: 0ms
[08/08/2026 12:30:00] PRISMA: SELECT "public"."Weather_Forecast"."id", "public"."Weather_Forecast"."time", "public"."Weather_Forec -Params: ["2026-08-07 22:30:00.449 UTC","2026-08-08 21:30:00.449 UTC",0] -Duration: 7ms
[08/08/2026 12:30:00] PRISMA: SELECT "public"."Washing_Program"."id", "public"."Washing_Program"."type", "public"."Washing_Program -Params: [5,0] -Duration: 6ms
[08/08/2026 12:30:00] PRISMA: SELECT "public"."User"."id" FROM "public"."User" WHERE ("public"."User"."id" = $1 AND 1=1) LIMIT $2  -Params: [1,1,0] -Duration: 1ms
[08/08/2026 12:30:00] PRISMA: SELECT "public"."Miele_Token"."id", "public"."Miele_Token"."accessToken", "public"."Miele_Token"."re -Params: [1,0] -Duration: 3ms
[08/08/2026 12:30:00] PRISMA: SELECT "public"."User"."id", "public"."User"."username" FROM "public"."User" WHERE "public"."User"." -Params: [1,0] -Duration: 4ms
[08/08/2026 12:30:00] PRISMA: SELECT "public"."Solar_Data"."id", "public"."Solar_Data"."hour", "public"."Solar_Data"."Watts", "pub -Params: ["2026-08-07 10:30:00.444 UTC","2026-08-08 10:30:00.444 UTC",0] -Duration: 13ms
[08/08/2026 12:30:00] PRISMA: SELECT "public"."Miele_Token"."id", "public"."Miele_Token"."accessToken", "public"."Miele_Token"."re -Params: [1,1,0] -Duration: 0ms
[08/08/2026 12:30:03] PRISMA: INSERT INTO "public"."Solar_Data" ("hour","Watts","total") VALUES ($1,$2,$3) RETURNING "public"."Sol -Params: ["2026-08-08 10:30:03.335 UTC",4843,14370] -Duration: 8ms
[08/08/2026 12:35:10] PRISMA: INSERT INTO "public"."Solar_Data" ("hour","Watts","total") VALUES ($1,$2,$3) RETURNING "public"."Sol -Params: ["2026-08-08 10:35:10.603 UTC",4848,14787] -Duration: 7ms
[08/08/2026 12:40:06] PRISMA: SELECT 1 -Params: [] -Duration: 3ms
[08/08/2026 12:40:06] PRISMA: INSERT INTO "public"."Solar_Data" ("hour","Watts","total") VALUES ($1,$2,$3) RETURNING "public"."Sol -Params: ["2026-08-08 10:40:06.585 UTC",4890,15188] -Duration: 3ms
[08/08/2026 12:45:04] PRISMA: INSERT INTO "public"."Solar_Data" ("hour","Watts","total") VALUES ($1,$2,$3) RETURNING "public"."Sol -Params: ["2026-08-08 10:45:04.225 UTC",4910,15588] -Duration: 6ms
[08/08/2026 12:50:07] PRISMA: INSERT INTO "public"."Solar_Data" ("hour","Watts","total") VALUES ($1,$2,$3) RETURNING "public"."Sol -Params: ["2026-08-08 10:50:07.896 UTC",4950,16003] -Duration: 4ms
[08/08/2026 12:55:03] PRISMA: SELECT 1 -Params: [] -Duration: 4ms
[08/08/2026 12:55:03] PRISMA: INSERT INTO "public"."Solar_Data" ("hour","Watts","total") VALUES ($1,$2,$3) RETURNING "public"."Sol -Params: ["2026-08-08 10:55:03.559 UTC",4931,16407] -Duration: 3ms
[08/08/2026 12:59:28] PRISMA: SELECT "public"."Washing_Program"."id", "public"."Washing_Program"."type", "public"."Washing_Program -Params: [5,0] -Duration: 6ms
[08/08/2026 12:59:28] PRISMA: SELECT "public"."Solar_Data"."id", "public"."Solar_Data"."hour", "public"."Solar_Data"."Watts", "pub -Params: ["2026-08-07 10:59:28.614 UTC","2026-08-08 10:59:28.614 UTC",0] -Duration: 7ms
[08/08/2026 12:59:28] PRISMA: SELECT "public"."User"."id" FROM "public"."User" WHERE ("public"."User"."id" = $1 AND 1=1) LIMIT $2  -Params: [1,1,0] -Duration: 5ms
[08/08/2026 12:59:28] PRISMA: SELECT "public"."User"."id", "public"."User"."username" FROM "public"."User" WHERE "public"."User"." -Params: [1,0] -Duration: 2ms
[08/08/2026 12:59:28] PRISMA: SELECT "public"."Miele_Token"."id", "public"."Miele_Token"."accessToken", "public"."Miele_Token"."re -Params: [1,0] -Duration: 2ms
[08/08/2026 12:59:28] PRISMA: SELECT "public"."Weather_Forecast"."id", "public"."Weather_Forecast"."time", "public"."Weather_Forec -Params: ["2026-08-07 22:59:28.645 UTC","2026-08-08 21:59:28.645 UTC",0] -Duration: 6ms
[08/08/2026 12:59:28] PRISMA: SELECT "public"."Miele_Token"."id", "public"."Miele_Token"."accessToken", "public"."Miele_Token"."re -Params: [1,1,0] -Duration: 2ms
[08/08/2026 13:00:02] PRISMA: SELECT 1 -Params: [] -Duration: 4ms
[08/08/2026 13:00:02] PRISMA: INSERT INTO "public"."Solar_Data" ("hour","Watts","total") VALUES ($1,$2,$3) RETURNING "public"."Sol -Params: ["2026-08-08 11:00:02.567 UTC",4918,16816] -Duration: 9ms
[08/08/2026 13:04:00] PRISMA: SELECT 1 -Params: [] -Duration: 4ms
[08/08/2026 13:04:00] PRISMA: SELECT 1 -Params: [] -Duration: 5ms
[08/08/2026 13:04:00] PRISMA: SELECT "public"."Washing_Program"."id", "public"."Washing_Program"."type", "public"."Washing_Program -Params: [5,0] -Duration: 9ms
[08/08/2026 13:04:00] PRISMA: SELECT "public"."User"."id", "public"."User"."username" FROM "public"."User" WHERE "public"."User"." -Params: [1,0] -Duration: 1ms
[08/08/2026 13:04:00] PRISMA: SELECT "public"."Weather_Forecast"."id", "public"."Weather_Forecast"."time", "public"."Weather_Forec -Params: ["2026-08-07 23:04:00.366 UTC","2026-08-08 22:04:00.366 UTC",0] -Duration: 1ms
[08/08/2026 13:04:00] PRISMA: SELECT "public"."Solar_Data"."id", "public"."Solar_Data"."hour", "public"."Solar_Data"."Watts", "pub -Params: ["2026-08-07 11:04:00.355 UTC","2026-08-08 11:04:00.355 UTC",0] -Duration: 7ms
[08/08/2026 13:04:00] PRISMA: SELECT "public"."User"."id" FROM "public"."User" WHERE ("public"."User"."id" = $1 AND 1=1) LIMIT $2  -Params: [1,1,0] -Duration: 1ms
[08/08/2026 13:04:00] PRISMA: SELECT "public"."Miele_Token"."id", "public"."Miele_Token"."accessToken", "public"."Miele_Token"."re -Params: [1,0] -Duration: 0ms
[08/08/2026 13:04:00] PRISMA: SELECT "public"."Miele_Token"."id", "public"."Miele_Token"."accessToken", "public"."Miele_Token"."re -Params: [1,1,0] -Duration: 0ms
[08/08/2026 13:05:03] PRISMA: INSERT INTO "public"."Solar_Data" ("hour","Watts","total") VALUES ($1,$2,$3) RETURNING "public"."Sol -Params: ["2026-08-08 11:05:03.059 UTC",4944,17234] -Duration: 5ms
[08/08/2026 13:10:04] PRISMA: INSERT INTO "public"."Solar_Data" ("hour","Watts","total") VALUES ($1,$2,$3) RETURNING "public"."Sol -Params: ["2026-08-08 11:10:04.176 UTC",4976,17646] -Duration: 6ms
[08/08/2026 13:15:03] PRISMA: SELECT 1 -Params: [] -Duration: 4ms
[08/08/2026 13:15:03] PRISMA: INSERT INTO "public"."Solar_Data" ("hour","Watts","total") VALUES ($1,$2,$3) RETURNING "public"."Sol -Params: ["2026-08-08 11:15:03.070 UTC",4950,18059] -Duration: 5ms
[08/08/2026 13:16:28] PRISMA: SELECT "public"."Washing_Program"."id", "public"."Washing_Program"."type", "public"."Washing_Program -Params: [5,0] -Duration: 5ms
[08/08/2026 13:16:28] PRISMA: SELECT "public"."Solar_Data"."id", "public"."Solar_Data"."hour", "public"."Solar_Data"."Watts", "pub -Params: ["2026-08-07 11:16:28.686 UTC","2026-08-08 11:16:28.686 UTC",0] -Duration: 5ms
[08/08/2026 13:16:28] PRISMA: SELECT "public"."User"."id" FROM "public"."User" WHERE ("public"."User"."id" = $1 AND 1=1) LIMIT $2  -Params: [1,1,0] -Duration: 4ms
[08/08/2026 13:16:28] PRISMA: SELECT "public"."Weather_Forecast"."id", "public"."Weather_Forecast"."time", "public"."Weather_Forec -Params: ["2026-08-07 23:16:28.688 UTC","2026-08-08 22:16:28.688 UTC",0] -Duration: 6ms
[08/08/2026 13:16:28] PRISMA: SELECT "public"."Miele_Token"."id", "public"."Miele_Token"."accessToken", "public"."Miele_Token"."re -Params: [1,0] -Duration: 0ms
[08/08/2026 13:16:28] PRISMA: SELECT "public"."User"."id", "public"."User"."username" FROM "public"."User" WHERE "public"."User"." -Params: [1,0] -Duration: 2ms
[08/08/2026 13:16:28] PRISMA: SELECT "public"."Miele_Token"."id", "public"."Miele_Token"."accessToken", "public"."Miele_Token"."re -Params: [1,1,0] -Duration: 1ms
[08/08/2026 13:20:04] PRISMA: SELECT 1 -Params: [] -Duration: 2ms
[08/08/2026 13:20:04] PRISMA: INSERT INTO "public"."Solar_Data" ("hour","Watts","total") VALUES ($1,$2,$3) RETURNING "public"."Sol -Params: ["2026-08-08 11:20:04.700 UTC",4997,18474] -Duration: 15ms
[08/08/2026 13:21:00] PRISMA: SELECT 1 -Params: [] -Duration: 6ms
[08/08/2026 13:21:00] PRISMA: SELECT 1 -Params: [] -Duration: 5ms
[08/08/2026 13:21:00] PRISMA: SELECT 1 -Params: [] -Duration: 1ms
[08/08/2026 13:21:00] PRISMA: SELECT "public"."Washing_Program"."id", "public"."Washing_Program"."type", "public"."Washing_Program -Params: [5,0] -Duration: 6ms
[08/08/2026 13:21:00] PRISMA: SELECT "public"."User"."id", "public"."User"."username" FROM "public"."User" WHERE "public"."User"." -Params: [1,0] -Duration: 1ms
[08/08/2026 13:21:00] PRISMA: SELECT "public"."Weather_Forecast"."id", "public"."Weather_Forecast"."time", "public"."Weather_Forec -Params: ["2026-08-07 23:21:00.633 UTC","2026-08-08 22:21:00.633 UTC",0] -Duration: 3ms
[08/08/2026 13:21:00] PRISMA: SELECT "public"."Solar_Data"."id", "public"."Solar_Data"."hour", "public"."Solar_Data"."Watts", "pub -Params: ["2026-08-07 11:21:00.623 UTC","2026-08-08 11:21:00.623 UTC",0] -Duration: 9ms
[08/08/2026 13:21:00] PRISMA: SELECT "public"."User"."id" FROM "public"."User" WHERE ("public"."User"."id" = $1 AND 1=1) LIMIT $2  -Params: [1,1,0] -Duration: 0ms
[08/08/2026 13:21:00] PRISMA: SELECT "public"."Miele_Token"."id", "public"."Miele_Token"."accessToken", "public"."Miele_Token"."re -Params: [1,0] -Duration: 0ms
[08/08/2026 13:21:00] PRISMA: SELECT "public"."Miele_Token"."id", "public"."Miele_Token"."accessToken", "public"."Miele_Token"."re -Params: [1,1,0] -Duration: 1ms
[08/08/2026 13:25:02] PRISMA: INSERT INTO "public"."Solar_Data" ("hour","Watts","total") VALUES ($1,$2,$3) RETURNING "public"."Sol -Params: ["2026-08-08 11:25:02.303 UTC",4950,18884] -Duration: 5ms
[08/08/2026 13:30:03] PRISMA: INSERT INTO "public"."Solar_Data" ("hour","Watts","total") VALUES ($1,$2,$3) RETURNING "public"."Sol -Params: ["2026-08-08 11:30:03.252 UTC",4932,19302] -Duration: 5ms
[08/08/2026 13:35:10] PRISMA: INSERT INTO "public"."Solar_Data" ("hour","Watts","total") VALUES ($1,$2,$3) RETURNING "public"."Sol -Params: ["2026-08-08 11:35:10.444 UTC",4903,19720] -Duration: 7ms
[08/08/2026 13:36:28] PRISMA: SELECT 1 -Params: [] -Duration: 1ms
[08/08/2026 13:36:28] PRISMA: SELECT "public"."Weather_Forecast"."id", "public"."Weather_Forecast"."time", "public"."Weather_Forec -Params: ["2026-08-07 23:36:28.800 UTC","2026-08-08 22:36:28.800 UTC",0] -Duration: 32ms
[08/08/2026 13:36:28] PRISMA: SELECT "public"."Solar_Data"."id", "public"."Solar_Data"."hour", "public"."Solar_Data"."Watts", "pub -Params: ["2026-08-07 11:36:28.796 UTC","2026-08-08 11:36:28.796 UTC",0] -Duration: 4ms
[08/08/2026 13:36:28] PRISMA: SELECT "public"."User"."id" FROM "public"."User" WHERE ("public"."User"."id" = $1 AND 1=1) LIMIT $2  -Params: [1,1,0] -Duration: 4ms
[08/08/2026 13:36:28] PRISMA: SELECT "public"."Miele_Token"."id", "public"."Miele_Token"."accessToken", "public"."Miele_Token"."re -Params: [1,0] -Duration: 1ms
[08/08/2026 13:36:28] PRISMA: SELECT "public"."Washing_Program"."id", "public"."Washing_Program"."type", "public"."Washing_Program -Params: [5,0] -Duration: 2ms
[08/08/2026 13:36:28] PRISMA: SELECT "public"."User"."id", "public"."User"."username" FROM "public"."User" WHERE "public"."User"." -Params: [1,0] -Duration: 1ms
[08/08/2026 13:36:28] PRISMA: SELECT "public"."Miele_Token"."id", "public"."Miele_Token"."accessToken", "public"."Miele_Token"."re -Params: [1,1,0] -Duration: 0ms
[08/08/2026 13:40:12] PRISMA: SELECT 1 -Params: [] -Duration: 3ms
[08/08/2026 13:40:12] PRISMA: INSERT INTO "public"."Solar_Data" ("hour","Watts","total") VALUES ($1,$2,$3) RETURNING "public"."Sol -Params: ["2026-08-08 11:40:12.504 UTC",4871,20134] -Duration: 7ms
[08/08/2026 13:41:00] PRISMA: SELECT 1 -Params: [] -Duration: 8ms
[08/08/2026 13:41:00] PRISMA: SELECT 1 -Params: [] -Duration: 7ms
[08/08/2026 13:41:00] PRISMA: SELECT 1 -Params: [] -Duration: 1ms
[08/08/2026 13:41:00] PRISMA: SELECT "public"."Washing_Program"."id", "public"."Washing_Program"."type", "public"."Washing_Program -Params: [5,0] -Duration: 2ms
[08/08/2026 13:41:00] PRISMA: SELECT "public"."User"."id", "public"."User"."username" FROM "public"."User" WHERE "public"."User"." -Params: [1,0] -Duration: 3ms
[08/08/2026 13:41:00] PRISMA: SELECT "public"."Weather_Forecast"."id", "public"."Weather_Forecast"."time", "public"."Weather_Forec -Params: ["2026-08-07 23:41:00.646 UTC","2026-08-08 22:41:00.646 UTC",0] -Duration: 15ms
[08/08/2026 13:41:00] PRISMA: SELECT "public"."User"."id" FROM "public"."User" WHERE ("public"."User"."id" = $1 AND 1=1) LIMIT $2  -Params: [1,1,0] -Duration: 2ms
[08/08/2026 13:41:00] PRISMA: SELECT "public"."Miele_Token"."id", "public"."Miele_Token"."accessToken", "public"."Miele_Token"."re -Params: [1,0] -Duration: 0ms
[08/08/2026 13:41:00] PRISMA: SELECT "public"."Solar_Data"."id", "public"."Solar_Data"."hour", "public"."Solar_Data"."Watts", "pub -Params: ["2026-08-07 11:41:00.636 UTC","2026-08-08 11:41:00.636 UTC",0] -Duration: 19ms
[08/08/2026 13:41:00] PRISMA: SELECT "public"."Miele_Token"."id", "public"."Miele_Token"."accessToken", "public"."Miele_Token"."re -Params: [1,1,0] -Duration: 0ms
[08/08/2026 13:45:02] PRISMA: INSERT INTO "public"."Solar_Data" ("hour","Watts","total") VALUES ($1,$2,$3) RETURNING "public"."Sol -Params: ["2026-08-08 11:45:02.785 UTC",4902,20525] -Duration: 4ms
[08/08/2026 13:50:06] PRISMA: INSERT INTO "public"."Solar_Data" ("hour","Watts","total") VALUES ($1,$2,$3) RETURNING "public"."Sol -Params: ["2026-08-08 11:50:06.159 UTC",4893,20936] -Duration: 6ms
[08/08/2026 13:53:28] PRISMA: SELECT 1 -Params: [] -Duration: 2ms
[08/08/2026 13:53:28] PRISMA: SELECT "public"."Solar_Data"."id", "public"."Solar_Data"."hour", "public"."Solar_Data"."Watts", "pub -Params: ["2026-08-07 11:53:28.618 UTC","2026-08-08 11:53:28.618 UTC",0] -Duration: 16ms
[08/08/2026 13:53:28] PRISMA: SELECT "public"."User"."id" FROM "public"."User" WHERE ("public"."User"."id" = $1 AND 1=1) LIMIT $2  -Params: [1,1,0] -Duration: 16ms
[08/08/2026 13:53:28] PRISMA: SELECT "public"."Washing_Program"."id", "public"."Washing_Program"."type", "public"."Washing_Program -Params: [5,0] -Duration: 3ms
[08/08/2026 13:53:28] PRISMA: SELECT "public"."Miele_Token"."id", "public"."Miele_Token"."accessToken", "public"."Miele_Token"."re -Params: [1,0] -Duration: 4ms
[08/08/2026 13:53:28] PRISMA: SELECT "public"."User"."id", "public"."User"."username" FROM "public"."User" WHERE "public"."User"." -Params: [1,0] -Duration: 2ms
[08/08/2026 13:53:28] PRISMA: SELECT "public"."Weather_Forecast"."id", "public"."Weather_Forecast"."time", "public"."Weather_Forec -Params: ["2026-08-07 23:53:28.629 UTC","2026-08-08 22:53:28.629 UTC",0] -Duration: 6ms
[08/08/2026 13:53:28] PRISMA: SELECT "public"."Miele_Token"."id", "public"."Miele_Token"."accessToken", "public"."Miele_Token"."re -Params: [1,1,0] -Duration: 1ms
[08/08/2026 13:55:05] PRISMA: SELECT 1 -Params: [] -Duration: 4ms
[08/08/2026 13:55:05] PRISMA: INSERT INTO "public"."Solar_Data" ("hour","Watts","total") VALUES ($1,$2,$3) RETURNING "public"."Sol -Params: ["2026-08-08 11:55:05.618 UTC",4845,21334] -Duration: 10ms
[08/08/2026 13:58:00] PRISMA: SELECT 1 -Params: [] -Duration: 3ms
[08/08/2026 13:58:00] PRISMA: SELECT 1 -Params: [] -Duration: 7ms
[08/08/2026 13:58:00] PRISMA: SELECT "public"."Washing_Program"."id", "public"."Washing_Program"."type", "public"."Washing_Program -Params: [5,0] -Duration: 8ms
[08/08/2026 13:58:00] PRISMA: SELECT "public"."User"."id", "public"."User"."username" FROM "public"."User" WHERE "public"."User"." -Params: [1,0] -Duration: 1ms
[08/08/2026 13:58:00] PRISMA: SELECT "public"."User"."id" FROM "public"."User" WHERE ("public"."User"."id" = $1 AND 1=1) LIMIT $2  -Params: [1,1,0] -Duration: 21ms
[08/08/2026 13:58:00] PRISMA: SELECT "public"."Miele_Token"."id", "public"."Miele_Token"."accessToken", "public"."Miele_Token"."re -Params: [1,0] -Duration: 1ms
[08/08/2026 13:58:00] PRISMA: SELECT "public"."Miele_Token"."id", "public"."Miele_Token"."accessToken", "public"."Miele_Token"."re -Params: [1,1,0] -Duration: 0ms
[08/08/2026 13:58:00] PRISMA: SELECT "public"."Weather_Forecast"."id", "public"."Weather_Forecast"."time", "public"."Weather_Forec -Params: ["2026-08-07 23:58:00.675 UTC","2026-08-08 22:58:00.675 UTC",0] -Duration: 7ms
[08/08/2026 13:58:00] PRISMA: SELECT "public"."Solar_Data"."id", "public"."Solar_Data"."hour", "public"."Solar_Data"."Watts", "pub -Params: ["2026-08-07 11:58:00.666 UTC","2026-08-08 11:58:00.666 UTC",0] -Duration: 10ms
[08/08/2026 14:00:03] PRISMA: SELECT 1 -Params: [] -Duration: 4ms
[08/08/2026 14:00:03] PRISMA: INSERT INTO "public"."Solar_Data" ("hour","Watts","total") VALUES ($1,$2,$3) RETURNING "public"."Sol -Params: ["2026-08-08 12:00:03.054 UTC",4923,21739] -Duration: 10ms
[08/08/2026 14:05:07] PRISMA: INSERT INTO "public"."Solar_Data" ("hour","Watts","total") VALUES ($1,$2,$3) RETURNING "public"."Sol -Params: ["2026-08-08 12:05:07.168 UTC",4802,22152] -Duration: 11ms
[08/08/2026 14:07:28] PRISMA: SELECT 1 -Params: [] -Duration: 1ms
[08/08/2026 14:07:28] PRISMA: SELECT "public"."Washing_Program"."id", "public"."Washing_Program"."type", "public"."Washing_Program -Params: [5,0] -Duration: 24ms
[08/08/2026 14:07:28] PRISMA: SELECT "public"."User"."id", "public"."User"."username" FROM "public"."User" WHERE "public"."User"." -Params: [1,0] -Duration: 2ms
[08/08/2026 14:07:28] PRISMA: SELECT "public"."Weather_Forecast"."id", "public"."Weather_Forecast"."time", "public"."Weather_Forec -Params: ["2026-08-08 00:07:28.699 UTC","2026-08-08 23:07:28.699 UTC",0] -Duration: 6ms
[08/08/2026 14:07:28] PRISMA: SELECT "public"."User"."id" FROM "public"."User" WHERE ("public"."User"."id" = $1 AND 1=1) LIMIT $2  -Params: [1,1,0] -Duration: 4ms
[08/08/2026 14:07:28] PRISMA: SELECT "public"."Solar_Data"."id", "public"."Solar_Data"."hour", "public"."Solar_Data"."Watts", "pub -Params: ["2026-08-07 12:07:28.698 UTC","2026-08-08 12:07:28.698 UTC",0] -Duration: 4ms
[08/08/2026 14:07:28] PRISMA: SELECT "public"."Miele_Token"."id", "public"."Miele_Token"."accessToken", "public"."Miele_Token"."re -Params: [1,0] -Duration: 2ms
[08/08/2026 14:07:28] PRISMA: SELECT "public"."Miele_Token"."id", "public"."Miele_Token"."accessToken", "public"."Miele_Token"."re -Params: [1,1,0] -Duration: 1ms
[08/08/2026 14:10:02] PRISMA: SELECT 1 -Params: [] -Duration: 3ms
[08/08/2026 14:10:02] PRISMA: INSERT INTO "public"."Solar_Data" ("hour","Watts","total") VALUES ($1,$2,$3) RETURNING "public"."Sol -Params: ["2026-08-08 12:10:02.931 UTC",4802,22550] -Duration: 10ms
[08/08/2026 14:12:00] PRISMA: SELECT 1 -Params: [] -Duration: 4ms
[08/08/2026 14:12:00] PRISMA: SELECT 1 -Params: [] -Duration: 2ms
[08/08/2026 14:12:00] PRISMA: SELECT 1 -Params: [] -Duration: 6ms
[08/08/2026 14:12:00] PRISMA: SELECT "public"."Solar_Data"."id", "public"."Solar_Data"."hour", "public"."Solar_Data"."Watts", "pub -Params: ["2026-08-07 12:12:00.551 UTC","2026-08-08 12:12:00.551 UTC",0] -Duration: 4ms
[08/08/2026 14:12:00] PRISMA: SELECT "public"."Weather_Forecast"."id", "public"."Weather_Forecast"."time", "public"."Weather_Forec -Params: ["2026-08-08 00:12:00.554 UTC","2026-08-08 23:12:00.554 UTC",0] -Duration: 2ms
[08/08/2026 14:12:00] PRISMA: SELECT "public"."Washing_Program"."id", "public"."Washing_Program"."type", "public"."Washing_Program -Params: [5,0] -Duration: 15ms
[08/08/2026 14:12:00] PRISMA: SELECT "public"."User"."id", "public"."User"."username" FROM "public"."User" WHERE "public"."User"." -Params: [1,0] -Duration: 1ms
[08/08/2026 14:12:00] PRISMA: SELECT "public"."User"."id" FROM "public"."User" WHERE ("public"."User"."id" = $1 AND 1=1) LIMIT $2  -Params: [1,1,0] -Duration: 2ms
[08/08/2026 14:12:00] PRISMA: SELECT "public"."Miele_Token"."id", "public"."Miele_Token"."accessToken", "public"."Miele_Token"."re -Params: [1,0] -Duration: 0ms
[08/08/2026 14:12:00] PRISMA: SELECT "public"."Miele_Token"."id", "public"."Miele_Token"."accessToken", "public"."Miele_Token"."re -Params: [1,1,0] -Duration: 1ms
[08/08/2026 14:15:06] PRISMA: SELECT 1 -Params: [] -Duration: 4ms
[08/08/2026 14:15:06] PRISMA: INSERT INTO "public"."Solar_Data" ("hour","Watts","total") VALUES ($1,$2,$3) RETURNING "public"."Sol -Params: ["2026-08-08 12:15:06.777 UTC",4758,22954] -Duration: 16ms
[08/08/2026 14:20:03] PRISMA: INSERT INTO "public"."Solar_Data" ("hour","Watts","total") VALUES ($1,$2,$3) RETURNING "public"."Sol -Params: ["2026-08-08 12:20:03.306 UTC",4786,23338] -Duration: 7ms
[08/08/2026 14:25:03] PRISMA: INSERT INTO "public"."Solar_Data" ("hour","Watts","total") VALUES ($1,$2,$3) RETURNING "public"."Sol -Params: ["2026-08-08 12:25:03.788 UTC",4766,23733] -Duration: 12ms
[08/08/2026 14:29:28] PRISMA: SELECT 1 -Params: [] -Duration: 7ms
[08/08/2026 14:29:28] PRISMA: SELECT "public"."User"."id" FROM "public"."User" WHERE ("public"."User"."id" = $1 AND 1=1) LIMIT $2  -Params: [1,1,0] -Duration: 48ms
[08/08/2026 14:29:28] PRISMA: SELECT "public"."Miele_Token"."id", "public"."Miele_Token"."accessToken", "public"."Miele_Token"."re -Params: [1,0] -Duration: 16ms
[08/08/2026 14:29:28] PRISMA: SELECT "public"."Miele_Token"."id", "public"."Miele_Token"."accessToken", "public"."Miele_Token"."re -Params: [1,1,0] -Duration: 1ms
[08/08/2026 14:29:28] PRISMA: SELECT "public"."Solar_Data"."id", "public"."Solar_Data"."hour", "public"."Solar_Data"."Watts", "pub -Params: ["2026-08-07 12:29:28.679 UTC","2026-08-08 12:29:28.679 UTC",0] -Duration: 9ms
[08/08/2026 14:29:28] PRISMA: SELECT "public"."Washing_Program"."id", "public"."Washing_Program"."type", "public"."Washing_Program -Params: [5,0] -Duration: 3ms
[08/08/2026 14:29:28] PRISMA: SELECT "public"."Weather_Forecast"."id", "public"."Weather_Forecast"."time", "public"."Weather_Forec -Params: ["2026-08-08 00:29:28.708 UTC","2026-08-08 23:29:28.708 UTC",0] -Duration: 3ms
[08/08/2026 14:29:28] PRISMA: SELECT "public"."User"."id", "public"."User"."username" FROM "public"."User" WHERE "public"."User"." -Params: [1,0] -Duration: 0ms
[08/08/2026 14:30:03] PRISMA: SELECT 1 -Params: [] -Duration: 3ms
[08/08/2026 14:30:03] PRISMA: INSERT INTO "public"."Solar_Data" ("hour","Watts","total") VALUES ($1,$2,$3) RETURNING "public"."Sol -Params: ["2026-08-08 12:30:03.664 UTC",4765,24124] -Duration: 17ms
[08/08/2026 14:34:00] PRISMA: SELECT 1 -Params: [] -Duration: 6ms
[08/08/2026 14:34:00] PRISMA: SELECT 1 -Params: [] -Duration: 1ms
[08/08/2026 14:34:00] PRISMA: SELECT 1 -Params: [] -Duration: 0ms
[08/08/2026 14:34:00] PRISMA: SELECT "public"."Weather_Forecast"."id", "public"."Weather_Forecast"."time", "public"."Weather_Forec -Params: ["2026-08-08 00:34:00.515 UTC","2026-08-08 23:34:00.515 UTC",0] -Duration: 13ms
[08/08/2026 14:34:00] PRISMA: SELECT "public"."Solar_Data"."id", "public"."Solar_Data"."hour", "public"."Solar_Data"."Watts", "pub -Params: ["2026-08-07 12:34:00.527 UTC","2026-08-08 12:34:00.527 UTC",0] -Duration: 16ms
[08/08/2026 14:34:00] PRISMA: SELECT "public"."Washing_Program"."id", "public"."Washing_Program"."type", "public"."Washing_Program -Params: [5,0] -Duration: 15ms
[08/08/2026 14:34:00] PRISMA: SELECT "public"."User"."id" FROM "public"."User" WHERE ("public"."User"."id" = $1 AND 1=1) LIMIT $2  -Params: [1,1,0] -Duration: 11ms
[08/08/2026 14:34:00] PRISMA: SELECT "public"."User"."id", "public"."User"."username" FROM "public"."User" WHERE "public"."User"." -Params: [1,0] -Duration: 7ms
[08/08/2026 14:34:00] PRISMA: SELECT "public"."Miele_Token"."id", "public"."Miele_Token"."accessToken", "public"."Miele_Token"."re -Params: [1,0] -Duration: 5ms
[08/08/2026 14:34:00] PRISMA: SELECT "public"."Miele_Token"."id", "public"."Miele_Token"."accessToken", "public"."Miele_Token"."re -Params: [1,1,0] -Duration: 0ms
[08/08/2026 14:35:10] PRISMA: INSERT INTO "public"."Solar_Data" ("hour","Watts","total") VALUES ($1,$2,$3) RETURNING "public"."Sol -Params: ["2026-08-08 12:35:10.801 UTC",4778,24535] -Duration: 10ms
[08/08/2026 14:40:02] PRISMA: SELECT 1 -Params: [] -Duration: 9ms
[08/08/2026 14:40:02] PRISMA: INSERT INTO "public"."Solar_Data" ("hour","Watts","total") VALUES ($1,$2,$3) RETURNING "public"."Sol -Params: ["2026-08-08 12:40:02.175 UTC",4731,24916] -Duration: 3ms
[08/08/2026 14:45:06] PRISMA: INSERT INTO "public"."Solar_Data" ("hour","Watts","total") VALUES ($1,$2,$3) RETURNING "public"."Sol -Params: ["2026-08-08 12:45:06.326 UTC",4683,25315] -Duration: 7ms
[08/08/2026 14:50:09] PRISMA: INSERT INTO "public"."Solar_Data" ("hour","Watts","total") VALUES ($1,$2,$3) RETURNING "public"."Sol -Params: ["2026-08-08 12:50:09.381 UTC",4639,25708] -Duration: 3ms
[08/08/2026 14:55:02] PRISMA: SELECT 1 -Params: [] -Duration: 4ms
[08/08/2026 14:55:02] PRISMA: INSERT INTO "public"."Solar_Data" ("hour","Watts","total") VALUES ($1,$2,$3) RETURNING "public"."Sol -Params: ["2026-08-08 12:55:02.820 UTC",4563,26083] -Duration: 5ms
[08/08/2026 14:55:28] PRISMA: SELECT "public"."Washing_Program"."id", "public"."Washing_Program"."type", "public"."Washing_Program -Params: [5,0] -Duration: 4ms
[08/08/2026 14:55:28] PRISMA: SELECT "public"."Weather_Forecast"."id", "public"."Weather_Forecast"."time", "public"."Weather_Forec -Params: ["2026-08-08 00:55:28.624 UTC","2026-08-08 23:55:28.624 UTC",0] -Duration: 7ms
[08/08/2026 14:55:28] PRISMA: SELECT "public"."Solar_Data"."id", "public"."Solar_Data"."hour", "public"."Solar_Data"."Watts", "pub -Params: ["2026-08-07 12:55:28.620 UTC","2026-08-08 12:55:28.620 UTC",0] -Duration: 8ms
[08/08/2026 14:55:28] PRISMA: SELECT "public"."User"."id" FROM "public"."User" WHERE ("public"."User"."id" = $1 AND 1=1) LIMIT $2  -Params: [1,1,0] -Duration: 6ms
[08/08/2026 14:55:28] PRISMA: SELECT "public"."User"."id", "public"."User"."username" FROM "public"."User" WHERE "public"."User"." -Params: [1,0] -Duration: 1ms
[08/08/2026 14:55:28] PRISMA: SELECT "public"."Miele_Token"."id", "public"."Miele_Token"."accessToken", "public"."Miele_Token"."re -Params: [1,0] -Duration: 1ms
[08/08/2026 14:55:28] PRISMA: SELECT "public"."Miele_Token"."id", "public"."Miele_Token"."accessToken", "public"."Miele_Token"."re -Params: [1,1,0] -Duration: 0ms
[08/08/2026 15:00:00] PRISMA: SELECT 1 -Params: [] -Duration: 11ms
[08/08/2026 15:00:00] PRISMA: SELECT 1 -Params: [] -Duration: 4ms
[08/08/2026 15:00:00] PRISMA: SELECT 1 -Params: [] -Duration: 4ms
[08/08/2026 15:00:00] PRISMA: SELECT "public"."Solar_Data"."id", "public"."Solar_Data"."hour", "public"."Solar_Data"."Watts", "pub -Params: ["2026-08-07 13:00:00.469 UTC","2026-08-08 13:00:00.469 UTC",0] -Duration: 3ms
[08/08/2026 15:00:00] PRISMA: SELECT 1 -Params: [] -Duration: 0ms
[08/08/2026 15:00:00] PRISMA: SELECT "public"."Washing_Program"."id", "public"."Washing_Program"."type", "public"."Washing_Program -Params: [5,0] -Duration: 8ms
[08/08/2026 15:00:00] PRISMA: SELECT "public"."User"."id", "public"."User"."username" FROM "public"."User" WHERE "public"."User"." -Params: [1,0] -Duration: 1ms
[08/08/2026 15:00:00] PRISMA: SELECT "public"."Weather_Forecast"."id", "public"."Weather_Forecast"."time", "public"."Weather_Forec -Params: ["2026-08-08 01:00:00.479 UTC","2026-08-09 00:00:00.479 UTC",0] -Duration: 10ms
[08/08/2026 15:00:00] PRISMA: SELECT "public"."User"."id" FROM "public"."User" WHERE ("public"."User"."id" = $1 AND 1=1) LIMIT $2  -Params: [1,1,0] -Duration: 11ms
[08/08/2026 15:00:00] PRISMA: SELECT "public"."Miele_Token"."id", "public"."Miele_Token"."accessToken", "public"."Miele_Token"."re -Params: [1,0] -Duration: 7ms
[08/08/2026 15:00:00] PRISMA: SELECT "public"."Miele_Token"."id", "public"."Miele_Token"."accessToken", "public"."Miele_Token"."re -Params: [1,1,0] -Duration: 0ms
[08/08/2026 15:00:03] PRISMA: INSERT INTO "public"."Solar_Data" ("hour","Watts","total") VALUES ($1,$2,$3) RETURNING "public"."Sol -Params: ["2026-08-08 13:00:03.374 UTC",4572,26464] -Duration: 9ms
[08/08/2026 15:05:02] PRISMA: INSERT INTO "public"."Solar_Data" ("hour","Watts","total") VALUES ($1,$2,$3) RETURNING "public"."Sol -Params: ["2026-08-08 13:05:02.613 UTC",4568,26841] -Duration: 9ms
[08/08/2026 15:07:28] PRISMA: SELECT 1 -Params: [] -Duration: 4ms
[08/08/2026 15:07:28] PRISMA: SELECT "public"."Washing_Program"."id", "public"."Washing_Program"."type", "public"."Washing_Program -Params: [5,0] -Duration: 19ms
[08/08/2026 15:07:28] PRISMA: SELECT "public"."User"."id", "public"."User"."username" FROM "public"."User" WHERE "public"."User"." -Params: [1,0] -Duration: 1ms
[08/08/2026 15:07:28] PRISMA: SELECT "public"."Weather_Forecast"."id", "public"."Weather_Forecast"."time", "public"."Weather_Forec -Params: ["2026-08-08 01:07:28.506 UTC","2026-08-09 00:07:28.506 UTC",0] -Duration: 2ms
[08/08/2026 15:07:28] PRISMA: SELECT "public"."User"."id" FROM "public"."User" WHERE ("public"."User"."id" = $1 AND 1=1) LIMIT $2  -Params: [1,1,0] -Duration: 1ms
[08/08/2026 15:07:28] PRISMA: SELECT "public"."Miele_Token"."id", "public"."Miele_Token"."accessToken", "public"."Miele_Token"."re -Params: [1,0] -Duration: 1ms
[08/08/2026 15:07:28] PRISMA: SELECT "public"."Solar_Data"."id", "public"."Solar_Data"."hour", "public"."Solar_Data"."Watts", "pub -Params: ["2026-08-07 13:07:28.504 UTC","2026-08-08 13:07:28.504 UTC",0] -Duration: 3ms
[08/08/2026 15:07:28] PRISMA: SELECT "public"."Miele_Token"."id", "public"."Miele_Token"."accessToken", "public"."Miele_Token"."re -Params: [1,1,0] -Duration: 2ms
[08/08/2026 15:10:03] PRISMA: SELECT 1 -Params: [] -Duration: 4ms
[08/08/2026 15:10:03] PRISMA: INSERT INTO "public"."Solar_Data" ("hour","Watts","total") VALUES ($1,$2,$3) RETURNING "public"."Sol -Params: ["2026-08-08 13:10:03.071 UTC",4528,27227] -Duration: 8ms
[08/08/2026 15:12:00] PRISMA: SELECT 1 -Params: [] -Duration: 5ms
[08/08/2026 15:12:00] PRISMA: SELECT 1 -Params: [] -Duration: 4ms
[08/08/2026 15:12:00] PRISMA: SELECT 1 -Params: [] -Duration: 3ms
[08/08/2026 15:12:00] PRISMA: SELECT "public"."Weather_Forecast"."id", "public"."Weather_Forecast"."time", "public"."Weather_Forec -Params: ["2026-08-08 01:12:00.511 UTC","2026-08-09 00:12:00.511 UTC",0] -Duration: 15ms
[08/08/2026 15:12:00] PRISMA: SELECT "public"."Solar_Data"."id", "public"."Solar_Data"."hour", "public"."Solar_Data"."Watts", "pub -Params: ["2026-08-07 13:12:00.508 UTC","2026-08-08 13:12:00.508 UTC",0] -Duration: 38ms
[08/08/2026 15:12:00] PRISMA: SELECT "public"."Washing_Program"."id", "public"."Washing_Program"."type", "public"."Washing_Program -Params: [5,0] -Duration: 41ms
[08/08/2026 15:12:00] PRISMA: SELECT "public"."User"."id", "public"."User"."username" FROM "public"."User" WHERE "public"."User"." -Params: [1,0] -Duration: 21ms
[08/08/2026 15:12:00] PRISMA: SELECT "public"."User"."id" FROM "public"."User" WHERE ("public"."User"."id" = $1 AND 1=1) LIMIT $2  -Params: [1,1,0] -Duration: 3ms
[08/08/2026 15:12:00] PRISMA: SELECT "public"."Miele_Token"."id", "public"."Miele_Token"."accessToken", "public"."Miele_Token"."re -Params: [1,0] -Duration: 2ms
[08/08/2026 15:12:00] PRISMA: SELECT "public"."Miele_Token"."id", "public"."Miele_Token"."accessToken", "public"."Miele_Token"."re -Params: [1,1,0] -Duration: 0ms
[08/08/2026 15:15:05] PRISMA: SELECT 1 -Params: [] -Duration: 8ms
[08/08/2026 15:15:05] PRISMA: INSERT INTO "public"."Solar_Data" ("hour","Watts","total") VALUES ($1,$2,$3) RETURNING "public"."Sol -Params: ["2026-08-08 13:15:05.146 UTC",4492,27603] -Duration: 14ms
[08/08/2026 15:20:03] PRISMA: INSERT INTO "public"."Solar_Data" ("hour","Watts","total") VALUES ($1,$2,$3) RETURNING "public"."Sol -Params: ["2026-08-08 13:20:03.030 UTC",4487,27974] -Duration: 7ms
[08/08/2026 15:22:28] PRISMA: SELECT 1 -Params: [] -Duration: 5ms
[08/08/2026 15:22:28] PRISMA: SELECT "public"."Washing_Program"."id", "public"."Washing_Program"."type", "public"."Washing_Program -Params: [5,0] -Duration: 40ms
[08/08/2026 15:22:28] PRISMA: SELECT "public"."User"."id", "public"."User"."username" FROM "public"."User" WHERE "public"."User"." -Params: [1,0] -Duration: 1ms
[08/08/2026 15:22:28] PRISMA: SELECT "public"."User"."id" FROM "public"."User" WHERE ("public"."User"."id" = $1 AND 1=1) LIMIT $2  -Params: [1,1,0] -Duration: 5ms
[08/08/2026 15:22:28] PRISMA: SELECT "public"."Solar_Data"."id", "public"."Solar_Data"."hour", "public"."Solar_Data"."Watts", "pub -Params: ["2026-08-07 13:22:28.623 UTC","2026-08-08 13:22:28.623 UTC",0] -Duration: 7ms
[08/08/2026 15:22:28] PRISMA: SELECT "public"."Weather_Forecast"."id", "public"."Weather_Forecast"."time", "public"."Weather_Forec -Params: ["2026-08-08 01:22:28.629 UTC","2026-08-09 00:22:28.629 UTC",0] -Duration: 7ms
[08/08/2026 15:22:28] PRISMA: SELECT "public"."Miele_Token"."id", "public"."Miele_Token"."accessToken", "public"."Miele_Token"."re -Params: [1,0] -Duration: 2ms
[08/08/2026 15:22:28] PRISMA: SELECT "public"."Miele_Token"."id", "public"."Miele_Token"."accessToken", "public"."Miele_Token"."re -Params: [1,1,0] -Duration: 1ms
[08/08/2026 15:25:02] PRISMA: SELECT 1 -Params: [] -Duration: 5ms
[08/08/2026 15:25:02] PRISMA: INSERT INTO "public"."Solar_Data" ("hour","Watts","total") VALUES ($1,$2,$3) RETURNING "public"."Sol -Params: ["2026-08-08 13:25:02.404 UTC",4326,28340] -Duration: 14ms
[08/08/2026 15:27:00] PRISMA: SELECT 1 -Params: [] -Duration: 5ms
[08/08/2026 15:27:00] PRISMA: SELECT 1 -Params: [] -Duration: 2ms
[08/08/2026 15:27:00] PRISMA: SELECT 1 -Params: [] -Duration: 1ms
[08/08/2026 15:27:00] PRISMA: SELECT "public"."User"."id" FROM "public"."User" WHERE ("public"."User"."id" = $1 AND 1=1) LIMIT $2  -Params: [1,1,0] -Duration: 5ms
[08/08/2026 15:27:00] PRISMA: SELECT "public"."Solar_Data"."id", "public"."Solar_Data"."hour", "public"."Solar_Data"."Watts", "pub -Params: ["2026-08-07 13:27:00.630 UTC","2026-08-08 13:27:00.630 UTC",0] -Duration: 5ms
[08/08/2026 15:27:00] PRISMA: SELECT "public"."Miele_Token"."id", "public"."Miele_Token"."accessToken", "public"."Miele_Token"."re -Params: [1,0] -Duration: 2ms
[08/08/2026 15:27:00] PRISMA: SELECT "public"."Washing_Program"."id", "public"."Washing_Program"."type", "public"."Washing_Program -Params: [5,0] -Duration: 17ms
[08/08/2026 15:27:00] PRISMA: SELECT "public"."User"."id", "public"."User"."username" FROM "public"."User" WHERE "public"."User"." -Params: [1,0] -Duration: 6ms
[08/08/2026 15:27:00] PRISMA: SELECT "public"."Miele_Token"."id", "public"."Miele_Token"."accessToken", "public"."Miele_Token"."re -Params: [1,1,0] -Duration: 1ms
[08/08/2026 15:27:00] PRISMA: SELECT "public"."Weather_Forecast"."id", "public"."Weather_Forecast"."time", "public"."Weather_Forec -Params: ["2026-08-08 01:27:00.632 UTC","2026-08-09 00:27:00.632 UTC",0] -Duration: 5ms
[08/08/2026 15:30:01] PRISMA: SELECT 1 -Params: [] -Duration: 3ms
[08/08/2026 15:30:01] PRISMA: INSERT INTO "public"."Solar_Data" ("hour","Watts","total") VALUES ($1,$2,$3) RETURNING "public"."Sol -Params: ["2026-08-08 13:30:01.724 UTC",4304,28701] -Duration: 12ms
[08/08/2026 15:35:04] PRISMA: INSERT INTO "public"."Solar_Data" ("hour","Watts","total") VALUES ($1,$2,$3) RETURNING "public"."Sol -Params: ["2026-08-08 13:35:04.247 UTC",4037,29058] -Duration: 5ms
[08/08/2026 15:40:09] PRISMA: INSERT INTO "public"."Solar_Data" ("hour","Watts","total") VALUES ($1,$2,$3) RETURNING "public"."Sol -Params: ["2026-08-08 13:40:09.350 UTC",4314,29419] -Duration: 5ms
[08/08/2026 15:40:28] PRISMA: SELECT 1 -Params: [] -Duration: 16ms
[08/08/2026 15:40:28] PRISMA: SELECT "public"."Washing_Program"."id", "public"."Washing_Program"."type", "public"."Washing_Program -Params: [5,0] -Duration: 28ms
[08/08/2026 15:40:28] PRISMA: SELECT "public"."User"."id", "public"."User"."username" FROM "public"."User" WHERE "public"."User"." -Params: [1,0] -Duration: 5ms
[08/08/2026 15:40:28] PRISMA: SELECT "public"."User"."id" FROM "public"."User" WHERE ("public"."User"."id" = $1 AND 1=1) LIMIT $2  -Params: [1,1,0] -Duration: 7ms
[08/08/2026 15:40:28] PRISMA: SELECT "public"."Weather_Forecast"."id", "public"."Weather_Forecast"."time", "public"."Weather_Forec -Params: ["2026-08-08 01:40:28.833 UTC","2026-08-09 00:40:28.833 UTC",0] -Duration: 7ms
[08/08/2026 15:40:28] PRISMA: SELECT "public"."Solar_Data"."id", "public"."Solar_Data"."hour", "public"."Solar_Data"."Watts", "pub -Params: ["2026-08-07 13:40:28.816 UTC","2026-08-08 13:40:28.816 UTC",0] -Duration: 8ms
[08/08/2026 15:40:28] PRISMA: SELECT "public"."Miele_Token"."id", "public"."Miele_Token"."accessToken", "public"."Miele_Token"."re -Params: [1,0] -Duration: 1ms
[08/08/2026 15:40:28] PRISMA: SELECT "public"."Miele_Token"."id", "public"."Miele_Token"."accessToken", "public"."Miele_Token"."re -Params: [1,1,0] -Duration: 0ms
[08/08/2026 15:45:00] PRISMA: SELECT 1 -Params: [] -Duration: 4ms
[08/08/2026 15:45:00] PRISMA: SELECT 1 -Params: [] -Duration: 5ms
[08/08/2026 15:45:00] PRISMA: SELECT 1 -Params: [] -Duration: 2ms
[08/08/2026 15:45:00] PRISMA: SELECT "public"."Weather_Forecast"."id", "public"."Weather_Forecast"."time", "public"."Weather_Forec -Params: ["2026-08-08 01:45:00.645 UTC","2026-08-09 00:45:00.645 UTC",0] -Duration: 7ms
[08/08/2026 15:45:00] PRISMA: SELECT "public"."Washing_Program"."id", "public"."Washing_Program"."type", "public"."Washing_Program -Params: [5,0] -Duration: 3ms
[08/08/2026 15:45:00] PRISMA: SELECT "public"."Solar_Data"."id", "public"."Solar_Data"."hour", "public"."Solar_Data"."Watts", "pub -Params: ["2026-08-07 13:45:00.638 UTC","2026-08-08 13:45:00.638 UTC",0] -Duration: 13ms
[08/08/2026 15:45:00] PRISMA: SELECT "public"."User"."id" FROM "public"."User" WHERE ("public"."User"."id" = $1 AND 1=1) LIMIT $2  -Params: [1,1,0] -Duration: 5ms
[08/08/2026 15:45:00] PRISMA: SELECT "public"."User"."id", "public"."User"."username" FROM "public"."User" WHERE "public"."User"." -Params: [1,0] -Duration: 3ms
[08/08/2026 15:45:00] PRISMA: SELECT "public"."Miele_Token"."id", "public"."Miele_Token"."accessToken", "public"."Miele_Token"."re -Params: [1,0] -Duration: 2ms
[08/08/2026 15:45:00] PRISMA: SELECT "public"."Miele_Token"."id", "public"."Miele_Token"."accessToken", "public"."Miele_Token"."re -Params: [1,1,0] -Duration: 0ms
[08/08/2026 15:45:03] PRISMA: INSERT INTO "public"."Solar_Data" ("hour","Watts","total") VALUES ($1,$2,$3) RETURNING "public"."Sol -Params: ["2026-08-08 13:45:03.966 UTC",4235,29764] -Duration: 10ms
[08/08/2026 15:50:08] PRISMA: INSERT INTO "public"."Solar_Data" ("hour","Watts","total") VALUES ($1,$2,$3) RETURNING "public"."Sol -Params: ["2026-08-08 13:50:08.490 UTC",4196,30116] -Duration: 4ms
[08/08/2026 15:55:04] PRISMA: SELECT 1 -Params: [] -Duration: 4ms
[08/08/2026 15:55:04] PRISMA: INSERT INTO "public"."Solar_Data" ("hour","Watts","total") VALUES ($1,$2,$3) RETURNING "public"."Sol -Params: ["2026-08-08 13:55:04.385 UTC",3912,30444] -Duration: 5ms
[08/08/2026 16:00:02] PRISMA: INSERT INTO "public"."Solar_Data" ("hour","Watts","total") VALUES ($1,$2,$3) RETURNING "public"."Sol -Params: ["2026-08-08 14:00:02.258 UTC",3926,30770] -Duration: 6ms
[08/08/2026 16:05:05] PRISMA: INSERT INTO "public"."Solar_Data" ("hour","Watts","total") VALUES ($1,$2,$3) RETURNING "public"."Sol -Params: ["2026-08-08 14:05:05.140 UTC",4127,31103] -Duration: 10ms
[08/08/2026 16:10:01] PRISMA: SELECT 1 -Params: [] -Duration: 3ms
[08/08/2026 16:10:01] PRISMA: INSERT INTO "public"."Solar_Data" ("hour","Watts","total") VALUES ($1,$2,$3) RETURNING "public"."Sol -Params: ["2026-08-08 14:10:01.704 UTC",3851,31429] -Duration: 5ms
[08/08/2026 16:13:29] PRISMA: SELECT "public"."Washing_Program"."id", "public"."Washing_Program"."type", "public"."Washing_Program -Params: [5,0] -Duration: 5ms
[08/08/2026 16:13:29] PRISMA: SELECT "public"."User"."id" FROM "public"."User" WHERE ("public"."User"."id" = $1 AND 1=1) LIMIT $2  -Params: [1,1,0] -Duration: 5ms
[08/08/2026 16:13:29] PRISMA: SELECT "public"."Weather_Forecast"."id", "public"."Weather_Forecast"."time", "public"."Weather_Forec -Params: ["2026-08-08 02:13:28.956 UTC","2026-08-09 01:13:28.956 UTC",0] -Duration: 6ms
[08/08/2026 16:13:29] PRISMA: SELECT "public"."Solar_Data"."id", "public"."Solar_Data"."hour", "public"."Solar_Data"."Watts", "pub -Params: ["2026-08-07 14:13:28.952 UTC","2026-08-08 14:13:28.952 UTC",0] -Duration: 6ms
[08/08/2026 16:13:29] PRISMA: SELECT "public"."User"."id", "public"."User"."username" FROM "public"."User" WHERE "public"."User"." -Params: [1,0] -Duration: 1ms
[08/08/2026 16:13:29] PRISMA: SELECT "public"."Miele_Token"."id", "public"."Miele_Token"."accessToken", "public"."Miele_Token"."re -Params: [1,0] -Duration: 1ms
[08/08/2026 16:13:29] PRISMA: SELECT "public"."Miele_Token"."id", "public"."Miele_Token"."accessToken", "public"."Miele_Token"."re -Params: [1,1,0] -Duration: 0ms
[08/08/2026 16:15:07] PRISMA: SELECT 1 -Params: [] -Duration: 3ms
[08/08/2026 16:15:07] PRISMA: INSERT INTO "public"."Solar_Data" ("hour","Watts","total") VALUES ($1,$2,$3) RETURNING "public"."Sol -Params: ["2026-08-08 14:15:07.341 UTC",3843,31757] -Duration: 13ms
[08/08/2026 16:18:00] PRISMA: SELECT 1 -Params: [] -Duration: 4ms
[08/08/2026 16:18:00] PRISMA: SELECT 1 -Params: [] -Duration: 6ms
[08/08/2026 16:18:00] PRISMA: SELECT 1 -Params: [] -Duration: 3ms
[08/08/2026 16:18:00] PRISMA: SELECT 1 -Params: [] -Duration: 2ms
[08/08/2026 16:18:00] PRISMA: SELECT "public"."Washing_Program"."id", "public"."Washing_Program"."type", "public"."Washing_Program -Params: [5,0] -Duration: 14ms
[08/08/2026 16:18:00] PRISMA: SELECT "public"."Weather_Forecast"."id", "public"."Weather_Forecast"."time", "public"."Weather_Forec -Params: ["2026-08-08 02:18:00.703 UTC","2026-08-09 01:18:00.703 UTC",0] -Duration: 13ms
[08/08/2026 16:18:00] PRISMA: SELECT "public"."User"."id", "public"."User"."username" FROM "public"."User" WHERE "public"."User"." -Params: [1,0] -Duration: 0ms
[08/08/2026 16:18:00] PRISMA: SELECT "public"."User"."id" FROM "public"."User" WHERE ("public"."User"."id" = $1 AND 1=1) LIMIT $2  -Params: [1,1,0] -Duration: 15ms
[08/08/2026 16:18:00] PRISMA: SELECT "public"."Solar_Data"."id", "public"."Solar_Data"."hour", "public"."Solar_Data"."Watts", "pub -Params: ["2026-08-07 14:18:00.700 UTC","2026-08-08 14:18:00.700 UTC",0] -Duration: 16ms
[08/08/2026 16:18:00] PRISMA: SELECT "public"."Miele_Token"."id", "public"."Miele_Token"."accessToken", "public"."Miele_Token"."re -Params: [1,0] -Duration: 1ms
[08/08/2026 16:18:00] PRISMA: SELECT "public"."Miele_Token"."id", "public"."Miele_Token"."accessToken", "public"."Miele_Token"."re -Params: [1,1,0] -Duration: 0ms
[08/08/2026 16:20:03] PRISMA: INSERT INTO "public"."Solar_Data" ("hour","Watts","total") VALUES ($1,$2,$3) RETURNING "public"."Sol -Params: ["2026-08-08 14:20:03.460 UTC",3906,32080] -Duration: 6ms
[08/08/2026 16:25:07] PRISMA: INSERT INTO "public"."Solar_Data" ("hour","Watts","total") VALUES ($1,$2,$3) RETURNING "public"."Sol -Params: ["2026-08-08 14:25:07.363 UTC",3683,32397] -Duration: 4ms
[08/08/2026 16:30:05] PRISMA: SELECT 1 -Params: [] -Duration: 3ms
[08/08/2026 16:30:05] PRISMA: INSERT INTO "public"."Solar_Data" ("hour","Watts","total") VALUES ($1,$2,$3) RETURNING "public"."Sol -Params: ["2026-08-08 14:30:05.687 UTC",3586,32705] -Duration: 11ms
[08/08/2026 16:35:05] PRISMA: INSERT INTO "public"."Solar_Data" ("hour","Watts","total") VALUES ($1,$2,$3) RETURNING "public"."Sol -Params: ["2026-08-08 14:35:05.702 UTC",3587,33001] -Duration: 5ms
[08/08/2026 16:37:28] PRISMA: SELECT 1 -Params: [] -Duration: 6ms
[08/08/2026 16:37:28] PRISMA: SELECT "public"."Weather_Forecast"."id", "public"."Weather_Forecast"."time", "public"."Weather_Forec -Params: ["2026-08-08 02:37:28.904 UTC","2026-08-09 01:37:28.904 UTC",0] -Duration: 32ms
[08/08/2026 16:37:28] PRISMA: SELECT "public"."Solar_Data"."id", "public"."Solar_Data"."hour", "public"."Solar_Data"."Watts", "pub -Params: ["2026-08-07 14:37:28.913 UTC","2026-08-08 14:37:28.913 UTC",0] -Duration: 7ms
[08/08/2026 16:37:28] PRISMA: SELECT "public"."Washing_Program"."id", "public"."Washing_Program"."type", "public"."Washing_Program -Params: [5,0] -Duration: 4ms
[08/08/2026 16:37:29] PRISMA: SELECT "public"."User"."id", "public"."User"."username" FROM "public"."User" WHERE "public"."User"." -Params: [1,0] -Duration: 2ms
[08/08/2026 16:37:29] PRISMA: SELECT "public"."User"."id" FROM "public"."User" WHERE ("public"."User"."id" = $1 AND 1=1) LIMIT $2  -Params: [1,1,0] -Duration: 3ms
[08/08/2026 16:37:29] PRISMA: SELECT "public"."Miele_Token"."id", "public"."Miele_Token"."accessToken", "public"."Miele_Token"."re -Params: [1,0] -Duration: 1ms
[08/08/2026 16:37:29] PRISMA: SELECT "public"."Miele_Token"."id", "public"."Miele_Token"."accessToken", "public"."Miele_Token"."re -Params: [1,1,0] -Duration: 0ms
[08/08/2026 16:42:00] PRISMA: SELECT 1 -Params: [] -Duration: 6ms
[08/08/2026 16:42:00] PRISMA: SELECT 1 -Params: [] -Duration: 4ms
[08/08/2026 16:42:00] PRISMA: SELECT 1 -Params: [] -Duration: 3ms
[08/08/2026 16:42:00] PRISMA: SELECT "public"."Washing_Program"."id", "public"."Washing_Program"."type", "public"."Washing_Program -Params: [5,0] -Duration: 18ms
[08/08/2026 16:42:00] PRISMA: SELECT "public"."Solar_Data"."id", "public"."Solar_Data"."hour", "public"."Solar_Data"."Watts", "pub -Params: ["2026-08-07 14:42:00.778 UTC","2026-08-08 14:42:00.778 UTC",0] -Duration: 19ms
[08/08/2026 16:42:00] PRISMA: SELECT "public"."Weather_Forecast"."id", "public"."Weather_Forecast"."time", "public"."Weather_Forec -Params: ["2026-08-08 02:42:00.787 UTC","2026-08-09 01:42:00.787 UTC",0] -Duration: 10ms
[08/08/2026 16:42:00] PRISMA: SELECT "public"."User"."id", "public"."User"."username" FROM "public"."User" WHERE "public"."User"." -Params: [1,0] -Duration: 5ms
[08/08/2026 16:42:00] PRISMA: SELECT "public"."User"."id" FROM "public"."User" WHERE ("public"."User"."id" = $1 AND 1=1) LIMIT $2  -Params: [1,1,0] -Duration: 6ms
[08/08/2026 16:42:00] PRISMA: SELECT "public"."Miele_Token"."id", "public"."Miele_Token"."accessToken", "public"."Miele_Token"."re -Params: [1,0] -Duration: 0ms
[08/08/2026 16:42:00] PRISMA: SELECT "public"."Miele_Token"."id", "public"."Miele_Token"."accessToken", "public"."Miele_Token"."re -Params: [1,1,0] -Duration: 0ms
[08/08/2026 16:45:03] PRISMA: SELECT 1 -Params: [] -Duration: 3ms
[08/08/2026 16:45:03] PRISMA: INSERT INTO "public"."Solar_Data" ("hour","Watts","total") VALUES ($1,$2,$3) RETURNING "public"."Sol -Params: ["2026-08-08 14:45:03.123 UTC",3256,33577] -Duration: 14ms
[08/08/2026 16:50:06] PRISMA: INSERT INTO "public"."Solar_Data" ("hour","Watts","total") VALUES ($1,$2,$3) RETURNING "public"."Sol -Params: ["2026-08-08 14:50:06.357 UTC",3243,33842] -Duration: 12ms
[08/08/2026 16:55:05] PRISMA: SELECT 1 -Params: [] -Duration: 3ms
[08/08/2026 16:55:05] PRISMA: INSERT INTO "public"."Solar_Data" ("hour","Watts","total") VALUES ($1,$2,$3) RETURNING "public"."Sol -Params: ["2026-08-08 14:55:05.146 UTC",3373,34110] -Duration: 4ms
[08/08/2026 16:55:29] PRISMA: SELECT "public"."Washing_Program"."id", "public"."Washing_Program"."type", "public"."Washing_Program -Params: [5,0] -Duration: 4ms
[08/08/2026 16:55:29] PRISMA: SELECT "public"."Weather_Forecast"."id", "public"."Weather_Forecast"."time", "public"."Weather_Forec -Params: ["2026-08-08 02:55:28.999 UTC","2026-08-09 01:55:28.999 UTC",0] -Duration: 5ms
[08/08/2026 16:55:29] PRISMA: SELECT "public"."User"."id" FROM "public"."User" WHERE ("public"."User"."id" = $1 AND 1=1) LIMIT $2  -Params: [1,1,0] -Duration: 5ms
[08/08/2026 16:55:29] PRISMA: SELECT "public"."Solar_Data"."id", "public"."Solar_Data"."hour", "public"."Solar_Data"."Watts", "pub -Params: ["2026-08-07 14:55:28.994 UTC","2026-08-08 14:55:28.994 UTC",0] -Duration: 6ms
[08/08/2026 16:55:29] PRISMA: SELECT "public"."User"."id", "public"."User"."username" FROM "public"."User" WHERE "public"."User"." -Params: [1,0] -Duration: 2ms
[08/08/2026 16:55:29] PRISMA: SELECT "public"."Miele_Token"."id", "public"."Miele_Token"."accessToken", "public"."Miele_Token"."re -Params: [1,0] -Duration: 1ms
[08/08/2026 16:55:29] PRISMA: SELECT "public"."Miele_Token"."id", "public"."Miele_Token"."accessToken", "public"."Miele_Token"."re -Params: [1,1,0] -Duration: 1ms
[08/08/2026 17:00:01] PRISMA: SELECT 1 -Params: [] -Duration: 7ms
[08/08/2026 17:00:01] PRISMA: SELECT 1 -Params: [] -Duration: 27ms
[08/08/2026 17:00:01] PRISMA: SELECT 1 -Params: [] -Duration: 35ms
[08/08/2026 17:00:01] PRISMA: SELECT 1 -Params: [] -Duration: 14ms
[08/08/2026 17:00:01] PRISMA: SELECT "public"."Weather_Forecast"."id", "public"."Weather_Forecast"."time", "public"."Weather_Forec -Params: ["2026-08-08 03:00:01.153 UTC","2026-08-09 02:00:01.153 UTC",0] -Duration: 25ms
[08/08/2026 17:00:01] PRISMA: SELECT "public"."Washing_Program"."id", "public"."Washing_Program"."type", "public"."Washing_Program -Params: [5,0] -Duration: 35ms
[08/08/2026 17:00:01] PRISMA: SELECT "public"."Solar_Data"."id", "public"."Solar_Data"."hour", "public"."Solar_Data"."Watts", "pub -Params: ["2026-08-07 15:00:01.150 UTC","2026-08-08 15:00:01.150 UTC",0] -Duration: 27ms
[08/08/2026 17:00:01] PRISMA: SELECT "public"."User"."id" FROM "public"."User" WHERE ("public"."User"."id" = $1 AND 1=1) LIMIT $2  -Params: [1,1,0] -Duration: 11ms
[08/08/2026 17:00:01] PRISMA: SELECT "public"."User"."id", "public"."User"."username" FROM "public"."User" WHERE "public"."User"." -Params: [1,0] -Duration: 1ms
[08/08/2026 17:00:01] PRISMA: SELECT "public"."Miele_Token"."id", "public"."Miele_Token"."accessToken", "public"."Miele_Token"."re -Params: [1,0] -Duration: 2ms
[08/08/2026 17:00:01] PRISMA: SELECT "public"."Miele_Token"."id", "public"."Miele_Token"."accessToken", "public"."Miele_Token"."re -Params: [1,1,0] -Duration: 9ms
[08/08/2026 17:00:01] PRISMA: INSERT INTO "public"."Solar_Data" ("hour","Watts","total") VALUES ($1,$2,$3) RETURNING "public"."Sol -Params: ["2026-08-08 15:00:01.363 UTC",3237,34381] -Duration: 3ms
[08/08/2026 17:05:08] PRISMA: INSERT INTO "public"."Solar_Data" ("hour","Watts","total") VALUES ($1,$2,$3) RETURNING "public"."Sol -Params: ["2026-08-08 15:05:08.798 UTC",3038,34644] -Duration: 11ms
[08/08/2026 17:07:28] PRISMA: SELECT 1 -Params: [] -Duration: 6ms
[08/08/2026 17:07:28] PRISMA: SELECT "public"."Washing_Program"."id", "public"."Washing_Program"."type", "public"."Washing_Program -Params: [5,0] -Duration: 25ms
[08/08/2026 17:07:28] PRISMA: SELECT "public"."User"."id", "public"."User"."username" FROM "public"."User" WHERE "public"."User"." -Params: [1,0] -Duration: 4ms
[08/08/2026 17:07:28] PRISMA: SELECT "public"."User"."id" FROM "public"."User" WHERE ("public"."User"."id" = $1 AND 1=1) LIMIT $2  -Params: [1,1,0] -Duration: 2ms
[08/08/2026 17:07:28] PRISMA: SELECT "public"."Weather_Forecast"."id", "public"."Weather_Forecast"."time", "public"."Weather_Forec -Params: ["2026-08-08 03:07:28.818 UTC","2026-08-09 02:07:28.818 UTC",0] -Duration: 2ms
[08/08/2026 17:07:28] PRISMA: SELECT "public"."Solar_Data"."id", "public"."Solar_Data"."hour", "public"."Solar_Data"."Watts", "pub -Params: ["2026-08-07 15:07:28.810 UTC","2026-08-08 15:07:28.810 UTC",0] -Duration: 4ms
[08/08/2026 17:07:28] PRISMA: SELECT "public"."Miele_Token"."id", "public"."Miele_Token"."accessToken", "public"."Miele_Token"."re -Params: [1,0] -Duration: 2ms
[08/08/2026 17:07:28] PRISMA: SELECT "public"."Miele_Token"."id", "public"."Miele_Token"."accessToken", "public"."Miele_Token"."re -Params: [1,1,0] -Duration: 0ms
[08/08/2026 17:10:10] PRISMA: SELECT 1 -Params: [] -Duration: 1ms
[08/08/2026 17:10:10] PRISMA: INSERT INTO "public"."Solar_Data" ("hour","Watts","total") VALUES ($1,$2,$3) RETURNING "public"."Sol -Params: ["2026-08-08 15:10:10.739 UTC",2329,34893] -Duration: 6ms
[08/08/2026 17:12:00] PRISMA: SELECT 1 -Params: [] -Duration: 7ms
[08/08/2026 17:12:00] PRISMA: SELECT 1 -Params: [] -Duration: 6ms
[08/08/2026 17:12:00] PRISMA: SELECT "public"."Solar_Data"."id", "public"."Solar_Data"."hour", "public"."Solar_Data"."Watts", "pub -Params: ["2026-08-07 15:12:00.703 UTC","2026-08-08 15:12:00.703 UTC",0] -Duration: 1ms
[08/08/2026 17:12:00] PRISMA: SELECT 1 -Params: [] -Duration: 0ms
[08/08/2026 17:12:00] PRISMA: SELECT "public"."Weather_Forecast"."id", "public"."Weather_Forecast"."time", "public"."Weather_Forec -Params: ["2026-08-08 03:12:00.716 UTC","2026-08-09 02:12:00.716 UTC",0] -Duration: 1ms
[08/08/2026 17:12:00] PRISMA: SELECT "public"."Washing_Program"."id", "public"."Washing_Program"."type", "public"."Washing_Program -Params: [5,0] -Duration: 10ms
[08/08/2026 17:12:00] PRISMA: SELECT "public"."User"."id", "public"."User"."username" FROM "public"."User" WHERE "public"."User"." -Params: [1,0] -Duration: 1ms
[08/08/2026 17:12:00] PRISMA: SELECT "public"."User"."id" FROM "public"."User" WHERE ("public"."User"."id" = $1 AND 1=1) LIMIT $2  -Params: [1,1,0] -Duration: 0ms
[08/08/2026 17:12:00] PRISMA: SELECT "public"."Miele_Token"."id", "public"."Miele_Token"."accessToken", "public"."Miele_Token"."re -Params: [1,0] -Duration: 0ms
[08/08/2026 17:12:00] PRISMA: SELECT "public"."Miele_Token"."id", "public"."Miele_Token"."accessToken", "public"."Miele_Token"."re -Params: [1,1,0] -Duration: 0ms
[08/08/2026 17:15:04] PRISMA: INSERT INTO "public"."Solar_Data" ("hour","Watts","total") VALUES ($1,$2,$3) RETURNING "public"."Sol -Params: ["2026-08-08 15:15:04.945 UTC",2942,35116] -Duration: 8ms
[08/08/2026 17:20:08] PRISMA: INSERT INTO "public"."Solar_Data" ("hour","Watts","total") VALUES ($1,$2,$3) RETURNING "public"."Sol -Params: ["2026-08-08 15:20:08.656 UTC",3129,35373] -Duration: 6ms
[08/08/2026 17:21:28] PRISMA: SELECT 1 -Params: [] -Duration: 2ms
[08/08/2026 17:21:28] PRISMA: SELECT "public"."Washing_Program"."id", "public"."Washing_Program"."type", "public"."Washing_Program -Params: [5,0] -Duration: 22ms
[08/08/2026 17:21:28] PRISMA: SELECT "public"."User"."id", "public"."User"."username" FROM "public"."User" WHERE "public"."User"." -Params: [1,0] -Duration: 9ms
[08/08/2026 17:21:28] PRISMA: SELECT "public"."Weather_Forecast"."id", "public"."Weather_Forecast"."time", "public"."Weather_Forec -Params: ["2026-08-08 03:21:28.785 UTC","2026-08-09 02:21:28.785 UTC",0] -Duration: 4ms
[08/08/2026 17:21:28] PRISMA: SELECT "public"."User"."id" FROM "public"."User" WHERE ("public"."User"."id" = $1 AND 1=1) LIMIT $2  -Params: [1,1,0] -Duration: 2ms
[08/08/2026 17:21:28] PRISMA: SELECT "public"."Solar_Data"."id", "public"."Solar_Data"."hour", "public"."Solar_Data"."Watts", "pub -Params: ["2026-08-07 15:21:28.780 UTC","2026-08-08 15:21:28.780 UTC",0] -Duration: 3ms
[08/08/2026 17:21:28] PRISMA: SELECT "public"."Miele_Token"."id", "public"."Miele_Token"."accessToken", "public"."Miele_Token"."re -Params: [1,0] -Duration: 1ms
[08/08/2026 17:21:28] PRISMA: SELECT "public"."Miele_Token"."id", "public"."Miele_Token"."accessToken", "public"."Miele_Token"."re -Params: [1,1,0] -Duration: 0ms
[08/08/2026 17:25:04] PRISMA: SELECT 1 -Params: [] -Duration: 4ms
[08/08/2026 17:25:04] PRISMA: INSERT INTO "public"."Solar_Data" ("hour","Watts","total") VALUES ($1,$2,$3) RETURNING "public"."Sol -Params: ["2026-08-08 15:25:04.782 UTC",2407,35602] -Duration: 11ms
[08/08/2026 17:26:00] PRISMA: SELECT 1 -Params: [] -Duration: 4ms
[08/08/2026 17:26:00] PRISMA: SELECT 1 -Params: [] -Duration: 3ms
[08/08/2026 17:26:00] PRISMA: SELECT 1 -Params: [] -Duration: 2ms
[08/08/2026 17:26:00] PRISMA: SELECT "public"."Weather_Forecast"."id", "public"."Weather_Forecast"."time", "public"."Weather_Forec -Params: ["2026-08-08 03:26:00.880 UTC","2026-08-09 02:26:00.880 UTC",0] -Duration: 4ms
[08/08/2026 17:26:00] PRISMA: SELECT "public"."Solar_Data"."id", "public"."Solar_Data"."hour", "public"."Solar_Data"."Watts", "pub -Params: ["2026-08-07 15:26:00.877 UTC","2026-08-08 15:26:00.877 UTC",0] -Duration: 5ms
[08/08/2026 17:26:00] PRISMA: SELECT "public"."Washing_Program"."id", "public"."Washing_Program"."type", "public"."Washing_Program -Params: [5,0] -Duration: 15ms
[08/08/2026 17:26:00] PRISMA: SELECT "public"."User"."id", "public"."User"."username" FROM "public"."User" WHERE "public"."User"." -Params: [1,0] -Duration: 1ms
[08/08/2026 17:26:00] PRISMA: SELECT "public"."User"."id" FROM "public"."User" WHERE ("public"."User"."id" = $1 AND 1=1) LIMIT $2  -Params: [1,1,0] -Duration: 1ms
[08/08/2026 17:26:00] PRISMA: SELECT "public"."Miele_Token"."id", "public"."Miele_Token"."accessToken", "public"."Miele_Token"."re -Params: [1,0] -Duration: 0ms
[08/08/2026 17:26:00] PRISMA: SELECT "public"."Miele_Token"."id", "public"."Miele_Token"."accessToken", "public"."Miele_Token"."re -Params: [1,1,0] -Duration: 0ms
[08/08/2026 17:30:03] PRISMA: SELECT 1 -Params: [] -Duration: 3ms
[08/08/2026 17:30:03] PRISMA: INSERT INTO "public"."Solar_Data" ("hour","Watts","total") VALUES ($1,$2,$3) RETURNING "public"."Sol -Params: ["2026-08-08 15:30:03.665 UTC",2197,35801] -Duration: 6ms
[08/08/2026 17:35:04] PRISMA: INSERT INTO "public"."Solar_Data" ("hour","Watts","total") VALUES ($1,$2,$3) RETURNING "public"."Sol -Params: ["2026-08-08 15:35:03.968 UTC",2373,35993] -Duration: 4ms
[08/08/2026 17:40:11] PRISMA: INSERT INTO "public"."Solar_Data" ("hour","Watts","total") VALUES ($1,$2,$3) RETURNING "public"."Sol -Params: ["2026-08-08 15:40:11.150 UTC",2277,36168] -Duration: 5ms
[08/08/2026 17:45:03] PRISMA: SELECT 1 -Params: [] -Duration: 3ms
[08/08/2026 17:45:03] PRISMA: INSERT INTO "public"."Solar_Data" ("hour","Watts","total") VALUES ($1,$2,$3) RETURNING "public"."Sol -Params: ["2026-08-08 15:45:03.478 UTC",2411,36363] -Duration: 4ms
[08/08/2026 17:49:28] PRISMA: SELECT "public"."Washing_Program"."id", "public"."Washing_Program"."type", "public"."Washing_Program -Params: [5,0] -Duration: 10ms
[08/08/2026 17:49:28] PRISMA: SELECT "public"."Weather_Forecast"."id", "public"."Weather_Forecast"."time", "public"."Weather_Forec -Params: ["2026-08-08 03:49:28.897 UTC","2026-08-09 02:49:28.897 UTC",0] -Duration: 12ms
[08/08/2026 17:49:28] PRISMA: SELECT "public"."User"."id" FROM "public"."User" WHERE ("public"."User"."id" = $1 AND 1=1) LIMIT $2  -Params: [1,1,0] -Duration: 12ms
[08/08/2026 17:49:28] PRISMA: SELECT "public"."Solar_Data"."id", "public"."Solar_Data"."hour", "public"."Solar_Data"."Watts", "pub -Params: ["2026-08-07 15:49:28.889 UTC","2026-08-08 15:49:28.889 UTC",0] -Duration: 13ms
[08/08/2026 17:49:28] PRISMA: SELECT "public"."Miele_Token"."id", "public"."Miele_Token"."accessToken", "public"."Miele_Token"."re -Params: [1,0] -Duration: 2ms
[08/08/2026 17:49:28] PRISMA: SELECT "public"."User"."id", "public"."User"."username" FROM "public"."User" WHERE "public"."User"." -Params: [1,0] -Duration: 2ms
[08/08/2026 17:49:29] PRISMA: SELECT "public"."Miele_Token"."id", "public"."Miele_Token"."accessToken", "public"."Miele_Token"."re -Params: [1,1,0] -Duration: 2ms
[08/08/2026 17:54:00] PRISMA: SELECT 1 -Params: [] -Duration: 5ms
[08/08/2026 17:54:00] PRISMA: SELECT 1 -Params: [] -Duration: 7ms
[08/08/2026 17:54:00] PRISMA: SELECT 1 -Params: [] -Duration: 1ms
[08/08/2026 17:54:00] PRISMA: SELECT "public"."Washing_Program"."id", "public"."Washing_Program"."type", "public"."Washing_Program -Params: [5,0] -Duration: 6ms
[08/08/2026 17:54:00] PRISMA: SELECT 1 -Params: [] -Duration: 0ms
[08/08/2026 17:54:00] PRISMA: SELECT "public"."Solar_Data"."id", "public"."Solar_Data"."hour", "public"."Solar_Data"."Watts", "pub -Params: ["2026-08-07 15:54:00.805 UTC","2026-08-08 15:54:00.805 UTC",0] -Duration: 8ms
[08/08/2026 17:54:00] PRISMA: SELECT "public"."Weather_Forecast"."id", "public"."Weather_Forecast"."time", "public"."Weather_Forec -Params: ["2026-08-08 03:54:00.811 UTC","2026-08-09 02:54:00.811 UTC",0] -Duration: 8ms
[08/08/2026 17:54:00] PRISMA: SELECT "public"."User"."id", "public"."User"."username" FROM "public"."User" WHERE "public"."User"." -Params: [1,0] -Duration: 2ms
[08/08/2026 17:54:00] PRISMA: SELECT "public"."User"."id" FROM "public"."User" WHERE ("public"."User"."id" = $1 AND 1=1) LIMIT $2  -Params: [1,1,0] -Duration: 4ms
[08/08/2026 17:54:00] PRISMA: SELECT "public"."Miele_Token"."id", "public"."Miele_Token"."accessToken", "public"."Miele_Token"."re -Params: [1,0] -Duration: 2ms
[08/08/2026 17:54:00] PRISMA: SELECT "public"."Miele_Token"."id", "public"."Miele_Token"."accessToken", "public"."Miele_Token"."re -Params: [1,1,0] -Duration: 0ms
[08/08/2026 17:55:12] PRISMA: INSERT INTO "public"."Solar_Data" ("hour","Watts","total") VALUES ($1,$2,$3) RETURNING "public"."Sol -Params: ["2026-08-08 15:55:11.948 UTC",2363,36719] -Duration: 9ms
[08/08/2026 18:00:03] PRISMA: SELECT 1 -Params: [] -Duration: 3ms
[08/08/2026 18:00:03] PRISMA: INSERT INTO "public"."Solar_Data" ("hour","Watts","total") VALUES ($1,$2,$3) RETURNING "public"."Sol -Params: ["2026-08-08 16:00:03.966 UTC",2237,36906] -Duration: 3ms
[08/08/2026 18:02:28] PRISMA: SELECT "public"."Washing_Program"."id", "public"."Washing_Program"."type", "public"."Washing_Program -Params: [5,0] -Duration: 3ms
[08/08/2026 18:02:28] PRISMA: SELECT "public"."User"."id" FROM "public"."User" WHERE ("public"."User"."id" = $1 AND 1=1) LIMIT $2  -Params: [1,1,0] -Duration: 4ms
[08/08/2026 18:02:28] PRISMA: SELECT "public"."Weather_Forecast"."id", "public"."Weather_Forecast"."time", "public"."Weather_Forec -Params: ["2026-08-08 04:02:28.901 UTC","2026-08-09 03:02:28.901 UTC",0] -Duration: 4ms
[08/08/2026 18:02:28] PRISMA: SELECT "public"."Solar_Data"."id", "public"."Solar_Data"."hour", "public"."Solar_Data"."Watts", "pub -Params: ["2026-08-07 16:02:28.893 UTC","2026-08-08 16:02:28.893 UTC",0] -Duration: 5ms
[08/08/2026 18:02:28] PRISMA: SELECT "public"."User"."id", "public"."User"."username" FROM "public"."User" WHERE "public"."User"." -Params: [1,0] -Duration: 1ms
[08/08/2026 18:02:28] PRISMA: SELECT "public"."Miele_Token"."id", "public"."Miele_Token"."accessToken", "public"."Miele_Token"."re -Params: [1,0] -Duration: 1ms
[08/08/2026 18:02:28] PRISMA: SELECT "public"."Miele_Token"."id", "public"."Miele_Token"."accessToken", "public"."Miele_Token"."re -Params: [1,1,0] -Duration: 2ms
[08/08/2026 18:05:06] PRISMA: SELECT 1 -Params: [] -Duration: 4ms
[08/08/2026 18:05:06] PRISMA: INSERT INTO "public"."Solar_Data" ("hour","Watts","total") VALUES ($1,$2,$3) RETURNING "public"."Sol -Params: ["2026-08-08 16:05:06.576 UTC",2085,37091] -Duration: 10ms
[08/08/2026 18:07:00] PRISMA: SELECT 1 -Params: [] -Duration: 6ms
[08/08/2026 18:07:00] PRISMA: SELECT 1 -Params: [] -Duration: 8ms
[08/08/2026 18:07:00] PRISMA: SELECT 1 -Params: [] -Duration: 1ms
[08/08/2026 18:07:00] PRISMA: SELECT 1 -Params: [] -Duration: 5ms
[08/08/2026 18:07:00] PRISMA: SELECT "public"."User"."id" FROM "public"."User" WHERE ("public"."User"."id" = $1 AND 1=1) LIMIT $2  -Params: [1,1,0] -Duration: 2ms
[08/08/2026 18:07:00] PRISMA: SELECT "public"."Weather_Forecast"."id", "public"."Weather_Forecast"."time", "public"."Weather_Forec -Params: ["2026-08-08 04:07:00.825 UTC","2026-08-09 03:07:00.825 UTC",0] -Duration: 9ms
[08/08/2026 18:07:00] PRISMA: SELECT "public"."Miele_Token"."id", "public"."Miele_Token"."accessToken", "public"."Miele_Token"."re -Params: [1,0] -Duration: 5ms
[08/08/2026 18:07:00] PRISMA: SELECT "public"."Washing_Program"."id", "public"."Washing_Program"."type", "public"."Washing_Program -Params: [5,0] -Duration: 16ms
[08/08/2026 18:07:00] PRISMA: SELECT "public"."Solar_Data"."id", "public"."Solar_Data"."hour", "public"."Solar_Data"."Watts", "pub -Params: ["2026-08-07 16:07:00.821 UTC","2026-08-08 16:07:00.821 UTC",0] -Duration: 28ms
[08/08/2026 18:07:00] PRISMA: SELECT "public"."User"."id", "public"."User"."username" FROM "public"."User" WHERE "public"."User"." -Params: [1,0] -Duration: 13ms
[08/08/2026 18:07:00] PRISMA: SELECT "public"."Miele_Token"."id", "public"."Miele_Token"."accessToken", "public"."Miele_Token"."re -Params: [1,1,0] -Duration: 0ms
[08/08/2026 18:10:12] PRISMA: INSERT INTO "public"."Solar_Data" ("hour","Watts","total") VALUES ($1,$2,$3) RETURNING "public"."Sol -Params: ["2026-08-08 16:10:12.424 UTC",1970,37261] -Duration: 5ms
[08/08/2026 18:15:03] PRISMA: SELECT 1 -Params: [] -Duration: 1ms
[08/08/2026 18:15:03] PRISMA: INSERT INTO "public"."Solar_Data" ("hour","Watts","total") VALUES ($1,$2,$3) RETURNING "public"."Sol -Params: ["2026-08-08 16:15:03.131 UTC",1840,37417] -Duration: 2ms
[08/08/2026 18:17:29] PRISMA: SELECT "public"."Weather_Forecast"."id", "public"."Weather_Forecast"."time", "public"."Weather_Forec -Params: ["2026-08-08 04:17:28.935 UTC","2026-08-09 03:17:28.935 UTC",0] -Duration: 6ms
[08/08/2026 18:17:29] PRISMA: SELECT "public"."Washing_Program"."id", "public"."Washing_Program"."type", "public"."Washing_Program -Params: [5,0] -Duration: 6ms
[08/08/2026 18:17:29] PRISMA: SELECT "public"."Solar_Data"."id", "public"."Solar_Data"."hour", "public"."Solar_Data"."Watts", "pub -Params: ["2026-08-07 16:17:28.947 UTC","2026-08-08 16:17:28.947 UTC",0] -Duration: 7ms
[08/08/2026 18:17:29] PRISMA: SELECT "public"."User"."id", "public"."User"."username" FROM "public"."User" WHERE "public"."User"." -Params: [1,0] -Duration: 3ms
[08/08/2026 18:17:29] PRISMA: SELECT "public"."User"."id" FROM "public"."User" WHERE ("public"."User"."id" = $1 AND 1=1) LIMIT $2  -Params: [1,1,0] -Duration: 4ms
[08/08/2026 18:17:29] PRISMA: SELECT "public"."Miele_Token"."id", "public"."Miele_Token"."accessToken", "public"."Miele_Token"."re -Params: [1,0] -Duration: 0ms
[08/08/2026 18:17:29] PRISMA: SELECT "public"."Miele_Token"."id", "public"."Miele_Token"."accessToken", "public"."Miele_Token"."re -Params: [1,1,0] -Duration: 0ms
[08/08/2026 18:20:03] PRISMA: SELECT 1 -Params: [] -Duration: 2ms
[08/08/2026 18:20:03] PRISMA: INSERT INTO "public"."Solar_Data" ("hour","Watts","total") VALUES ($1,$2,$3) RETURNING "public"."Sol -Params: ["2026-08-08 16:20:03.713 UTC",1710,37565] -Duration: 7ms
[08/08/2026 18:22:00] PRISMA: SELECT 1 -Params: [] -Duration: 4ms
[08/08/2026 18:22:00] PRISMA: SELECT 1 -Params: [] -Duration: 1ms
[08/08/2026 18:22:00] PRISMA: SELECT 1 -Params: [] -Duration: 2ms
[08/08/2026 18:22:00] PRISMA: SELECT "public"."Washing_Program"."id", "public"."Washing_Program"."type", "public"."Washing_Program -Params: [5,0] -Duration: 4ms
[08/08/2026 18:22:00] PRISMA: SELECT "public"."User"."id" FROM "public"."User" WHERE ("public"."User"."id" = $1 AND 1=1) LIMIT $2  -Params: [1,1,0] -Duration: 5ms
[08/08/2026 18:22:00] PRISMA: SELECT "public"."User"."id", "public"."User"."username" FROM "public"."User" WHERE "public"."User"." -Params: [1,0] -Duration: 0ms
[08/08/2026 18:22:00] PRISMA: SELECT "public"."Miele_Token"."id", "public"."Miele_Token"."accessToken", "public"."Miele_Token"."re -Params: [1,0] -Duration: 0ms
[08/08/2026 18:22:00] PRISMA: SELECT 1 -Params: [] -Duration: 1ms
[08/08/2026 18:22:00] PRISMA: SELECT "public"."Weather_Forecast"."id", "public"."Weather_Forecast"."time", "public"."Weather_Forec -Params: ["2026-08-08 04:22:00.776 UTC","2026-08-09 03:22:00.776 UTC",0] -Duration: 0ms
[08/08/2026 18:22:00] PRISMA: SELECT "public"."Solar_Data"."id", "public"."Solar_Data"."hour", "public"."Solar_Data"."Watts", "pub -Params: ["2026-08-07 16:22:00.771 UTC","2026-08-08 16:22:00.771 UTC",0] -Duration: 3ms
[08/08/2026 18:22:00] PRISMA: SELECT "public"."Miele_Token"."id", "public"."Miele_Token"."accessToken", "public"."Miele_Token"."re -Params: [1,1,0] -Duration: 3ms
[08/08/2026 18:25:08] PRISMA: INSERT INTO "public"."Solar_Data" ("hour","Watts","total") VALUES ($1,$2,$3) RETURNING "public"."Sol -Params: ["2026-08-08 16:25:08.653 UTC",1596,37703] -Duration: 7ms
[08/08/2026 18:30:04] PRISMA: SELECT 1 -Params: [] -Duration: 3ms
[08/08/2026 18:30:04] PRISMA: INSERT INTO "public"."Solar_Data" ("hour","Watts","total") VALUES ($1,$2,$3) RETURNING "public"."Sol -Params: ["2026-08-08 16:30:04.265 UTC",1484,37830] -Duration: 8ms
[08/08/2026 18:35:04] PRISMA: INSERT INTO "public"."Solar_Data" ("hour","Watts","total") VALUES ($1,$2,$3) RETURNING "public"."Sol -Params: ["2026-08-08 16:35:04.319 UTC",1380,37948] -Duration: 4ms
[08/08/2026 18:35:29] PRISMA: SELECT 1 -Params: [] -Duration: 13ms
[08/08/2026 18:35:29] PRISMA: SELECT "public"."Washing_Program"."id", "public"."Washing_Program"."type", "public"."Washing_Program -Params: [5,0] -Duration: 24ms
[08/08/2026 18:35:29] PRISMA: SELECT "public"."User"."id", "public"."User"."username" FROM "public"."User" WHERE "public"."User"." -Params: [1,0] -Duration: 9ms
[08/08/2026 18:35:29] PRISMA: SELECT "public"."Weather_Forecast"."id", "public"."Weather_Forecast"."time", "public"."Weather_Forec -Params: ["2026-08-08 04:35:29.008 UTC","2026-08-09 03:35:29.008 UTC",0] -Duration: 3ms
[08/08/2026 18:35:29] PRISMA: SELECT "public"."User"."id" FROM "public"."User" WHERE ("public"."User"."id" = $1 AND 1=1) LIMIT $2  -Params: [1,1,0] -Duration: 1ms
[08/08/2026 18:35:29] PRISMA: SELECT "public"."Solar_Data"."id", "public"."Solar_Data"."hour", "public"."Solar_Data"."Watts", "pub -Params: ["2026-08-07 16:35:29.003 UTC","2026-08-08 16:35:29.003 UTC",0] -Duration: 3ms
[08/08/2026 18:35:29] PRISMA: SELECT "public"."Miele_Token"."id", "public"."Miele_Token"."accessToken", "public"."Miele_Token"."re -Params: [1,0] -Duration: 0ms
[08/08/2026 18:35:29] PRISMA: SELECT "public"."Miele_Token"."id", "public"."Miele_Token"."accessToken", "public"."Miele_Token"."re -Params: [1,1,0] -Duration: 2ms
[08/08/2026 18:40:00] PRISMA: SELECT 1 -Params: [] -Duration: 5ms
[08/08/2026 18:40:00] PRISMA: SELECT 1 -Params: [] -Duration: 2ms
[08/08/2026 18:40:00] PRISMA: SELECT 1 -Params: [] -Duration: 8ms
[08/08/2026 18:40:00] PRISMA: SELECT "public"."Weather_Forecast"."id", "public"."Weather_Forecast"."time", "public"."Weather_Forec -Params: ["2026-08-08 04:40:00.828 UTC","2026-08-09 03:40:00.828 UTC",0] -Duration: 1ms
[08/08/2026 18:40:00] PRISMA: SELECT 1 -Params: [] -Duration: 1ms
[08/08/2026 18:40:00] PRISMA: SELECT "public"."Solar_Data"."id", "public"."Solar_Data"."hour", "public"."Solar_Data"."Watts", "pub -Params: ["2026-08-07 16:40:00.824 UTC","2026-08-08 16:40:00.824 UTC",0] -Duration: 2ms
[08/08/2026 18:40:00] PRISMA: SELECT "public"."User"."id" FROM "public"."User" WHERE ("public"."User"."id" = $1 AND 1=1) LIMIT $2  -Params: [1,1,0] -Duration: 1ms
[08/08/2026 18:40:00] PRISMA: SELECT "public"."Washing_Program"."id", "public"."Washing_Program"."type", "public"."Washing_Program -Params: [5,0] -Duration: 8ms
[08/08/2026 18:40:00] PRISMA: SELECT "public"."User"."id", "public"."User"."username" FROM "public"."User" WHERE "public"."User"." -Params: [1,0] -Duration: 1ms
[08/08/2026 18:40:00] PRISMA: SELECT "public"."Miele_Token"."id", "public"."Miele_Token"."accessToken", "public"."Miele_Token"."re -Params: [1,0] -Duration: 6ms
[08/08/2026 18:40:00] PRISMA: SELECT "public"."Miele_Token"."id", "public"."Miele_Token"."accessToken", "public"."Miele_Token"."re -Params: [1,1,0] -Duration: 0ms
[08/08/2026 18:40:03] PRISMA: INSERT INTO "public"."Solar_Data" ("hour","Watts","total") VALUES ($1,$2,$3) RETURNING "public"."Sol -Params: ["2026-08-08 16:40:03.900 UTC",1280,38059] -Duration: 5ms
[08/08/2026 18:43:25] PRISMA: SELECT "public"."Weather_Forecast"."id", "public"."Weather_Forecast"."time", "public"."Weather_Forec -Params: ["2026-08-08 04:43:25.246 UTC","2026-08-09 03:43:25.246 UTC",0] -Duration: 4ms
[08/08/2026 18:45:05] PRISMA: SELECT 1 -Params: [] -Duration: 3ms
[08/08/2026 18:45:05] PRISMA: INSERT INTO "public"."Solar_Data" ("hour","Watts","total") VALUES ($1,$2,$3) RETURNING "public"."Sol -Params: ["2026-08-08 16:45:05.130 UTC",1156,38160] -Duration: 7ms
[08/08/2026 18:45:28] PRISMA: SELECT 1 -Params: [] -Duration: 3ms
[08/08/2026 18:45:28] PRISMA: SELECT "public"."Washing_Program"."id", "public"."Washing_Program"."type", "public"."Washing_Program -Params: [5,0] -Duration: 8ms
[08/08/2026 18:45:28] PRISMA: SELECT "public"."User"."id", "public"."User"."username" FROM "public"."User" WHERE "public"."User"." -Params: [1,0] -Duration: 7ms
[08/08/2026 18:45:28] PRISMA: SELECT "public"."User"."id" FROM "public"."User" WHERE ("public"."User"."id" = $1 AND 1=1) LIMIT $2  -Params: [1,1,0] -Duration: 2ms
[08/08/2026 18:45:28] PRISMA: SELECT "public"."Weather_Forecast"."id", "public"."Weather_Forecast"."time", "public"."Weather_Forec -Params: ["2026-08-08 04:45:28.825 UTC","2026-08-09 03:45:28.825 UTC",0] -Duration: 2ms
[08/08/2026 18:45:28] PRISMA: SELECT "public"."Miele_Token"."id", "public"."Miele_Token"."accessToken", "public"."Miele_Token"."re -Params: [1,0] -Duration: 1ms
[08/08/2026 18:45:28] PRISMA: SELECT "public"."Solar_Data"."id", "public"."Solar_Data"."hour", "public"."Solar_Data"."Watts", "pub -Params: ["2026-08-07 16:45:28.818 UTC","2026-08-08 16:45:28.818 UTC",0] -Duration: 4ms
[08/08/2026 18:45:28] PRISMA: SELECT "public"."Miele_Token"."id", "public"."Miele_Token"."accessToken", "public"."Miele_Token"."re -Params: [1,1,0] -Duration: 1ms
[08/08/2026 18:50:00] PRISMA: SELECT 1 -Params: [] -Duration: 6ms
[08/08/2026 18:50:00] PRISMA: SELECT 1 -Params: [] -Duration: 7ms
[08/08/2026 18:50:00] PRISMA: SELECT 1 -Params: [] -Duration: 13ms
[08/08/2026 18:50:00] PRISMA: SELECT "public"."Weather_Forecast"."id", "public"."Weather_Forecast"."time", "public"."Weather_Forec -Params: ["2026-08-08 04:50:00.611 UTC","2026-08-09 03:50:00.611 UTC",0] -Duration: 2ms
[08/08/2026 18:50:00] PRISMA: SELECT "public"."Washing_Program"."id", "public"."Washing_Program"."type", "public"."Washing_Program -Params: [5,0] -Duration: 8ms
[08/08/2026 18:50:00] PRISMA: SELECT "public"."User"."id", "public"."User"."username" FROM "public"."User" WHERE "public"."User"." -Params: [1,0] -Duration: 12ms
[08/08/2026 18:50:00] PRISMA: SELECT "public"."Solar_Data"."id", "public"."Solar_Data"."hour", "public"."Solar_Data"."Watts", "pub -Params: ["2026-08-07 16:50:00.607 UTC","2026-08-08 16:50:00.607 UTC",0] -Duration: 20ms
[08/08/2026 18:50:00] PRISMA: SELECT "public"."User"."id" FROM "public"."User" WHERE ("public"."User"."id" = $1 AND 1=1) LIMIT $2  -Params: [1,1,0] -Duration: 2ms
[08/08/2026 18:50:00] PRISMA: SELECT "public"."Miele_Token"."id", "public"."Miele_Token"."accessToken", "public"."Miele_Token"."re -Params: [1,0] -Duration: 2ms
[08/08/2026 18:50:00] PRISMA: SELECT "public"."Miele_Token"."id", "public"."Miele_Token"."accessToken", "public"."Miele_Token"."re -Params: [1,1,0] -Duration: 0ms
[08/08/2026 18:50:05] PRISMA: INSERT INTO "public"."Solar_Data" ("hour","Watts","total") VALUES ($1,$2,$3) RETURNING "public"."Sol -Params: ["2026-08-08 16:50:05.300 UTC",1080,38253] -Duration: 31ms
[08/08/2026 18:55:04] PRISMA: INSERT INTO "public"."Solar_Data" ("hour","Watts","total") VALUES ($1,$2,$3) RETURNING "public"."Sol -Params: ["2026-08-08 16:55:04.606 UTC",983,38338] -Duration: 4ms
[08/08/2026 19:00:06] PRISMA: INSERT INTO "public"."Solar_Data" ("hour","Watts","total") VALUES ($1,$2,$3) RETURNING "public"."Sol -Params: ["2026-08-08 17:00:06.172 UTC",890,38417] -Duration: 3ms
[08/08/2026 19:04:28] PRISMA: SELECT 1 -Params: [] -Duration: 3ms
[08/08/2026 19:04:28] PRISMA: SELECT "public"."Washing_Program"."id", "public"."Washing_Program"."type", "public"."Washing_Program -Params: [5,0] -Duration: 30ms
[08/08/2026 19:04:28] PRISMA: SELECT "public"."User"."id", "public"."User"."username" FROM "public"."User" WHERE "public"."User"." -Params: [1,0] -Duration: 11ms
[08/08/2026 19:04:28] PRISMA: SELECT "public"."User"."id" FROM "public"."User" WHERE ("public"."User"."id" = $1 AND 1=1) LIMIT $2  -Params: [1,1,0] -Duration: 1ms
[08/08/2026 19:04:28] PRISMA: SELECT "public"."Solar_Data"."id", "public"."Solar_Data"."hour", "public"."Solar_Data"."Watts", "pub -Params: ["2026-08-07 17:04:28.629 UTC","2026-08-08 17:04:28.629 UTC",0] -Duration: 2ms
[08/08/2026 19:04:28] PRISMA: SELECT "public"."Weather_Forecast"."id", "public"."Weather_Forecast"."time", "public"."Weather_Forec -Params: ["2026-08-08 05:04:28.632 UTC","2026-08-09 04:04:28.632 UTC",0] -Duration: 3ms
[08/08/2026 19:04:28] PRISMA: SELECT "public"."Miele_Token"."id", "public"."Miele_Token"."accessToken", "public"."Miele_Token"."re -Params: [1,0] -Duration: 3ms
[08/08/2026 19:04:28] PRISMA: SELECT "public"."Miele_Token"."id", "public"."Miele_Token"."accessToken", "public"."Miele_Token"."re -Params: [1,1,0] -Duration: 0ms
[08/08/2026 19:05:08] PRISMA: SELECT 1 -Params: [] -Duration: 2ms
[08/08/2026 19:05:08] PRISMA: INSERT INTO "public"."Solar_Data" ("hour","Watts","total") VALUES ($1,$2,$3) RETURNING "public"."Sol -Params: ["2026-08-08 17:05:08.720 UTC",799,38488] -Duration: 6ms
[08/08/2026 19:09:00] PRISMA: SELECT 1 -Params: [] -Duration: 2ms
[08/08/2026 19:09:00] PRISMA: SELECT 1 -Params: [] -Duration: 7ms
[08/08/2026 19:09:00] PRISMA: SELECT 1 -Params: [] -Duration: 1ms
[08/08/2026 19:09:00] PRISMA: SELECT "public"."Washing_Program"."id", "public"."Washing_Program"."type", "public"."Washing_Program -Params: [5,0] -Duration: 9ms
[08/08/2026 19:09:00] PRISMA: SELECT "public"."Solar_Data"."id", "public"."Solar_Data"."hour", "public"."Solar_Data"."Watts", "pub -Params: ["2026-08-07 17:09:00.666 UTC","2026-08-08 17:09:00.666 UTC",0] -Duration: 12ms
[08/08/2026 19:09:00] PRISMA: SELECT "public"."User"."id", "public"."User"."username" FROM "public"."User" WHERE "public"."User"." -Params: [1,0] -Duration: 7ms
[08/08/2026 19:09:00] PRISMA: SELECT "public"."Weather_Forecast"."id", "public"."Weather_Forecast"."time", "public"."Weather_Forec -Params: ["2026-08-08 05:09:00.671 UTC","2026-08-09 04:09:00.671 UTC",0] -Duration: 12ms
[08/08/2026 19:09:00] PRISMA: SELECT "public"."User"."id" FROM "public"."User" WHERE ("public"."User"."id" = $1 AND 1=1) LIMIT $2  -Params: [1,1,0] -Duration: 2ms
[08/08/2026 19:09:00] PRISMA: SELECT "public"."Miele_Token"."id", "public"."Miele_Token"."accessToken", "public"."Miele_Token"."re -Params: [1,0] -Duration: 1ms
[08/08/2026 19:09:00] PRISMA: SELECT "public"."Miele_Token"."id", "public"."Miele_Token"."accessToken", "public"."Miele_Token"."re -Params: [1,1,0] -Duration: 0ms
[08/08/2026 19:10:06] PRISMA: INSERT INTO "public"."Solar_Data" ("hour","Watts","total") VALUES ($1,$2,$3) RETURNING "public"."Sol -Params: ["2026-08-08 17:10:06.556 UTC",697,38550] -Duration: 5ms
[08/08/2026 19:15:09] PRISMA: INSERT INTO "public"."Solar_Data" ("hour","Watts","total") VALUES ($1,$2,$3) RETURNING "public"."Sol -Params: ["2026-08-08 17:15:09.544 UTC",642,38604] -Duration: 5ms
[08/08/2026 19:16:28] PRISMA: SELECT 1 -Params: [] -Duration: 6ms
[08/08/2026 19:16:28] PRISMA: SELECT "public"."Washing_Program"."id", "public"."Washing_Program"."type", "public"."Washing_Program -Params: [5,0] -Duration: 29ms
[08/08/2026 19:16:28] PRISMA: SELECT "public"."User"."id", "public"."User"."username" FROM "public"."User" WHERE "public"."User"." -Params: [1,0] -Duration: 8ms
[08/08/2026 19:16:28] PRISMA: SELECT "public"."Weather_Forecast"."id", "public"."Weather_Forecast"."time", "public"."Weather_Forec -Params: ["2026-08-08 05:16:28.626 UTC","2026-08-09 04:16:28.626 UTC",0] -Duration: 4ms
[08/08/2026 19:16:28] PRISMA: SELECT "public"."User"."id" FROM "public"."User" WHERE ("public"."User"."id" = $1 AND 1=1) LIMIT $2  -Params: [1,1,0] -Duration: 4ms
[08/08/2026 19:16:28] PRISMA: SELECT "public"."Solar_Data"."id", "public"."Solar_Data"."hour", "public"."Solar_Data"."Watts", "pub -Params: ["2026-08-07 17:16:28.619 UTC","2026-08-08 17:16:28.619 UTC",0] -Duration: 7ms
[08/08/2026 19:16:28] PRISMA: SELECT "public"."Miele_Token"."id", "public"."Miele_Token"."accessToken", "public"."Miele_Token"."re -Params: [1,0] -Duration: 1ms
[08/08/2026 19:16:28] PRISMA: SELECT "public"."Miele_Token"."id", "public"."Miele_Token"."accessToken", "public"."Miele_Token"."re -Params: [1,1,0] -Duration: 0ms
[08/08/2026 19:20:04] PRISMA: SELECT 1 -Params: [] -Duration: 2ms
[08/08/2026 19:20:04] PRISMA: INSERT INTO "public"."Solar_Data" ("hour","Watts","total") VALUES ($1,$2,$3) RETURNING "public"."Sol -Params: ["2026-08-08 17:20:04.586 UTC",459,38647] -Duration: 8ms
[08/08/2026 19:21:00] PRISMA: SELECT 1 -Params: [] -Duration: 1ms
[08/08/2026 19:21:00] PRISMA: SELECT 1 -Params: [] -Duration: 1ms
[08/08/2026 19:21:00] PRISMA: SELECT 1 -Params: [] -Duration: 0ms
[08/08/2026 19:21:00] PRISMA: SELECT "public"."Solar_Data"."id", "public"."Solar_Data"."hour", "public"."Solar_Data"."Watts", "pub -Params: ["2026-08-07 17:21:00.615 UTC","2026-08-08 17:21:00.615 UTC",0] -Duration: 2ms
[08/08/2026 19:21:00] PRISMA: SELECT "public"."Weather_Forecast"."id", "public"."Weather_Forecast"."time", "public"."Weather_Forec -Params: ["2026-08-08 05:21:00.617 UTC","2026-08-09 04:21:00.617 UTC",0] -Duration: 2ms
[08/08/2026 19:21:00] PRISMA: SELECT "public"."Washing_Program"."id", "public"."Washing_Program"."type", "public"."Washing_Program -Params: [5,0] -Duration: 12ms
[08/08/2026 19:21:00] PRISMA: SELECT "public"."User"."id", "public"."User"."username" FROM "public"."User" WHERE "public"."User"." -Params: [1,0] -Duration: 2ms
[08/08/2026 19:21:00] PRISMA: SELECT "public"."User"."id" FROM "public"."User" WHERE ("public"."User"."id" = $1 AND 1=1) LIMIT $2  -Params: [1,1,0] -Duration: 3ms
[08/08/2026 19:21:00] PRISMA: SELECT "public"."Miele_Token"."id", "public"."Miele_Token"."accessToken", "public"."Miele_Token"."re -Params: [1,0] -Duration: 1ms
[08/08/2026 19:21:00] PRISMA: SELECT "public"."Miele_Token"."id", "public"."Miele_Token"."accessToken", "public"."Miele_Token"."re -Params: [1,1,0] -Duration: 0ms
[08/08/2026 19:25:04] PRISMA: SELECT 1 -Params: [] -Duration: 5ms
[08/08/2026 19:25:04] PRISMA: INSERT INTO "public"."Solar_Data" ("hour","Watts","total") VALUES ($1,$2,$3) RETURNING "public"."Sol -Params: ["2026-08-08 17:25:04.123 UTC",447,38684] -Duration: 14ms
[08/08/2026 19:30:03] PRISMA: INSERT INTO "public"."Solar_Data" ("hour","Watts","total") VALUES ($1,$2,$3) RETURNING "public"."Sol -Params: ["2026-08-08 17:30:03.404 UTC",410,38721] -Duration: 12ms
[08/08/2026 19:33:02] PRISMA: SELECT 1 -Params: [] -Duration: 2ms
[08/08/2026 19:33:02] PRISMA: SELECT "public"."Washing_Program"."id", "public"."Washing_Program"."type", "public"."Washing_Program -Params: [5,0] -Duration: 32ms
[08/08/2026 19:33:02] PRISMA: SELECT "public"."User"."id", "public"."User"."username" FROM "public"."User" WHERE "public"."User"." -Params: [1,0] -Duration: 11ms
[08/08/2026 19:33:02] PRISMA: SELECT "public"."Solar_Data"."id", "public"."Solar_Data"."hour", "public"."Solar_Data"."Watts", "pub -Params: ["2026-08-07 17:33:02.917 UTC","2026-08-08 17:33:02.917 UTC",0] -Duration: 8ms
[08/08/2026 19:33:03] PRISMA: SELECT "public"."User"."id" FROM "public"."User" WHERE ("public"."User"."id" = $1 AND 1=1) LIMIT $2  -Params: [1,1,0] -Duration: 4ms
[08/08/2026 19:33:03] PRISMA: SELECT "public"."Weather_Forecast"."id", "public"."Weather_Forecast"."time", "public"."Weather_Forec -Params: ["2026-08-08 05:33:02.919 UTC","2026-08-09 04:33:02.919 UTC",0] -Duration: 5ms
[08/08/2026 19:33:03] PRISMA: SELECT "public"."Miele_Token"."id", "public"."Miele_Token"."accessToken", "public"."Miele_Token"."re -Params: [1,0] -Duration: 3ms
[08/08/2026 19:33:03] PRISMA: SELECT "public"."Miele_Token"."id", "public"."Miele_Token"."accessToken", "public"."Miele_Token"."re -Params: [1,1,0] -Duration: 0ms
[08/08/2026 19:35:02] PRISMA: SELECT 1 -Params: [] -Duration: 3ms
[08/08/2026 19:35:02] PRISMA: INSERT INTO "public"."Solar_Data" ("hour","Watts","total") VALUES ($1,$2,$3) RETURNING "public"."Sol -Params: ["2026-08-08 17:35:02.032 UTC",335,38752] -Duration: 6ms
[08/08/2026 19:39:31] PRISMA: SELECT "public"."Solar_Data"."id", "public"."Solar_Data"."hour", "public"."Solar_Data"."Watts", "pub -Params: ["2026-08-07 17:39:31.279 UTC","2026-08-08 17:39:31.279 UTC",0] -Duration: 104ms
[08/08/2026 19:39:31] PRISMA: SELECT "public"."Weather_Forecast"."id", "public"."Weather_Forecast"."time", "public"."Weather_Forec -Params: ["2026-08-08 05:39:31.290 UTC","2026-08-09 04:39:31.290 UTC",0] -Duration: 102ms
[08/08/2026 19:39:31] PRISMA: SELECT "public"."Washing_Program"."id", "public"."Washing_Program"."type", "public"."Washing_Program -Params: [5,0] -Duration: 141ms
[08/08/2026 19:39:31] PRISMA: SELECT "public"."User"."id" FROM "public"."User" WHERE ("public"."User"."id" = $1 AND 1=1) LIMIT $2  -Params: [1,1,0] -Duration: 116ms
[08/08/2026 19:39:31] PRISMA: SELECT "public"."User"."id", "public"."User"."username" FROM "public"."User" WHERE "public"."User"." -Params: [1,0] -Duration: 13ms
[08/08/2026 19:39:31] PRISMA: SELECT "public"."Miele_Token"."id", "public"."Miele_Token"."accessToken", "public"."Miele_Token"."re -Params: [1,0] -Duration: 39ms
[08/08/2026 19:39:32] PRISMA: SELECT "public"."Miele_Token"."id", "public"."Miele_Token"."accessToken", "public"."Miele_Token"."re -Params: [1,1,0] -Duration: 5ms
[08/08/2026 19:40:05] PRISMA: SELECT 1 -Params: [] -Duration: 4ms
[08/08/2026 19:40:05] PRISMA: INSERT INTO "public"."Solar_Data" ("hour","Watts","total") VALUES ($1,$2,$3) RETURNING "public"."Sol -Params: ["2026-08-08 17:40:05.388 UTC",298,38779] -Duration: 13ms
[08/08/2026 19:44:01] PRISMA: SELECT 1 -Params: [] -Duration: 1ms
[08/08/2026 19:44:01] PRISMA: SELECT 1 -Params: [] -Duration: 2ms
[08/08/2026 19:44:01] PRISMA: SELECT 1 -Params: [] -Duration: 2ms
[08/08/2026 19:44:01] PRISMA: SELECT 1 -Params: [] -Duration: 3ms
[08/08/2026 19:44:01] PRISMA: SELECT "public"."Washing_Program"."id", "public"."Washing_Program"."type", "public"."Washing_Program -Params: [5,0] -Duration: 13ms
[08/08/2026 19:44:01] PRISMA: SELECT "public"."User"."id", "public"."User"."username" FROM "public"."User" WHERE "public"."User"." -Params: [1,0] -Duration: 1ms
[08/08/2026 19:44:01] PRISMA: SELECT "public"."User"."id" FROM "public"."User" WHERE ("public"."User"."id" = $1 AND 1=1) LIMIT $2  -Params: [1,1,0] -Duration: 7ms
[08/08/2026 19:44:01] PRISMA: SELECT "public"."Solar_Data"."id", "public"."Solar_Data"."hour", "public"."Solar_Data"."Watts", "pub -Params: ["2026-08-07 17:44:01.740 UTC","2026-08-08 17:44:01.740 UTC",0] -Duration: 21ms
[08/08/2026 19:44:01] PRISMA: SELECT "public"."Weather_Forecast"."id", "public"."Weather_Forecast"."time", "public"."Weather_Forec -Params: ["2026-08-08 05:44:01.746 UTC","2026-08-09 04:44:01.746 UTC",0] -Duration: 8ms
[08/08/2026 19:44:01] PRISMA: SELECT "public"."Miele_Token"."id", "public"."Miele_Token"."accessToken", "public"."Miele_Token"."re -Params: [1,0] -Duration: 5ms
[08/08/2026 19:44:01] PRISMA: SELECT "public"."Miele_Token"."id", "public"."Miele_Token"."accessToken", "public"."Miele_Token"."re -Params: [1,1,0] -Duration: 1ms
[08/08/2026 19:45:05] PRISMA: INSERT INTO "public"."Solar_Data" ("hour","Watts","total") VALUES ($1,$2,$3) RETURNING "public"."Sol -Params: ["2026-08-08 17:45:05.596 UTC",267,38802] -Duration: 4ms
[08/08/2026 19:50:02] PRISMA: SELECT 1 -Params: [] -Duration: 3ms
[08/08/2026 19:50:02] PRISMA: INSERT INTO "public"."Solar_Data" ("hour","Watts","total") VALUES ($1,$2,$3) RETURNING "public"."Sol -Params: ["2026-08-08 17:50:02.398 UTC",236,38823] -Duration: 6ms
[08/08/2026 19:52:28] PRISMA: SELECT "public"."Weather_Forecast"."id", "public"."Weather_Forecast"."time", "public"."Weather_Forec -Params: ["2026-08-08 05:52:28.761 UTC","2026-08-09 04:52:28.761 UTC",0] -Duration: 9ms
[08/08/2026 19:52:28] PRISMA: SELECT "public"."User"."id" FROM "public"."User" WHERE ("public"."User"."id" = $1 AND 1=1) LIMIT $2  -Params: [1,1,0] -Duration: 12ms
[08/08/2026 19:52:28] PRISMA: SELECT "public"."Washing_Program"."id", "public"."Washing_Program"."type", "public"."Washing_Program -Params: [5,0] -Duration: 12ms
[08/08/2026 19:52:28] PRISMA: SELECT "public"."Solar_Data"."id", "public"."Solar_Data"."hour", "public"."Solar_Data"."Watts", "pub -Params: ["2026-08-07 17:52:28.758 UTC","2026-08-08 17:52:28.758 UTC",0] -Duration: 13ms
[08/08/2026 19:52:28] PRISMA: SELECT "public"."Miele_Token"."id", "public"."Miele_Token"."accessToken", "public"."Miele_Token"."re -Params: [1,0] -Duration: 1ms
[08/08/2026 19:52:28] PRISMA: SELECT "public"."User"."id", "public"."User"."username" FROM "public"."User" WHERE "public"."User"." -Params: [1,0] -Duration: 1ms
[08/08/2026 19:52:28] PRISMA: SELECT "public"."Miele_Token"."id", "public"."Miele_Token"."accessToken", "public"."Miele_Token"."re -Params: [1,1,0] -Duration: 1ms
[08/08/2026 19:55:03] PRISMA: SELECT 1 -Params: [] -Duration: 4ms
[08/08/2026 19:55:03] PRISMA: INSERT INTO "public"."Solar_Data" ("hour","Watts","total") VALUES ($1,$2,$3) RETURNING "public"."Sol -Params: ["2026-08-08 17:55:03.308 UTC",212,38842] -Duration: 12ms
[08/08/2026 19:57:00] PRISMA: SELECT 1 -Params: [] -Duration: 5ms
[08/08/2026 19:57:00] PRISMA: SELECT 1 -Params: [] -Duration: 8ms
[08/08/2026 19:57:00] PRISMA: SELECT 1 -Params: [] -Duration: 1ms
[08/08/2026 19:57:00] PRISMA: SELECT 1 -Params: [] -Duration: 2ms
[08/08/2026 19:57:00] PRISMA: SELECT "public"."Washing_Program"."id", "public"."Washing_Program"."type", "public"."Washing_Program -Params: [5,0] -Duration: 20ms
[08/08/2026 19:57:00] PRISMA: SELECT "public"."Weather_Forecast"."id", "public"."Weather_Forecast"."time", "public"."Weather_Forec -Params: ["2026-08-08 05:57:00.761 UTC","2026-08-09 04:57:00.761 UTC",0] -Duration: 22ms
[08/08/2026 19:57:00] PRISMA: SELECT "public"."Solar_Data"."id", "public"."Solar_Data"."hour", "public"."Solar_Data"."Watts", "pub -Params: ["2026-08-07 17:57:00.758 UTC","2026-08-08 17:57:00.758 UTC",0] -Duration: 22ms
[08/08/2026 19:57:00] PRISMA: SELECT "public"."User"."id" FROM "public"."User" WHERE ("public"."User"."id" = $1 AND 1=1) LIMIT $2  -Params: [1,1,0] -Duration: 15ms
[08/08/2026 19:57:00] PRISMA: SELECT "public"."User"."id", "public"."User"."username" FROM "public"."User" WHERE "public"."User"." -Params: [1,0] -Duration: 4ms
[08/08/2026 19:57:00] PRISMA: SELECT "public"."Miele_Token"."id", "public"."Miele_Token"."accessToken", "public"."Miele_Token"."re -Params: [1,0] -Duration: 2ms
[08/08/2026 19:57:00] PRISMA: SELECT "public"."Miele_Token"."id", "public"."Miele_Token"."accessToken", "public"."Miele_Token"."re -Params: [1,1,0] -Duration: 0ms
[08/08/2026 19:57:27] PRISMA: SELECT "public"."Weather_Forecast"."id", "public"."Weather_Forecast"."time", "public"."Weather_Forec -Params: ["2026-08-08 00:00:00 UTC",0] -Duration: 7ms
[08/08/2026 19:57:30] PRISMA: SELECT "public"."User"."id", "public"."User"."username", "public"."User"."password_hash", "public"." -Params: ["Parents",1,0] -Duration: 7ms
[08/08/2026 19:57:33] PRISMA: SELECT "public"."Weather_Forecast"."id", "public"."Weather_Forecast"."time", "public"."Weather_Forec -Params: ["2026-08-08 05:57:32.952 UTC","2026-08-09 04:57:32.952 UTC",0] -Duration: 33ms
[08/08/2026 20:00:02] PRISMA: SELECT 1 -Params: [] -Duration: 2ms
[08/08/2026 20:00:02] PRISMA: INSERT INTO "public"."Solar_Data" ("hour","Watts","total") VALUES ($1,$2,$3) RETURNING "public"."Sol -Params: ["2026-08-08 18:00:02.190 UTC",188,38858] -Duration: 9ms
[08/08/2026 20:03:18] PRISMA: SELECT "public"."Weather_Forecast"."id", "public"."Weather_Forecast"."time", "public"."Weather_Forec -Params: ["2026-08-08 00:00:00 UTC",0] -Duration: 4ms
[08/08/2026 20:03:21] PRISMA: SELECT "public"."User"."id", "public"."User"."username", "public"."User"."password_hash", "public"." -Params: ["Parents",1,0] -Duration: 7ms
[08/08/2026 20:03:41] PRISMA: SELECT "public"."Weather_Forecast"."id", "public"."Weather_Forecast"."time", "public"."Weather_Forec -Params: ["2026-08-08 00:00:00 UTC",0] -Duration: 8ms
[08/08/2026 20:03:44] PRISMA: SELECT "public"."User"."id", "public"."User"."username", "public"."User"."password_hash", "public"." -Params: ["Parents",1,0] -Duration: 3ms
[08/08/2026 20:03:53] PRISMA: SELECT "public"."Weather_Forecast"."id", "public"."Weather_Forecast"."time", "public"."Weather_Forec -Params: ["2026-08-08 00:00:00 UTC",0] -Duration: 2ms
[08/08/2026 20:03:56] PRISMA: SELECT "public"."User"."id", "public"."User"."username", "public"."User"."password_hash", "public"." -Params: ["Parents",1,0] -Duration: 3ms
[08/08/2026 20:04:21] PRISMA: SELECT "public"."Weather_Forecast"."id", "public"."Weather_Forecast"."time", "public"."Weather_Forec -Params: ["2026-08-08 00:00:00 UTC",0] -Duration: 2ms
[08/08/2026 20:04:24] PRISMA: SELECT "public"."User"."id", "public"."User"."username", "public"."User"."password_hash", "public"." -Params: ["Parents",1,0] -Duration: 10ms
[08/08/2026 20:04:26] PRISMA: SELECT "public"."Weather_Forecast"."id", "public"."Weather_Forecast"."time", "public"."Weather_Forec -Params: ["2026-08-08 06:04:26.553 UTC","2026-08-09 05:04:26.553 UTC",0] -Duration: 12ms
[08/08/2026 20:05:02] PRISMA: SELECT 1 -Params: [] -Duration: 3ms
[08/08/2026 20:05:02] PRISMA: INSERT INTO "public"."Solar_Data" ("hour","Watts","total") VALUES ($1,$2,$3) RETURNING "public"."Sol -Params: ["2026-08-08 18:05:02.280 UTC",151,38873] -Duration: 8ms
[08/08/2026 20:08:36] PRISMA: SELECT "public"."Weather_Forecast"."id", "public"."Weather_Forecast"."time", "public"."Weather_Forec -Params: ["2026-08-08 00:00:00 UTC",0] -Duration: 5ms
[08/08/2026 20:09:02] PRISMA: SELECT "public"."Weather_Forecast"."id", "public"."Weather_Forecast"."time", "public"."Weather_Forec -Params: ["2026-08-08 00:00:00 UTC",0] -Duration: 2ms
[08/08/2026 20:09:05] PRISMA: SELECT "public"."User"."id", "public"."User"."username", "public"."User"."password_hash", "public"." -Params: ["Parents",1,0] -Duration: 8ms
[08/08/2026 20:09:28] PRISMA: SELECT 1 -Params: [] -Duration: 2ms
[08/08/2026 20:09:28] PRISMA: SELECT "public"."Weather_Forecast"."id", "public"."Weather_Forecast"."time", "public"."Weather_Forec -Params: ["2026-08-08 06:09:28.751 UTC","2026-08-09 05:09:28.751 UTC",0] -Duration: 5ms
[08/08/2026 20:10:01] PRISMA: SELECT 1 -Params: [] -Duration: 5ms
[08/08/2026 20:10:01] PRISMA: INSERT INTO "public"."Solar_Data" ("hour","Watts","total") VALUES ($1,$2,$3) RETURNING "public"."Sol -Params: ["2026-08-08 18:10:01.291 UTC",127,38884] -Duration: 13ms
[08/08/2026 20:15:07] PRISMA: INSERT INTO "public"."Solar_Data" ("hour","Watts","total") VALUES ($1,$2,$3) RETURNING "public"."Sol -Params: ["2026-08-08 18:15:07.636 UTC",107,38894] -Duration: 8ms
[08/08/2026 20:17:34] PRISMA: SELECT "public"."Weather_Forecast"."id", "public"."Weather_Forecast"."time", "public"."Weather_Forec -Params: ["2026-08-08 00:00:00 UTC",0] -Duration: 4ms
[08/08/2026 20:17:34] PRISMA: SELECT "public"."User"."id", "public"."User"."username", "public"."User"."password_hash", "public"." -Params: ["Parents",1,0] -Duration: 2ms
[08/08/2026 20:20:10] PRISMA: SELECT 1 -Params: [] -Duration: 15ms
[08/08/2026 20:20:10] PRISMA: INSERT INTO "public"."Solar_Data" ("hour","Watts","total") VALUES ($1,$2,$3) RETURNING "public"."Sol -Params: ["2026-08-08 18:20:10.402 UTC",90,38903] -Duration: 17ms
[08/08/2026 20:25:04] PRISMA: SELECT "public"."Weather_Forecast"."id", "public"."Weather_Forecast"."time", "public"."Weather_Forec -Params: ["2026-08-08 00:00:00 UTC",0] -Duration: 6ms
[08/08/2026 20:25:04] PRISMA: SELECT "public"."User"."id", "public"."User"."username", "public"."User"."password_hash", "public"." -Params: ["Parents",1,0] -Duration: 2ms
[08/08/2026 20:25:32] PRISMA: SELECT "public"."Weather_Forecast"."id", "public"."Weather_Forecast"."time", "public"."Weather_Forec -Params: ["2026-08-08 00:00:00 UTC",0] -Duration: 6ms
[08/08/2026 20:25:32] PRISMA: SELECT "public"."User"."id", "public"."User"."username", "public"."User"."password_hash", "public"." -Params: ["Parents",1,0] -Duration: 1ms
[08/08/2026 20:25:47] PRISMA: SELECT "public"."Weather_Forecast"."id", "public"."Weather_Forecast"."time", "public"."Weather_Forec -Params: ["2026-08-08 00:00:00 UTC",0] -Duration: 3ms
[08/08/2026 20:25:47] PRISMA: SELECT "public"."User"."id", "public"."User"."username", "public"."User"."password_hash", "public"." -Params: ["Parents",1,0] -Duration: 1ms
[08/08/2026 20:26:03] PRISMA: SELECT "public"."Weather_Forecast"."id", "public"."Weather_Forecast"."time", "public"."Weather_Forec -Params: ["2026-08-08 00:00:00 UTC",0] -Duration: 5ms
[08/08/2026 20:26:20] PRISMA: SELECT "public"."Weather_Forecast"."id", "public"."Weather_Forecast"."time", "public"."Weather_Forec -Params: ["2026-08-08 00:00:00 UTC",0] -Duration: 7ms
[08/08/2026 20:26:20] PRISMA: SELECT "public"."User"."id", "public"."User"."username", "public"."User"."password_hash", "public"." -Params: ["Parents",1,0] -Duration: 1ms
[08/08/2026 20:26:26] PRISMA: SELECT "public"."Weather_Forecast"."id", "public"."Weather_Forecast"."time", "public"."Weather_Forec -Params: ["2026-08-08 00:00:00 UTC",0] -Duration: 4ms
[08/08/2026 20:26:26] PRISMA: SELECT "public"."User"."id", "public"."User"."username", "public"."User"."password_hash", "public"." -Params: ["Parents",1,0] -Duration: 1ms
[08/08/2026 20:29:42] PRISMA: SELECT "public"."Weather_Forecast"."id", "public"."Weather_Forecast"."time", "public"."Weather_Forec -Params: ["2026-08-08 00:00:00 UTC",0] -Duration: 3ms
[08/08/2026 20:29:42] PRISMA: SELECT "public"."User"."id", "public"."User"."username", "public"."User"."password_hash", "public"." -Params: ["Parents",1,0] -Duration: 1ms
[08/08/2026 20:30:03] PRISMA: SELECT 1 -Params: [] -Duration: 10ms
[08/08/2026 20:30:03] PRISMA: INSERT INTO "public"."Solar_Data" ("hour","Watts","total") VALUES ($1,$2,$3) RETURNING "public"."Sol -Params: ["2026-08-08 18:30:03.221 UTC",63,38915] -Duration: 19ms
[08/08/2026 20:30:11] PRISMA: SELECT "public"."Weather_Forecast"."id", "public"."Weather_Forecast"."time", "public"."Weather_Forec -Params: ["2026-08-08 00:00:00 UTC",0] -Duration: 2ms
[08/08/2026 20:30:11] PRISMA: SELECT "public"."User"."id", "public"."User"."username", "public"."User"."password_hash", "public"." -Params: ["Parents",1,0] -Duration: 1ms
[08/08/2026 20:30:29] PRISMA: SELECT 1 -Params: [] -Duration: 14ms
[08/08/2026 20:30:29] PRISMA: SELECT "public"."Weather_Forecast"."id", "public"."Weather_Forecast"."time", "public"."Weather_Forec -Params: ["2026-08-08 06:30:29.092 UTC","2026-08-09 05:30:29.092 UTC",0] -Duration: 10ms
[08/08/2026 20:34:44] PRISMA: SELECT "public"."Weather_Forecast"."id", "public"."Weather_Forecast"."time", "public"."Weather_Forec -Params: ["2026-08-08 00:00:00 UTC",0] -Duration: 3ms
[08/08/2026 20:34:44] PRISMA: SELECT "public"."User"."id", "public"."User"."username", "public"."User"."password_hash", "public"." -Params: ["Parents",1,0] -Duration: 1ms
[08/08/2026 20:39:29] PRISMA: SELECT 1 -Params: [] -Duration: 11ms
[08/08/2026 20:39:29] PRISMA: SELECT "public"."Weather_Forecast"."id", "public"."Weather_Forecast"."time", "public"."Weather_Forec -Params: ["2026-08-08 06:39:28.802 UTC","2026-08-09 05:39:28.802 UTC",0] -Duration: 34ms
[08/08/2026 20:40:01] PRISMA: INSERT INTO "public"."Solar_Data" ("hour","Watts","total") VALUES ($1,$2,$3) RETURNING "public"."Sol -Params: ["2026-08-08 18:40:01.597 UTC",61,38926] -Duration: 5ms
[08/08/2026 20:40:43] PRISMA: SELECT "public"."Weather_Forecast"."id", "public"."Weather_Forecast"."time", "public"."Weather_Forec -Params: ["2026-08-08 00:00:00 UTC",0] -Duration: 3ms
[08/08/2026 20:40:43] PRISMA: SELECT "public"."User"."id", "public"."User"."username", "public"."User"."password_hash", "public"." -Params: ["Parents",1,0] -Duration: 2ms
[08/08/2026 20:43:49] PRISMA: SELECT "public"."Weather_Forecast"."id", "public"."Weather_Forecast"."time", "public"."Weather_Forec -Params: ["2026-08-08 00:00:00 UTC",0] -Duration: 4ms
[08/08/2026 20:43:49] PRISMA: SELECT "public"."User"."id", "public"."User"."username", "public"."User"."password_hash", "public"." -Params: ["Parents",1,0] -Duration: 2ms
[08/08/2026 20:44:57] PRISMA: SELECT "public"."Weather_Forecast"."id", "public"."Weather_Forecast"."time", "public"."Weather_Forec -Params: ["2026-08-08 00:00:00 UTC",0] -Duration: 2ms
[08/08/2026 20:44:57] PRISMA: SELECT "public"."User"."id", "public"."User"."username", "public"."User"."password_hash", "public"." -Params: ["Parents",1,0] -Duration: 1ms
[08/08/2026 20:45:06] PRISMA: INSERT INTO "public"."Solar_Data" ("hour","Watts","total") VALUES ($1,$2,$3) RETURNING "public"."Sol -Params: ["2026-08-08 18:45:06.921 UTC",54,38930] -Duration: 19ms
[08/08/2026 20:51:02] PRISMA: SELECT "public"."Weather_Forecast"."id", "public"."Weather_Forecast"."time", "public"."Weather_Forec -Params: ["2026-08-08 00:00:00 UTC",0] -Duration: 7ms
[08/08/2026 20:51:02] PRISMA: SELECT "public"."User"."id", "public"."User"."username", "public"."User"."password_hash", "public"." -Params: ["Parents",1,0] -Duration: 1ms
[08/08/2026 20:52:09] PRISMA: SELECT "public"."Weather_Forecast"."id", "public"."Weather_Forecast"."time", "public"."Weather_Forec -Params: ["2026-08-08 00:00:00 UTC",0] -Duration: 7ms
[08/08/2026 20:52:09] PRISMA: SELECT "public"."User"."id", "public"."User"."username", "public"."User"."password_hash", "public"." -Params: ["Parents",1,0] -Duration: 2ms
[08/08/2026 20:52:26] PRISMA: SELECT "public"."Weather_Forecast"."id", "public"."Weather_Forecast"."time", "public"."Weather_Forec -Params: ["2026-08-08 00:00:00 UTC",0] -Duration: 2ms
[08/08/2026 20:52:26] PRISMA: SELECT "public"."User"."id", "public"."User"."username", "public"."User"."password_hash", "public"." -Params: ["Parents",1,0] -Duration: 1ms
[08/08/2026 20:55:03] PRISMA: SELECT 1 -Params: [] -Duration: 9ms
[08/08/2026 20:55:03] PRISMA: INSERT INTO "public"."Solar_Data" ("hour","Watts","total") VALUES ($1,$2,$3) RETURNING "public"."Sol -Params: ["2026-08-08 18:55:03.664 UTC",29,38938] -Duration: 7ms
[08/08/2026 20:55:41] PRISMA: SELECT "public"."Weather_Forecast"."id", "public"."Weather_Forecast"."time", "public"."Weather_Forec -Params: ["2026-08-08 00:00:00 UTC",0] -Duration: 2ms
[08/08/2026 20:55:41] PRISMA: SELECT "public"."User"."id", "public"."User"."username", "public"."User"."password_hash", "public"." -Params: ["Parents",1,0] -Duration: 2ms
[08/08/2026 20:57:29] PRISMA: SELECT 1 -Params: [] -Duration: 10ms
[08/08/2026 20:57:29] PRISMA: SELECT "public"."Weather_Forecast"."id", "public"."Weather_Forecast"."time", "public"."Weather_Forec -Params: ["2026-08-08 06:57:29.010 UTC","2026-08-09 05:57:29.010 UTC",0] -Duration: 13ms
[08/08/2026 20:59:15] PRISMA: SELECT "public"."Weather_Forecast"."id", "public"."Weather_Forecast"."time", "public"."Weather_Forec -Params: ["2026-08-08 00:00:00 UTC",0] -Duration: 2ms
[08/08/2026 20:59:15] PRISMA: SELECT "public"."User"."id", "public"."User"."username", "public"."User"."password_hash", "public"." -Params: ["Parents",1,0] -Duration: 1ms
[08/08/2026 21:00:06] PRISMA: SELECT 1 -Params: [] -Duration: 4ms
[08/08/2026 21:00:06] PRISMA: INSERT INTO "public"."Solar_Data" ("hour","Watts","total") VALUES ($1,$2,$3) RETURNING "public"."Sol -Params: ["2026-08-08 19:00:06.154 UTC",34,38940] -Duration: 19ms
[08/08/2026 21:01:19] PRISMA: SELECT 1 -Params: [] -Duration: 2ms
[08/08/2026 21:01:19] PRISMA: SELECT "public"."Weather_Forecast"."id", "public"."Weather_Forecast"."time", "public"."Weather_Forec -Params: ["2026-08-08 07:01:19.028 UTC","2026-08-09 06:01:19.028 UTC",0] -Duration: 4ms
[08/08/2026 21:01:19] PRISMA: SELECT "public"."Washing_Program"."id", "public"."Washing_Program"."type", "public"."Washing_Program -Params: [5,0] -Duration: 5ms
[08/08/2026 21:01:19] PRISMA: SELECT "public"."User"."id" FROM "public"."User" WHERE ("public"."User"."id" = $1 AND 1=1) LIMIT $2  -Params: [1,1,0] -Duration: 6ms
[08/08/2026 21:01:19] PRISMA: SELECT "public"."Solar_Data"."id", "public"."Solar_Data"."hour", "public"."Solar_Data"."Watts", "pub -Params: ["2026-08-07 19:01:19.041 UTC","2026-08-08 19:01:19.041 UTC",0] -Duration: 8ms
[08/08/2026 21:01:19] PRISMA: SELECT "public"."User"."id", "public"."User"."username" FROM "public"."User" WHERE "public"."User"." -Params: [1,0] -Duration: 1ms
[08/08/2026 21:01:19] PRISMA: SELECT "public"."Miele_Token"."id", "public"."Miele_Token"."accessToken", "public"."Miele_Token"."re -Params: [1,0] -Duration: 1ms
[08/08/2026 21:01:19] PRISMA: SELECT "public"."Miele_Token"."id", "public"."Miele_Token"."accessToken", "public"."Miele_Token"."re -Params: [1,1,0] -Duration: 0ms
[08/08/2026 21:01:23] PRISMA: SELECT "public"."Miele_Token"."id", "public"."Miele_Token"."accessToken", "public"."Miele_Token"."re -Params: [1,1,0] -Duration: 8ms
[08/08/2026 21:01:23] PRISMA: SELECT "public"."Miele_Token"."id", "public"."Miele_Token"."accessToken", "public"."Miele_Token"."re -Params: [1,1,0] -Duration: 14ms
[08/08/2026 21:04:39] PRISMA: SELECT "public"."Weather_Forecast"."id", "public"."Weather_Forecast"."time", "public"."Weather_Forec -Params: ["2026-08-08 00:00:00 UTC",0] -Duration: 2ms
[08/08/2026 21:04:39] PRISMA: SELECT "public"."User"."id", "public"."User"."username", "public"."User"."password_hash", "public"." -Params: ["Parents",1,0] -Duration: 1ms
[08/08/2026 21:04:50] PRISMA: SELECT "public"."Weather_Forecast"."id", "public"."Weather_Forecast"."time", "public"."Weather_Forec -Params: ["2026-08-08 00:00:00 UTC",0] -Duration: 5ms
[08/08/2026 21:04:50] PRISMA: SELECT "public"."User"."id", "public"."User"."username", "public"."User"."password_hash", "public"." -Params: ["Parents",1,0] -Duration: 1ms
[08/08/2026 21:05:01] PRISMA: INSERT INTO "public"."Solar_Data" ("hour","Watts","total") VALUES ($1,$2,$3) RETURNING "public"."Sol -Params: ["2026-08-08 19:05:01.815 UTC",9,38941] -Duration: 14ms
[08/08/2026 21:05:30] PRISMA: SELECT "public"."Weather_Forecast"."id", "public"."Weather_Forecast"."time", "public"."Weather_Forec -Params: ["2026-08-08 00:00:00 UTC",0] -Duration: 2ms
[08/08/2026 21:05:30] PRISMA: SELECT "public"."User"."id", "public"."User"."username", "public"."User"."password_hash", "public"." -Params: ["Parents",1,0] -Duration: 2ms
[08/08/2026 21:10:08] PRISMA: SELECT 1 -Params: [] -Duration: 5ms
[08/08/2026 21:10:08] PRISMA: INSERT INTO "public"."Solar_Data" ("hour","Watts","total") VALUES ($1,$2,$3) RETURNING "public"."Sol -Params: ["2026-08-08 19:10:08.278 UTC",14,38942] -Duration: 10ms
[08/08/2026 21:11:07] PRISMA: SELECT "public"."Weather_Forecast"."id", "public"."Weather_Forecast"."time", "public"."Weather_Forec -Params: ["2026-08-08 00:00:00 UTC",0] -Duration: 5ms
[08/08/2026 21:11:07] PRISMA: SELECT "public"."User"."id", "public"."User"."username", "public"."User"."password_hash", "public"." -Params: ["Parents",1,0] -Duration: 1ms
[08/08/2026 21:11:15] PRISMA: SELECT "public"."Weather_Forecast"."id", "public"."Weather_Forecast"."time", "public"."Weather_Forec -Params: ["2026-08-08 00:00:00 UTC",0] -Duration: 2ms
[08/08/2026 21:11:15] PRISMA: SELECT "public"."User"."id", "public"."User"."username", "public"."User"."password_hash", "public"." -Params: ["Parents",1,0] -Duration: 1ms
[08/08/2026 21:11:23] PRISMA: SELECT "public"."Weather_Forecast"."id", "public"."Weather_Forecast"."time", "public"."Weather_Forec -Params: ["2026-08-08 00:00:00 UTC",0] -Duration: 2ms
[08/08/2026 21:11:23] PRISMA: SELECT "public"."User"."id", "public"."User"."username", "public"."User"."password_hash", "public"." -Params: ["Parents",1,0] -Duration: 1ms
[08/08/2026 21:12:52] PRISMA: SELECT "public"."Weather_Forecast"."id", "public"."Weather_Forecast"."time", "public"."Weather_Forec -Params: ["2026-08-08 00:00:00 UTC",0] -Duration: 2ms
[08/08/2026 21:12:52] PRISMA: INSERT INTO "public"."Weather_Forecast" ("time","temp","SolarRay","updatedAt") VALUES ($1,$2,$3,$4)  -Params: ["2026-08-08 00:00:00 UTC",17.3,0,"2026-08-08 19:12:52.675 UTC",17.3,"2026-08-08 19:12:52.675 UTC","2026-08-08 00:00:00 UTC"] -Duration: 4ms
[08/08/2026 21:12:52] PRISMA: INSERT INTO "public"."Weather_Forecast" ("time","temp","SolarRay","updatedAt") VALUES ($1,$2,$3,$4)  -Params: ["2026-08-08 01:00:00 UTC",16.8,0,"2026-08-08 19:12:52.681 UTC",16.8,"2026-08-08 19:12:52.681 UTC","2026-08-08 01:00:00 UTC"] -Duration: 0ms
[08/08/2026 21:12:52] PRISMA: INSERT INTO "public"."Weather_Forecast" ("time","temp","SolarRay","updatedAt") VALUES ($1,$2,$3,$4)  -Params: ["2026-08-08 02:00:00 UTC",16.1,0,"2026-08-08 19:12:52.683 UTC",16.1,"2026-08-08 19:12:52.683 UTC","2026-08-08 02:00:00 UTC"] -Duration: 0ms
[08/08/2026 21:12:52] PRISMA: INSERT INTO "public"."Weather_Forecast" ("time","temp","SolarRay","updatedAt") VALUES ($1,$2,$3,$4)  -Params: ["2026-08-08 03:00:00 UTC",15.5,0,"2026-08-08 19:12:52.684 UTC",15.5,"2026-08-08 19:12:52.684 UTC","2026-08-08 03:00:00 UTC"] -Duration: 0ms
[08/08/2026 21:12:52] PRISMA: INSERT INTO "public"."Weather_Forecast" ("time","temp","SolarRay","updatedAt") VALUES ($1,$2,$3,$4)  -Params: ["2026-08-08 04:00:00 UTC",15.1,0,"2026-08-08 19:12:52.685 UTC",15.1,"2026-08-08 19:12:52.685 UTC","2026-08-08 04:00:00 UTC"] -Duration: 0ms
[08/08/2026 21:12:52] PRISMA: INSERT INTO "public"."Weather_Forecast" ("time","temp","SolarRay","updatedAt") VALUES ($1,$2,$3,$4)  -Params: ["2026-08-08 05:00:00 UTC",15.1,15,"2026-08-08 19:12:52.686 UTC",15.1,"2026-08-08 19:12:52.686 UTC","2026-08-08 05:00:00 UTC"] -Duration: 0ms
[08/08/2026 21:12:52] PRISMA: INSERT INTO "public"."Weather_Forecast" ("time","temp","SolarRay","updatedAt") VALUES ($1,$2,$3,$4)  -Params: ["2026-08-08 06:00:00 UTC",16.8,121,"2026-08-08 19:12:52.687 UTC",16.8,"2026-08-08 19:12:52.687 UTC","2026-08-08 06:00:00 UTC"] -Duration: 0ms
[08/08/2026 21:12:52] PRISMA: INSERT INTO "public"."Weather_Forecast" ("time","temp","SolarRay","updatedAt") VALUES ($1,$2,$3,$4)  -Params: ["2026-08-08 07:00:00 UTC",19,277,"2026-08-08 19:12:52.688 UTC",19,"2026-08-08 19:12:52.688 UTC","2026-08-08 07:00:00 UTC"] -Duration: 0ms
[08/08/2026 21:12:52] PRISMA: INSERT INTO "public"."Weather_Forecast" ("time","temp","SolarRay","updatedAt") VALUES ($1,$2,$3,$4)  -Params: ["2026-08-08 08:00:00 UTC",21.1,440,"2026-08-08 19:12:52.690 UTC",21.1,"2026-08-08 19:12:52.690 UTC","2026-08-08 08:00:00 UTC"] -Duration: 0ms
[08/08/2026 21:12:52] PRISMA: INSERT INTO "public"."Weather_Forecast" ("time","temp","SolarRay","updatedAt") VALUES ($1,$2,$3,$4)  -Params: ["2026-08-08 09:00:00 UTC",22.4,587,"2026-08-08 19:12:52.691 UTC",22.4,"2026-08-08 19:12:52.691 UTC","2026-08-08 09:00:00 UTC"] -Duration: 0ms
[08/08/2026 21:12:52] PRISMA: INSERT INTO "public"."Weather_Forecast" ("time","temp","SolarRay","updatedAt") VALUES ($1,$2,$3,$4)  -Params: ["2026-08-08 10:00:00 UTC",23.8,711,"2026-08-08 19:12:52.692 UTC",23.8,"2026-08-08 19:12:52.692 UTC","2026-08-08 10:00:00 UTC"] -Duration: 0ms
[08/08/2026 21:12:52] PRISMA: INSERT INTO "public"."Weather_Forecast" ("time","temp","SolarRay","updatedAt") VALUES ($1,$2,$3,$4)  -Params: ["2026-08-08 11:00:00 UTC",25.2,803,"2026-08-08 19:12:52.693 UTC",25.2,"2026-08-08 19:12:52.693 UTC","2026-08-08 11:00:00 UTC"] -Duration: 0ms
[08/08/2026 21:12:52] PRISMA: INSERT INTO "public"."Weather_Forecast" ("time","temp","SolarRay","updatedAt") VALUES ($1,$2,$3,$4)  -Params: ["2026-08-08 12:00:00 UTC",26.4,833,"2026-08-08 19:12:52.694 UTC",26.4,"2026-08-08 19:12:52.694 UTC","2026-08-08 12:00:00 UTC"] -Duration: 0ms
[08/08/2026 21:12:52] PRISMA: INSERT INTO "public"."Weather_Forecast" ("time","temp","SolarRay","updatedAt") VALUES ($1,$2,$3,$4)  -Params: ["2026-08-08 13:00:00 UTC",27,832,"2026-08-08 19:12:52.694 UTC",27,"2026-08-08 19:12:52.694 UTC","2026-08-08 13:00:00 UTC"] -Duration: 0ms
[08/08/2026 21:12:52] PRISMA: INSERT INTO "public"."Weather_Forecast" ("time","temp","SolarRay","updatedAt") VALUES ($1,$2,$3,$4)  -Params: ["2026-08-08 14:00:00 UTC",28,776,"2026-08-08 19:12:52.695 UTC",28,"2026-08-08 19:12:52.695 UTC","2026-08-08 14:00:00 UTC"] -Duration: 0ms
[08/08/2026 21:12:52] PRISMA: INSERT INTO "public"."Weather_Forecast" ("time","temp","SolarRay","updatedAt") VALUES ($1,$2,$3,$4)  -Params: ["2026-08-08 15:00:00 UTC",28.3,665,"2026-08-08 19:12:52.696 UTC",28.3,"2026-08-08 19:12:52.696 UTC","2026-08-08 15:00:00 UTC"] -Duration: 0ms
[08/08/2026 21:12:52] PRISMA: INSERT INTO "public"."Weather_Forecast" ("time","temp","SolarRay","updatedAt") VALUES ($1,$2,$3,$4)  -Params: ["2026-08-08 16:00:00 UTC",28.1,532,"2026-08-08 19:12:52.696 UTC",28.1,"2026-08-08 19:12:52.696 UTC","2026-08-08 16:00:00 UTC"] -Duration: 0ms
[08/08/2026 21:12:52] PRISMA: INSERT INTO "public"."Weather_Forecast" ("time","temp","SolarRay","updatedAt") VALUES ($1,$2,$3,$4)  -Params: ["2026-08-08 17:00:00 UTC",28.2,321,"2026-08-08 19:12:52.697 UTC",28.2,"2026-08-08 19:12:52.697 UTC","2026-08-08 17:00:00 UTC"] -Duration: 0ms
[08/08/2026 21:12:52] PRISMA: INSERT INTO "public"."Weather_Forecast" ("time","temp","SolarRay","updatedAt") VALUES ($1,$2,$3,$4)  -Params: ["2026-08-08 18:00:00 UTC",26.9,200,"2026-08-08 19:12:52.698 UTC",26.9,"2026-08-08 19:12:52.698 UTC","2026-08-08 18:00:00 UTC"] -Duration: 0ms
[08/08/2026 21:12:52] PRISMA: INSERT INTO "public"."Weather_Forecast" ("time","temp","SolarRay","updatedAt") VALUES ($1,$2,$3,$4)  -Params: ["2026-08-08 19:00:00 UTC",25.6,65,"2026-08-08 19:12:52.698 UTC",25.6,"2026-08-08 19:12:52.698 UTC","2026-08-08 19:00:00 UTC"] -Duration: 0ms
[08/08/2026 21:12:52] PRISMA: INSERT INTO "public"."Weather_Forecast" ("time","temp","SolarRay","updatedAt") VALUES ($1,$2,$3,$4)  -Params: ["2026-08-08 20:00:00 UTC",24.1,1,"2026-08-08 19:12:52.699 UTC",24.1,"2026-08-08 19:12:52.699 UTC","2026-08-08 20:00:00 UTC"] -Duration: 0ms
[08/08/2026 21:12:52] PRISMA: INSERT INTO "public"."Weather_Forecast" ("time","temp","SolarRay","updatedAt") VALUES ($1,$2,$3,$4)  -Params: ["2026-08-08 21:00:00 UTC",22.9,0,"2026-08-08 19:12:52.700 UTC",22.9,"2026-08-08 19:12:52.700 UTC","2026-08-08 21:00:00 UTC"] -Duration: 0ms
[08/08/2026 21:12:52] PRISMA: INSERT INTO "public"."Weather_Forecast" ("time","temp","SolarRay","updatedAt") VALUES ($1,$2,$3,$4)  -Params: ["2026-08-08 22:00:00 UTC",21.9,0,"2026-08-08 19:12:52.700 UTC",21.9,"2026-08-08 19:12:52.700 UTC","2026-08-08 22:00:00 UTC"] -Duration: 0ms
[08/08/2026 21:12:52] PRISMA: INSERT INTO "public"."Weather_Forecast" ("time","temp","SolarRay","updatedAt") VALUES ($1,$2,$3,$4)  -Params: ["2026-08-08 23:00:00 UTC",21.3,0,"2026-08-08 19:12:52.701 UTC",21.3,"2026-08-08 19:12:52.701 UTC","2026-08-08 23:00:00 UTC"] -Duration: 0ms
[08/08/2026 21:12:52] PRISMA: INSERT INTO "public"."Weather_Forecast" ("time","temp","SolarRay","updatedAt") VALUES ($1,$2,$3,$4)  -Params: ["2026-08-09 00:00:00 UTC",20.5,0,"2026-08-08 19:12:52.702 UTC",20.5,"2026-08-08 19:12:52.702 UTC","2026-08-09 00:00:00 UTC"] -Duration: 3ms
[08/08/2026 21:12:52] PRISMA: INSERT INTO "public"."Weather_Forecast" ("time","temp","SolarRay","updatedAt") VALUES ($1,$2,$3,$4)  -Params: ["2026-08-09 01:00:00 UTC",19.9,0,"2026-08-08 19:12:52.706 UTC",19.9,"2026-08-08 19:12:52.706 UTC","2026-08-09 01:00:00 UTC"] -Duration: 0ms
[08/08/2026 21:12:52] PRISMA: INSERT INTO "public"."Weather_Forecast" ("time","temp","SolarRay","updatedAt") VALUES ($1,$2,$3,$4)  -Params: ["2026-08-09 02:00:00 UTC",19,0,"2026-08-08 19:12:52.709 UTC",19,"2026-08-08 19:12:52.709 UTC","2026-08-09 02:00:00 UTC"] -Duration: 0ms
[08/08/2026 21:12:52] PRISMA: INSERT INTO "public"."Weather_Forecast" ("time","temp","SolarRay","updatedAt") VALUES ($1,$2,$3,$4)  -Params: ["2026-08-09 03:00:00 UTC",17.9,0,"2026-08-08 19:12:52.711 UTC",17.9,"2026-08-08 19:12:52.711 UTC","2026-08-09 03:00:00 UTC"] -Duration: 0ms
[08/08/2026 21:12:52] PRISMA: INSERT INTO "public"."Weather_Forecast" ("time","temp","SolarRay","updatedAt") VALUES ($1,$2,$3,$4)  -Params: ["2026-08-09 04:00:00 UTC",17.7,0,"2026-08-08 19:12:52.711 UTC",17.7,"2026-08-08 19:12:52.711 UTC","2026-08-09 04:00:00 UTC"] -Duration: 0ms
[08/08/2026 21:12:52] PRISMA: INSERT INTO "public"."Weather_Forecast" ("time","temp","SolarRay","updatedAt") VALUES ($1,$2,$3,$4)  -Params: ["2026-08-09 05:00:00 UTC",17.9,13,"2026-08-08 19:12:52.712 UTC",17.9,"2026-08-08 19:12:52.712 UTC","2026-08-09 05:00:00 UTC"] -Duration: 0ms
[08/08/2026 21:12:52] PRISMA: INSERT INTO "public"."Weather_Forecast" ("time","temp","SolarRay","updatedAt") VALUES ($1,$2,$3,$4)  -Params: ["2026-08-09 06:00:00 UTC",19.4,113,"2026-08-08 19:12:52.713 UTC",19.4,"2026-08-08 19:12:52.713 UTC","2026-08-09 06:00:00 UTC"] -Duration: 0ms
[08/08/2026 21:12:52] PRISMA: INSERT INTO "public"."Weather_Forecast" ("time","temp","SolarRay","updatedAt") VALUES ($1,$2,$3,$4)  -Params: ["2026-08-09 07:00:00 UTC",22.8,267,"2026-08-08 19:12:52.714 UTC",22.8,"2026-08-08 19:12:52.714 UTC","2026-08-09 07:00:00 UTC"] -Duration: 0ms
[08/08/2026 21:12:52] PRISMA: INSERT INTO "public"."Weather_Forecast" ("time","temp","SolarRay","updatedAt") VALUES ($1,$2,$3,$4)  -Params: ["2026-08-09 08:00:00 UTC",25.4,423,"2026-08-08 19:12:52.714 UTC",25.4,"2026-08-08 19:12:52.714 UTC","2026-08-09 08:00:00 UTC"] -Duration: 0ms
[08/08/2026 21:12:52] PRISMA: INSERT INTO "public"."Weather_Forecast" ("time","temp","SolarRay","updatedAt") VALUES ($1,$2,$3,$4)  -Params: ["2026-08-09 09:00:00 UTC",26.3,348,"2026-08-08 19:12:52.715 UTC",26.3,"2026-08-08 19:12:52.715 UTC","2026-08-09 09:00:00 UTC"] -Duration: 0ms
[08/08/2026 21:12:52] PRISMA: INSERT INTO "public"."Weather_Forecast" ("time","temp","SolarRay","updatedAt") VALUES ($1,$2,$3,$4)  -Params: ["2026-08-09 10:00:00 UTC",26.6,148,"2026-08-08 19:12:52.716 UTC",26.6,"2026-08-08 19:12:52.716 UTC","2026-08-09 10:00:00 UTC"] -Duration: 0ms
[08/08/2026 21:12:52] PRISMA: INSERT INTO "public"."Weather_Forecast" ("time","temp","SolarRay","updatedAt") VALUES ($1,$2,$3,$4)  -Params: ["2026-08-09 11:00:00 UTC",27.2,307,"2026-08-08 19:12:52.717 UTC",27.2,"2026-08-08 19:12:52.717 UTC","2026-08-09 11:00:00 UTC"] -Duration: 0ms
[08/08/2026 21:12:52] PRISMA: INSERT INTO "public"."Weather_Forecast" ("time","temp","SolarRay","updatedAt") VALUES ($1,$2,$3,$4)  -Params: ["2026-08-09 12:00:00 UTC",26.6,125,"2026-08-08 19:12:52.717 UTC",26.6,"2026-08-08 19:12:52.717 UTC","2026-08-09 12:00:00 UTC"] -Duration: 0ms
[08/08/2026 21:12:52] PRISMA: INSERT INTO "public"."Weather_Forecast" ("time","temp","SolarRay","updatedAt") VALUES ($1,$2,$3,$4)  -Params: ["2026-08-09 13:00:00 UTC",26.4,169,"2026-08-08 19:12:52.718 UTC",26.4,"2026-08-08 19:12:52.718 UTC","2026-08-09 13:00:00 UTC"] -Duration: 0ms
[08/08/2026 21:12:52] PRISMA: INSERT INTO "public"."Weather_Forecast" ("time","temp","SolarRay","updatedAt") VALUES ($1,$2,$3,$4)  -Params: ["2026-08-09 14:00:00 UTC",26.3,105,"2026-08-08 19:12:52.719 UTC",26.3,"2026-08-08 19:12:52.719 UTC","2026-08-09 14:00:00 UTC"] -Duration: 0ms
[08/08/2026 21:12:52] PRISMA: INSERT INTO "public"."Weather_Forecast" ("time","temp","SolarRay","updatedAt") VALUES ($1,$2,$3,$4)  -Params: ["2026-08-09 15:00:00 UTC",25.5,66,"2026-08-08 19:12:52.720 UTC",25.5,"2026-08-08 19:12:52.720 UTC","2026-08-09 15:00:00 UTC"] -Duration: 0ms
[08/08/2026 21:12:52] PRISMA: INSERT INTO "public"."Weather_Forecast" ("time","temp","SolarRay","updatedAt") VALUES ($1,$2,$3,$4)  -Params: ["2026-08-09 16:00:00 UTC",26.3,198,"2026-08-08 19:12:52.720 UTC",26.3,"2026-08-08 19:12:52.720 UTC","2026-08-09 16:00:00 UTC"] -Duration: 0ms
[08/08/2026 21:12:52] PRISMA: INSERT INTO "public"."Weather_Forecast" ("time","temp","SolarRay","updatedAt") VALUES ($1,$2,$3,$4)  -Params: ["2026-08-09 17:00:00 UTC",26.8,355,"2026-08-08 19:12:52.721 UTC",26.8,"2026-08-08 19:12:52.721 UTC","2026-08-09 17:00:00 UTC"] -Duration: 0ms
[08/08/2026 21:12:52] PRISMA: INSERT INTO "public"."Weather_Forecast" ("time","temp","SolarRay","updatedAt") VALUES ($1,$2,$3,$4)  -Params: ["2026-08-09 18:00:00 UTC",26.4,198,"2026-08-08 19:12:52.721 UTC",26.4,"2026-08-08 19:12:52.721 UTC","2026-08-09 18:00:00 UTC"] -Duration: 0ms
[08/08/2026 21:12:52] PRISMA: INSERT INTO "public"."Weather_Forecast" ("time","temp","SolarRay","updatedAt") VALUES ($1,$2,$3,$4)  -Params: ["2026-08-09 19:00:00 UTC",25.2,57,"2026-08-08 19:12:52.722 UTC",25.2,"2026-08-08 19:12:52.722 UTC","2026-08-09 19:00:00 UTC"] -Duration: 0ms
[08/08/2026 21:12:52] PRISMA: INSERT INTO "public"."Weather_Forecast" ("time","temp","SolarRay","updatedAt") VALUES ($1,$2,$3,$4)  -Params: ["2026-08-09 20:00:00 UTC",25.1,0,"2026-08-08 19:12:52.723 UTC",25.1,"2026-08-08 19:12:52.723 UTC","2026-08-09 20:00:00 UTC"] -Duration: 0ms
[08/08/2026 21:12:52] PRISMA: INSERT INTO "public"."Weather_Forecast" ("time","temp","SolarRay","updatedAt") VALUES ($1,$2,$3,$4)  -Params: ["2026-08-09 21:00:00 UTC",24.3,0,"2026-08-08 19:12:52.723 UTC",24.3,"2026-08-08 19:12:52.723 UTC","2026-08-09 21:00:00 UTC"] -Duration: 0ms
[08/08/2026 21:12:52] PRISMA: INSERT INTO "public"."Weather_Forecast" ("time","temp","SolarRay","updatedAt") VALUES ($1,$2,$3,$4)  -Params: ["2026-08-09 22:00:00 UTC",24,0,"2026-08-08 19:12:52.724 UTC",24,"2026-08-08 19:12:52.724 UTC","2026-08-09 22:00:00 UTC"] -Duration: 0ms
[08/08/2026 21:12:52] PRISMA: INSERT INTO "public"."Weather_Forecast" ("time","temp","SolarRay","updatedAt") VALUES ($1,$2,$3,$4)  -Params: ["2026-08-09 23:00:00 UTC",23.5,0,"2026-08-08 19:12:52.725 UTC",23.5,"2026-08-08 19:12:52.725 UTC","2026-08-09 23:00:00 UTC"] -Duration: 0ms
[08/08/2026 21:12:52] PRISMA: INSERT INTO "public"."Weather_Forecast" ("time","temp","SolarRay","updatedAt") VALUES ($1,$2,$3,$4)  -Params: ["2026-08-10 00:00:00 UTC",22.5,0,"2026-08-08 19:12:52.725 UTC",22.5,"2026-08-08 19:12:52.725 UTC","2026-08-10 00:00:00 UTC"] -Duration: 0ms
[08/08/2026 21:12:52] PRISMA: INSERT INTO "public"."Weather_Forecast" ("time","temp","SolarRay","updatedAt") VALUES ($1,$2,$3,$4)  -Params: ["2026-08-10 01:00:00 UTC",21.5,0,"2026-08-08 19:12:52.726 UTC",21.5,"2026-08-08 19:12:52.726 UTC","2026-08-10 01:00:00 UTC"] -Duration: 0ms
[08/08/2026 21:12:52] PRISMA: INSERT INTO "public"."Weather_Forecast" ("time","temp","SolarRay","updatedAt") VALUES ($1,$2,$3,$4)  -Params: ["2026-08-10 02:00:00 UTC",20.7,0,"2026-08-08 19:12:52.726 UTC",20.7,"2026-08-08 19:12:52.726 UTC","2026-08-10 02:00:00 UTC"] -Duration: 0ms
[08/08/2026 21:12:52] PRISMA: INSERT INTO "public"."Weather_Forecast" ("time","temp","SolarRay","updatedAt") VALUES ($1,$2,$3,$4)  -Params: ["2026-08-10 03:00:00 UTC",19.9,0,"2026-08-08 19:12:52.727 UTC",19.9,"2026-08-08 19:12:52.727 UTC","2026-08-10 03:00:00 UTC"] -Duration: 0ms
[08/08/2026 21:12:52] PRISMA: INSERT INTO "public"."Weather_Forecast" ("time","temp","SolarRay","updatedAt") VALUES ($1,$2,$3,$4)  -Params: ["2026-08-10 04:00:00 UTC",19,0,"2026-08-08 19:12:52.728 UTC",19,"2026-08-08 19:12:52.728 UTC","2026-08-10 04:00:00 UTC"] -Duration: 0ms
[08/08/2026 21:12:52] PRISMA: INSERT INTO "public"."Weather_Forecast" ("time","temp","SolarRay","updatedAt") VALUES ($1,$2,$3,$4)  -Params: ["2026-08-10 05:00:00 UTC",18.4,11,"2026-08-08 19:12:52.728 UTC",18.4,"2026-08-08 19:12:52.728 UTC","2026-08-10 05:00:00 UTC"] -Duration: 0ms
[08/08/2026 21:12:52] PRISMA: INSERT INTO "public"."Weather_Forecast" ("time","temp","SolarRay","updatedAt") VALUES ($1,$2,$3,$4)  -Params: ["2026-08-10 06:00:00 UTC",18.7,105,"2026-08-08 19:12:52.729 UTC",18.7,"2026-08-08 19:12:52.729 UTC","2026-08-10 06:00:00 UTC"] -Duration: 0ms
[08/08/2026 21:12:52] PRISMA: INSERT INTO "public"."Weather_Forecast" ("time","temp","SolarRay","updatedAt") VALUES ($1,$2,$3,$4)  -Params: ["2026-08-10 07:00:00 UTC",19.8,248,"2026-08-08 19:12:52.729 UTC",19.8,"2026-08-08 19:12:52.729 UTC","2026-08-10 07:00:00 UTC"] -Duration: 0ms
[08/08/2026 21:12:52] PRISMA: INSERT INTO "public"."Weather_Forecast" ("time","temp","SolarRay","updatedAt") VALUES ($1,$2,$3,$4)  -Params: ["2026-08-10 08:00:00 UTC",22,406,"2026-08-08 19:12:52.730 UTC",22,"2026-08-08 19:12:52.730 UTC","2026-08-10 08:00:00 UTC"] -Duration: 0ms
[08/08/2026 21:12:52] PRISMA: INSERT INTO "public"."Weather_Forecast" ("time","temp","SolarRay","updatedAt") VALUES ($1,$2,$3,$4)  -Params: ["2026-08-10 09:00:00 UTC",24.2,559,"2026-08-08 19:12:52.730 UTC",24.2,"2026-08-08 19:12:52.730 UTC","2026-08-10 09:00:00 UTC"] -Duration: 0ms
[08/08/2026 21:12:52] PRISMA: INSERT INTO "public"."Weather_Forecast" ("time","temp","SolarRay","updatedAt") VALUES ($1,$2,$3,$4)  -Params: ["2026-08-10 10:00:00 UTC",26,671,"2026-08-08 19:12:52.731 UTC",26,"2026-08-08 19:12:52.731 UTC","2026-08-10 10:00:00 UTC"] -Duration: 0ms
[08/08/2026 21:12:52] PRISMA: INSERT INTO "public"."Weather_Forecast" ("time","temp","SolarRay","updatedAt") VALUES ($1,$2,$3,$4)  -Params: ["2026-08-10 11:00:00 UTC",27,758,"2026-08-08 19:12:52.731 UTC",27,"2026-08-08 19:12:52.731 UTC","2026-08-10 11:00:00 UTC"] -Duration: 0ms
[08/08/2026 21:12:52] PRISMA: INSERT INTO "public"."Weather_Forecast" ("time","temp","SolarRay","updatedAt") VALUES ($1,$2,$3,$4)  -Params: ["2026-08-10 12:00:00 UTC",27.2,768,"2026-08-08 19:12:52.732 UTC",27.2,"2026-08-08 19:12:52.732 UTC","2026-08-10 12:00:00 UTC"] -Duration: 0ms
[08/08/2026 21:12:52] PRISMA: INSERT INTO "public"."Weather_Forecast" ("time","temp","SolarRay","updatedAt") VALUES ($1,$2,$3,$4)  -Params: ["2026-08-10 13:00:00 UTC",27.3,710,"2026-08-08 19:12:52.732 UTC",27.3,"2026-08-08 19:12:52.732 UTC","2026-08-10 13:00:00 UTC"] -Duration: 0ms
[08/08/2026 21:12:52] PRISMA: INSERT INTO "public"."Weather_Forecast" ("time","temp","SolarRay","updatedAt") VALUES ($1,$2,$3,$4)  -Params: ["2026-08-10 14:00:00 UTC",27.3,692,"2026-08-08 19:12:52.733 UTC",27.3,"2026-08-08 19:12:52.733 UTC","2026-08-10 14:00:00 UTC"] -Duration: 0ms
[08/08/2026 21:12:52] PRISMA: INSERT INTO "public"."Weather_Forecast" ("time","temp","SolarRay","updatedAt") VALUES ($1,$2,$3,$4)  -Params: ["2026-08-10 15:00:00 UTC",25.9,407,"2026-08-08 19:12:52.734 UTC",25.9,"2026-08-08 19:12:52.734 UTC","2026-08-10 15:00:00 UTC"] -Duration: 0ms
[08/08/2026 21:12:52] PRISMA: INSERT INTO "public"."Weather_Forecast" ("time","temp","SolarRay","updatedAt") VALUES ($1,$2,$3,$4)  -Params: ["2026-08-10 16:00:00 UTC",25.4,315,"2026-08-08 19:12:52.734 UTC",25.4,"2026-08-08 19:12:52.734 UTC","2026-08-10 16:00:00 UTC"] -Duration: 0ms
[08/08/2026 21:12:52] PRISMA: INSERT INTO "public"."Weather_Forecast" ("time","temp","SolarRay","updatedAt") VALUES ($1,$2,$3,$4)  -Params: ["2026-08-10 17:00:00 UTC",24.9,226,"2026-08-08 19:12:52.735 UTC",24.9,"2026-08-08 19:12:52.735 UTC","2026-08-10 17:00:00 UTC"] -Duration: 0ms
[08/08/2026 21:12:52] PRISMA: INSERT INTO "public"."Weather_Forecast" ("time","temp","SolarRay","updatedAt") VALUES ($1,$2,$3,$4)  -Params: ["2026-08-10 18:00:00 UTC",24,193,"2026-08-08 19:12:52.735 UTC",24,"2026-08-08 19:12:52.735 UTC","2026-08-10 18:00:00 UTC"] -Duration: 0ms
[08/08/2026 21:12:52] PRISMA: INSERT INTO "public"."Weather_Forecast" ("time","temp","SolarRay","updatedAt") VALUES ($1,$2,$3,$4)  -Params: ["2026-08-10 19:00:00 UTC",22.7,60,"2026-08-08 19:12:52.736 UTC",22.7,"2026-08-08 19:12:52.736 UTC","2026-08-10 19:00:00 UTC"] -Duration: 0ms
[08/08/2026 21:12:52] PRISMA: INSERT INTO "public"."Weather_Forecast" ("time","temp","SolarRay","updatedAt") VALUES ($1,$2,$3,$4)  -Params: ["2026-08-10 20:00:00 UTC",21.7,1,"2026-08-08 19:12:52.736 UTC",21.7,"2026-08-08 19:12:52.736 UTC","2026-08-10 20:00:00 UTC"] -Duration: 0ms
[08/08/2026 21:12:52] PRISMA: INSERT INTO "public"."Weather_Forecast" ("time","temp","SolarRay","updatedAt") VALUES ($1,$2,$3,$4)  -Params: ["2026-08-10 21:00:00 UTC",20.5,0,"2026-08-08 19:12:52.737 UTC",20.5,"2026-08-08 19:12:52.737 UTC","2026-08-10 21:00:00 UTC"] -Duration: 0ms
[08/08/2026 21:12:52] PRISMA: INSERT INTO "public"."Weather_Forecast" ("time","temp","SolarRay","updatedAt") VALUES ($1,$2,$3,$4)  -Params: ["2026-08-10 22:00:00 UTC",19.6,0,"2026-08-08 19:12:52.737 UTC",19.6,"2026-08-08 19:12:52.737 UTC","2026-08-10 22:00:00 UTC"] -Duration: 0ms
[08/08/2026 21:12:52] PRISMA: INSERT INTO "public"."Weather_Forecast" ("time","temp","SolarRay","updatedAt") VALUES ($1,$2,$3,$4)  -Params: ["2026-08-10 23:00:00 UTC",18.9,0,"2026-08-08 19:12:52.738 UTC",18.9,"2026-08-08 19:12:52.738 UTC","2026-08-10 23:00:00 UTC"] -Duration: 0ms
[08/08/2026 21:12:52] PRISMA: INSERT INTO "public"."Weather_Forecast" ("time","temp","SolarRay","updatedAt") VALUES ($1,$2,$3,$4)  -Params: ["2026-08-11 00:00:00 UTC",18,0,"2026-08-08 19:12:52.738 UTC",18,"2026-08-08 19:12:52.738 UTC","2026-08-11 00:00:00 UTC"] -Duration: 0ms
[08/08/2026 21:12:52] PRISMA: INSERT INTO "public"."Weather_Forecast" ("time","temp","SolarRay","updatedAt") VALUES ($1,$2,$3,$4)  -Params: ["2026-08-11 01:00:00 UTC",17.3,0,"2026-08-08 19:12:52.739 UTC",17.3,"2026-08-08 19:12:52.739 UTC","2026-08-11 01:00:00 UTC"] -Duration: 0ms
[08/08/2026 21:12:52] PRISMA: INSERT INTO "public"."Weather_Forecast" ("time","temp","SolarRay","updatedAt") VALUES ($1,$2,$3,$4)  -Params: ["2026-08-11 02:00:00 UTC",16.5,0,"2026-08-08 19:12:52.739 UTC",16.5,"2026-08-08 19:12:52.739 UTC","2026-08-11 02:00:00 UTC"] -Duration: 0ms
[08/08/2026 21:12:52] PRISMA: INSERT INTO "public"."Weather_Forecast" ("time","temp","SolarRay","updatedAt") VALUES ($1,$2,$3,$4)  -Params: ["2026-08-11 03:00:00 UTC",15.6,0,"2026-08-08 19:12:52.739 UTC",15.6,"2026-08-08 19:12:52.739 UTC","2026-08-11 03:00:00 UTC"] -Duration: 0ms
[08/08/2026 21:12:52] PRISMA: INSERT INTO "public"."Weather_Forecast" ("time","temp","SolarRay","updatedAt") VALUES ($1,$2,$3,$4)  -Params: ["2026-08-11 04:00:00 UTC",14.8,0,"2026-08-08 19:12:52.740 UTC",14.8,"2026-08-08 19:12:52.740 UTC","2026-08-11 04:00:00 UTC"] -Duration: 0ms
[08/08/2026 21:12:52] PRISMA: INSERT INTO "public"."Weather_Forecast" ("time","temp","SolarRay","updatedAt") VALUES ($1,$2,$3,$4)  -Params: ["2026-08-11 05:00:00 UTC",14.3,9,"2026-08-08 19:12:52.740 UTC",14.3,"2026-08-08 19:12:52.740 UTC","2026-08-11 05:00:00 UTC"] -Duration: 0ms
[08/08/2026 21:12:52] PRISMA: INSERT INTO "public"."Weather_Forecast" ("time","temp","SolarRay","updatedAt") VALUES ($1,$2,$3,$4)  -Params: ["2026-08-11 06:00:00 UTC",15,103,"2026-08-08 19:12:52.741 UTC",15,"2026-08-08 19:12:52.741 UTC","2026-08-11 06:00:00 UTC"] -Duration: 0ms
[08/08/2026 21:12:52] PRISMA: INSERT INTO "public"."Weather_Forecast" ("time","temp","SolarRay","updatedAt") VALUES ($1,$2,$3,$4)  -Params: ["2026-08-11 07:00:00 UTC",16.4,254,"2026-08-08 19:12:52.741 UTC",16.4,"2026-08-08 19:12:52.741 UTC","2026-08-11 07:00:00 UTC"] -Duration: 0ms
[08/08/2026 21:12:52] PRISMA: INSERT INTO "public"."Weather_Forecast" ("time","temp","SolarRay","updatedAt") VALUES ($1,$2,$3,$4)  -Params: ["2026-08-11 08:00:00 UTC",18.1,416,"2026-08-08 19:12:52.742 UTC",18.1,"2026-08-08 19:12:52.742 UTC","2026-08-11 08:00:00 UTC"] -Duration: 0ms
[08/08/2026 21:12:52] PRISMA: INSERT INTO "public"."Weather_Forecast" ("time","temp","SolarRay","updatedAt") VALUES ($1,$2,$3,$4)  -Params: ["2026-08-11 09:00:00 UTC",19.8,564,"2026-08-08 19:12:52.742 UTC",19.8,"2026-08-08 19:12:52.742 UTC","2026-08-11 09:00:00 UTC"] -Duration: 0ms
[08/08/2026 21:12:52] PRISMA: INSERT INTO "public"."Weather_Forecast" ("time","temp","SolarRay","updatedAt") VALUES ($1,$2,$3,$4)  -Params: ["2026-08-11 10:00:00 UTC",21.3,687,"2026-08-08 19:12:52.743 UTC",21.3,"2026-08-08 19:12:52.743 UTC","2026-08-11 10:00:00 UTC"] -Duration: 0ms
[08/08/2026 21:12:52] PRISMA: INSERT INTO "public"."Weather_Forecast" ("time","temp","SolarRay","updatedAt") VALUES ($1,$2,$3,$4)  -Params: ["2026-08-11 11:00:00 UTC",22.7,771,"2026-08-08 19:12:52.743 UTC",22.7,"2026-08-08 19:12:52.743 UTC","2026-08-11 11:00:00 UTC"] -Duration: 0ms
[08/08/2026 21:12:52] PRISMA: INSERT INTO "public"."Weather_Forecast" ("time","temp","SolarRay","updatedAt") VALUES ($1,$2,$3,$4)  -Params: ["2026-08-11 12:00:00 UTC",23.9,810,"2026-08-08 19:12:52.744 UTC",23.9,"2026-08-08 19:12:52.744 UTC","2026-08-11 12:00:00 UTC"] -Duration: 0ms
[08/08/2026 21:12:52] PRISMA: INSERT INTO "public"."Weather_Forecast" ("time","temp","SolarRay","updatedAt") VALUES ($1,$2,$3,$4)  -Params: ["2026-08-11 13:00:00 UTC",24.7,801,"2026-08-08 19:12:52.744 UTC",24.7,"2026-08-08 19:12:52.744 UTC","2026-08-11 13:00:00 UTC"] -Duration: 0ms
[08/08/2026 21:12:52] PRISMA: INSERT INTO "public"."Weather_Forecast" ("time","temp","SolarRay","updatedAt") VALUES ($1,$2,$3,$4)  -Params: ["2026-08-11 14:00:00 UTC",25.2,744,"2026-08-08 19:12:52.745 UTC",25.2,"2026-08-08 19:12:52.745 UTC","2026-08-11 14:00:00 UTC"] -Duration: 0ms
[08/08/2026 21:12:52] PRISMA: INSERT INTO "public"."Weather_Forecast" ("time","temp","SolarRay","updatedAt") VALUES ($1,$2,$3,$4)  -Params: ["2026-08-11 15:00:00 UTC",25.4,643,"2026-08-08 19:12:52.745 UTC",25.4,"2026-08-08 19:12:52.745 UTC","2026-08-11 15:00:00 UTC"] -Duration: 0ms
[08/08/2026 21:12:52] PRISMA: INSERT INTO "public"."Weather_Forecast" ("time","temp","SolarRay","updatedAt") VALUES ($1,$2,$3,$4)  -Params: ["2026-08-11 16:00:00 UTC",25.1,510,"2026-08-08 19:12:52.746 UTC",25.1,"2026-08-08 19:12:52.746 UTC","2026-08-11 16:00:00 UTC"] -Duration: 0ms
[08/08/2026 21:12:52] PRISMA: INSERT INTO "public"."Weather_Forecast" ("time","temp","SolarRay","updatedAt") VALUES ($1,$2,$3,$4)  -Params: ["2026-08-11 17:00:00 UTC",24.5,353,"2026-08-08 19:12:52.746 UTC",24.5,"2026-08-08 19:12:52.746 UTC","2026-08-11 17:00:00 UTC"] -Duration: 0ms
[08/08/2026 21:12:52] PRISMA: INSERT INTO "public"."Weather_Forecast" ("time","temp","SolarRay","updatedAt") VALUES ($1,$2,$3,$4)  -Params: ["2026-08-11 18:00:00 UTC",23.4,191,"2026-08-08 19:12:52.747 UTC",23.4,"2026-08-08 19:12:52.747 UTC","2026-08-11 18:00:00 UTC"] -Duration: 0ms
[08/08/2026 21:12:52] PRISMA: INSERT INTO "public"."Weather_Forecast" ("time","temp","SolarRay","updatedAt") VALUES ($1,$2,$3,$4)  -Params: ["2026-08-11 19:00:00 UTC",22.4,53,"2026-08-08 19:12:52.747 UTC",22.4,"2026-08-08 19:12:52.747 UTC","2026-08-11 19:00:00 UTC"] -Duration: 0ms
[08/08/2026 21:12:52] PRISMA: INSERT INTO "public"."Weather_Forecast" ("time","temp","SolarRay","updatedAt") VALUES ($1,$2,$3,$4)  -Params: ["2026-08-11 20:00:00 UTC",21.4,1,"2026-08-08 19:12:52.748 UTC",21.4,"2026-08-08 19:12:52.748 UTC","2026-08-11 20:00:00 UTC"] -Duration: 0ms
[08/08/2026 21:12:52] PRISMA: INSERT INTO "public"."Weather_Forecast" ("time","temp","SolarRay","updatedAt") VALUES ($1,$2,$3,$4)  -Params: ["2026-08-11 21:00:00 UTC",20.5,0,"2026-08-08 19:12:52.748 UTC",20.5,"2026-08-08 19:12:52.748 UTC","2026-08-11 21:00:00 UTC"] -Duration: 0ms
[08/08/2026 21:12:52] PRISMA: INSERT INTO "public"."Weather_Forecast" ("time","temp","SolarRay","updatedAt") VALUES ($1,$2,$3,$4)  -Params: ["2026-08-11 22:00:00 UTC",19.7,0,"2026-08-08 19:12:52.749 UTC",19.7,"2026-08-08 19:12:52.749 UTC","2026-08-11 22:00:00 UTC"] -Duration: 0ms
[08/08/2026 21:12:52] PRISMA: INSERT INTO "public"."Weather_Forecast" ("time","temp","SolarRay","updatedAt") VALUES ($1,$2,$3,$4)  -Params: ["2026-08-11 23:00:00 UTC",19,0,"2026-08-08 19:12:52.749 UTC",19,"2026-08-08 19:12:52.749 UTC","2026-08-11 23:00:00 UTC"] -Duration: 0ms
[08/08/2026 21:12:52] PRISMA: INSERT INTO "public"."Weather_Forecast" ("time","temp","SolarRay","updatedAt") VALUES ($1,$2,$3,$4)  -Params: ["2026-08-12 00:00:00 UTC",18.1,0,"2026-08-08 19:12:52.750 UTC",18.1,"2026-08-08 19:12:52.750 UTC","2026-08-12 00:00:00 UTC"] -Duration: 0ms
[08/08/2026 21:12:52] PRISMA: INSERT INTO "public"."Weather_Forecast" ("time","temp","SolarRay","updatedAt") VALUES ($1,$2,$3,$4)  -Params: ["2026-08-12 01:00:00 UTC",17.3,0,"2026-08-08 19:12:52.751 UTC",17.3,"2026-08-08 19:12:52.751 UTC","2026-08-12 01:00:00 UTC"] -Duration: 0ms
[08/08/2026 21:12:52] PRISMA: INSERT INTO "public"."Weather_Forecast" ("time","temp","SolarRay","updatedAt") VALUES ($1,$2,$3,$4)  -Params: ["2026-08-12 02:00:00 UTC",16.7,0,"2026-08-08 19:12:52.751 UTC",16.7,"2026-08-08 19:12:52.751 UTC","2026-08-12 02:00:00 UTC"] -Duration: 0ms
[08/08/2026 21:12:52] PRISMA: INSERT INTO "public"."Weather_Forecast" ("time","temp","SolarRay","updatedAt") VALUES ($1,$2,$3,$4)  -Params: ["2026-08-12 03:00:00 UTC",16.2,0,"2026-08-08 19:12:52.752 UTC",16.2,"2026-08-08 19:12:52.752 UTC","2026-08-12 03:00:00 UTC"] -Duration: 0ms
[08/08/2026 21:12:52] PRISMA: INSERT INTO "public"."Weather_Forecast" ("time","temp","SolarRay","updatedAt") VALUES ($1,$2,$3,$4)  -Params: ["2026-08-12 04:00:00 UTC",15.7,0,"2026-08-08 19:12:52.752 UTC",15.7,"2026-08-08 19:12:52.752 UTC","2026-08-12 04:00:00 UTC"] -Duration: 0ms
[08/08/2026 21:12:52] PRISMA: INSERT INTO "public"."Weather_Forecast" ("time","temp","SolarRay","updatedAt") VALUES ($1,$2,$3,$4)  -Params: ["2026-08-12 05:00:00 UTC",15.5,8,"2026-08-08 19:12:52.753 UTC",15.5,"2026-08-08 19:12:52.753 UTC","2026-08-12 05:00:00 UTC"] -Duration: 0ms
[08/08/2026 21:12:52] PRISMA: INSERT INTO "public"."Weather_Forecast" ("time","temp","SolarRay","updatedAt") VALUES ($1,$2,$3,$4)  -Params: ["2026-08-12 06:00:00 UTC",16.3,103,"2026-08-08 19:12:52.753 UTC",16.3,"2026-08-08 19:12:52.753 UTC","2026-08-12 06:00:00 UTC"] -Duration: 0ms
[08/08/2026 21:12:52] PRISMA: INSERT INTO "public"."Weather_Forecast" ("time","temp","SolarRay","updatedAt") VALUES ($1,$2,$3,$4)  -Params: ["2026-08-12 07:00:00 UTC",17.9,262,"2026-08-08 19:12:52.754 UTC",17.9,"2026-08-08 19:12:52.754 UTC","2026-08-12 07:00:00 UTC"] -Duration: 0ms
[08/08/2026 21:12:52] PRISMA: INSERT INTO "public"."Weather_Forecast" ("time","temp","SolarRay","updatedAt") VALUES ($1,$2,$3,$4)  -Params: ["2026-08-12 08:00:00 UTC",20.1,417,"2026-08-08 19:12:52.754 UTC",20.1,"2026-08-08 19:12:52.754 UTC","2026-08-12 08:00:00 UTC"] -Duration: 0ms
[08/08/2026 21:12:52] PRISMA: INSERT INTO "public"."Weather_Forecast" ("time","temp","SolarRay","updatedAt") VALUES ($1,$2,$3,$4)  -Params: ["2026-08-12 09:00:00 UTC",22.4,560,"2026-08-08 19:12:52.755 UTC",22.4,"2026-08-08 19:12:52.755 UTC","2026-08-12 09:00:00 UTC"] -Duration: 0ms
[08/08/2026 21:12:52] PRISMA: INSERT INTO "public"."Weather_Forecast" ("time","temp","SolarRay","updatedAt") VALUES ($1,$2,$3,$4)  -Params: ["2026-08-12 10:00:00 UTC",24.5,689,"2026-08-08 19:12:52.755 UTC",24.5,"2026-08-08 19:12:52.755 UTC","2026-08-12 10:00:00 UTC"] -Duration: 0ms
[08/08/2026 21:12:52] PRISMA: INSERT INTO "public"."Weather_Forecast" ("time","temp","SolarRay","updatedAt") VALUES ($1,$2,$3,$4)  -Params: ["2026-08-12 11:00:00 UTC",26.7,771,"2026-08-08 19:12:52.755 UTC",26.7,"2026-08-08 19:12:52.755 UTC","2026-08-12 11:00:00 UTC"] -Duration: 0ms
[08/08/2026 21:12:52] PRISMA: INSERT INTO "public"."Weather_Forecast" ("time","temp","SolarRay","updatedAt") VALUES ($1,$2,$3,$4)  -Params: ["2026-08-12 12:00:00 UTC",28.4,808,"2026-08-08 19:12:52.756 UTC",28.4,"2026-08-08 19:12:52.756 UTC","2026-08-12 12:00:00 UTC"] -Duration: 0ms
[08/08/2026 21:12:52] PRISMA: INSERT INTO "public"."Weather_Forecast" ("time","temp","SolarRay","updatedAt") VALUES ($1,$2,$3,$4)  -Params: ["2026-08-12 13:00:00 UTC",29.5,805,"2026-08-08 19:12:52.756 UTC",29.5,"2026-08-08 19:12:52.756 UTC","2026-08-12 13:00:00 UTC"] -Duration: 0ms
[08/08/2026 21:12:52] PRISMA: INSERT INTO "public"."Weather_Forecast" ("time","temp","SolarRay","updatedAt") VALUES ($1,$2,$3,$4)  -Params: ["2026-08-12 14:00:00 UTC",30.3,742,"2026-08-08 19:12:52.757 UTC",30.3,"2026-08-08 19:12:52.757 UTC","2026-08-12 14:00:00 UTC"] -Duration: 0ms
[08/08/2026 21:12:52] PRISMA: INSERT INTO "public"."Weather_Forecast" ("time","temp","SolarRay","updatedAt") VALUES ($1,$2,$3,$4)  -Params: ["2026-08-12 15:00:00 UTC",30.6,636,"2026-08-08 19:12:52.757 UTC",30.6,"2026-08-08 19:12:52.757 UTC","2026-08-12 15:00:00 UTC"] -Duration: 0ms
[08/08/2026 21:12:52] PRISMA: INSERT INTO "public"."Weather_Forecast" ("time","temp","SolarRay","updatedAt") VALUES ($1,$2,$3,$4)  -Params: ["2026-08-12 16:00:00 UTC",30.4,542,"2026-08-08 19:12:52.758 UTC",30.4,"2026-08-08 19:12:52.758 UTC","2026-08-12 16:00:00 UTC"] -Duration: 0ms
[08/08/2026 21:12:52] PRISMA: INSERT INTO "public"."Weather_Forecast" ("time","temp","SolarRay","updatedAt") VALUES ($1,$2,$3,$4)  -Params: ["2026-08-12 17:00:00 UTC",29.7,336,"2026-08-08 19:12:52.758 UTC",29.7,"2026-08-08 19:12:52.758 UTC","2026-08-12 17:00:00 UTC"] -Duration: 0ms
[08/08/2026 21:12:52] PRISMA: INSERT INTO "public"."Weather_Forecast" ("time","temp","SolarRay","updatedAt") VALUES ($1,$2,$3,$4)  -Params: ["2026-08-12 18:00:00 UTC",28.8,145,"2026-08-08 19:12:52.758 UTC",28.8,"2026-08-08 19:12:52.758 UTC","2026-08-12 18:00:00 UTC"] -Duration: 0ms
[08/08/2026 21:12:52] PRISMA: INSERT INTO "public"."Weather_Forecast" ("time","temp","SolarRay","updatedAt") VALUES ($1,$2,$3,$4)  -Params: ["2026-08-12 19:00:00 UTC",27.5,22,"2026-08-08 19:12:52.759 UTC",27.5,"2026-08-08 19:12:52.759 UTC","2026-08-12 19:00:00 UTC"] -Duration: 0ms
[08/08/2026 21:12:52] PRISMA: INSERT INTO "public"."Weather_Forecast" ("time","temp","SolarRay","updatedAt") VALUES ($1,$2,$3,$4)  -Params: ["2026-08-12 20:00:00 UTC",25.9,0,"2026-08-08 19:12:52.759 UTC",25.9,"2026-08-08 19:12:52.759 UTC","2026-08-12 20:00:00 UTC"] -Duration: 0ms
[08/08/2026 21:12:52] PRISMA: INSERT INTO "public"."Weather_Forecast" ("time","temp","SolarRay","updatedAt") VALUES ($1,$2,$3,$4)  -Params: ["2026-08-12 21:00:00 UTC",24.5,0,"2026-08-08 19:12:52.760 UTC",24.5,"2026-08-08 19:12:52.760 UTC","2026-08-12 21:00:00 UTC"] -Duration: 0ms
[08/08/2026 21:12:52] PRISMA: INSERT INTO "public"."Weather_Forecast" ("time","temp","SolarRay","updatedAt") VALUES ($1,$2,$3,$4)  -Params: ["2026-08-12 22:00:00 UTC",23.6,0,"2026-08-08 19:12:52.760 UTC",23.6,"2026-08-08 19:12:52.760 UTC","2026-08-12 22:00:00 UTC"] -Duration: 0ms
[08/08/2026 21:12:52] PRISMA: INSERT INTO "public"."Weather_Forecast" ("time","temp","SolarRay","updatedAt") VALUES ($1,$2,$3,$4)  -Params: ["2026-08-12 23:00:00 UTC",22.8,0,"2026-08-08 19:12:52.761 UTC",22.8,"2026-08-08 19:12:52.761 UTC","2026-08-12 23:00:00 UTC"] -Duration: 0ms
[08/08/2026 21:12:52] PRISMA: INSERT INTO "public"."Weather_Forecast" ("time","temp","SolarRay","updatedAt") VALUES ($1,$2,$3,$4)  -Params: ["2026-08-13 00:00:00 UTC",22.1,0,"2026-08-08 19:12:52.761 UTC",22.1,"2026-08-08 19:12:52.761 UTC","2026-08-13 00:00:00 UTC"] -Duration: 0ms
[08/08/2026 21:12:52] PRISMA: INSERT INTO "public"."Weather_Forecast" ("time","temp","SolarRay","updatedAt") VALUES ($1,$2,$3,$4)  -Params: ["2026-08-13 01:00:00 UTC",21.2,0,"2026-08-08 19:12:52.762 UTC",21.2,"2026-08-08 19:12:52.762 UTC","2026-08-13 01:00:00 UTC"] -Duration: 0ms
[08/08/2026 21:12:52] PRISMA: INSERT INTO "public"."Weather_Forecast" ("time","temp","SolarRay","updatedAt") VALUES ($1,$2,$3,$4)  -Params: ["2026-08-13 02:00:00 UTC",20.3,0,"2026-08-08 19:12:52.763 UTC",20.3,"2026-08-08 19:12:52.763 UTC","2026-08-13 02:00:00 UTC"] -Duration: 0ms
[08/08/2026 21:12:52] PRISMA: INSERT INTO "public"."Weather_Forecast" ("time","temp","SolarRay","updatedAt") VALUES ($1,$2,$3,$4)  -Params: ["2026-08-13 03:00:00 UTC",19.7,0,"2026-08-08 19:12:52.763 UTC",19.7,"2026-08-08 19:12:52.763 UTC","2026-08-13 03:00:00 UTC"] -Duration: 0ms
[08/08/2026 21:12:52] PRISMA: INSERT INTO "public"."Weather_Forecast" ("time","temp","SolarRay","updatedAt") VALUES ($1,$2,$3,$4)  -Params: ["2026-08-13 04:00:00 UTC",19.2,0,"2026-08-08 19:12:52.764 UTC",19.2,"2026-08-08 19:12:52.764 UTC","2026-08-13 04:00:00 UTC"] -Duration: 0ms
[08/08/2026 21:12:52] PRISMA: INSERT INTO "public"."Weather_Forecast" ("time","temp","SolarRay","updatedAt") VALUES ($1,$2,$3,$4)  -Params: ["2026-08-13 05:00:00 UTC",19.1,5,"2026-08-08 19:12:52.764 UTC",19.1,"2026-08-08 19:12:52.764 UTC","2026-08-13 05:00:00 UTC"] -Duration: 0ms
[08/08/2026 21:12:52] PRISMA: INSERT INTO "public"."Weather_Forecast" ("time","temp","SolarRay","updatedAt") VALUES ($1,$2,$3,$4)  -Params: ["2026-08-13 06:00:00 UTC",19.8,103,"2026-08-08 19:12:52.764 UTC",19.8,"2026-08-08 19:12:52.764 UTC","2026-08-13 06:00:00 UTC"] -Duration: 0ms
[08/08/2026 21:12:52] PRISMA: INSERT INTO "public"."Weather_Forecast" ("time","temp","SolarRay","updatedAt") VALUES ($1,$2,$3,$4)  -Params: ["2026-08-13 07:00:00 UTC",21.9,261,"2026-08-08 19:12:52.765 UTC",21.9,"2026-08-08 19:12:52.765 UTC","2026-08-13 07:00:00 UTC"] -Duration: 0ms
[08/08/2026 21:12:52] PRISMA: INSERT INTO "public"."Weather_Forecast" ("time","temp","SolarRay","updatedAt") VALUES ($1,$2,$3,$4)  -Params: ["2026-08-13 08:00:00 UTC",25,418,"2026-08-08 19:12:52.765 UTC",25,"2026-08-08 19:12:52.765 UTC","2026-08-13 08:00:00 UTC"] -Duration: 0ms
[08/08/2026 21:12:52] PRISMA: INSERT INTO "public"."Weather_Forecast" ("time","temp","SolarRay","updatedAt") VALUES ($1,$2,$3,$4)  -Params: ["2026-08-13 09:00:00 UTC",27.7,563,"2026-08-08 19:12:52.766 UTC",27.7,"2026-08-08 19:12:52.766 UTC","2026-08-13 09:00:00 UTC"] -Duration: 0ms
[08/08/2026 21:12:52] PRISMA: INSERT INTO "public"."Weather_Forecast" ("time","temp","SolarRay","updatedAt") VALUES ($1,$2,$3,$4)  -Params: ["2026-08-13 10:00:00 UTC",29.7,695,"2026-08-08 19:12:52.766 UTC",29.7,"2026-08-08 19:12:52.766 UTC","2026-08-13 10:00:00 UTC"] -Duration: 0ms
[08/08/2026 21:12:52] PRISMA: INSERT INTO "public"."Weather_Forecast" ("time","temp","SolarRay","updatedAt") VALUES ($1,$2,$3,$4)  -Params: ["2026-08-13 11:00:00 UTC",31.4,776,"2026-08-08 19:12:52.767 UTC",31.4,"2026-08-08 19:12:52.767 UTC","2026-08-13 11:00:00 UTC"] -Duration: 0ms
[08/08/2026 21:12:52] PRISMA: INSERT INTO "public"."Weather_Forecast" ("time","temp","SolarRay","updatedAt") VALUES ($1,$2,$3,$4)  -Params: ["2026-08-13 12:00:00 UTC",32.7,810,"2026-08-08 19:12:52.767 UTC",32.7,"2026-08-08 19:12:52.767 UTC","2026-08-13 12:00:00 UTC"] -Duration: 0ms
[08/08/2026 21:12:52] PRISMA: INSERT INTO "public"."Weather_Forecast" ("time","temp","SolarRay","updatedAt") VALUES ($1,$2,$3,$4)  -Params: ["2026-08-13 13:00:00 UTC",33.5,796,"2026-08-08 19:12:52.767 UTC",33.5,"2026-08-08 19:12:52.767 UTC","2026-08-13 13:00:00 UTC"] -Duration: 0ms
[08/08/2026 21:12:52] PRISMA: INSERT INTO "public"."Weather_Forecast" ("time","temp","SolarRay","updatedAt") VALUES ($1,$2,$3,$4)  -Params: ["2026-08-13 14:00:00 UTC",33.9,735,"2026-08-08 19:12:52.768 UTC",33.9,"2026-08-08 19:12:52.768 UTC","2026-08-13 14:00:00 UTC"] -Duration: 0ms
[08/08/2026 21:12:52] PRISMA: INSERT INTO "public"."Weather_Forecast" ("time","temp","SolarRay","updatedAt") VALUES ($1,$2,$3,$4)  -Params: ["2026-08-13 15:00:00 UTC",34,634,"2026-08-08 19:12:52.768 UTC",34,"2026-08-08 19:12:52.768 UTC","2026-08-13 15:00:00 UTC"] -Duration: 0ms
[08/08/2026 21:12:52] PRISMA: INSERT INTO "public"."Weather_Forecast" ("time","temp","SolarRay","updatedAt") VALUES ($1,$2,$3,$4)  -Params: ["2026-08-13 16:00:00 UTC",33.7,493,"2026-08-08 19:12:52.769 UTC",33.7,"2026-08-08 19:12:52.769 UTC","2026-08-13 16:00:00 UTC"] -Duration: 0ms
[08/08/2026 21:12:52] PRISMA: INSERT INTO "public"."Weather_Forecast" ("time","temp","SolarRay","updatedAt") VALUES ($1,$2,$3,$4)  -Params: ["2026-08-13 17:00:00 UTC",33.1,350,"2026-08-08 19:12:52.769 UTC",33.1,"2026-08-08 19:12:52.769 UTC","2026-08-13 17:00:00 UTC"] -Duration: 0ms
[08/08/2026 21:12:52] PRISMA: INSERT INTO "public"."Weather_Forecast" ("time","temp","SolarRay","updatedAt") VALUES ($1,$2,$3,$4)  -Params: ["2026-08-13 18:00:00 UTC",32.2,196,"2026-08-08 19:12:52.769 UTC",32.2,"2026-08-08 19:12:52.769 UTC","2026-08-13 18:00:00 UTC"] -Duration: 0ms
[08/08/2026 21:12:52] PRISMA: INSERT INTO "public"."Weather_Forecast" ("time","temp","SolarRay","updatedAt") VALUES ($1,$2,$3,$4)  -Params: ["2026-08-13 19:00:00 UTC",30.8,48,"2026-08-08 19:12:52.770 UTC",30.8,"2026-08-08 19:12:52.770 UTC","2026-08-13 19:00:00 UTC"] -Duration: 0ms
[08/08/2026 21:12:52] PRISMA: INSERT INTO "public"."Weather_Forecast" ("time","temp","SolarRay","updatedAt") VALUES ($1,$2,$3,$4)  -Params: ["2026-08-13 20:00:00 UTC",29.2,0,"2026-08-08 19:12:52.770 UTC",29.2,"2026-08-08 19:12:52.770 UTC","2026-08-13 20:00:00 UTC"] -Duration: 0ms
[08/08/2026 21:12:52] PRISMA: INSERT INTO "public"."Weather_Forecast" ("time","temp","SolarRay","updatedAt") VALUES ($1,$2,$3,$4)  -Params: ["2026-08-13 21:00:00 UTC",27.8,0,"2026-08-08 19:12:52.771 UTC",27.8,"2026-08-08 19:12:52.771 UTC","2026-08-13 21:00:00 UTC"] -Duration: 0ms
[08/08/2026 21:12:52] PRISMA: INSERT INTO "public"."Weather_Forecast" ("time","temp","SolarRay","updatedAt") VALUES ($1,$2,$3,$4)  -Params: ["2026-08-13 22:00:00 UTC",26.8,0,"2026-08-08 19:12:52.771 UTC",26.8,"2026-08-08 19:12:52.771 UTC","2026-08-13 22:00:00 UTC"] -Duration: 0ms
[08/08/2026 21:12:52] PRISMA: INSERT INTO "public"."Weather_Forecast" ("time","temp","SolarRay","updatedAt") VALUES ($1,$2,$3,$4)  -Params: ["2026-08-13 23:00:00 UTC",26.1,0,"2026-08-08 19:12:52.772 UTC",26.1,"2026-08-08 19:12:52.772 UTC","2026-08-13 23:00:00 UTC"] -Duration: 0ms
[08/08/2026 21:12:52] PRISMA: INSERT INTO "public"."Weather_Forecast" ("time","temp","SolarRay","updatedAt") VALUES ($1,$2,$3,$4)  -Params: ["2026-08-14 00:00:00 UTC",25.4,0,"2026-08-08 19:12:52.772 UTC",25.4,"2026-08-08 19:12:52.772 UTC","2026-08-14 00:00:00 UTC"] -Duration: 0ms
[08/08/2026 21:12:52] PRISMA: INSERT INTO "public"."Weather_Forecast" ("time","temp","SolarRay","updatedAt") VALUES ($1,$2,$3,$4)  -Params: ["2026-08-14 01:00:00 UTC",24.7,0,"2026-08-08 19:12:52.773 UTC",24.7,"2026-08-08 19:12:52.773 UTC","2026-08-14 01:00:00 UTC"] -Duration: 0ms
[08/08/2026 21:12:52] PRISMA: INSERT INTO "public"."Weather_Forecast" ("time","temp","SolarRay","updatedAt") VALUES ($1,$2,$3,$4)  -Params: ["2026-08-14 02:00:00 UTC",24,0,"2026-08-08 19:12:52.773 UTC",24,"2026-08-08 19:12:52.773 UTC","2026-08-14 02:00:00 UTC"] -Duration: 6ms
[08/08/2026 21:12:52] PRISMA: INSERT INTO "public"."Weather_Forecast" ("time","temp","SolarRay","updatedAt") VALUES ($1,$2,$3,$4)  -Params: ["2026-08-14 03:00:00 UTC",23.5,0,"2026-08-08 19:12:52.780 UTC",23.5,"2026-08-08 19:12:52.780 UTC","2026-08-14 03:00:00 UTC"] -Duration: 0ms
[08/08/2026 21:12:52] PRISMA: INSERT INTO "public"."Weather_Forecast" ("time","temp","SolarRay","updatedAt") VALUES ($1,$2,$3,$4)  -Params: ["2026-08-14 04:00:00 UTC",23,0,"2026-08-08 19:12:52.781 UTC",23,"2026-08-08 19:12:52.781 UTC","2026-08-14 04:00:00 UTC"] -Duration: 0ms
[08/08/2026 21:12:52] PRISMA: INSERT INTO "public"."Weather_Forecast" ("time","temp","SolarRay","updatedAt") VALUES ($1,$2,$3,$4)  -Params: ["2026-08-14 05:00:00 UTC",22.6,4,"2026-08-08 19:12:52.781 UTC",22.6,"2026-08-08 19:12:52.781 UTC","2026-08-14 05:00:00 UTC"] -Duration: 0ms
[08/08/2026 21:12:52] PRISMA: INSERT INTO "public"."Weather_Forecast" ("time","temp","SolarRay","updatedAt") VALUES ($1,$2,$3,$4)  -Params: ["2026-08-14 06:00:00 UTC",23.1,101,"2026-08-08 19:12:52.782 UTC",23.1,"2026-08-08 19:12:52.782 UTC","2026-08-14 06:00:00 UTC"] -Duration: 0ms
[08/08/2026 21:12:52] PRISMA: INSERT INTO "public"."Weather_Forecast" ("time","temp","SolarRay","updatedAt") VALUES ($1,$2,$3,$4)  -Params: ["2026-08-14 07:00:00 UTC",24.9,256,"2026-08-08 19:12:52.782 UTC",24.9,"2026-08-08 19:12:52.782 UTC","2026-08-14 07:00:00 UTC"] -Duration: 0ms
[08/08/2026 21:12:52] PRISMA: INSERT INTO "public"."Weather_Forecast" ("time","temp","SolarRay","updatedAt") VALUES ($1,$2,$3,$4)  -Params: ["2026-08-14 08:00:00 UTC",27.6,411,"2026-08-08 19:12:52.782 UTC",27.6,"2026-08-08 19:12:52.782 UTC","2026-08-14 08:00:00 UTC"] -Duration: 0ms
[08/08/2026 21:12:52] PRISMA: INSERT INTO "public"."Weather_Forecast" ("time","temp","SolarRay","updatedAt") VALUES ($1,$2,$3,$4)  -Params: ["2026-08-14 09:00:00 UTC",29.9,553,"2026-08-08 19:12:52.783 UTC",29.9,"2026-08-08 19:12:52.783 UTC","2026-08-14 09:00:00 UTC"] -Duration: 0ms
[08/08/2026 21:12:52] PRISMA: INSERT INTO "public"."Weather_Forecast" ("time","temp","SolarRay","updatedAt") VALUES ($1,$2,$3,$4)  -Params: ["2026-08-14 10:00:00 UTC",30.3,681,"2026-08-08 19:12:52.783 UTC",30.3,"2026-08-08 19:12:52.783 UTC","2026-08-14 10:00:00 UTC"] -Duration: 0ms
[08/08/2026 21:12:52] PRISMA: INSERT INTO "public"."Weather_Forecast" ("time","temp","SolarRay","updatedAt") VALUES ($1,$2,$3,$4)  -Params: ["2026-08-14 11:00:00 UTC",32.2,762,"2026-08-08 19:12:52.784 UTC",32.2,"2026-08-08 19:12:52.784 UTC","2026-08-14 11:00:00 UTC"] -Duration: 0ms
[08/08/2026 21:12:52] PRISMA: INSERT INTO "public"."Weather_Forecast" ("time","temp","SolarRay","updatedAt") VALUES ($1,$2,$3,$4)  -Params: ["2026-08-14 12:00:00 UTC",33.5,798,"2026-08-08 19:12:52.784 UTC",33.5,"2026-08-08 19:12:52.784 UTC","2026-08-14 12:00:00 UTC"] -Duration: 0ms
[08/08/2026 21:12:52] PRISMA: INSERT INTO "public"."Weather_Forecast" ("time","temp","SolarRay","updatedAt") VALUES ($1,$2,$3,$4)  -Params: ["2026-08-14 13:00:00 UTC",34.1,771,"2026-08-08 19:12:52.785 UTC",34.1,"2026-08-08 19:12:52.785 UTC","2026-08-14 13:00:00 UTC"] -Duration: 0ms
[08/08/2026 21:12:52] PRISMA: INSERT INTO "public"."Weather_Forecast" ("time","temp","SolarRay","updatedAt") VALUES ($1,$2,$3,$4)  -Params: ["2026-08-14 14:00:00 UTC",34.3,717,"2026-08-08 19:12:52.785 UTC",34.3,"2026-08-08 19:12:52.785 UTC","2026-08-14 14:00:00 UTC"] -Duration: 0ms
[08/08/2026 21:12:52] PRISMA: INSERT INTO "public"."Weather_Forecast" ("time","temp","SolarRay","updatedAt") VALUES ($1,$2,$3,$4)  -Params: ["2026-08-14 15:00:00 UTC",34.2,624,"2026-08-08 19:12:52.786 UTC",34.2,"2026-08-08 19:12:52.786 UTC","2026-08-14 15:00:00 UTC"] -Duration: 0ms
[08/08/2026 21:12:52] PRISMA: INSERT INTO "public"."Weather_Forecast" ("time","temp","SolarRay","updatedAt") VALUES ($1,$2,$3,$4)  -Params: ["2026-08-14 16:00:00 UTC",33.9,498,"2026-08-08 19:12:52.786 UTC",33.9,"2026-08-08 19:12:52.786 UTC","2026-08-14 16:00:00 UTC"] -Duration: 0ms
[08/08/2026 21:12:52] PRISMA: INSERT INTO "public"."Weather_Forecast" ("time","temp","SolarRay","updatedAt") VALUES ($1,$2,$3,$4)  -Params: ["2026-08-14 17:00:00 UTC",33.4,350,"2026-08-08 19:12:52.787 UTC",33.4,"2026-08-08 19:12:52.787 UTC","2026-08-14 17:00:00 UTC"] -Duration: 0ms
[08/08/2026 21:12:52] PRISMA: INSERT INTO "public"."Weather_Forecast" ("time","temp","SolarRay","updatedAt") VALUES ($1,$2,$3,$4)  -Params: ["2026-08-14 18:00:00 UTC",32.9,191,"2026-08-08 19:12:52.787 UTC",32.9,"2026-08-08 19:12:52.787 UTC","2026-08-14 18:00:00 UTC"] -Duration: 0ms
[08/08/2026 21:12:52] PRISMA: INSERT INTO "public"."Weather_Forecast" ("time","temp","SolarRay","updatedAt") VALUES ($1,$2,$3,$4)  -Params: ["2026-08-14 19:00:00 UTC",32.3,42,"2026-08-08 19:12:52.788 UTC",32.3,"2026-08-08 19:12:52.788 UTC","2026-08-14 19:00:00 UTC"] -Duration: 0ms
[08/08/2026 21:12:52] PRISMA: INSERT INTO "public"."Weather_Forecast" ("time","temp","SolarRay","updatedAt") VALUES ($1,$2,$3,$4)  -Params: ["2026-08-14 20:00:00 UTC",31.4,0,"2026-08-08 19:12:52.788 UTC",31.4,"2026-08-08 19:12:52.788 UTC","2026-08-14 20:00:00 UTC"] -Duration: 0ms
[08/08/2026 21:12:52] PRISMA: INSERT INTO "public"."Weather_Forecast" ("time","temp","SolarRay","updatedAt") VALUES ($1,$2,$3,$4)  -Params: ["2026-08-14 21:00:00 UTC",30.4,0,"2026-08-08 19:12:52.788 UTC",30.4,"2026-08-08 19:12:52.788 UTC","2026-08-14 21:00:00 UTC"] -Duration: 0ms
[08/08/2026 21:12:52] PRISMA: INSERT INTO "public"."Weather_Forecast" ("time","temp","SolarRay","updatedAt") VALUES ($1,$2,$3,$4)  -Params: ["2026-08-14 22:00:00 UTC",29.3,0,"2026-08-08 19:12:52.789 UTC",29.3,"2026-08-08 19:12:52.789 UTC","2026-08-14 22:00:00 UTC"] -Duration: 0ms
[08/08/2026 21:12:52] PRISMA: INSERT INTO "public"."Weather_Forecast" ("time","temp","SolarRay","updatedAt") VALUES ($1,$2,$3,$4)  -Params: ["2026-08-14 23:00:00 UTC",28.3,0,"2026-08-08 19:12:52.789 UTC",28.3,"2026-08-08 19:12:52.789 UTC","2026-08-14 23:00:00 UTC"] -Duration: 0ms
[08/08/2026 21:12:52] PRISMA: SELECT "public"."User"."id", "public"."User"."username", "public"."User"."password_hash", "public"." -Params: ["Parents",1,0] -Duration: 1ms
[08/08/2026 21:12:53] PRISMA: INSERT INTO "public"."User" ("username","password_hash","createdAt") VALUES ($1,$2,$3) RETURNING "pu -Params: ["Parents","$2b$12$UuspHJI/CkMty3SrkJZ8OuK8Nm0wyHYSuk0OD8lmQath0gP2w.Tya","2026-08-08 19:12:53.055 UTC"] -Duration: 1ms
[08/08/2026 21:13:51] PRISMA: SELECT 1 -Params: [] -Duration: 29ms
[08/08/2026 21:13:51] PRISMA: SELECT "public"."Solar_Data"."id", "public"."Solar_Data"."hour", "public"."Solar_Data"."Watts", "pub -Params: ["2026-08-07 19:13:51.887 UTC","2026-08-08 19:13:51.887 UTC",0] -Duration: 7ms
[08/08/2026 21:13:51] PRISMA: SELECT "public"."User"."id" FROM "public"."User" WHERE ("public"."User"."id" = $1 AND 1=1) LIMIT $2  -Params: [1,1,0] -Duration: 3ms
[08/08/2026 21:13:51] PRISMA: SELECT "public"."Miele_Token"."id", "public"."Miele_Token"."accessToken", "public"."Miele_Token"."re -Params: [1,0] -Duration: 0ms
[08/08/2026 21:13:51] PRISMA: SELECT "public"."Weather_Forecast"."id", "public"."Weather_Forecast"."time", "public"."Weather_Forec -Params: ["2026-08-08 07:13:51.891 UTC","2026-08-09 06:13:51.891 UTC",0] -Duration: 4ms
[08/08/2026 21:15:02] PRISMA: SELECT 1 -Params: [] -Duration: 5ms
[08/08/2026 21:15:02] PRISMA: INSERT INTO "public"."Solar_Data" ("hour","Watts","total") VALUES ($1,$2,$3) RETURNING "public"."Sol -Params: ["2026-08-08 19:15:02.296 UTC",0,38942] -Duration: 15ms
[08/08/2026 21:15:16] PRISMA: SELECT 1 -Params: [] -Duration: 2ms
[08/08/2026 21:15:16] PRISMA: SELECT "public"."Weather_Forecast"."id", "public"."Weather_Forecast"."time", "public"."Weather_Forec -Params: ["2026-08-08 07:15:16.357 UTC","2026-08-09 06:15:16.357 UTC",0] -Duration: 4ms
[08/08/2026 21:15:16] PRISMA: SELECT "public"."Solar_Data"."id", "public"."Solar_Data"."hour", "public"."Solar_Data"."Watts", "pub -Params: ["2026-08-07 19:15:16.366 UTC","2026-08-08 19:15:16.366 UTC",0] -Duration: 9ms
[08/08/2026 21:15:16] PRISMA: SELECT "public"."User"."id" FROM "public"."User" WHERE ("public"."User"."id" = $1 AND 1=1) LIMIT $2  -Params: [1,1,0] -Duration: 0ms
[08/08/2026 21:15:16] PRISMA: SELECT "public"."Miele_Token"."id", "public"."Miele_Token"."accessToken", "public"."Miele_Token"."re -Params: [1,0] -Duration: 0ms
[08/08/2026 21:15:27] PRISMA: SELECT 1 -Params: [] -Duration: 8ms
[08/08/2026 21:15:27] PRISMA: SELECT 1 -Params: [] -Duration: 3ms
[08/08/2026 21:15:27] PRISMA: SELECT "public"."Solar_Data"."id", "public"."Solar_Data"."hour", "public"."Solar_Data"."Watts", "pub -Params: ["2026-08-07 19:15:27.673 UTC","2026-08-08 19:15:27.673 UTC",0] -Duration: 13ms
[08/08/2026 21:15:27] PRISMA: SELECT "public"."Weather_Forecast"."id", "public"."Weather_Forecast"."time", "public"."Weather_Forec -Params: ["2026-08-08 07:15:27.667 UTC","2026-08-09 06:15:27.667 UTC",0] -Duration: 25ms
[08/08/2026 21:15:27] PRISMA: SELECT "public"."User"."id" FROM "public"."User" WHERE ("public"."User"."id" = $1 AND 1=1) LIMIT $2  -Params: [1,1,0] -Duration: 8ms
[08/08/2026 21:15:27] PRISMA: SELECT "public"."Miele_Token"."id", "public"."Miele_Token"."accessToken", "public"."Miele_Token"."re -Params: [1,0] -Duration: 5ms
[08/08/2026 21:15:33] PRISMA: SELECT 1 -Params: [] -Duration: 12ms
[08/08/2026 21:15:33] PRISMA: SELECT "public"."Solar_Data"."id", "public"."Solar_Data"."hour", "public"."Solar_Data"."Watts", "pub -Params: ["2026-08-07 19:15:33.536 UTC","2026-08-08 19:15:33.536 UTC",0] -Duration: 2ms
[08/08/2026 21:15:33] PRISMA: SELECT "public"."User"."id" FROM "public"."User" WHERE ("public"."User"."id" = $1 AND 1=1) LIMIT $2  -Params: [1,1,0] -Duration: 0ms
[08/08/2026 21:15:33] PRISMA: SELECT "public"."Weather_Forecast"."id", "public"."Weather_Forecast"."time", "public"."Weather_Forec -Params: ["2026-08-08 07:15:33.531 UTC","2026-08-09 06:15:33.531 UTC",0] -Duration: 20ms
[08/08/2026 21:15:33] PRISMA: SELECT "public"."Miele_Token"."id", "public"."Miele_Token"."accessToken", "public"."Miele_Token"."re -Params: [1,0] -Duration: 0ms
[08/08/2026 21:16:39] PRISMA: SELECT "public"."Weather_Forecast"."id", "public"."Weather_Forecast"."time", "public"."Weather_Forec -Params: ["2026-08-08 00:00:00 UTC",0] -Duration: 3ms
[08/08/2026 21:16:39] PRISMA: SELECT "public"."User"."id", "public"."User"."username", "public"."User"."password_hash", "public"." -Params: ["Parents",1,0] -Duration: 2ms
[08/08/2026 21:16:45] PRISMA: SELECT "public"."Weather_Forecast"."id", "public"."Weather_Forecast"."time", "public"."Weather_Forec -Params: ["2026-08-08 00:00:00 UTC",0] -Duration: 2ms
[08/08/2026 21:16:45] PRISMA: SELECT "public"."User"."id", "public"."User"."username", "public"."User"."password_hash", "public"." -Params: ["Parents",1,0] -Duration: 1ms
[08/08/2026 21:16:49] PRISMA: SELECT "public"."User"."id" FROM "public"."User" WHERE ("public"."User"."id" = $1 AND 1=1) LIMIT $2  -Params: [1,1,0] -Duration: 6ms
[08/08/2026 21:16:49] PRISMA: SELECT "public"."Miele_Token"."id", "public"."Miele_Token"."accessToken", "public"."Miele_Token"."re -Params: [1,0] -Duration: 3ms
[08/08/2026 21:16:49] PRISMA: SELECT "public"."Washing_Program"."id", "public"."Washing_Program"."type", "public"."Washing_Program -Params: [5,0] -Duration: 2ms
[08/08/2026 21:16:49] PRISMA: SELECT "public"."Solar_Data"."id", "public"."Solar_Data"."hour", "public"."Solar_Data"."Watts", "pub -Params: ["2026-08-07 19:16:49.177 UTC","2026-08-08 19:16:49.177 UTC",0] -Duration: 2ms
[08/08/2026 21:16:49] PRISMA: SELECT "public"."Weather_Forecast"."id", "public"."Weather_Forecast"."time", "public"."Weather_Forec -Params: ["2026-08-08 07:16:49.179 UTC","2026-08-09 06:16:49.179 UTC",0] -Duration: 3ms
[08/08/2026 21:20:05] PRISMA: SELECT 1 -Params: [] -Duration: 10ms
[08/08/2026 21:20:05] PRISMA: INSERT INTO "public"."Solar_Data" ("hour","Watts","total") VALUES ($1,$2,$3) RETURNING "public"."Sol -Params: ["2026-08-08 19:20:05.731 UTC",0,38942] -Duration: 19ms
[08/08/2026 21:21:20] PRISMA: SELECT 1 -Params: [] -Duration: 3ms
[08/08/2026 21:21:20] PRISMA: SELECT 1 -Params: [] -Duration: 4ms
[08/08/2026 21:21:20] PRISMA: SELECT 1 -Params: [] -Duration: 4ms
[08/08/2026 21:21:20] PRISMA: SELECT "public"."Washing_Program"."id", "public"."Washing_Program"."type", "public"."Washing_Program -Params: [5,0] -Duration: 2ms
[08/08/2026 21:21:20] PRISMA: SELECT "public"."Solar_Data"."id", "public"."Solar_Data"."hour", "public"."Solar_Data"."Watts", "pub -Params: ["2026-08-07 19:21:20.945 UTC","2026-08-08 19:21:20.945 UTC",0] -Duration: 4ms
[08/08/2026 21:21:20] PRISMA: SELECT "public"."Weather_Forecast"."id", "public"."Weather_Forecast"."time", "public"."Weather_Forec -Params: ["2026-08-08 07:21:20.941 UTC","2026-08-09 06:21:20.941 UTC",0] -Duration: 5ms
[08/08/2026 21:21:20] PRISMA: SELECT 1 -Params: [] -Duration: 3ms
[08/08/2026 21:21:20] PRISMA: SELECT "public"."User"."id" FROM "public"."User" WHERE ("public"."User"."id" = $1 AND 1=1) LIMIT $2  -Params: [1,1,0] -Duration: 3ms
[08/08/2026 21:21:20] PRISMA: SELECT "public"."Miele_Token"."id", "public"."Miele_Token"."accessToken", "public"."Miele_Token"."re -Params: [1,0] -Duration: 0ms
[08/08/2026 21:25:09] PRISMA: INSERT INTO "public"."Solar_Data" ("hour","Watts","total") VALUES ($1,$2,$3) RETURNING "public"."Sol -Params: ["2026-08-08 19:25:09.853 UTC",0,38942] -Duration: 5ms
[08/08/2026 21:27:28] PRISMA: SELECT 1 -Params: [] -Duration: 4ms
[08/08/2026 21:27:28] PRISMA: SELECT "public"."Washing_Program"."id", "public"."Washing_Program"."type", "public"."Washing_Program -Params: [5,0] -Duration: 21ms
[08/08/2026 21:27:28] PRISMA: SELECT "public"."Solar_Data"."id", "public"."Solar_Data"."hour", "public"."Solar_Data"."Watts", "pub -Params: ["2026-08-07 19:27:28.806 UTC","2026-08-08 19:27:28.806 UTC",0] -Duration: 5ms
[08/08/2026 21:27:28] PRISMA: SELECT "public"."User"."id" FROM "public"."User" WHERE ("public"."User"."id" = $1 AND 1=1) LIMIT $2  -Params: [1,1,0] -Duration: 1ms
[08/08/2026 21:27:28] PRISMA: SELECT "public"."Miele_Token"."id", "public"."Miele_Token"."accessToken", "public"."Miele_Token"."re -Params: [1,0] -Duration: 1ms
[08/08/2026 21:27:28] PRISMA: SELECT "public"."Weather_Forecast"."id", "public"."Weather_Forecast"."time", "public"."Weather_Forec -Params: ["2026-08-08 07:27:28.810 UTC","2026-08-09 06:27:28.810 UTC",0] -Duration: 3ms
[08/08/2026 21:28:06] PRISMA: SELECT "public"."Weather_Forecast"."id", "public"."Weather_Forecast"."time", "public"."Weather_Forec -Params: ["2026-08-08 00:00:00 UTC",0] -Duration: 7ms
[08/08/2026 21:28:06] PRISMA: SELECT "public"."User"."id", "public"."User"."username", "public"."User"."password_hash", "public"." -Params: ["Parents",1,0] -Duration: 2ms
[08/08/2026 21:29:58] PRISMA: SELECT "public"."Weather_Forecast"."id", "public"."Weather_Forecast"."time", "public"."Weather_Forec -Params: ["2026-08-08 00:00:00 UTC",0] -Duration: 4ms
[08/08/2026 21:29:58] PRISMA: SELECT "public"."User"."id", "public"."User"."username", "public"."User"."password_hash", "public"." -Params: ["Parents",1,0] -Duration: 1ms
[08/08/2026 21:30:01] PRISMA: INSERT INTO "public"."Solar_Data" ("hour","Watts","total") VALUES ($1,$2,$3) RETURNING "public"."Sol -Params: ["2026-08-08 19:30:01.635 UTC",0,38942] -Duration: 14ms
[08/08/2026 21:31:33] PRISMA: SELECT "public"."Weather_Forecast"."id", "public"."Weather_Forecast"."time", "public"."Weather_Forec -Params: ["2026-08-08 00:00:00 UTC",0] -Duration: 3ms
[08/08/2026 21:31:33] PRISMA: SELECT "public"."User"."id", "public"."User"."username", "public"."User"."password_hash", "public"." -Params: ["Parents",1,0] -Duration: 2ms
[08/08/2026 21:32:00] PRISMA: SELECT 1 -Params: [] -Duration: 2ms
[08/08/2026 21:32:00] PRISMA: SELECT "public"."User"."id" FROM "public"."User" WHERE ("public"."User"."id" = $1 AND 1=1) LIMIT $2  -Params: [1,1,0] -Duration: 4ms
[08/08/2026 21:32:00] PRISMA: SELECT "public"."Miele_Token"."id", "public"."Miele_Token"."accessToken", "public"."Miele_Token"."re -Params: [1,0] -Duration: 7ms
[08/08/2026 21:32:00] PRISMA: SELECT "public"."Washing_Program"."id", "public"."Washing_Program"."type", "public"."Washing_Program -Params: [5,0] -Duration: 7ms
[08/08/2026 21:32:00] PRISMA: SELECT "public"."Solar_Data"."id", "public"."Solar_Data"."hour", "public"."Solar_Data"."Watts", "pub -Params: ["2026-08-07 19:32:00.832 UTC","2026-08-08 19:32:00.832 UTC",0] -Duration: 7ms
[08/08/2026 21:32:00] PRISMA: SELECT "public"."Weather_Forecast"."id", "public"."Weather_Forecast"."time", "public"."Weather_Forec -Params: ["2026-08-08 07:32:00.836 UTC","2026-08-09 06:32:00.836 UTC",0] -Duration: 7ms
[08/08/2026 21:33:20] PRISMA: SELECT "public"."Weather_Forecast"."id", "public"."Weather_Forecast"."time", "public"."Weather_Forec -Params: ["2026-08-08 00:00:00 UTC",0] -Duration: 2ms
[08/08/2026 21:33:20] PRISMA: SELECT "public"."User"."id", "public"."User"."username", "public"."User"."password_hash", "public"." -Params: ["Parents",1,0] -Duration: 1ms
[08/08/2026 21:35:01] PRISMA: SELECT 1 -Params: [] -Duration: 11ms
[08/08/2026 21:35:01] PRISMA: INSERT INTO "public"."Solar_Data" ("hour","Watts","total") VALUES ($1,$2,$3) RETURNING "public"."Sol -Params: ["2026-08-08 19:35:01.471 UTC",0,38942] -Duration: 6ms
[08/08/2026 21:35:08] PRISMA: SELECT "public"."Weather_Forecast"."id", "public"."Weather_Forecast"."time", "public"."Weather_Forec -Params: ["2026-08-08 00:00:00 UTC",0] -Duration: 3ms
[08/08/2026 21:35:08] PRISMA: SELECT "public"."User"."id", "public"."User"."username", "public"."User"."password_hash", "public"." -Params: ["Parents",1,0] -Duration: 1ms
[08/08/2026 21:35:41] PRISMA: SELECT "public"."Weather_Forecast"."id", "public"."Weather_Forecast"."time", "public"."Weather_Forec -Params: ["2026-08-08 00:00:00 UTC",0] -Duration: 4ms
[08/08/2026 21:35:41] PRISMA: SELECT "public"."User"."id", "public"."User"."username", "public"."User"."password_hash", "public"." -Params: ["Parents",1,0] -Duration: 1ms
[08/08/2026 21:36:39] PRISMA: SELECT "public"."Weather_Forecast"."id", "public"."Weather_Forecast"."time", "public"."Weather_Forec -Params: ["2026-08-08 00:00:00 UTC",0] -Duration: 3ms
[08/08/2026 21:36:39] PRISMA: SELECT "public"."User"."id", "public"."User"."username", "public"."User"."password_hash", "public"." -Params: ["Parents",1,0] -Duration: 1ms
[08/08/2026 21:38:37] PRISMA: SELECT "public"."Weather_Forecast"."id", "public"."Weather_Forecast"."time", "public"."Weather_Forec -Params: ["2026-08-08 00:00:00 UTC",0] -Duration: 2ms
[08/08/2026 21:38:37] PRISMA: SELECT "public"."User"."id", "public"."User"."username", "public"."User"."password_hash", "public"." -Params: ["Parents",1,0] -Duration: 1ms
[08/08/2026 21:40:00] PRISMA: SELECT 1 -Params: [] -Duration: 4ms
[08/08/2026 21:40:00] PRISMA: INSERT INTO "public"."Solar_Data" ("hour","Watts","total") VALUES ($1,$2,$3) RETURNING "public"."Sol -Params: ["2026-08-08 19:40:00.943 UTC",0,38942] -Duration: 10ms
[08/08/2026 21:40:28] PRISMA: SELECT 1 -Params: [] -Duration: 12ms
[08/08/2026 21:40:28] PRISMA: SELECT "public"."Solar_Data"."id", "public"."Solar_Data"."hour", "public"."Solar_Data"."Watts", "pub -Params: ["2026-08-07 19:40:28.828 UTC","2026-08-08 19:40:28.828 UTC",0] -Duration: 8ms
[08/08/2026 21:40:28] PRISMA: SELECT "public"."Washing_Program"."id", "public"."Washing_Program"."type", "public"."Washing_Program -Params: [5,0] -Duration: 3ms
[08/08/2026 21:40:28] PRISMA: SELECT "public"."User"."id" FROM "public"."User" WHERE ("public"."User"."id" = $1 AND 1=1) LIMIT $2  -Params: [1,1,0] -Duration: 3ms
[08/08/2026 21:40:28] PRISMA: SELECT "public"."Weather_Forecast"."id", "public"."Weather_Forecast"."time", "public"."Weather_Forec -Params: ["2026-08-08 07:40:28.833 UTC","2026-08-09 06:40:28.833 UTC",0] -Duration: 5ms
[08/08/2026 21:40:28] PRISMA: SELECT "public"."Miele_Token"."id", "public"."Miele_Token"."accessToken", "public"."Miele_Token"."re -Params: [1,0] -Duration: 2ms
[08/08/2026 21:41:55] PRISMA: SELECT "public"."Weather_Forecast"."id", "public"."Weather_Forecast"."time", "public"."Weather_Forec -Params: ["2026-08-08 00:00:00 UTC",0] -Duration: 2ms
[08/08/2026 21:41:55] PRISMA: SELECT "public"."User"."id", "public"."User"."username", "public"."User"."password_hash", "public"." -Params: ["Parents",1,0] -Duration: 1ms
[08/08/2026 21:42:51] PRISMA: SELECT 1 -Params: [] -Duration: 1ms
[08/08/2026 21:42:51] PRISMA: SELECT "public"."Weather_Forecast"."id", "public"."Weather_Forecast"."time", "public"."Weather_Forec -Params: ["2026-08-08 07:42:51.075 UTC","2026-08-09 06:42:51.075 UTC",0] -Duration: 5ms
[08/08/2026 21:42:51] PRISMA: SELECT "public"."Weather_Forecast"."id", "public"."Weather_Forecast"."time", "public"."Weather_Forec -Params: ["2026-08-08 07:42:51.614 UTC","2026-08-09 06:42:51.614 UTC",0] -Duration: 0ms
[08/08/2026 21:42:51] PRISMA: SELECT "public"."Solar_Data"."id", "public"."Solar_Data"."hour", "public"."Solar_Data"."Watts", "pub -Params: ["2026-08-07 19:42:51.617 UTC","2026-08-08 19:42:51.617 UTC",0] -Duration: 5ms
[08/08/2026 21:42:51] PRISMA: SELECT "public"."Washing_Program"."id", "public"."Washing_Program"."type", "public"."Washing_Program -Params: [5,0] -Duration: 5ms
[08/08/2026 21:42:51] PRISMA: SELECT "public"."User"."id" FROM "public"."User" WHERE ("public"."User"."id" = $1 AND 1=1) LIMIT $2  -Params: [1,1,0] -Duration: 3ms
[08/08/2026 21:42:51] PRISMA: SELECT "public"."Miele_Token"."id", "public"."Miele_Token"."accessToken", "public"."Miele_Token"."re -Params: [1,0] -Duration: 1ms
[08/08/2026 21:42:52] PRISMA: SELECT "public"."Weather_Forecast"."id", "public"."Weather_Forecast"."time", "public"."Weather_Forec -Params: ["2026-08-08 07:42:52.201 UTC","2026-08-09 06:42:52.201 UTC",0] -Duration: 1ms
[08/08/2026 21:42:52] PRISMA: SELECT "public"."Weather_Forecast"."id", "public"."Weather_Forecast"."time", "public"."Weather_Forec -Params: ["2026-08-08 07:42:52.953 UTC","2026-08-09 06:42:52.953 UTC",0] -Duration: 0ms
[08/08/2026 21:42:52] PRISMA: SELECT "public"."Solar_Data"."id", "public"."Solar_Data"."hour", "public"."Solar_Data"."Watts", "pub -Params: ["2026-08-07 19:42:52.957 UTC","2026-08-08 19:42:52.957 UTC",0] -Duration: 0ms
[08/08/2026 21:42:52] PRISMA: SELECT "public"."Washing_Program"."id", "public"."Washing_Program"."type", "public"."Washing_Program -Params: [5,0] -Duration: 0ms
[08/08/2026 21:42:52] PRISMA: SELECT "public"."User"."id" FROM "public"."User" WHERE ("public"."User"."id" = $1 AND 1=1) LIMIT $2  -Params: [1,1,0] -Duration: 0ms
[08/08/2026 21:42:52] PRISMA: SELECT "public"."Miele_Token"."id", "public"."Miele_Token"."accessToken", "public"."Miele_Token"."re -Params: [1,0] -Duration: 0ms
[08/08/2026 21:42:53] PRISMA: SELECT "public"."Weather_Forecast"."id", "public"."Weather_Forecast"."time", "public"."Weather_Forec -Params: ["2026-08-08 07:42:53.112 UTC","2026-08-09 06:42:53.112 UTC",0] -Duration: 1ms
[08/08/2026 21:42:53] PRISMA: SELECT "public"."Weather_Forecast"."id", "public"."Weather_Forecast"."time", "public"."Weather_Forec -Params: ["2026-08-08 07:42:53.265 UTC","2026-08-09 06:42:53.265 UTC",0] -Duration: 3ms
[08/08/2026 21:42:53] PRISMA: SELECT "public"."Solar_Data"."id", "public"."Solar_Data"."hour", "public"."Solar_Data"."Watts", "pub -Params: ["2026-08-07 19:42:53.272 UTC","2026-08-08 19:42:53.272 UTC",0] -Duration: 0ms
[08/08/2026 21:42:53] PRISMA: SELECT "public"."Washing_Program"."id", "public"."Washing_Program"."type", "public"."Washing_Program -Params: [5,0] -Duration: 0ms
[08/08/2026 21:42:53] PRISMA: SELECT "public"."User"."id" FROM "public"."User" WHERE ("public"."User"."id" = $1 AND 1=1) LIMIT $2  -Params: [1,1,0] -Duration: 0ms
[08/08/2026 21:42:53] PRISMA: SELECT "public"."Miele_Token"."id", "public"."Miele_Token"."accessToken", "public"."Miele_Token"."re -Params: [1,0] -Duration: 0ms
[08/08/2026 21:43:16] PRISMA: SELECT 1 -Params: [] -Duration: 4ms
[08/08/2026 21:43:16] PRISMA: SELECT "public"."Washing_Program"."id", "public"."Washing_Program"."type", "public"."Washing_Program -Params: [5,0] -Duration: 1ms
[08/08/2026 21:43:21] PRISMA: SELECT "public"."Weather_Forecast"."id", "public"."Weather_Forecast"."time", "public"."Weather_Forec -Params: ["2026-08-08 07:43:21.423 UTC","2026-08-09 06:43:21.423 UTC",0] -Duration: 11ms
[08/08/2026 21:43:21] PRISMA: SELECT "public"."User"."id" FROM "public"."User" WHERE ("public"."User"."id" = $1 AND 1=1) LIMIT $2  -Params: [1,1,0] -Duration: 1ms
[08/08/2026 21:43:21] PRISMA: SELECT "public"."Miele_Token"."id", "public"."Miele_Token"."accessToken", "public"."Miele_Token"."re -Params: [1,0] -Duration: 3ms
[08/08/2026 21:43:21] PRISMA: SELECT "public"."Washing_Program"."id", "public"."Washing_Program"."type", "public"."Washing_Program -Params: [5,0] -Duration: 4ms
[08/08/2026 21:43:21] PRISMA: SELECT "public"."Solar_Data"."id", "public"."Solar_Data"."hour", "public"."Solar_Data"."Watts", "pub -Params: ["2026-08-07 19:43:21.435 UTC","2026-08-08 19:43:21.435 UTC",0] -Duration: 5ms
[08/08/2026 21:44:19] PRISMA: SELECT 1 -Params: [] -Duration: 2ms
[08/08/2026 21:44:19] PRISMA: SELECT "public"."Washing_Program"."id", "public"."Washing_Program"."type", "public"."Washing_Program -Params: [5,0] -Duration: 5ms
[08/08/2026 21:44:53] PRISMA: SELECT 1 -Params: [] -Duration: 10ms
[08/08/2026 21:44:53] PRISMA: SELECT "public"."Washing_Program"."id", "public"."Washing_Program"."type", "public"."Washing_Program -Params: [5,0] -Duration: 2ms
[08/08/2026 21:45:01] PRISMA: INSERT INTO "public"."Solar_Data" ("hour","Watts","total") VALUES ($1,$2,$3) RETURNING "public"."Sol -Params: ["2026-08-08 19:45:01.057 UTC",0,38942] -Duration: 17ms
[08/08/2026 21:45:17] PRISMA: SELECT 1 -Params: [] -Duration: 6ms
[08/08/2026 21:45:17] PRISMA: SELECT "public"."Washing_Program"."id", "public"."Washing_Program"."type", "public"."Washing_Program -Params: [5,0] -Duration: 1ms
[08/08/2026 21:46:21] PRISMA: SELECT "public"."Weather_Forecast"."id", "public"."Weather_Forecast"."time", "public"."Weather_Forec -Params: ["2026-08-08 00:00:00 UTC",0] -Duration: 3ms
[08/08/2026 21:46:21] PRISMA: SELECT "public"."User"."id", "public"."User"."username", "public"."User"."password_hash", "public"." -Params: ["Parents",1,0] -Duration: 1ms
[08/08/2026 21:46:34] PRISMA: SELECT "public"."Weather_Forecast"."id", "public"."Weather_Forecast"."time", "public"."Weather_Forec -Params: ["2026-08-08 00:00:00 UTC",0] -Duration: 3ms
[08/08/2026 21:46:34] PRISMA: SELECT "public"."User"."id", "public"."User"."username", "public"."User"."password_hash", "public"." -Params: ["Parents",1,0] -Duration: 1ms
[08/08/2026 21:46:44] PRISMA: SELECT "public"."Weather_Forecast"."id", "public"."Weather_Forecast"."time", "public"."Weather_Forec -Params: ["2026-08-08 00:00:00 UTC",0] -Duration: 5ms
[08/08/2026 21:46:44] PRISMA: SELECT "public"."User"."id", "public"."User"."username", "public"."User"."password_hash", "public"." -Params: ["Parents",1,0] -Duration: 1ms
[08/08/2026 21:46:49] PRISMA: SELECT "public"."Weather_Forecast"."id", "public"."Weather_Forecast"."time", "public"."Weather_Forec -Params: ["2026-08-08 00:00:00 UTC",0] -Duration: 4ms
[08/08/2026 21:46:49] PRISMA: SELECT "public"."User"."id", "public"."User"."username", "public"."User"."password_hash", "public"." -Params: ["Parents",1,0] -Duration: 1ms
[08/08/2026 21:47:14] PRISMA: SELECT "public"."Weather_Forecast"."id", "public"."Weather_Forecast"."time", "public"."Weather_Forec -Params: ["2026-08-08 00:00:00 UTC",0] -Duration: 2ms
[08/08/2026 21:47:14] PRISMA: SELECT "public"."User"."id", "public"."User"."username", "public"."User"."password_hash", "public"." -Params: ["Parents",1,0] -Duration: 2ms
[08/08/2026 21:47:19] PRISMA: SELECT "public"."User"."id", "public"."User"."username", "public"."User"."password_hash", "public"." -Params: ["Parents",1,0] -Duration: 16ms
[08/08/2026 21:47:19] PRISMA: SELECT "public"."Weather_Forecast"."id", "public"."Weather_Forecast"."time", "public"."Weather_Forec -Params: ["2026-08-08 07:47:19.634 UTC","2026-08-09 06:47:19.634 UTC",0] -Duration: 13ms
[08/08/2026 21:47:24] PRISMA: SELECT "public"."Weather_Forecast"."id", "public"."Weather_Forecast"."time", "public"."Weather_Forec -Params: ["2026-08-08 07:47:24.884 UTC","2026-08-09 06:47:24.884 UTC",0] -Duration: 2ms
[08/08/2026 21:47:24] PRISMA: SELECT "public"."Washing_Program"."id", "public"."Washing_Program"."type", "public"."Washing_Program -Params: [5,0] -Duration: 3ms
[08/08/2026 21:47:24] PRISMA: SELECT "public"."User"."id" FROM "public"."User" WHERE ("public"."User"."id" = $1 AND 1=1) LIMIT $2  -Params: [1,1,0] -Duration: 0ms
[08/08/2026 21:47:24] PRISMA: SELECT "public"."Miele_Token"."id", "public"."Miele_Token"."accessToken", "public"."Miele_Token"."re -Params: [1,0] -Duration: 7ms
[08/08/2026 21:47:24] PRISMA: SELECT "public"."Solar_Data"."id", "public"."Solar_Data"."hour", "public"."Solar_Data"."Watts", "pub -Params: ["2026-08-07 19:47:24.897 UTC","2026-08-08 19:47:24.897 UTC",0] -Duration: 4ms
[08/08/2026 21:48:41] PRISMA: SELECT "public"."Weather_Forecast"."id", "public"."Weather_Forecast"."time", "public"."Weather_Forec -Params: ["2026-08-08 00:00:00 UTC",0] -Duration: 3ms
[08/08/2026 21:48:41] PRISMA: SELECT "public"."User"."id", "public"."User"."username", "public"."User"."password_hash", "public"." -Params: ["Parents",1,0] -Duration: 1ms
[08/08/2026 21:49:41] PRISMA: SELECT 1 -Params: [] -Duration: 8ms
[08/08/2026 21:49:41] PRISMA: SELECT "public"."Weather_Forecast"."id", "public"."Weather_Forecast"."time", "public"."Weather_Forec -Params: ["2026-08-08 07:49:41.182 UTC","2026-08-09 06:49:41.182 UTC",0] -Duration: 9ms
[08/08/2026 21:49:41] PRISMA: SELECT "public"."Washing_Program"."id", "public"."Washing_Program"."type", "public"."Washing_Program -Params: [5,0] -Duration: 3ms
[08/08/2026 21:49:41] PRISMA: SELECT "public"."User"."id" FROM "public"."User" WHERE ("public"."User"."id" = $1 AND 1=1) LIMIT $2  -Params: [1,1,0] -Duration: 3ms
[08/08/2026 21:49:41] PRISMA: SELECT "public"."Miele_Token"."id", "public"."Miele_Token"."accessToken", "public"."Miele_Token"."re -Params: [1,0] -Duration: 0ms
[08/08/2026 21:49:41] PRISMA: SELECT "public"."Solar_Data"."id", "public"."Solar_Data"."hour", "public"."Solar_Data"."Watts", "pub -Params: ["2026-08-07 19:49:41.194 UTC","2026-08-08 19:49:41.194 UTC",0] -Duration: 2ms
[08/08/2026 21:50:00] PRISMA: SELECT 1 -Params: [] -Duration: 14ms
[08/08/2026 21:50:00] PRISMA: INSERT INTO "public"."Solar_Data" ("hour","Watts","total") VALUES ($1,$2,$3) RETURNING "public"."Sol -Params: ["2026-08-08 19:50:00.888 UTC",0,38942] -Duration: 7ms
[08/08/2026 21:50:27] PRISMA: SELECT 1 -Params: [] -Duration: 8ms
[08/08/2026 21:50:27] PRISMA: SELECT 1 -Params: [] -Duration: 1ms
[08/08/2026 21:50:27] PRISMA: SELECT 1 -Params: [] -Duration: 0ms
[08/08/2026 21:50:27] PRISMA: SELECT "public"."Washing_Program"."id", "public"."Washing_Program"."type", "public"."Washing_Program -Params: [5,0] -Duration: 0ms
[08/08/2026 21:50:27] PRISMA: SELECT "public"."Weather_Forecast"."id", "public"."Weather_Forecast"."time", "public"."Weather_Forec -Params: ["2026-08-08 07:50:27.260 UTC","2026-08-09 06:50:27.260 UTC",0] -Duration: 11ms
[08/08/2026 21:50:27] PRISMA: SELECT "public"."Solar_Data"."id", "public"."Solar_Data"."hour", "public"."Solar_Data"."Watts", "pub -Params: ["2026-08-07 19:50:27.273 UTC","2026-08-08 19:50:27.273 UTC",0] -Duration: 28ms
[08/08/2026 21:50:27] PRISMA: SELECT "public"."User"."id" FROM "public"."User" WHERE ("public"."User"."id" = $1 AND 1=1) LIMIT $2  -Params: [1,1,0] -Duration: 1ms
[08/08/2026 21:50:27] PRISMA: SELECT "public"."Miele_Token"."id", "public"."Miele_Token"."accessToken", "public"."Miele_Token"."re -Params: [1,0] -Duration: 1ms
[08/08/2026 21:50:27] PRISMA: SELECT "public"."Weather_Forecast"."id", "public"."Weather_Forecast"."time", "public"."Weather_Forec -Params: ["2026-08-08 07:50:27.944 UTC","2026-08-09 06:50:27.944 UTC",0] -Duration: 3ms
[08/08/2026 21:50:27] PRISMA: SELECT "public"."Solar_Data"."id", "public"."Solar_Data"."hour", "public"."Solar_Data"."Watts", "pub -Params: ["2026-08-07 19:50:27.948 UTC","2026-08-08 19:50:27.948 UTC",0] -Duration: 0ms
[08/08/2026 21:50:27] PRISMA: SELECT "public"."Washing_Program"."id", "public"."Washing_Program"."type", "public"."Washing_Program -Params: [5,0] -Duration: 2ms
[08/08/2026 21:50:27] PRISMA: SELECT "public"."User"."id" FROM "public"."User" WHERE ("public"."User"."id" = $1 AND 1=1) LIMIT $2  -Params: [1,1,0] -Duration: 0ms
[08/08/2026 21:50:27] PRISMA: SELECT "public"."Miele_Token"."id", "public"."Miele_Token"."accessToken", "public"."Miele_Token"."re -Params: [1,0] -Duration: 0ms
[08/08/2026 21:53:25] PRISMA: SELECT "public"."Weather_Forecast"."id", "public"."Weather_Forecast"."time", "public"."Weather_Forec -Params: ["2026-08-08 00:00:00 UTC",0] -Duration: 2ms
[08/08/2026 21:53:25] PRISMA: SELECT "public"."User"."id", "public"."User"."username", "public"."User"."password_hash", "public"." -Params: ["Parents",1,0] -Duration: 6ms
[08/08/2026 21:53:28] PRISMA: SELECT "public"."User"."id" FROM "public"."User" WHERE ("public"."User"."id" = $1 AND 1=1) LIMIT $2  -Params: [1,1,0] -Duration: 20ms
[08/08/2026 21:53:28] PRISMA: SELECT "public"."Miele_Token"."id", "public"."Miele_Token"."accessToken", "public"."Miele_Token"."re -Params: [1,0] -Duration: 5ms
[08/08/2026 21:53:28] PRISMA: SELECT "public"."Washing_Program"."id", "public"."Washing_Program"."type", "public"."Washing_Program -Params: [5,0] -Duration: 3ms
[08/08/2026 21:53:28] PRISMA: SELECT "public"."Solar_Data"."id", "public"."Solar_Data"."hour", "public"."Solar_Data"."Watts", "pub -Params: ["2026-08-07 19:53:28.909 UTC","2026-08-08 19:53:28.909 UTC",0] -Duration: 3ms
[08/08/2026 21:53:28] PRISMA: SELECT "public"."Weather_Forecast"."id", "public"."Weather_Forecast"."time", "public"."Weather_Forec -Params: ["2026-08-08 07:53:28.914 UTC","2026-08-09 06:53:28.914 UTC",0] -Duration: 5ms
[08/08/2026 21:53:32] PRISMA: SELECT "public"."Weather_Forecast"."id", "public"."Weather_Forecast"."time", "public"."Weather_Forec -Params: ["2026-08-08 07:53:32.353 UTC","2026-08-09 06:53:32.353 UTC",0] -Duration: 7ms
[08/08/2026 21:53:34] PRISMA: SELECT "public"."Weather_Forecast"."id", "public"."Weather_Forecast"."time", "public"."Weather_Forec -Params: ["2026-08-08 07:53:34.436 UTC","2026-08-09 06:53:34.436 UTC",0] -Duration: 3ms
[08/08/2026 21:53:34] PRISMA: SELECT "public"."Solar_Data"."id", "public"."Solar_Data"."hour", "public"."Solar_Data"."Watts", "pub -Params: ["2026-08-07 19:53:34.443 UTC","2026-08-08 19:53:34.443 UTC",0] -Duration: 6ms
[08/08/2026 21:53:34] PRISMA: SELECT "public"."Washing_Program"."id", "public"."Washing_Program"."type", "public"."Washing_Program -Params: [5,0] -Duration: 3ms
[08/08/2026 21:53:34] PRISMA: SELECT "public"."User"."id" FROM "public"."User" WHERE ("public"."User"."id" = $1 AND 1=1) LIMIT $2  -Params: [1,1,0] -Duration: 3ms
[08/08/2026 21:53:34] PRISMA: SELECT "public"."Miele_Token"."id", "public"."Miele_Token"."accessToken", "public"."Miele_Token"."re -Params: [1,0] -Duration: 0ms
[08/08/2026 21:53:44] PRISMA: SELECT 1 -Params: [] -Duration: 2ms
[08/08/2026 21:53:44] PRISMA: SELECT "public"."Weather_Forecast"."id", "public"."Weather_Forecast"."time", "public"."Weather_Forec -Params: ["2026-08-08 07:53:44.400 UTC","2026-08-09 06:53:44.400 UTC",0] -Duration: 1ms
[08/08/2026 21:53:52] PRISMA: SELECT 1 -Params: [] -Duration: 2ms
[08/08/2026 21:53:52] PRISMA: SELECT "public"."Weather_Forecast"."id", "public"."Weather_Forecast"."time", "public"."Weather_Forec -Params: ["2026-08-08 07:53:52.052 UTC","2026-08-09 06:53:52.052 UTC",0] -Duration: 1ms
[08/08/2026 21:53:52] PRISMA: SELECT "public"."Solar_Data"."id", "public"."Solar_Data"."hour", "public"."Solar_Data"."Watts", "pub -Params: ["2026-08-07 19:53:52.056 UTC","2026-08-08 19:53:52.056 UTC",0] -Duration: 0ms
[08/08/2026 21:53:52] PRISMA: SELECT "public"."Washing_Program"."id", "public"."Washing_Program"."type", "public"."Washing_Program -Params: [5,0] -Duration: 3ms
[08/08/2026 21:53:52] PRISMA: SELECT "public"."User"."id" FROM "public"."User" WHERE ("public"."User"."id" = $1 AND 1=1) LIMIT $2  -Params: [1,1,0] -Duration: 1ms
[08/08/2026 21:53:52] PRISMA: SELECT "public"."Miele_Token"."id", "public"."Miele_Token"."accessToken", "public"."Miele_Token"."re -Params: [1,0] -Duration: 2ms
[08/08/2026 21:53:55] PRISMA: SELECT 1 -Params: [] -Duration: 2ms
[08/08/2026 21:53:55] PRISMA: SELECT "public"."Solar_Data"."id", "public"."Solar_Data"."hour", "public"."Solar_Data"."Watts", "pub -Params: ["2026-08-07 19:53:55.858 UTC","2026-08-08 19:53:55.858 UTC",0] -Duration: 8ms
[08/08/2026 21:53:55] PRISMA: SELECT "public"."Washing_Program"."id", "public"."Washing_Program"."type", "public"."Washing_Program -Params: [5,0] -Duration: 1ms
[08/08/2026 21:53:55] PRISMA: SELECT "public"."User"."id" FROM "public"."User" WHERE ("public"."User"."id" = $1 AND 1=1) LIMIT $2  -Params: [1,1,0] -Duration: 1ms
[08/08/2026 21:53:55] PRISMA: SELECT "public"."Miele_Token"."id", "public"."Miele_Token"."accessToken", "public"."Miele_Token"."re -Params: [1,0] -Duration: 0ms
[08/08/2026 21:53:55] PRISMA: SELECT "public"."Weather_Forecast"."id", "public"."Weather_Forecast"."time", "public"."Weather_Forec -Params: ["2026-08-08 07:53:55.849 UTC","2026-08-09 06:53:55.849 UTC",0] -Duration: 11ms
[08/08/2026 21:54:37] PRISMA: SELECT 1 -Params: [] -Duration: 3ms
[08/08/2026 21:54:37] PRISMA: SELECT 1 -Params: [] -Duration: 0ms
[08/08/2026 21:54:37] PRISMA: SELECT 1 -Params: [] -Duration: 0ms
[08/08/2026 21:54:37] PRISMA: SELECT "public"."User"."id" FROM "public"."User" WHERE ("public"."User"."id" = $1 AND 1=1) LIMIT $2  -Params: [1,1,0] -Duration: 2ms
[08/08/2026 21:54:37] PRISMA: SELECT "public"."Washing_Program"."id", "public"."Washing_Program"."type", "public"."Washing_Program -Params: [5,0] -Duration: 4ms
[08/08/2026 21:54:37] PRISMA: SELECT "public"."Miele_Token"."id", "public"."Miele_Token"."accessToken", "public"."Miele_Token"."re -Params: [1,0] -Duration: 1ms
[08/08/2026 21:54:37] PRISMA: SELECT "public"."Solar_Data"."id", "public"."Solar_Data"."hour", "public"."Solar_Data"."Watts", "pub -Params: ["2026-08-07 19:54:37.073 UTC","2026-08-08 19:54:37.073 UTC",0] -Duration: 6ms
[08/08/2026 21:54:37] PRISMA: SELECT "public"."Weather_Forecast"."id", "public"."Weather_Forecast"."time", "public"."Weather_Forec -Params: ["2026-08-08 07:54:37.085 UTC","2026-08-09 06:54:37.085 UTC",0] -Duration: 6ms
[08/08/2026 21:54:53] PRISMA: SELECT 1 -Params: [] -Duration: 10ms
[08/08/2026 21:54:53] PRISMA: SELECT 1 -Params: [] -Duration: 2ms
[08/08/2026 21:54:53] PRISMA: SELECT "public"."Solar_Data"."id", "public"."Solar_Data"."hour", "public"."Solar_Data"."Watts", "pub -Params: ["2026-08-07 19:54:53.961 UTC","2026-08-08 19:54:53.961 UTC",0] -Duration: 1ms
[08/08/2026 21:54:53] PRISMA: SELECT "public"."Weather_Forecast"."id", "public"."Weather_Forecast"."time", "public"."Weather_Forec -Params: ["2026-08-08 07:54:53.950 UTC","2026-08-09 06:54:53.950 UTC",0] -Duration: 1ms
[08/08/2026 21:54:53] PRISMA: SELECT "public"."Washing_Program"."id", "public"."Washing_Program"."type", "public"."Washing_Program -Params: [5,0] -Duration: 2ms
[08/08/2026 21:54:53] PRISMA: SELECT "public"."User"."id" FROM "public"."User" WHERE ("public"."User"."id" = $1 AND 1=1) LIMIT $2  -Params: [1,1,0] -Duration: 0ms
[08/08/2026 21:54:53] PRISMA: SELECT "public"."Miele_Token"."id", "public"."Miele_Token"."accessToken", "public"."Miele_Token"."re -Params: [1,0] -Duration: 1ms
[08/08/2026 21:55:01] PRISMA: INSERT INTO "public"."Solar_Data" ("hour","Watts","total") VALUES ($1,$2,$3) RETURNING "public"."Sol -Params: ["2026-08-08 19:55:01.489 UTC",0,38942] -Duration: 10ms
[08/08/2026 21:55:50] PRISMA: SELECT 1 -Params: [] -Duration: 7ms
[08/08/2026 21:55:50] PRISMA: SELECT "public"."Washing_Program"."id", "public"."Washing_Program"."type", "public"."Washing_Program -Params: [5,0] -Duration: 1ms
[08/08/2026 21:56:09] PRISMA: SELECT 1 -Params: [] -Duration: 6ms
[08/08/2026 21:56:09] PRISMA: SELECT 1 -Params: [] -Duration: 3ms
[08/08/2026 21:56:09] PRISMA: SELECT "public"."Weather_Forecast"."id", "public"."Weather_Forecast"."time", "public"."Weather_Forec -Params: ["2026-08-08 07:56:09.486 UTC","2026-08-09 06:56:09.486 UTC",0] -Duration: 1ms
[08/08/2026 21:56:09] PRISMA: SELECT "public"."Solar_Data"."id", "public"."Solar_Data"."hour", "public"."Solar_Data"."Watts", "pub -Params: ["2026-08-07 19:56:09.495 UTC","2026-08-08 19:56:09.495 UTC",0] -Duration: 1ms
[08/08/2026 21:56:09] PRISMA: SELECT 1 -Params: [] -Duration: 0ms
[08/08/2026 21:56:09] PRISMA: SELECT "public"."Washing_Program"."id", "public"."Washing_Program"."type", "public"."Washing_Program -Params: [5,0] -Duration: 0ms
[08/08/2026 21:56:09] PRISMA: SELECT "public"."User"."id" FROM "public"."User" WHERE ("public"."User"."id" = $1 AND 1=1) LIMIT $2  -Params: [1,1,0] -Duration: 1ms
[08/08/2026 21:56:09] PRISMA: SELECT "public"."Miele_Token"."id", "public"."Miele_Token"."accessToken", "public"."Miele_Token"."re -Params: [1,0] -Duration: 1ms
[08/08/2026 21:56:33] PRISMA: SELECT "public"."Weather_Forecast"."id", "public"."Weather_Forecast"."time", "public"."Weather_Forec -Params: ["2026-08-08 00:00:00 UTC",0] -Duration: 3ms
[08/08/2026 21:56:33] PRISMA: SELECT "public"."User"."id", "public"."User"."username", "public"."User"."password_hash", "public"." -Params: ["Parents",1,0] -Duration: 1ms
[08/08/2026 21:56:40] PRISMA: SELECT "public"."Washing_Program"."id", "public"."Washing_Program"."type", "public"."Washing_Program -Params: [5,0] -Duration: 14ms
[08/08/2026 21:56:42] PRISMA: SELECT "public"."Weather_Forecast"."id", "public"."Weather_Forecast"."time", "public"."Weather_Forec -Params: ["2026-08-08 07:56:42.496 UTC","2026-08-09 06:56:42.496 UTC",0] -Duration: 1ms
[08/08/2026 21:56:42] PRISMA: SELECT "public"."Washing_Program"."id", "public"."Washing_Program"."type", "public"."Washing_Program -Params: [5,0] -Duration: 0ms
[08/08/2026 21:56:42] PRISMA: SELECT "public"."User"."id" FROM "public"."User" WHERE ("public"."User"."id" = $1 AND 1=1) LIMIT $2  -Params: [1,1,0] -Duration: 1ms
[08/08/2026 21:56:42] PRISMA: SELECT "public"."Miele_Token"."id", "public"."Miele_Token"."accessToken", "public"."Miele_Token"."re -Params: [1,0] -Duration: 4ms
[08/08/2026 21:56:42] PRISMA: SELECT "public"."Solar_Data"."id", "public"."Solar_Data"."hour", "public"."Solar_Data"."Watts", "pub -Params: ["2026-08-07 19:56:42.500 UTC","2026-08-08 19:56:42.500 UTC",0] -Duration: 4ms
[08/08/2026 22:00:05] PRISMA: SELECT 1 -Params: [] -Duration: 2ms
[08/08/2026 22:00:05] PRISMA: INSERT INTO "public"."Solar_Data" ("hour","Watts","total") VALUES ($1,$2,$3) RETURNING "public"."Sol -Params: ["2026-08-08 20:00:05.474 UTC",0,38942] -Duration: 4ms
[08/08/2026 22:01:26] PRISMA: SELECT 1 -Params: [] -Duration: 2ms
[08/08/2026 22:01:26] PRISMA: SELECT "public"."User"."id", "public"."User"."username", "public"."User"."password_hash", "public"." -Params: ["Parents",1,0] -Duration: 10ms
[08/08/2026 22:01:26] PRISMA: SELECT "public"."Weather_Forecast"."id", "public"."Weather_Forecast"."time", "public"."Weather_Forec -Params: ["2026-08-08 08:01:26.311 UTC","2026-08-09 07:01:26.311 UTC",0] -Duration: 26ms
[08/08/2026 22:02:13] PRISMA: SELECT "public"."Weather_Forecast"."id", "public"."Weather_Forecast"."time", "public"."Weather_Forec -Params: ["2026-08-08 08:02:13.833 UTC","2026-08-09 07:02:13.833 UTC",0] -Duration: 9ms
[08/08/2026 22:02:13] PRISMA: SELECT "public"."Solar_Data"."id", "public"."Solar_Data"."hour", "public"."Solar_Data"."Watts", "pub -Params: ["2026-08-07 20:02:13.846 UTC","2026-08-08 20:02:13.846 UTC",0] -Duration: 3ms
[08/08/2026 22:02:13] PRISMA: SELECT "public"."User"."id" FROM "public"."User" WHERE ("public"."User"."id" = $1 AND 1=1) LIMIT $2  -Params: [1,1,0] -Duration: 6ms
[08/08/2026 22:02:13] PRISMA: SELECT "public"."Washing_Program"."id", "public"."Washing_Program"."type", "public"."Washing_Program -Params: [5,0] -Duration: 6ms
[08/08/2026 22:02:13] PRISMA: SELECT "public"."Miele_Token"."id", "public"."Miele_Token"."accessToken", "public"."Miele_Token"."re -Params: [1,0] -Duration: 1ms
[08/08/2026 22:02:19] PRISMA: SELECT "public"."Washing_Program"."id", "public"."Washing_Program"."type", "public"."Washing_Program -Params: [5,0] -Duration: 10ms
[08/08/2026 22:02:20] PRISMA: SELECT "public"."Weather_Forecast"."id", "public"."Weather_Forecast"."time", "public"."Weather_Forec -Params: ["2026-08-08 08:02:20.556 UTC","2026-08-09 07:02:20.556 UTC",0] -Duration: 7ms
[08/08/2026 22:02:20] PRISMA: SELECT "public"."Solar_Data"."id", "public"."Solar_Data"."hour", "public"."Solar_Data"."Watts", "pub -Params: ["2026-08-07 20:02:20.558 UTC","2026-08-08 20:02:20.558 UTC",0] -Duration: 6ms
[08/08/2026 22:02:20] PRISMA: SELECT "public"."Washing_Program"."id", "public"."Washing_Program"."type", "public"."Washing_Program -Params: [5,0] -Duration: 5ms
[08/08/2026 22:02:20] PRISMA: SELECT "public"."User"."id" FROM "public"."User" WHERE ("public"."User"."id" = $1 AND 1=1) LIMIT $2  -Params: [1,1,0] -Duration: 2ms
[08/08/2026 22:02:20] PRISMA: SELECT "public"."Miele_Token"."id", "public"."Miele_Token"."accessToken", "public"."Miele_Token"."re -Params: [1,0] -Duration: 0ms
[08/08/2026 22:02:27] PRISMA: SELECT "public"."User"."id", "public"."User"."username", "public"."User"."password_hash", "public"." -Params: ["Parents",1,0] -Duration: 3ms
[08/08/2026 22:02:27] PRISMA: SELECT "public"."Weather_Forecast"."id", "public"."Weather_Forecast"."time", "public"."Weather_Forec -Params: ["2026-08-08 08:02:27.371 UTC","2026-08-09 07:02:27.371 UTC",0] -Duration: 215ms
[08/08/2026 22:02:33] PRISMA: SELECT 1 -Params: [] -Duration: 2ms
[08/08/2026 22:02:33] PRISMA: SELECT 1 -Params: [] -Duration: 5ms
[08/08/2026 22:02:34] PRISMA: SELECT 1 -Params: [] -Duration: 14ms
[08/08/2026 22:02:34] PRISMA: SELECT "public"."Washing_Program"."id", "public"."Washing_Program"."type", "public"."Washing_Program -Params: [5,0] -Duration: 21ms
[08/08/2026 22:02:34] PRISMA: SELECT "public"."Solar_Data"."id", "public"."Solar_Data"."hour", "public"."Solar_Data"."Watts", "pub -Params: ["2026-08-07 20:02:33.971 UTC","2026-08-08 20:02:33.971 UTC",0] -Duration: 12ms
[08/08/2026 22:02:34] PRISMA: SELECT "public"."User"."id" FROM "public"."User" WHERE ("public"."User"."id" = $1 AND 1=1) LIMIT $2  -Params: [1,1,0] -Duration: 0ms
[08/08/2026 22:02:34] PRISMA: SELECT "public"."Miele_Token"."id", "public"."Miele_Token"."accessToken", "public"."Miele_Token"."re -Params: [1,0] -Duration: 1ms
[08/08/2026 22:02:34] PRISMA: SELECT "public"."Weather_Forecast"."id", "public"."Weather_Forecast"."time", "public"."Weather_Forec -Params: ["2026-08-08 08:02:33.974 UTC","2026-08-09 07:02:33.974 UTC",0] -Duration: 10ms
[08/08/2026 22:02:42] PRISMA: SELECT "public"."Washing_Program"."id", "public"."Washing_Program"."type", "public"."Washing_Program -Params: [5,0] -Duration: 5ms
[08/08/2026 22:04:34] PRISMA: SELECT "public"."Weather_Forecast"."id", "public"."Weather_Forecast"."time", "public"."Weather_Forec -Params: ["2026-08-08 00:00:00 UTC",0] -Duration: 2ms
[08/08/2026 22:04:34] PRISMA: SELECT "public"."User"."id", "public"."User"."username", "public"."User"."password_hash", "public"." -Params: ["Parents",1,0] -Duration: 1ms
[08/08/2026 22:05:05] PRISMA: SELECT 1 -Params: [] -Duration: 2ms
[08/08/2026 22:05:05] PRISMA: INSERT INTO "public"."Solar_Data" ("hour","Watts","total") VALUES ($1,$2,$3) RETURNING "public"."Sol -Params: ["2026-08-08 20:05:05.537 UTC",0,38942] -Duration: 4ms
[08/08/2026 22:07:12] PRISMA: SELECT 1 -Params: [] -Duration: 6ms
[08/08/2026 22:07:12] PRISMA: SELECT "public"."Washing_Program"."id", "public"."Washing_Program"."type", "public"."Washing_Program -Params: [5,0] -Duration: 9ms
[08/08/2026 22:07:12] PRISMA: SELECT "public"."Weather_Forecast"."id", "public"."Weather_Forecast"."time", "public"."Weather_Forec -Params: ["2026-08-08 08:07:12.753 UTC","2026-08-09 07:07:12.753 UTC",0] -Duration: 3ms
[08/08/2026 22:07:12] PRISMA: SELECT "public"."User"."id" FROM "public"."User" WHERE ("public"."User"."id" = $1 AND 1=1) LIMIT $2  -Params: [1,1,0] -Duration: 0ms
[08/08/2026 22:07:12] PRISMA: SELECT "public"."Miele_Token"."id", "public"."Miele_Token"."accessToken", "public"."Miele_Token"."re -Params: [1,0] -Duration: 1ms
[08/08/2026 22:07:12] PRISMA: SELECT "public"."Solar_Data"."id", "public"."Solar_Data"."hour", "public"."Solar_Data"."Watts", "pub -Params: ["2026-08-07 20:07:12.746 UTC","2026-08-08 20:07:12.746 UTC",0] -Duration: 5ms
[08/08/2026 22:10:40] PRISMA: SELECT 1 -Params: [] -Duration: 4ms
[08/08/2026 22:10:40] PRISMA: SELECT "public"."Weather_Forecast"."id", "public"."Weather_Forecast"."time", "public"."Weather_Forec -Params: ["2026-08-08 08:10:40.367 UTC","2026-08-09 07:10:40.367 UTC",0] -Duration: 17ms
[08/08/2026 22:10:40] PRISMA: SELECT "public"."Washing_Program"."id", "public"."Washing_Program"."type", "public"."Washing_Program -Params: [5,0] -Duration: 4ms
[08/08/2026 22:10:40] PRISMA: SELECT "public"."User"."id" FROM "public"."User" WHERE ("public"."User"."id" = $1 AND 1=1) LIMIT $2  -Params: [1,1,0] -Duration: 3ms
[08/08/2026 22:10:40] PRISMA: SELECT "public"."Miele_Token"."id", "public"."Miele_Token"."accessToken", "public"."Miele_Token"."re -Params: [1,0] -Duration: 1ms
[08/08/2026 22:10:40] PRISMA: SELECT "public"."Solar_Data"."id", "public"."Solar_Data"."hour", "public"."Solar_Data"."Watts", "pub -Params: ["2026-08-07 20:10:40.372 UTC","2026-08-08 20:10:40.372 UTC",0] -Duration: 7ms
[08/08/2026 22:12:16] PRISMA: SELECT 1 -Params: [] -Duration: 1ms
[08/08/2026 22:12:16] PRISMA: SELECT 1 -Params: [] -Duration: 4ms
[08/08/2026 22:12:16] PRISMA: SELECT 1 -Params: [] -Duration: 0ms
[08/08/2026 22:12:16] PRISMA: SELECT "public"."Washing_Program"."id", "public"."Washing_Program"."type", "public"."Washing_Program -Params: [5,0] -Duration: 3ms
[08/08/2026 22:12:16] PRISMA: SELECT "public"."Solar_Data"."id", "public"."Solar_Data"."hour", "public"."Solar_Data"."Watts", "pub -Params: ["2026-08-07 20:12:16.377 UTC","2026-08-08 20:12:16.377 UTC",0] -Duration: 7ms
[08/08/2026 22:12:16] PRISMA: SELECT "public"."Weather_Forecast"."id", "public"."Weather_Forecast"."time", "public"."Weather_Forec -Params: ["2026-08-08 08:12:16.371 UTC","2026-08-09 07:12:16.371 UTC",0] -Duration: 7ms
[08/08/2026 22:12:16] PRISMA: SELECT "public"."User"."id" FROM "public"."User" WHERE ("public"."User"."id" = $1 AND 1=1) LIMIT $2  -Params: [1,1,0] -Duration: 3ms
[08/08/2026 22:12:16] PRISMA: SELECT "public"."Miele_Token"."id", "public"."Miele_Token"."accessToken", "public"."Miele_Token"."re -Params: [1,0] -Duration: 2ms
[08/08/2026 22:12:19] PRISMA: SELECT "public"."Solar_Data"."id", "public"."Solar_Data"."hour", "public"."Solar_Data"."Watts", "pub -Params: ["2026-08-07 20:12:19.089 UTC","2026-08-08 20:12:19.089 UTC",0] -Duration: 17ms
[08/08/2026 22:12:19] PRISMA: SELECT "public"."Washing_Program"."id", "public"."Washing_Program"."type", "public"."Washing_Program -Params: [5,0] -Duration: 24ms
[08/08/2026 22:12:19] PRISMA: SELECT "public"."Weather_Forecast"."id", "public"."Weather_Forecast"."time", "public"."Weather_Forec -Params: ["2026-08-08 08:12:19.085 UTC","2026-08-09 07:12:19.085 UTC",0] -Duration: 33ms
[08/08/2026 22:12:19] PRISMA: SELECT "public"."User"."id" FROM "public"."User" WHERE ("public"."User"."id" = $1 AND 1=1) LIMIT $2  -Params: [1,1,0] -Duration: 17ms
[08/08/2026 22:12:19] PRISMA: SELECT "public"."Miele_Token"."id", "public"."Miele_Token"."accessToken", "public"."Miele_Token"."re -Params: [1,0] -Duration: 8ms
[08/08/2026 22:15:03] PRISMA: SELECT "public"."Weather_Forecast"."id", "public"."Weather_Forecast"."time", "public"."Weather_Forec -Params: ["2026-08-08 00:00:00 UTC",0] -Duration: 2ms
[08/08/2026 22:15:03] PRISMA: SELECT "public"."User"."id", "public"."User"."username", "public"."User"."password_hash", "public"." -Params: ["Parents",1,0] -Duration: 2ms
[08/08/2026 22:17:22] PRISMA: SELECT "public"."Weather_Forecast"."id", "public"."Weather_Forecast"."time", "public"."Weather_Forec -Params: ["2026-08-08 00:00:00 UTC",0] -Duration: 2ms
[08/08/2026 22:17:22] PRISMA: SELECT "public"."User"."id", "public"."User"."username", "public"."User"."password_hash", "public"." -Params: ["Parents",1,0] -Duration: 1ms
[08/08/2026 22:17:27] PRISMA: INSERT INTO "public"."Miele_Token" ("accessToken","refreshToken","expiresAt","userId") VALUES ($1,$2 -Params: ["BE_9dbef7e2e216d42c1aa6a601fc57b2a0","BE_e513e0335351b8350be83d67e6c0640b","2026-08-08 22:17:27 UTC",1,"BE_9dbef7e2e216d42c1aa6a601fc57b2a0","BE_e513e0335351b8350be83d67e6c0640b","2026-08-08 22:17:27 UTC",1] -Duration: 31ms
[08/08/2026 22:17:27] PRISMA: SELECT "public"."Weather_Forecast"."id", "public"."Weather_Forecast"."time", "public"."Weather_Forec -Params: ["2026-08-08 08:17:27.961 UTC","2026-08-09 07:17:27.961 UTC",0] -Duration: 1ms
[08/08/2026 22:17:27] PRISMA: SELECT "public"."Washing_Program"."id", "public"."Washing_Program"."type", "public"."Washing_Program -Params: [5,0] -Duration: 2ms
[08/08/2026 22:17:27] PRISMA: SELECT "public"."User"."id" FROM "public"."User" WHERE ("public"."User"."id" = $1 AND 1=1) LIMIT $2  -Params: [1,1,0] -Duration: 0ms
[08/08/2026 22:17:27] PRISMA: SELECT "public"."Miele_Token"."id", "public"."Miele_Token"."accessToken", "public"."Miele_Token"."re -Params: [1,0] -Duration: 0ms
[08/08/2026 22:17:27] PRISMA: SELECT "public"."Solar_Data"."id", "public"."Solar_Data"."hour", "public"."Solar_Data"."Watts", "pub -Params: ["2026-08-07 20:17:27.963 UTC","2026-08-08 20:17:27.963 UTC",0] -Duration: 4ms
[08/08/2026 22:17:28] PRISMA: SELECT "public"."Miele_Token"."id", "public"."Miele_Token"."accessToken", "public"."Miele_Token"."re -Params: [1,1,0] -Duration: 1ms
[08/08/2026 22:17:30] PRISMA: SELECT "public"."Miele_Token"."id", "public"."Miele_Token"."accessToken", "public"."Miele_Token"."re -Params: [1,1,0] -Duration: 1ms
[08/08/2026 22:17:30] PRISMA: SELECT "public"."Miele_Token"."id", "public"."Miele_Token"."accessToken", "public"."Miele_Token"."re -Params: [1,1,0] -Duration: 0ms
[08/08/2026 22:17:41] PRISMA: SELECT 1 -Params: [] -Duration: 1ms
[08/08/2026 22:17:41] PRISMA: INSERT INTO "public"."PushNotif" ("createdAt","sendAt","type") VALUES ($1,$2,$3) RETURNING "public". -Params: ["2026-08-08 20:17:41.317 UTC","2026-08-08 20:22:41.317 UTC",1] -Duration: 9ms
[08/08/2026 22:17:41] PRISMA: SELECT "public"."Miele_Token"."id", "public"."Miele_Token"."accessToken", "public"."Miele_Token"."re -Params: [1,1,0] -Duration: 0ms
[08/08/2026 22:17:41] PRISMA: SELECT "public"."Miele_Token"."id", "public"."Miele_Token"."accessToken", "public"."Miele_Token"."re -Params: [1,1,0] -Duration: 0ms
[08/08/2026 22:18:00] PRISMA: SELECT 1 -Params: [] -Duration: 2ms
[08/08/2026 22:18:00] PRISMA: SELECT "public"."PushNotif"."id", "public"."PushNotif"."createdAt", "public"."PushNotif"."sendAt", " -Params: ["2026-08-08 20:18:00.063 UTC",0] -Duration: 10ms
[08/08/2026 22:18:00] PRISMA: SELECT "public"."PushNotif"."id", "public"."PushNotif"."createdAt", "public"."PushNotif"."sendAt", " -Params: [0] -Duration: 0ms
[08/08/2026 22:18:01] PRISMA: SELECT "public"."Miele_Token"."id", "public"."Miele_Token"."accessToken", "public"."Miele_Token"."re -Params: [1,1,0] -Duration: 1ms
[08/08/2026 22:18:01] PRISMA: SELECT "public"."Miele_Token"."id", "public"."Miele_Token"."accessToken", "public"."Miele_Token"."re -Params: [1,1,0] -Duration: 0ms
[08/08/2026 22:19:29] PRISMA: SELECT "public"."Weather_Forecast"."id", "public"."Weather_Forecast"."time", "public"."Weather_Forec -Params: ["2026-08-08 00:00:00 UTC",0] -Duration: 4ms
[08/08/2026 22:19:30] PRISMA: INSERT INTO "public"."Weather_Forecast" ("time","temp","SolarRay","updatedAt") VALUES ($1,$2,$3,$4)  -Params: ["2026-08-08 00:00:00 UTC",17.3,0,"2026-08-08 20:19:30.288 UTC",17.3,"2026-08-08 20:19:30.288 UTC","2026-08-08 00:00:00 UTC"] -Duration: 4ms
[08/08/2026 22:19:30] PRISMA: INSERT INTO "public"."Weather_Forecast" ("time","temp","SolarRay","updatedAt") VALUES ($1,$2,$3,$4)  -Params: ["2026-08-08 01:00:00 UTC",16.8,0,"2026-08-08 20:19:30.294 UTC",16.8,"2026-08-08 20:19:30.294 UTC","2026-08-08 01:00:00 UTC"] -Duration: 0ms
[08/08/2026 22:19:30] PRISMA: INSERT INTO "public"."Weather_Forecast" ("time","temp","SolarRay","updatedAt") VALUES ($1,$2,$3,$4)  -Params: ["2026-08-08 02:00:00 UTC",16.1,0,"2026-08-08 20:19:30.296 UTC",16.1,"2026-08-08 20:19:30.296 UTC","2026-08-08 02:00:00 UTC"] -Duration: 0ms
[08/08/2026 22:19:30] PRISMA: INSERT INTO "public"."Weather_Forecast" ("time","temp","SolarRay","updatedAt") VALUES ($1,$2,$3,$4)  -Params: ["2026-08-08 03:00:00 UTC",15.5,0,"2026-08-08 20:19:30.297 UTC",15.5,"2026-08-08 20:19:30.297 UTC","2026-08-08 03:00:00 UTC"] -Duration: 0ms
[08/08/2026 22:19:30] PRISMA: INSERT INTO "public"."Weather_Forecast" ("time","temp","SolarRay","updatedAt") VALUES ($1,$2,$3,$4)  -Params: ["2026-08-08 04:00:00 UTC",15.1,0,"2026-08-08 20:19:30.298 UTC",15.1,"2026-08-08 20:19:30.298 UTC","2026-08-08 04:00:00 UTC"] -Duration: 0ms
[08/08/2026 22:19:30] PRISMA: INSERT INTO "public"."Weather_Forecast" ("time","temp","SolarRay","updatedAt") VALUES ($1,$2,$3,$4)  -Params: ["2026-08-08 05:00:00 UTC",15.1,15,"2026-08-08 20:19:30.299 UTC",15.1,"2026-08-08 20:19:30.299 UTC","2026-08-08 05:00:00 UTC"] -Duration: 0ms
[08/08/2026 22:19:30] PRISMA: INSERT INTO "public"."Weather_Forecast" ("time","temp","SolarRay","updatedAt") VALUES ($1,$2,$3,$4)  -Params: ["2026-08-08 06:00:00 UTC",16.8,121,"2026-08-08 20:19:30.300 UTC",16.8,"2026-08-08 20:19:30.300 UTC","2026-08-08 06:00:00 UTC"] -Duration: 0ms
[08/08/2026 22:19:30] PRISMA: INSERT INTO "public"."Weather_Forecast" ("time","temp","SolarRay","updatedAt") VALUES ($1,$2,$3,$4)  -Params: ["2026-08-08 07:00:00 UTC",19,277,"2026-08-08 20:19:30.301 UTC",19,"2026-08-08 20:19:30.301 UTC","2026-08-08 07:00:00 UTC"] -Duration: 0ms
[08/08/2026 22:19:30] PRISMA: INSERT INTO "public"."Weather_Forecast" ("time","temp","SolarRay","updatedAt") VALUES ($1,$2,$3,$4)  -Params: ["2026-08-08 08:00:00 UTC",21.1,440,"2026-08-08 20:19:30.302 UTC",21.1,"2026-08-08 20:19:30.302 UTC","2026-08-08 08:00:00 UTC"] -Duration: 0ms
[08/08/2026 22:19:30] PRISMA: INSERT INTO "public"."Weather_Forecast" ("time","temp","SolarRay","updatedAt") VALUES ($1,$2,$3,$4)  -Params: ["2026-08-08 09:00:00 UTC",22.4,587,"2026-08-08 20:19:30.303 UTC",22.4,"2026-08-08 20:19:30.303 UTC","2026-08-08 09:00:00 UTC"] -Duration: 0ms
[08/08/2026 22:19:30] PRISMA: INSERT INTO "public"."Weather_Forecast" ("time","temp","SolarRay","updatedAt") VALUES ($1,$2,$3,$4)  -Params: ["2026-08-08 10:00:00 UTC",23.8,711,"2026-08-08 20:19:30.304 UTC",23.8,"2026-08-08 20:19:30.304 UTC","2026-08-08 10:00:00 UTC"] -Duration: 0ms
[08/08/2026 22:19:30] PRISMA: INSERT INTO "public"."Weather_Forecast" ("time","temp","SolarRay","updatedAt") VALUES ($1,$2,$3,$4)  -Params: ["2026-08-08 11:00:00 UTC",25.2,803,"2026-08-08 20:19:30.304 UTC",25.2,"2026-08-08 20:19:30.304 UTC","2026-08-08 11:00:00 UTC"] -Duration: 0ms
[08/08/2026 22:19:30] PRISMA: INSERT INTO "public"."Weather_Forecast" ("time","temp","SolarRay","updatedAt") VALUES ($1,$2,$3,$4)  -Params: ["2026-08-08 12:00:00 UTC",26.4,833,"2026-08-08 20:19:30.305 UTC",26.4,"2026-08-08 20:19:30.305 UTC","2026-08-08 12:00:00 UTC"] -Duration: 0ms
[08/08/2026 22:19:30] PRISMA: INSERT INTO "public"."Weather_Forecast" ("time","temp","SolarRay","updatedAt") VALUES ($1,$2,$3,$4)  -Params: ["2026-08-08 13:00:00 UTC",27,832,"2026-08-08 20:19:30.306 UTC",27,"2026-08-08 20:19:30.306 UTC","2026-08-08 13:00:00 UTC"] -Duration: 0ms
[08/08/2026 22:19:30] PRISMA: INSERT INTO "public"."Weather_Forecast" ("time","temp","SolarRay","updatedAt") VALUES ($1,$2,$3,$4)  -Params: ["2026-08-08 14:00:00 UTC",28,776,"2026-08-08 20:19:30.306 UTC",28,"2026-08-08 20:19:30.306 UTC","2026-08-08 14:00:00 UTC"] -Duration: 0ms
[08/08/2026 22:19:30] PRISMA: INSERT INTO "public"."Weather_Forecast" ("time","temp","SolarRay","updatedAt") VALUES ($1,$2,$3,$4)  -Params: ["2026-08-08 15:00:00 UTC",28.3,665,"2026-08-08 20:19:30.307 UTC",28.3,"2026-08-08 20:19:30.307 UTC","2026-08-08 15:00:00 UTC"] -Duration: 0ms
[08/08/2026 22:19:30] PRISMA: INSERT INTO "public"."Weather_Forecast" ("time","temp","SolarRay","updatedAt") VALUES ($1,$2,$3,$4)  -Params: ["2026-08-08 16:00:00 UTC",28.1,532,"2026-08-08 20:19:30.308 UTC",28.1,"2026-08-08 20:19:30.308 UTC","2026-08-08 16:00:00 UTC"] -Duration: 0ms
[08/08/2026 22:19:30] PRISMA: INSERT INTO "public"."Weather_Forecast" ("time","temp","SolarRay","updatedAt") VALUES ($1,$2,$3,$4)  -Params: ["2026-08-08 17:00:00 UTC",27.4,321,"2026-08-08 20:19:30.308 UTC",27.4,"2026-08-08 20:19:30.308 UTC","2026-08-08 17:00:00 UTC"] -Duration: 0ms
[08/08/2026 22:19:30] PRISMA: INSERT INTO "public"."Weather_Forecast" ("time","temp","SolarRay","updatedAt") VALUES ($1,$2,$3,$4)  -Params: ["2026-08-08 18:00:00 UTC",26.4,201,"2026-08-08 20:19:30.309 UTC",26.4,"2026-08-08 20:19:30.309 UTC","2026-08-08 18:00:00 UTC"] -Duration: 0ms
[08/08/2026 22:19:30] PRISMA: INSERT INTO "public"."Weather_Forecast" ("time","temp","SolarRay","updatedAt") VALUES ($1,$2,$3,$4)  -Params: ["2026-08-08 19:00:00 UTC",25.2,66,"2026-08-08 20:19:30.310 UTC",25.2,"2026-08-08 20:19:30.310 UTC","2026-08-08 19:00:00 UTC"] -Duration: 0ms
[08/08/2026 22:19:30] PRISMA: INSERT INTO "public"."Weather_Forecast" ("time","temp","SolarRay","updatedAt") VALUES ($1,$2,$3,$4)  -Params: ["2026-08-08 20:00:00 UTC",23.8,1,"2026-08-08 20:19:30.310 UTC",23.8,"2026-08-08 20:19:30.310 UTC","2026-08-08 20:00:00 UTC"] -Duration: 0ms
[08/08/2026 22:19:30] PRISMA: INSERT INTO "public"."Weather_Forecast" ("time","temp","SolarRay","updatedAt") VALUES ($1,$2,$3,$4)  -Params: ["2026-08-08 21:00:00 UTC",22.6,0,"2026-08-08 20:19:30.311 UTC",22.6,"2026-08-08 20:19:30.311 UTC","2026-08-08 21:00:00 UTC"] -Duration: 0ms
[08/08/2026 22:19:30] PRISMA: INSERT INTO "public"."Weather_Forecast" ("time","temp","SolarRay","updatedAt") VALUES ($1,$2,$3,$4)  -Params: ["2026-08-08 22:00:00 UTC",21.8,0,"2026-08-08 20:19:30.312 UTC",21.8,"2026-08-08 20:19:30.312 UTC","2026-08-08 22:00:00 UTC"] -Duration: 0ms
[08/08/2026 22:19:30] PRISMA: INSERT INTO "public"."Weather_Forecast" ("time","temp","SolarRay","updatedAt") VALUES ($1,$2,$3,$4)  -Params: ["2026-08-08 23:00:00 UTC",21,0,"2026-08-08 20:19:30.313 UTC",21,"2026-08-08 20:19:30.313 UTC","2026-08-08 23:00:00 UTC"] -Duration: 0ms
[08/08/2026 22:19:30] PRISMA: INSERT INTO "public"."Weather_Forecast" ("time","temp","SolarRay","updatedAt") VALUES ($1,$2,$3,$4)  -Params: ["2026-08-09 00:00:00 UTC",20.2,0,"2026-08-08 20:19:30.314 UTC",20.2,"2026-08-08 20:19:30.314 UTC","2026-08-09 00:00:00 UTC"] -Duration: 0ms
[08/08/2026 22:19:30] PRISMA: INSERT INTO "public"."Weather_Forecast" ("time","temp","SolarRay","updatedAt") VALUES ($1,$2,$3,$4)  -Params: ["2026-08-09 01:00:00 UTC",19.5,0,"2026-08-08 20:19:30.314 UTC",19.5,"2026-08-08 20:19:30.314 UTC","2026-08-09 01:00:00 UTC"] -Duration: 0ms
[08/08/2026 22:19:30] PRISMA: INSERT INTO "public"."Weather_Forecast" ("time","temp","SolarRay","updatedAt") VALUES ($1,$2,$3,$4)  -Params: ["2026-08-09 02:00:00 UTC",18.9,0,"2026-08-08 20:19:30.316 UTC",18.9,"2026-08-08 20:19:30.316 UTC","2026-08-09 02:00:00 UTC"] -Duration: 0ms
[08/08/2026 22:19:30] PRISMA: INSERT INTO "public"."Weather_Forecast" ("time","temp","SolarRay","updatedAt") VALUES ($1,$2,$3,$4)  -Params: ["2026-08-09 03:00:00 UTC",18.1,0,"2026-08-08 20:19:30.317 UTC",18.1,"2026-08-08 20:19:30.317 UTC","2026-08-09 03:00:00 UTC"] -Duration: 0ms
[08/08/2026 22:19:30] PRISMA: INSERT INTO "public"."Weather_Forecast" ("time","temp","SolarRay","updatedAt") VALUES ($1,$2,$3,$4)  -Params: ["2026-08-09 04:00:00 UTC",17.8,0,"2026-08-08 20:19:30.318 UTC",17.8,"2026-08-08 20:19:30.318 UTC","2026-08-09 04:00:00 UTC"] -Duration: 0ms
[08/08/2026 22:19:30] PRISMA: INSERT INTO "public"."Weather_Forecast" ("time","temp","SolarRay","updatedAt") VALUES ($1,$2,$3,$4)  -Params: ["2026-08-09 05:00:00 UTC",17.9,13,"2026-08-08 20:19:30.319 UTC",17.9,"2026-08-08 20:19:30.319 UTC","2026-08-09 05:00:00 UTC"] -Duration: 0ms
[08/08/2026 22:19:30] PRISMA: INSERT INTO "public"."Weather_Forecast" ("time","temp","SolarRay","updatedAt") VALUES ($1,$2,$3,$4)  -Params: ["2026-08-09 06:00:00 UTC",19.9,115,"2026-08-08 20:19:30.320 UTC",19.9,"2026-08-08 20:19:30.320 UTC","2026-08-09 06:00:00 UTC"] -Duration: 0ms
[08/08/2026 22:19:30] PRISMA: INSERT INTO "public"."Weather_Forecast" ("time","temp","SolarRay","updatedAt") VALUES ($1,$2,$3,$4)  -Params: ["2026-08-09 07:00:00 UTC",23.1,259,"2026-08-08 20:19:30.321 UTC",23.1,"2026-08-08 20:19:30.321 UTC","2026-08-09 07:00:00 UTC"] -Duration: 0ms
[08/08/2026 22:19:30] PRISMA: INSERT INTO "public"."Weather_Forecast" ("time","temp","SolarRay","updatedAt") VALUES ($1,$2,$3,$4)  -Params: ["2026-08-09 08:00:00 UTC",25.2,368,"2026-08-08 20:19:30.321 UTC",25.2,"2026-08-08 20:19:30.321 UTC","2026-08-09 08:00:00 UTC"] -Duration: 0ms
[08/08/2026 22:19:30] PRISMA: INSERT INTO "public"."Weather_Forecast" ("time","temp","SolarRay","updatedAt") VALUES ($1,$2,$3,$4)  -Params: ["2026-08-09 09:00:00 UTC",26.6,363,"2026-08-08 20:19:30.322 UTC",26.6,"2026-08-08 20:19:30.322 UTC","2026-08-09 09:00:00 UTC"] -Duration: 0ms
[08/08/2026 22:19:30] PRISMA: INSERT INTO "public"."Weather_Forecast" ("time","temp","SolarRay","updatedAt") VALUES ($1,$2,$3,$4)  -Params: ["2026-08-09 10:00:00 UTC",26.9,190,"2026-08-08 20:19:30.323 UTC",26.9,"2026-08-08 20:19:30.323 UTC","2026-08-09 10:00:00 UTC"] -Duration: 0ms
[08/08/2026 22:19:30] PRISMA: INSERT INTO "public"."Weather_Forecast" ("time","temp","SolarRay","updatedAt") VALUES ($1,$2,$3,$4)  -Params: ["2026-08-09 11:00:00 UTC",27.8,352,"2026-08-08 20:19:30.323 UTC",27.8,"2026-08-08 20:19:30.323 UTC","2026-08-09 11:00:00 UTC"] -Duration: 0ms
[08/08/2026 22:19:30] PRISMA: INSERT INTO "public"."Weather_Forecast" ("time","temp","SolarRay","updatedAt") VALUES ($1,$2,$3,$4)  -Params: ["2026-08-09 12:00:00 UTC",26.7,102,"2026-08-08 20:19:30.324 UTC",26.7,"2026-08-08 20:19:30.324 UTC","2026-08-09 12:00:00 UTC"] -Duration: 0ms
[08/08/2026 22:19:30] PRISMA: INSERT INTO "public"."Weather_Forecast" ("time","temp","SolarRay","updatedAt") VALUES ($1,$2,$3,$4)  -Params: ["2026-08-09 13:00:00 UTC",26.1,44,"2026-08-08 20:19:30.325 UTC",26.1,"2026-08-08 20:19:30.325 UTC","2026-08-09 13:00:00 UTC"] -Duration: 0ms
[08/08/2026 22:19:30] PRISMA: INSERT INTO "public"."Weather_Forecast" ("time","temp","SolarRay","updatedAt") VALUES ($1,$2,$3,$4)  -Params: ["2026-08-09 14:00:00 UTC",26.4,49,"2026-08-08 20:19:30.325 UTC",26.4,"2026-08-08 20:19:30.325 UTC","2026-08-09 14:00:00 UTC"] -Duration: 0ms
[08/08/2026 22:19:30] PRISMA: INSERT INTO "public"."Weather_Forecast" ("time","temp","SolarRay","updatedAt") VALUES ($1,$2,$3,$4)  -Params: ["2026-08-09 15:00:00 UTC",25.3,93,"2026-08-08 20:19:30.326 UTC",25.3,"2026-08-08 20:19:30.326 UTC","2026-08-09 15:00:00 UTC"] -Duration: 0ms
[08/08/2026 22:19:30] PRISMA: INSERT INTO "public"."Weather_Forecast" ("time","temp","SolarRay","updatedAt") VALUES ($1,$2,$3,$4)  -Params: ["2026-08-09 16:00:00 UTC",25.7,55,"2026-08-08 20:19:30.326 UTC",25.7,"2026-08-08 20:19:30.326 UTC","2026-08-09 16:00:00 UTC"] -Duration: 0ms
[08/08/2026 22:19:30] PRISMA: INSERT INTO "public"."Weather_Forecast" ("time","temp","SolarRay","updatedAt") VALUES ($1,$2,$3,$4)  -Params: ["2026-08-09 17:00:00 UTC",26.2,81,"2026-08-08 20:19:30.327 UTC",26.2,"2026-08-08 20:19:30.327 UTC","2026-08-09 17:00:00 UTC"] -Duration: 0ms
[08/08/2026 22:19:30] PRISMA: INSERT INTO "public"."Weather_Forecast" ("time","temp","SolarRay","updatedAt") VALUES ($1,$2,$3,$4)  -Params: ["2026-08-09 18:00:00 UTC",26,114,"2026-08-08 20:19:30.328 UTC",26,"2026-08-08 20:19:30.328 UTC","2026-08-09 18:00:00 UTC"] -Duration: 0ms
[08/08/2026 22:19:30] PRISMA: INSERT INTO "public"."Weather_Forecast" ("time","temp","SolarRay","updatedAt") VALUES ($1,$2,$3,$4)  -Params: ["2026-08-09 19:00:00 UTC",24.6,58,"2026-08-08 20:19:30.328 UTC",24.6,"2026-08-08 20:19:30.328 UTC","2026-08-09 19:00:00 UTC"] -Duration: 0ms
[08/08/2026 22:19:30] PRISMA: INSERT INTO "public"."Weather_Forecast" ("time","temp","SolarRay","updatedAt") VALUES ($1,$2,$3,$4)  -Params: ["2026-08-09 20:00:00 UTC",24.4,1,"2026-08-08 20:19:30.329 UTC",24.4,"2026-08-08 20:19:30.329 UTC","2026-08-09 20:00:00 UTC"] -Duration: 0ms
[08/08/2026 22:19:30] PRISMA: INSERT INTO "public"."Weather_Forecast" ("time","temp","SolarRay","updatedAt") VALUES ($1,$2,$3,$4)  -Params: ["2026-08-09 21:00:00 UTC",24.3,0,"2026-08-08 20:19:30.329 UTC",24.3,"2026-08-08 20:19:30.329 UTC","2026-08-09 21:00:00 UTC"] -Duration: 1ms
[08/08/2026 22:19:30] PRISMA: INSERT INTO "public"."Weather_Forecast" ("time","temp","SolarRay","updatedAt") VALUES ($1,$2,$3,$4)  -Params: ["2026-08-09 22:00:00 UTC",23.9,0,"2026-08-08 20:19:30.331 UTC",23.9,"2026-08-08 20:19:30.331 UTC","2026-08-09 22:00:00 UTC"] -Duration: 0ms
[08/08/2026 22:19:30] PRISMA: INSERT INTO "public"."Weather_Forecast" ("time","temp","SolarRay","updatedAt") VALUES ($1,$2,$3,$4)  -Params: ["2026-08-09 23:00:00 UTC",23,0,"2026-08-08 20:19:30.332 UTC",23,"2026-08-08 20:19:30.332 UTC","2026-08-09 23:00:00 UTC"] -Duration: 0ms
[08/08/2026 22:19:30] PRISMA: INSERT INTO "public"."Weather_Forecast" ("time","temp","SolarRay","updatedAt") VALUES ($1,$2,$3,$4)  -Params: ["2026-08-10 00:00:00 UTC",21.8,0,"2026-08-08 20:19:30.332 UTC",21.8,"2026-08-08 20:19:30.332 UTC","2026-08-10 00:00:00 UTC"] -Duration: 0ms
[08/08/2026 22:19:30] PRISMA: INSERT INTO "public"."Weather_Forecast" ("time","temp","SolarRay","updatedAt") VALUES ($1,$2,$3,$4)  -Params: ["2026-08-10 01:00:00 UTC",21.2,0,"2026-08-08 20:19:30.333 UTC",21.2,"2026-08-08 20:19:30.333 UTC","2026-08-10 01:00:00 UTC"] -Duration: 0ms
[08/08/2026 22:19:30] PRISMA: INSERT INTO "public"."Weather_Forecast" ("time","temp","SolarRay","updatedAt") VALUES ($1,$2,$3,$4)  -Params: ["2026-08-10 02:00:00 UTC",20.6,0,"2026-08-08 20:19:30.333 UTC",20.6,"2026-08-08 20:19:30.333 UTC","2026-08-10 02:00:00 UTC"] -Duration: 0ms
[08/08/2026 22:19:30] PRISMA: INSERT INTO "public"."Weather_Forecast" ("time","temp","SolarRay","updatedAt") VALUES ($1,$2,$3,$4)  -Params: ["2026-08-10 03:00:00 UTC",19.5,0,"2026-08-08 20:19:30.334 UTC",19.5,"2026-08-08 20:19:30.334 UTC","2026-08-10 03:00:00 UTC"] -Duration: 0ms
[08/08/2026 22:19:30] PRISMA: INSERT INTO "public"."Weather_Forecast" ("time","temp","SolarRay","updatedAt") VALUES ($1,$2,$3,$4)  -Params: ["2026-08-10 04:00:00 UTC",18.3,0,"2026-08-08 20:19:30.335 UTC",18.3,"2026-08-08 20:19:30.335 UTC","2026-08-10 04:00:00 UTC"] -Duration: 0ms
[08/08/2026 22:19:30] PRISMA: INSERT INTO "public"."Weather_Forecast" ("time","temp","SolarRay","updatedAt") VALUES ($1,$2,$3,$4)  -Params: ["2026-08-10 05:00:00 UTC",17.8,11,"2026-08-08 20:19:30.335 UTC",17.8,"2026-08-08 20:19:30.335 UTC","2026-08-10 05:00:00 UTC"] -Duration: 0ms
[08/08/2026 22:19:30] PRISMA: INSERT INTO "public"."Weather_Forecast" ("time","temp","SolarRay","updatedAt") VALUES ($1,$2,$3,$4)  -Params: ["2026-08-10 06:00:00 UTC",18.4,106,"2026-08-08 20:19:30.336 UTC",18.4,"2026-08-08 20:19:30.336 UTC","2026-08-10 06:00:00 UTC"] -Duration: 0ms
[08/08/2026 22:19:30] PRISMA: INSERT INTO "public"."Weather_Forecast" ("time","temp","SolarRay","updatedAt") VALUES ($1,$2,$3,$4)  -Params: ["2026-08-10 07:00:00 UTC",19.7,253,"2026-08-08 20:19:30.336 UTC",19.7,"2026-08-08 20:19:30.336 UTC","2026-08-10 07:00:00 UTC"] -Duration: 0ms
[08/08/2026 22:19:30] PRISMA: INSERT INTO "public"."Weather_Forecast" ("time","temp","SolarRay","updatedAt") VALUES ($1,$2,$3,$4)  -Params: ["2026-08-10 08:00:00 UTC",21.9,410,"2026-08-08 20:19:30.337 UTC",21.9,"2026-08-08 20:19:30.337 UTC","2026-08-10 08:00:00 UTC"] -Duration: 0ms
[08/08/2026 22:19:30] PRISMA: INSERT INTO "public"."Weather_Forecast" ("time","temp","SolarRay","updatedAt") VALUES ($1,$2,$3,$4)  -Params: ["2026-08-10 09:00:00 UTC",24.1,560,"2026-08-08 20:19:30.337 UTC",24.1,"2026-08-08 20:19:30.337 UTC","2026-08-10 09:00:00 UTC"] -Duration: 0ms
[08/08/2026 22:19:30] PRISMA: INSERT INTO "public"."Weather_Forecast" ("time","temp","SolarRay","updatedAt") VALUES ($1,$2,$3,$4)  -Params: ["2026-08-10 10:00:00 UTC",25.4,678,"2026-08-08 20:19:30.338 UTC",25.4,"2026-08-08 20:19:30.338 UTC","2026-08-10 10:00:00 UTC"] -Duration: 0ms
[08/08/2026 22:19:30] PRISMA: INSERT INTO "public"."Weather_Forecast" ("time","temp","SolarRay","updatedAt") VALUES ($1,$2,$3,$4)  -Params: ["2026-08-10 11:00:00 UTC",26.2,762,"2026-08-08 20:19:30.338 UTC",26.2,"2026-08-08 20:19:30.338 UTC","2026-08-10 11:00:00 UTC"] -Duration: 0ms
[08/08/2026 22:19:30] PRISMA: INSERT INTO "public"."Weather_Forecast" ("time","temp","SolarRay","updatedAt") VALUES ($1,$2,$3,$4)  -Params: ["2026-08-10 12:00:00 UTC",26.1,721,"2026-08-08 20:19:30.339 UTC",26.1,"2026-08-08 20:19:30.339 UTC","2026-08-10 12:00:00 UTC"] -Duration: 0ms
[08/08/2026 22:19:30] PRISMA: INSERT INTO "public"."Weather_Forecast" ("time","temp","SolarRay","updatedAt") VALUES ($1,$2,$3,$4)  -Params: ["2026-08-10 13:00:00 UTC",26.2,718,"2026-08-08 20:19:30.339 UTC",26.2,"2026-08-08 20:19:30.339 UTC","2026-08-10 13:00:00 UTC"] -Duration: 0ms
[08/08/2026 22:19:30] PRISMA: INSERT INTO "public"."Weather_Forecast" ("time","temp","SolarRay","updatedAt") VALUES ($1,$2,$3,$4)  -Params: ["2026-08-10 14:00:00 UTC",26.4,697,"2026-08-08 20:19:30.340 UTC",26.4,"2026-08-08 20:19:30.340 UTC","2026-08-10 14:00:00 UTC"] -Duration: 0ms
[08/08/2026 22:19:30] PRISMA: INSERT INTO "public"."Weather_Forecast" ("time","temp","SolarRay","updatedAt") VALUES ($1,$2,$3,$4)  -Params: ["2026-08-10 15:00:00 UTC",24.9,342,"2026-08-08 20:19:30.340 UTC",24.9,"2026-08-08 20:19:30.340 UTC","2026-08-10 15:00:00 UTC"] -Duration: 0ms
[08/08/2026 22:19:30] PRISMA: INSERT INTO "public"."Weather_Forecast" ("time","temp","SolarRay","updatedAt") VALUES ($1,$2,$3,$4)  -Params: ["2026-08-10 16:00:00 UTC",24.2,302,"2026-08-08 20:19:30.341 UTC",24.2,"2026-08-08 20:19:30.341 UTC","2026-08-10 16:00:00 UTC"] -Duration: 0ms
[08/08/2026 22:19:30] PRISMA: INSERT INTO "public"."Weather_Forecast" ("time","temp","SolarRay","updatedAt") VALUES ($1,$2,$3,$4)  -Params: ["2026-08-10 17:00:00 UTC",23.7,300,"2026-08-08 20:19:30.341 UTC",23.7,"2026-08-08 20:19:30.341 UTC","2026-08-10 17:00:00 UTC"] -Duration: 0ms
[08/08/2026 22:19:30] PRISMA: INSERT INTO "public"."Weather_Forecast" ("time","temp","SolarRay","updatedAt") VALUES ($1,$2,$3,$4)  -Params: ["2026-08-10 18:00:00 UTC",22.9,200,"2026-08-08 20:19:30.342 UTC",22.9,"2026-08-08 20:19:30.342 UTC","2026-08-10 18:00:00 UTC"] -Duration: 0ms
[08/08/2026 22:19:30] PRISMA: INSERT INTO "public"."Weather_Forecast" ("time","temp","SolarRay","updatedAt") VALUES ($1,$2,$3,$4)  -Params: ["2026-08-10 19:00:00 UTC",21.7,60,"2026-08-08 20:19:30.342 UTC",21.7,"2026-08-08 20:19:30.342 UTC","2026-08-10 19:00:00 UTC"] -Duration: 0ms
[08/08/2026 22:19:30] PRISMA: INSERT INTO "public"."Weather_Forecast" ("time","temp","SolarRay","updatedAt") VALUES ($1,$2,$3,$4)  -Params: ["2026-08-10 20:00:00 UTC",20.4,0,"2026-08-08 20:19:30.343 UTC",20.4,"2026-08-08 20:19:30.343 UTC","2026-08-10 20:00:00 UTC"] -Duration: 0ms
[08/08/2026 22:19:30] PRISMA: INSERT INTO "public"."Weather_Forecast" ("time","temp","SolarRay","updatedAt") VALUES ($1,$2,$3,$4)  -Params: ["2026-08-10 21:00:00 UTC",19.7,0,"2026-08-08 20:19:30.343 UTC",19.7,"2026-08-08 20:19:30.343 UTC","2026-08-10 21:00:00 UTC"] -Duration: 0ms
[08/08/2026 22:19:30] PRISMA: INSERT INTO "public"."Weather_Forecast" ("time","temp","SolarRay","updatedAt") VALUES ($1,$2,$3,$4)  -Params: ["2026-08-10 22:00:00 UTC",18.9,0,"2026-08-08 20:19:30.344 UTC",18.9,"2026-08-08 20:19:30.344 UTC","2026-08-10 22:00:00 UTC"] -Duration: 0ms
[08/08/2026 22:19:30] PRISMA: INSERT INTO "public"."Weather_Forecast" ("time","temp","SolarRay","updatedAt") VALUES ($1,$2,$3,$4)  -Params: ["2026-08-10 23:00:00 UTC",18,0,"2026-08-08 20:19:30.345 UTC",18,"2026-08-08 20:19:30.345 UTC","2026-08-10 23:00:00 UTC"] -Duration: 0ms
[08/08/2026 22:19:30] PRISMA: INSERT INTO "public"."Weather_Forecast" ("time","temp","SolarRay","updatedAt") VALUES ($1,$2,$3,$4)  -Params: ["2026-08-11 00:00:00 UTC",17.2,0,"2026-08-08 20:19:30.345 UTC",17.2,"2026-08-08 20:19:30.345 UTC","2026-08-11 00:00:00 UTC"] -Duration: 0ms
[08/08/2026 22:19:30] PRISMA: INSERT INTO "public"."Weather_Forecast" ("time","temp","SolarRay","updatedAt") VALUES ($1,$2,$3,$4)  -Params: ["2026-08-11 01:00:00 UTC",16.7,0,"2026-08-08 20:19:30.345 UTC",16.7,"2026-08-08 20:19:30.345 UTC","2026-08-11 01:00:00 UTC"] -Duration: 0ms
[08/08/2026 22:19:30] PRISMA: INSERT INTO "public"."Weather_Forecast" ("time","temp","SolarRay","updatedAt") VALUES ($1,$2,$3,$4)  -Params: ["2026-08-11 02:00:00 UTC",16.1,0,"2026-08-08 20:19:30.346 UTC",16.1,"2026-08-08 20:19:30.346 UTC","2026-08-11 02:00:00 UTC"] -Duration: 0ms
[08/08/2026 22:19:30] PRISMA: INSERT INTO "public"."Weather_Forecast" ("time","temp","SolarRay","updatedAt") VALUES ($1,$2,$3,$4)  -Params: ["2026-08-11 03:00:00 UTC",15.5,0,"2026-08-08 20:19:30.347 UTC",15.5,"2026-08-08 20:19:30.347 UTC","2026-08-11 03:00:00 UTC"] -Duration: 0ms
[08/08/2026 22:19:30] PRISMA: INSERT INTO "public"."Weather_Forecast" ("time","temp","SolarRay","updatedAt") VALUES ($1,$2,$3,$4)  -Params: ["2026-08-11 04:00:00 UTC",14.9,0,"2026-08-08 20:19:30.347 UTC",14.9,"2026-08-08 20:19:30.347 UTC","2026-08-11 04:00:00 UTC"] -Duration: 0ms
[08/08/2026 22:19:30] PRISMA: INSERT INTO "public"."Weather_Forecast" ("time","temp","SolarRay","updatedAt") VALUES ($1,$2,$3,$4)  -Params: ["2026-08-11 05:00:00 UTC",14.4,9.5,"2026-08-08 20:19:30.348 UTC",14.4,"2026-08-08 20:19:30.348 UTC","2026-08-11 05:00:00 UTC"] -Duration: 0ms
[08/08/2026 22:19:30] PRISMA: INSERT INTO "public"."Weather_Forecast" ("time","temp","SolarRay","updatedAt") VALUES ($1,$2,$3,$4)  -Params: ["2026-08-11 06:00:00 UTC",15,103,"2026-08-08 20:19:30.348 UTC",15,"2026-08-08 20:19:30.348 UTC","2026-08-11 06:00:00 UTC"] -Duration: 0ms
[08/08/2026 22:19:30] PRISMA: INSERT INTO "public"."Weather_Forecast" ("time","temp","SolarRay","updatedAt") VALUES ($1,$2,$3,$4)  -Params: ["2026-08-11 07:00:00 UTC",16.4,254,"2026-08-08 20:19:30.349 UTC",16.4,"2026-08-08 20:19:30.349 UTC","2026-08-11 07:00:00 UTC"] -Duration: 0ms
[08/08/2026 22:19:30] PRISMA: INSERT INTO "public"."Weather_Forecast" ("time","temp","SolarRay","updatedAt") VALUES ($1,$2,$3,$4)  -Params: ["2026-08-11 08:00:00 UTC",18.1,416,"2026-08-08 20:19:30.349 UTC",18.1,"2026-08-08 20:19:30.349 UTC","2026-08-11 08:00:00 UTC"] -Duration: 0ms
[08/08/2026 22:19:30] PRISMA: INSERT INTO "public"."Weather_Forecast" ("time","temp","SolarRay","updatedAt") VALUES ($1,$2,$3,$4)  -Params: ["2026-08-11 09:00:00 UTC",19.8,564,"2026-08-08 20:19:30.350 UTC",19.8,"2026-08-08 20:19:30.350 UTC","2026-08-11 09:00:00 UTC"] -Duration: 0ms
[08/08/2026 22:19:30] PRISMA: INSERT INTO "public"."Weather_Forecast" ("time","temp","SolarRay","updatedAt") VALUES ($1,$2,$3,$4)  -Params: ["2026-08-11 10:00:00 UTC",21.3,687,"2026-08-08 20:19:30.350 UTC",21.3,"2026-08-08 20:19:30.350 UTC","2026-08-11 10:00:00 UTC"] -Duration: 0ms
[08/08/2026 22:19:30] PRISMA: INSERT INTO "public"."Weather_Forecast" ("time","temp","SolarRay","updatedAt") VALUES ($1,$2,$3,$4)  -Params: ["2026-08-11 11:00:00 UTC",22.7,771,"2026-08-08 20:19:30.351 UTC",22.7,"2026-08-08 20:19:30.351 UTC","2026-08-11 11:00:00 UTC"] -Duration: 0ms
[08/08/2026 22:19:30] PRISMA: INSERT INTO "public"."Weather_Forecast" ("time","temp","SolarRay","updatedAt") VALUES ($1,$2,$3,$4)  -Params: ["2026-08-11 12:00:00 UTC",23.9,810,"2026-08-08 20:19:30.351 UTC",23.9,"2026-08-08 20:19:30.351 UTC","2026-08-11 12:00:00 UTC"] -Duration: 0ms
[08/08/2026 22:19:30] PRISMA: INSERT INTO "public"."Weather_Forecast" ("time","temp","SolarRay","updatedAt") VALUES ($1,$2,$3,$4)  -Params: ["2026-08-11 13:00:00 UTC",24.7,801,"2026-08-08 20:19:30.352 UTC",24.7,"2026-08-08 20:19:30.352 UTC","2026-08-11 13:00:00 UTC"] -Duration: 0ms
[08/08/2026 22:19:30] PRISMA: INSERT INTO "public"."Weather_Forecast" ("time","temp","SolarRay","updatedAt") VALUES ($1,$2,$3,$4)  -Params: ["2026-08-11 14:00:00 UTC",25.2,744,"2026-08-08 20:19:30.352 UTC",25.2,"2026-08-08 20:19:30.352 UTC","2026-08-11 14:00:00 UTC"] -Duration: 0ms
[08/08/2026 22:19:30] PRISMA: INSERT INTO "public"."Weather_Forecast" ("time","temp","SolarRay","updatedAt") VALUES ($1,$2,$3,$4)  -Params: ["2026-08-11 15:00:00 UTC",25.4,643,"2026-08-08 20:19:30.353 UTC",25.4,"2026-08-08 20:19:30.353 UTC","2026-08-11 15:00:00 UTC"] -Duration: 0ms
[08/08/2026 22:19:30] PRISMA: INSERT INTO "public"."Weather_Forecast" ("time","temp","SolarRay","updatedAt") VALUES ($1,$2,$3,$4)  -Params: ["2026-08-11 16:00:00 UTC",25.1,510,"2026-08-08 20:19:30.353 UTC",25.1,"2026-08-08 20:19:30.353 UTC","2026-08-11 16:00:00 UTC"] -Duration: 0ms
[08/08/2026 22:19:30] PRISMA: INSERT INTO "public"."Weather_Forecast" ("time","temp","SolarRay","updatedAt") VALUES ($1,$2,$3,$4)  -Params: ["2026-08-11 17:00:00 UTC",24.5,353,"2026-08-08 20:19:30.354 UTC",24.5,"2026-08-08 20:19:30.354 UTC","2026-08-11 17:00:00 UTC"] -Duration: 0ms
[08/08/2026 22:19:30] PRISMA: INSERT INTO "public"."Weather_Forecast" ("time","temp","SolarRay","updatedAt") VALUES ($1,$2,$3,$4)  -Params: ["2026-08-11 18:00:00 UTC",23.4,191,"2026-08-08 20:19:30.354 UTC",23.4,"2026-08-08 20:19:30.354 UTC","2026-08-11 18:00:00 UTC"] -Duration: 0ms
[08/08/2026 22:19:30] PRISMA: INSERT INTO "public"."Weather_Forecast" ("time","temp","SolarRay","updatedAt") VALUES ($1,$2,$3,$4)  -Params: ["2026-08-11 19:00:00 UTC",22.4,53,"2026-08-08 20:19:30.355 UTC",22.4,"2026-08-08 20:19:30.355 UTC","2026-08-11 19:00:00 UTC"] -Duration: 0ms
[08/08/2026 22:19:30] PRISMA: INSERT INTO "public"."Weather_Forecast" ("time","temp","SolarRay","updatedAt") VALUES ($1,$2,$3,$4)  -Params: ["2026-08-11 20:00:00 UTC",21.4,1,"2026-08-08 20:19:30.355 UTC",21.4,"2026-08-08 20:19:30.355 UTC","2026-08-11 20:00:00 UTC"] -Duration: 0ms
[08/08/2026 22:19:30] PRISMA: INSERT INTO "public"."Weather_Forecast" ("time","temp","SolarRay","updatedAt") VALUES ($1,$2,$3,$4)  -Params: ["2026-08-11 21:00:00 UTC",20.5,0,"2026-08-08 20:19:30.356 UTC",20.5,"2026-08-08 20:19:30.356 UTC","2026-08-11 21:00:00 UTC"] -Duration: 0ms
[08/08/2026 22:19:30] PRISMA: INSERT INTO "public"."Weather_Forecast" ("time","temp","SolarRay","updatedAt") VALUES ($1,$2,$3,$4)  -Params: ["2026-08-11 22:00:00 UTC",19.7,0,"2026-08-08 20:19:30.356 UTC",19.7,"2026-08-08 20:19:30.356 UTC","2026-08-11 22:00:00 UTC"] -Duration: 0ms
[08/08/2026 22:19:30] PRISMA: INSERT INTO "public"."Weather_Forecast" ("time","temp","SolarRay","updatedAt") VALUES ($1,$2,$3,$4)  -Params: ["2026-08-11 23:00:00 UTC",19,0,"2026-08-08 20:19:30.357 UTC",19,"2026-08-08 20:19:30.357 UTC","2026-08-11 23:00:00 UTC"] -Duration: 0ms
[08/08/2026 22:19:30] PRISMA: INSERT INTO "public"."Weather_Forecast" ("time","temp","SolarRay","updatedAt") VALUES ($1,$2,$3,$4)  -Params: ["2026-08-12 00:00:00 UTC",18.1,0,"2026-08-08 20:19:30.358 UTC",18.1,"2026-08-08 20:19:30.358 UTC","2026-08-12 00:00:00 UTC"] -Duration: 0ms
[08/08/2026 22:19:30] PRISMA: INSERT INTO "public"."Weather_Forecast" ("time","temp","SolarRay","updatedAt") VALUES ($1,$2,$3,$4)  -Params: ["2026-08-12 01:00:00 UTC",17.3,0,"2026-08-08 20:19:30.358 UTC",17.3,"2026-08-08 20:19:30.358 UTC","2026-08-12 01:00:00 UTC"] -Duration: 0ms
[08/08/2026 22:19:30] PRISMA: INSERT INTO "public"."Weather_Forecast" ("time","temp","SolarRay","updatedAt") VALUES ($1,$2,$3,$4)  -Params: ["2026-08-12 02:00:00 UTC",16.7,0,"2026-08-08 20:19:30.359 UTC",16.7,"2026-08-08 20:19:30.359 UTC","2026-08-12 02:00:00 UTC"] -Duration: 0ms
[08/08/2026 22:19:30] PRISMA: INSERT INTO "public"."Weather_Forecast" ("time","temp","SolarRay","updatedAt") VALUES ($1,$2,$3,$4)  -Params: ["2026-08-12 03:00:00 UTC",16.2,0,"2026-08-08 20:19:30.360 UTC",16.2,"2026-08-08 20:19:30.360 UTC","2026-08-12 03:00:00 UTC"] -Duration: 0ms
[08/08/2026 22:19:30] PRISMA: INSERT INTO "public"."Weather_Forecast" ("time","temp","SolarRay","updatedAt") VALUES ($1,$2,$3,$4)  -Params: ["2026-08-12 04:00:00 UTC",15.7,0,"2026-08-08 20:19:30.361 UTC",15.7,"2026-08-08 20:19:30.361 UTC","2026-08-12 04:00:00 UTC"] -Duration: 0ms
[08/08/2026 22:19:30] PRISMA: INSERT INTO "public"."Weather_Forecast" ("time","temp","SolarRay","updatedAt") VALUES ($1,$2,$3,$4)  -Params: ["2026-08-12 05:00:00 UTC",15.5,8,"2026-08-08 20:19:30.362 UTC",15.5,"2026-08-08 20:19:30.362 UTC","2026-08-12 05:00:00 UTC"] -Duration: 0ms
[08/08/2026 22:19:30] PRISMA: INSERT INTO "public"."Weather_Forecast" ("time","temp","SolarRay","updatedAt") VALUES ($1,$2,$3,$4)  -Params: ["2026-08-12 06:00:00 UTC",16.3,103,"2026-08-08 20:19:30.363 UTC",16.3,"2026-08-08 20:19:30.363 UTC","2026-08-12 06:00:00 UTC"] -Duration: 0ms
[08/08/2026 22:19:30] PRISMA: INSERT INTO "public"."Weather_Forecast" ("time","temp","SolarRay","updatedAt") VALUES ($1,$2,$3,$4)  -Params: ["2026-08-12 07:00:00 UTC",17.9,262,"2026-08-08 20:19:30.364 UTC",17.9,"2026-08-08 20:19:30.364 UTC","2026-08-12 07:00:00 UTC"] -Duration: 0ms
[08/08/2026 22:19:30] PRISMA: INSERT INTO "public"."Weather_Forecast" ("time","temp","SolarRay","updatedAt") VALUES ($1,$2,$3,$4)  -Params: ["2026-08-12 08:00:00 UTC",20.1,417,"2026-08-08 20:19:30.364 UTC",20.1,"2026-08-08 20:19:30.364 UTC","2026-08-12 08:00:00 UTC"] -Duration: 0ms
[08/08/2026 22:19:30] PRISMA: INSERT INTO "public"."Weather_Forecast" ("time","temp","SolarRay","updatedAt") VALUES ($1,$2,$3,$4)  -Params: ["2026-08-12 09:00:00 UTC",22.4,560,"2026-08-08 20:19:30.365 UTC",22.4,"2026-08-08 20:19:30.365 UTC","2026-08-12 09:00:00 UTC"] -Duration: 0ms
[08/08/2026 22:19:30] PRISMA: INSERT INTO "public"."Weather_Forecast" ("time","temp","SolarRay","updatedAt") VALUES ($1,$2,$3,$4)  -Params: ["2026-08-12 10:00:00 UTC",24.5,689,"2026-08-08 20:19:30.365 UTC",24.5,"2026-08-08 20:19:30.365 UTC","2026-08-12 10:00:00 UTC"] -Duration: 0ms
[08/08/2026 22:19:30] PRISMA: INSERT INTO "public"."Weather_Forecast" ("time","temp","SolarRay","updatedAt") VALUES ($1,$2,$3,$4)  -Params: ["2026-08-12 11:00:00 UTC",26.7,771,"2026-08-08 20:19:30.366 UTC",26.7,"2026-08-08 20:19:30.366 UTC","2026-08-12 11:00:00 UTC"] -Duration: 0ms
[08/08/2026 22:19:30] PRISMA: INSERT INTO "public"."Weather_Forecast" ("time","temp","SolarRay","updatedAt") VALUES ($1,$2,$3,$4)  -Params: ["2026-08-12 12:00:00 UTC",28.4,808,"2026-08-08 20:19:30.366 UTC",28.4,"2026-08-08 20:19:30.366 UTC","2026-08-12 12:00:00 UTC"] -Duration: 0ms
[08/08/2026 22:19:30] PRISMA: INSERT INTO "public"."Weather_Forecast" ("time","temp","SolarRay","updatedAt") VALUES ($1,$2,$3,$4)  -Params: ["2026-08-12 13:00:00 UTC",29.5,805,"2026-08-08 20:19:30.367 UTC",29.5,"2026-08-08 20:19:30.367 UTC","2026-08-12 13:00:00 UTC"] -Duration: 0ms
[08/08/2026 22:19:30] PRISMA: INSERT INTO "public"."Weather_Forecast" ("time","temp","SolarRay","updatedAt") VALUES ($1,$2,$3,$4)  -Params: ["2026-08-12 14:00:00 UTC",30.3,742,"2026-08-08 20:19:30.367 UTC",30.3,"2026-08-08 20:19:30.367 UTC","2026-08-12 14:00:00 UTC"] -Duration: 0ms
[08/08/2026 22:19:30] PRISMA: INSERT INTO "public"."Weather_Forecast" ("time","temp","SolarRay","updatedAt") VALUES ($1,$2,$3,$4)  -Params: ["2026-08-12 15:00:00 UTC",30.6,636,"2026-08-08 20:19:30.368 UTC",30.6,"2026-08-08 20:19:30.368 UTC","2026-08-12 15:00:00 UTC"] -Duration: 0ms
[08/08/2026 22:19:30] PRISMA: INSERT INTO "public"."Weather_Forecast" ("time","temp","SolarRay","updatedAt") VALUES ($1,$2,$3,$4)  -Params: ["2026-08-12 16:00:00 UTC",30.4,542,"2026-08-08 20:19:30.368 UTC",30.4,"2026-08-08 20:19:30.368 UTC","2026-08-12 16:00:00 UTC"] -Duration: 0ms
[08/08/2026 22:19:30] PRISMA: INSERT INTO "public"."Weather_Forecast" ("time","temp","SolarRay","updatedAt") VALUES ($1,$2,$3,$4)  -Params: ["2026-08-12 17:00:00 UTC",29.7,336,"2026-08-08 20:19:30.369 UTC",29.7,"2026-08-08 20:19:30.369 UTC","2026-08-12 17:00:00 UTC"] -Duration: 0ms
[08/08/2026 22:19:30] PRISMA: INSERT INTO "public"."Weather_Forecast" ("time","temp","SolarRay","updatedAt") VALUES ($1,$2,$3,$4)  -Params: ["2026-08-12 18:00:00 UTC",28.8,145,"2026-08-08 20:19:30.369 UTC",28.8,"2026-08-08 20:19:30.369 UTC","2026-08-12 18:00:00 UTC"] -Duration: 0ms
[08/08/2026 22:19:30] PRISMA: INSERT INTO "public"."Weather_Forecast" ("time","temp","SolarRay","updatedAt") VALUES ($1,$2,$3,$4)  -Params: ["2026-08-12 19:00:00 UTC",27.5,22,"2026-08-08 20:19:30.370 UTC",27.5,"2026-08-08 20:19:30.370 UTC","2026-08-12 19:00:00 UTC"] -Duration: 0ms
[08/08/2026 22:19:30] PRISMA: INSERT INTO "public"."Weather_Forecast" ("time","temp","SolarRay","updatedAt") VALUES ($1,$2,$3,$4)  -Params: ["2026-08-12 20:00:00 UTC",25.9,0,"2026-08-08 20:19:30.371 UTC",25.9,"2026-08-08 20:19:30.371 UTC","2026-08-12 20:00:00 UTC"] -Duration: 0ms
[08/08/2026 22:19:30] PRISMA: INSERT INTO "public"."Weather_Forecast" ("time","temp","SolarRay","updatedAt") VALUES ($1,$2,$3,$4)  -Params: ["2026-08-12 21:00:00 UTC",24.5,0,"2026-08-08 20:19:30.372 UTC",24.5,"2026-08-08 20:19:30.372 UTC","2026-08-12 21:00:00 UTC"] -Duration: 0ms
[08/08/2026 22:19:30] PRISMA: INSERT INTO "public"."Weather_Forecast" ("time","temp","SolarRay","updatedAt") VALUES ($1,$2,$3,$4)  -Params: ["2026-08-12 22:00:00 UTC",23.6,0,"2026-08-08 20:19:30.373 UTC",23.6,"2026-08-08 20:19:30.373 UTC","2026-08-12 22:00:00 UTC"] -Duration: 0ms
[08/08/2026 22:19:30] PRISMA: INSERT INTO "public"."Weather_Forecast" ("time","temp","SolarRay","updatedAt") VALUES ($1,$2,$3,$4)  -Params: ["2026-08-12 23:00:00 UTC",22.8,0,"2026-08-08 20:19:30.374 UTC",22.8,"2026-08-08 20:19:30.374 UTC","2026-08-12 23:00:00 UTC"] -Duration: 0ms
[08/08/2026 22:19:30] PRISMA: INSERT INTO "public"."Weather_Forecast" ("time","temp","SolarRay","updatedAt") VALUES ($1,$2,$3,$4)  -Params: ["2026-08-13 00:00:00 UTC",22.1,0,"2026-08-08 20:19:30.375 UTC",22.1,"2026-08-08 20:19:30.375 UTC","2026-08-13 00:00:00 UTC"] -Duration: 2ms
[08/08/2026 22:19:30] PRISMA: INSERT INTO "public"."Weather_Forecast" ("time","temp","SolarRay","updatedAt") VALUES ($1,$2,$3,$4)  -Params: ["2026-08-13 01:00:00 UTC",21.2,0,"2026-08-08 20:19:30.379 UTC",21.2,"2026-08-08 20:19:30.379 UTC","2026-08-13 01:00:00 UTC"] -Duration: 0ms
[08/08/2026 22:19:30] PRISMA: INSERT INTO "public"."Weather_Forecast" ("time","temp","SolarRay","updatedAt") VALUES ($1,$2,$3,$4)  -Params: ["2026-08-13 02:00:00 UTC",20.3,0,"2026-08-08 20:19:30.379 UTC",20.3,"2026-08-08 20:19:30.379 UTC","2026-08-13 02:00:00 UTC"] -Duration: 0ms
[08/08/2026 22:19:30] PRISMA: INSERT INTO "public"."Weather_Forecast" ("time","temp","SolarRay","updatedAt") VALUES ($1,$2,$3,$4)  -Params: ["2026-08-13 03:00:00 UTC",19.7,0,"2026-08-08 20:19:30.380 UTC",19.7,"2026-08-08 20:19:30.380 UTC","2026-08-13 03:00:00 UTC"] -Duration: 0ms
[08/08/2026 22:19:30] PRISMA: INSERT INTO "public"."Weather_Forecast" ("time","temp","SolarRay","updatedAt") VALUES ($1,$2,$3,$4)  -Params: ["2026-08-13 04:00:00 UTC",19.2,0,"2026-08-08 20:19:30.381 UTC",19.2,"2026-08-08 20:19:30.381 UTC","2026-08-13 04:00:00 UTC"] -Duration: 0ms
[08/08/2026 22:19:30] PRISMA: INSERT INTO "public"."Weather_Forecast" ("time","temp","SolarRay","updatedAt") VALUES ($1,$2,$3,$4)  -Params: ["2026-08-13 05:00:00 UTC",19.1,5,"2026-08-08 20:19:30.381 UTC",19.1,"2026-08-08 20:19:30.381 UTC","2026-08-13 05:00:00 UTC"] -Duration: 0ms
[08/08/2026 22:19:30] PRISMA: INSERT INTO "public"."Weather_Forecast" ("time","temp","SolarRay","updatedAt") VALUES ($1,$2,$3,$4)  -Params: ["2026-08-13 06:00:00 UTC",19.8,103,"2026-08-08 20:19:30.382 UTC",19.8,"2026-08-08 20:19:30.382 UTC","2026-08-13 06:00:00 UTC"] -Duration: 0ms
[08/08/2026 22:19:30] PRISMA: INSERT INTO "public"."Weather_Forecast" ("time","temp","SolarRay","updatedAt") VALUES ($1,$2,$3,$4)  -Params: ["2026-08-13 07:00:00 UTC",21.9,261,"2026-08-08 20:19:30.383 UTC",21.9,"2026-08-08 20:19:30.383 UTC","2026-08-13 07:00:00 UTC"] -Duration: 0ms
[08/08/2026 22:19:30] PRISMA: INSERT INTO "public"."Weather_Forecast" ("time","temp","SolarRay","updatedAt") VALUES ($1,$2,$3,$4)  -Params: ["2026-08-13 08:00:00 UTC",25,418,"2026-08-08 20:19:30.384 UTC",25,"2026-08-08 20:19:30.384 UTC","2026-08-13 08:00:00 UTC"] -Duration: 0ms
[08/08/2026 22:19:30] PRISMA: INSERT INTO "public"."Weather_Forecast" ("time","temp","SolarRay","updatedAt") VALUES ($1,$2,$3,$4)  -Params: ["2026-08-13 09:00:00 UTC",27.7,563,"2026-08-08 20:19:30.384 UTC",27.7,"2026-08-08 20:19:30.384 UTC","2026-08-13 09:00:00 UTC"] -Duration: 0ms
[08/08/2026 22:19:30] PRISMA: INSERT INTO "public"."Weather_Forecast" ("time","temp","SolarRay","updatedAt") VALUES ($1,$2,$3,$4)  -Params: ["2026-08-13 10:00:00 UTC",29.7,695,"2026-08-08 20:19:30.385 UTC",29.7,"2026-08-08 20:19:30.385 UTC","2026-08-13 10:00:00 UTC"] -Duration: 0ms
[08/08/2026 22:19:30] PRISMA: INSERT INTO "public"."Weather_Forecast" ("time","temp","SolarRay","updatedAt") VALUES ($1,$2,$3,$4)  -Params: ["2026-08-13 11:00:00 UTC",31.4,776,"2026-08-08 20:19:30.386 UTC",31.4,"2026-08-08 20:19:30.386 UTC","2026-08-13 11:00:00 UTC"] -Duration: 0ms
[08/08/2026 22:19:30] PRISMA: INSERT INTO "public"."Weather_Forecast" ("time","temp","SolarRay","updatedAt") VALUES ($1,$2,$3,$4)  -Params: ["2026-08-13 12:00:00 UTC",32.7,810,"2026-08-08 20:19:30.387 UTC",32.7,"2026-08-08 20:19:30.387 UTC","2026-08-13 12:00:00 UTC"] -Duration: 0ms
[08/08/2026 22:19:30] PRISMA: INSERT INTO "public"."Weather_Forecast" ("time","temp","SolarRay","updatedAt") VALUES ($1,$2,$3,$4)  -Params: ["2026-08-13 13:00:00 UTC",33.5,796,"2026-08-08 20:19:30.387 UTC",33.5,"2026-08-08 20:19:30.387 UTC","2026-08-13 13:00:00 UTC"] -Duration: 0ms
[08/08/2026 22:19:30] PRISMA: INSERT INTO "public"."Weather_Forecast" ("time","temp","SolarRay","updatedAt") VALUES ($1,$2,$3,$4)  -Params: ["2026-08-13 14:00:00 UTC",33.9,735,"2026-08-08 20:19:30.388 UTC",33.9,"2026-08-08 20:19:30.388 UTC","2026-08-13 14:00:00 UTC"] -Duration: 0ms
[08/08/2026 22:19:30] PRISMA: INSERT INTO "public"."Weather_Forecast" ("time","temp","SolarRay","updatedAt") VALUES ($1,$2,$3,$4)  -Params: ["2026-08-13 15:00:00 UTC",34,634,"2026-08-08 20:19:30.389 UTC",34,"2026-08-08 20:19:30.389 UTC","2026-08-13 15:00:00 UTC"] -Duration: 0ms
[08/08/2026 22:19:30] PRISMA: INSERT INTO "public"."Weather_Forecast" ("time","temp","SolarRay","updatedAt") VALUES ($1,$2,$3,$4)  -Params: ["2026-08-13 16:00:00 UTC",33.7,493,"2026-08-08 20:19:30.389 UTC",33.7,"2026-08-08 20:19:30.389 UTC","2026-08-13 16:00:00 UTC"] -Duration: 0ms
[08/08/2026 22:19:30] PRISMA: INSERT INTO "public"."Weather_Forecast" ("time","temp","SolarRay","updatedAt") VALUES ($1,$2,$3,$4)  -Params: ["2026-08-13 17:00:00 UTC",33.1,350,"2026-08-08 20:19:30.390 UTC",33.1,"2026-08-08 20:19:30.390 UTC","2026-08-13 17:00:00 UTC"] -Duration: 0ms
[08/08/2026 22:19:30] PRISMA: INSERT INTO "public"."Weather_Forecast" ("time","temp","SolarRay","updatedAt") VALUES ($1,$2,$3,$4)  -Params: ["2026-08-13 18:00:00 UTC",32.2,196,"2026-08-08 20:19:30.390 UTC",32.2,"2026-08-08 20:19:30.390 UTC","2026-08-13 18:00:00 UTC"] -Duration: 0ms
[08/08/2026 22:19:30] PRISMA: INSERT INTO "public"."Weather_Forecast" ("time","temp","SolarRay","updatedAt") VALUES ($1,$2,$3,$4)  -Params: ["2026-08-13 19:00:00 UTC",30.8,48,"2026-08-08 20:19:30.391 UTC",30.8,"2026-08-08 20:19:30.391 UTC","2026-08-13 19:00:00 UTC"] -Duration: 0ms
[08/08/2026 22:19:30] PRISMA: INSERT INTO "public"."Weather_Forecast" ("time","temp","SolarRay","updatedAt") VALUES ($1,$2,$3,$4)  -Params: ["2026-08-13 20:00:00 UTC",29.2,0,"2026-08-08 20:19:30.391 UTC",29.2,"2026-08-08 20:19:30.391 UTC","2026-08-13 20:00:00 UTC"] -Duration: 0ms
[08/08/2026 22:19:30] PRISMA: INSERT INTO "public"."Weather_Forecast" ("time","temp","SolarRay","updatedAt") VALUES ($1,$2,$3,$4)  -Params: ["2026-08-13 21:00:00 UTC",27.8,0,"2026-08-08 20:19:30.392 UTC",27.8,"2026-08-08 20:19:30.392 UTC","2026-08-13 21:00:00 UTC"] -Duration: 0ms
[08/08/2026 22:19:30] PRISMA: INSERT INTO "public"."Weather_Forecast" ("time","temp","SolarRay","updatedAt") VALUES ($1,$2,$3,$4)  -Params: ["2026-08-13 22:00:00 UTC",26.8,0,"2026-08-08 20:19:30.392 UTC",26.8,"2026-08-08 20:19:30.392 UTC","2026-08-13 22:00:00 UTC"] -Duration: 0ms
[08/08/2026 22:19:30] PRISMA: INSERT INTO "public"."Weather_Forecast" ("time","temp","SolarRay","updatedAt") VALUES ($1,$2,$3,$4)  -Params: ["2026-08-13 23:00:00 UTC",26.1,0,"2026-08-08 20:19:30.393 UTC",26.1,"2026-08-08 20:19:30.393 UTC","2026-08-13 23:00:00 UTC"] -Duration: 0ms
[08/08/2026 22:19:30] PRISMA: INSERT INTO "public"."Weather_Forecast" ("time","temp","SolarRay","updatedAt") VALUES ($1,$2,$3,$4)  -Params: ["2026-08-14 00:00:00 UTC",25.4,0,"2026-08-08 20:19:30.393 UTC",25.4,"2026-08-08 20:19:30.393 UTC","2026-08-14 00:00:00 UTC"] -Duration: 0ms
[08/08/2026 22:19:30] PRISMA: INSERT INTO "public"."Weather_Forecast" ("time","temp","SolarRay","updatedAt") VALUES ($1,$2,$3,$4)  -Params: ["2026-08-14 01:00:00 UTC",24.7,0,"2026-08-08 20:19:30.394 UTC",24.7,"2026-08-08 20:19:30.394 UTC","2026-08-14 01:00:00 UTC"] -Duration: 0ms
[08/08/2026 22:19:30] PRISMA: INSERT INTO "public"."Weather_Forecast" ("time","temp","SolarRay","updatedAt") VALUES ($1,$2,$3,$4)  -Params: ["2026-08-14 02:00:00 UTC",24,0,"2026-08-08 20:19:30.394 UTC",24,"2026-08-08 20:19:30.394 UTC","2026-08-14 02:00:00 UTC"] -Duration: 0ms
[08/08/2026 22:19:30] PRISMA: INSERT INTO "public"."Weather_Forecast" ("time","temp","SolarRay","updatedAt") VALUES ($1,$2,$3,$4)  -Params: ["2026-08-14 03:00:00 UTC",23.5,0,"2026-08-08 20:19:30.395 UTC",23.5,"2026-08-08 20:19:30.395 UTC","2026-08-14 03:00:00 UTC"] -Duration: 0ms
[08/08/2026 22:19:30] PRISMA: INSERT INTO "public"."Weather_Forecast" ("time","temp","SolarRay","updatedAt") VALUES ($1,$2,$3,$4)  -Params: ["2026-08-14 04:00:00 UTC",23,0,"2026-08-08 20:19:30.395 UTC",23,"2026-08-08 20:19:30.395 UTC","2026-08-14 04:00:00 UTC"] -Duration: 0ms
[08/08/2026 22:19:30] PRISMA: INSERT INTO "public"."Weather_Forecast" ("time","temp","SolarRay","updatedAt") VALUES ($1,$2,$3,$4)  -Params: ["2026-08-14 05:00:00 UTC",22.6,4,"2026-08-08 20:19:30.396 UTC",22.6,"2026-08-08 20:19:30.396 UTC","2026-08-14 05:00:00 UTC"] -Duration: 0ms
[08/08/2026 22:19:30] PRISMA: INSERT INTO "public"."Weather_Forecast" ("time","temp","SolarRay","updatedAt") VALUES ($1,$2,$3,$4)  -Params: ["2026-08-14 06:00:00 UTC",23.1,101,"2026-08-08 20:19:30.397 UTC",23.1,"2026-08-08 20:19:30.397 UTC","2026-08-14 06:00:00 UTC"] -Duration: 0ms
[08/08/2026 22:19:30] PRISMA: INSERT INTO "public"."Weather_Forecast" ("time","temp","SolarRay","updatedAt") VALUES ($1,$2,$3,$4)  -Params: ["2026-08-14 07:00:00 UTC",24.9,256,"2026-08-08 20:19:30.397 UTC",24.9,"2026-08-08 20:19:30.397 UTC","2026-08-14 07:00:00 UTC"] -Duration: 0ms
[08/08/2026 22:19:30] PRISMA: INSERT INTO "public"."Weather_Forecast" ("time","temp","SolarRay","updatedAt") VALUES ($1,$2,$3,$4)  -Params: ["2026-08-14 08:00:00 UTC",27.6,411,"2026-08-08 20:19:30.399 UTC",27.6,"2026-08-08 20:19:30.399 UTC","2026-08-14 08:00:00 UTC"] -Duration: 0ms
[08/08/2026 22:19:30] PRISMA: INSERT INTO "public"."Weather_Forecast" ("time","temp","SolarRay","updatedAt") VALUES ($1,$2,$3,$4)  -Params: ["2026-08-14 09:00:00 UTC",29.9,553,"2026-08-08 20:19:30.400 UTC",29.9,"2026-08-08 20:19:30.400 UTC","2026-08-14 09:00:00 UTC"] -Duration: 1ms
[08/08/2026 22:19:30] PRISMA: INSERT INTO "public"."Weather_Forecast" ("time","temp","SolarRay","updatedAt") VALUES ($1,$2,$3,$4)  -Params: ["2026-08-14 10:00:00 UTC",30.3,681,"2026-08-08 20:19:30.403 UTC",30.3,"2026-08-08 20:19:30.403 UTC","2026-08-14 10:00:00 UTC"] -Duration: 0ms
[08/08/2026 22:19:30] PRISMA: INSERT INTO "public"."Weather_Forecast" ("time","temp","SolarRay","updatedAt") VALUES ($1,$2,$3,$4)  -Params: ["2026-08-14 11:00:00 UTC",32.2,762,"2026-08-08 20:19:30.405 UTC",32.2,"2026-08-08 20:19:30.405 UTC","2026-08-14 11:00:00 UTC"] -Duration: 0ms
[08/08/2026 22:19:30] PRISMA: INSERT INTO "public"."Weather_Forecast" ("time","temp","SolarRay","updatedAt") VALUES ($1,$2,$3,$4)  -Params: ["2026-08-14 12:00:00 UTC",33.5,798,"2026-08-08 20:19:30.406 UTC",33.5,"2026-08-08 20:19:30.406 UTC","2026-08-14 12:00:00 UTC"] -Duration: 0ms
[08/08/2026 22:19:30] PRISMA: INSERT INTO "public"."Weather_Forecast" ("time","temp","SolarRay","updatedAt") VALUES ($1,$2,$3,$4)  -Params: ["2026-08-14 13:00:00 UTC",34.1,771,"2026-08-08 20:19:30.407 UTC",34.1,"2026-08-08 20:19:30.407 UTC","2026-08-14 13:00:00 UTC"] -Duration: 0ms
[08/08/2026 22:19:30] PRISMA: INSERT INTO "public"."Weather_Forecast" ("time","temp","SolarRay","updatedAt") VALUES ($1,$2,$3,$4)  -Params: ["2026-08-14 14:00:00 UTC",34.3,717,"2026-08-08 20:19:30.407 UTC",34.3,"2026-08-08 20:19:30.407 UTC","2026-08-14 14:00:00 UTC"] -Duration: 0ms
[08/08/2026 22:19:30] PRISMA: INSERT INTO "public"."Weather_Forecast" ("time","temp","SolarRay","updatedAt") VALUES ($1,$2,$3,$4)  -Params: ["2026-08-14 15:00:00 UTC",34.2,624,"2026-08-08 20:19:30.408 UTC",34.2,"2026-08-08 20:19:30.408 UTC","2026-08-14 15:00:00 UTC"] -Duration: 0ms
[08/08/2026 22:19:30] PRISMA: INSERT INTO "public"."Weather_Forecast" ("time","temp","SolarRay","updatedAt") VALUES ($1,$2,$3,$4)  -Params: ["2026-08-14 16:00:00 UTC",33.9,498,"2026-08-08 20:19:30.409 UTC",33.9,"2026-08-08 20:19:30.409 UTC","2026-08-14 16:00:00 UTC"] -Duration: 0ms
[08/08/2026 22:19:30] PRISMA: INSERT INTO "public"."Weather_Forecast" ("time","temp","SolarRay","updatedAt") VALUES ($1,$2,$3,$4)  -Params: ["2026-08-14 17:00:00 UTC",33.4,350,"2026-08-08 20:19:30.409 UTC",33.4,"2026-08-08 20:19:30.409 UTC","2026-08-14 17:00:00 UTC"] -Duration: 0ms
[08/08/2026 22:19:30] PRISMA: INSERT INTO "public"."Weather_Forecast" ("time","temp","SolarRay","updatedAt") VALUES ($1,$2,$3,$4)  -Params: ["2026-08-14 18:00:00 UTC",32.9,191,"2026-08-08 20:19:30.410 UTC",32.9,"2026-08-08 20:19:30.410 UTC","2026-08-14 18:00:00 UTC"] -Duration: 0ms
[08/08/2026 22:19:30] PRISMA: INSERT INTO "public"."Weather_Forecast" ("time","temp","SolarRay","updatedAt") VALUES ($1,$2,$3,$4)  -Params: ["2026-08-14 19:00:00 UTC",32.3,42,"2026-08-08 20:19:30.410 UTC",32.3,"2026-08-08 20:19:30.410 UTC","2026-08-14 19:00:00 UTC"] -Duration: 0ms
[08/08/2026 22:19:30] PRISMA: INSERT INTO "public"."Weather_Forecast" ("time","temp","SolarRay","updatedAt") VALUES ($1,$2,$3,$4)  -Params: ["2026-08-14 20:00:00 UTC",31.4,0,"2026-08-08 20:19:30.411 UTC",31.4,"2026-08-08 20:19:30.411 UTC","2026-08-14 20:00:00 UTC"] -Duration: 0ms
[08/08/2026 22:19:30] PRISMA: INSERT INTO "public"."Weather_Forecast" ("time","temp","SolarRay","updatedAt") VALUES ($1,$2,$3,$4)  -Params: ["2026-08-14 21:00:00 UTC",30.4,0,"2026-08-08 20:19:30.411 UTC",30.4,"2026-08-08 20:19:30.411 UTC","2026-08-14 21:00:00 UTC"] -Duration: 0ms
[08/08/2026 22:19:30] PRISMA: INSERT INTO "public"."Weather_Forecast" ("time","temp","SolarRay","updatedAt") VALUES ($1,$2,$3,$4)  -Params: ["2026-08-14 22:00:00 UTC",29.3,0,"2026-08-08 20:19:30.412 UTC",29.3,"2026-08-08 20:19:30.412 UTC","2026-08-14 22:00:00 UTC"] -Duration: 0ms
[08/08/2026 22:19:30] PRISMA: INSERT INTO "public"."Weather_Forecast" ("time","temp","SolarRay","updatedAt") VALUES ($1,$2,$3,$4)  -Params: ["2026-08-14 23:00:00 UTC",28.3,0,"2026-08-08 20:19:30.413 UTC",28.3,"2026-08-08 20:19:30.413 UTC","2026-08-14 23:00:00 UTC"] -Duration: 0ms
[08/08/2026 22:19:30] PRISMA: SELECT "public"."User"."id", "public"."User"."username", "public"."User"."password_hash", "public"." -Params: ["Parents",1,0] -Duration: 1ms
[08/08/2026 22:19:30] PRISMA: INSERT INTO "public"."User" ("username","password_hash","createdAt") VALUES ($1,$2,$3) RETURNING "pu -Params: ["Parents","$2b$12$g4OloN1J8BvN9v9FsTZVUOnBYDsuDXZZ9qlk8eFic1SmWYjyzdXeq","2026-08-08 20:19:30.685 UTC"] -Duration: 1ms
[08/08/2026 22:19:31] PRISMA: SELECT "public"."Miele_Token"."id", "public"."Miele_Token"."accessToken", "public"."Miele_Token"."re -Params: [1,1,0] -Duration: 1ms
[08/08/2026 22:19:31] PRISMA: SELECT "public"."Miele_Token"."id", "public"."Miele_Token"."accessToken", "public"."Miele_Token"."re -Params: [1,1,0] -Duration: 2ms
[08/08/2026 22:20:00] PRISMA: SELECT 1 -Params: [] -Duration: 3ms
[08/08/2026 22:20:00] PRISMA: INSERT INTO "public"."Solar_Data" ("hour","Watts","total") VALUES ($1,$2,$3) RETURNING "public"."Sol -Params: ["2026-08-08 20:20:00.958 UTC",0,38942] -Duration: 8ms
[08/08/2026 22:20:01] PRISMA: SELECT "public"."Miele_Token"."id", "public"."Miele_Token"."accessToken", "public"."Miele_Token"."re -Params: [1,1,0] -Duration: 1ms
[08/08/2026 22:20:01] PRISMA: SELECT "public"."Miele_Token"."id", "public"."Miele_Token"."accessToken", "public"."Miele_Token"."re -Params: [1,1,0] -Duration: 0ms
[08/08/2026 22:20:07] PRISMA: SELECT "public"."Weather_Forecast"."id", "public"."Weather_Forecast"."time", "public"."Weather_Forec -Params: ["2026-08-08 00:00:00 UTC",0] -Duration: 2ms
[08/08/2026 22:20:07] PRISMA: SELECT "public"."User"."id", "public"."User"."username", "public"."User"."password_hash", "public"." -Params: ["Parents",1,0] -Duration: 1ms
[08/08/2026 22:20:10] PRISMA: SELECT "public"."Weather_Forecast"."id", "public"."Weather_Forecast"."time", "public"."Weather_Forec -Params: ["2026-08-08 08:20:10.969 UTC","2026-08-09 07:20:10.969 UTC",0] -Duration: 18ms
[08/08/2026 22:20:11] PRISMA: SELECT "public"."User"."id" FROM "public"."User" WHERE ("public"."User"."id" = $1 AND 1=1) LIMIT $2  -Params: [1,1,0] -Duration: 4ms
[08/08/2026 22:20:11] PRISMA: SELECT "public"."Miele_Token"."id", "public"."Miele_Token"."accessToken", "public"."Miele_Token"."re -Params: [1,0] -Duration: 9ms
[08/08/2026 22:20:11] PRISMA: SELECT "public"."Washing_Program"."id", "public"."Washing_Program"."deviceId", "public"."Washing_Pro -Params: [5,0] -Duration: 2ms
[08/08/2026 22:20:11] PRISMA: SELECT "public"."Solar_Data"."id", "public"."Solar_Data"."hour", "public"."Solar_Data"."Watts", "pub -Params: ["2026-08-07 20:20:10.978 UTC","2026-08-08 20:20:10.978 UTC",0] -Duration: 2ms
[08/08/2026 22:20:12] PRISMA: SELECT "public"."Solar_Data"."id", "public"."Solar_Data"."hour", "public"."Solar_Data"."Watts", "pub -Params: ["2026-08-07 20:20:12.097 UTC","2026-08-08 20:20:12.097 UTC",0] -Duration: 2ms
[08/08/2026 22:20:12] PRISMA: SELECT "public"."Weather_Forecast"."id", "public"."Weather_Forecast"."time", "public"."Weather_Forec -Params: ["2026-08-08 08:20:12.092 UTC","2026-08-09 07:20:12.092 UTC",0] -Duration: 12ms
[08/08/2026 22:20:12] PRISMA: SELECT "public"."Washing_Program"."id", "public"."Washing_Program"."deviceId", "public"."Washing_Pro -Params: [5,0] -Duration: 0ms
[08/08/2026 22:20:12] PRISMA: SELECT "public"."User"."id" FROM "public"."User" WHERE ("public"."User"."id" = $1 AND 1=1) LIMIT $2  -Params: [1,1,0] -Duration: 1ms
[08/08/2026 22:20:12] PRISMA: SELECT "public"."Miele_Token"."id", "public"."Miele_Token"."accessToken", "public"."Miele_Token"."re -Params: [1,0] -Duration: 1ms
[08/08/2026 22:20:17] PRISMA: INSERT INTO "public"."Miele_Token" ("accessToken","refreshToken","expiresAt","userId") VALUES ($1,$2 -Params: ["BE_9bb24f8b01c6a4690f842b7a1ed3d559","BE_6a2b1bda8f61dc42cd675df58cff3362","2026-08-08 22:20:17 UTC",1,"BE_9bb24f8b01c6a4690f842b7a1ed3d559","BE_6a2b1bda8f61dc42cd675df58cff3362","2026-08-08 22:20:17 UTC",1] -Duration: 32ms
[08/08/2026 22:20:17] PRISMA: SELECT "public"."Weather_Forecast"."id", "public"."Weather_Forecast"."time", "public"."Weather_Forec -Params: ["2026-08-08 08:20:17.681 UTC","2026-08-09 07:20:17.681 UTC",0] -Duration: 1ms
[08/08/2026 22:20:17] PRISMA: SELECT "public"."Solar_Data"."id", "public"."Solar_Data"."hour", "public"."Solar_Data"."Watts", "pub -Params: ["2026-08-07 20:20:17.687 UTC","2026-08-08 20:20:17.687 UTC",0] -Duration: 1ms
[08/08/2026 22:20:17] PRISMA: SELECT "public"."User"."id" FROM "public"."User" WHERE ("public"."User"."id" = $1 AND 1=1) LIMIT $2  -Params: [1,1,0] -Duration: 0ms
[08/08/2026 22:20:17] PRISMA: SELECT "public"."Miele_Token"."id", "public"."Miele_Token"."accessToken", "public"."Miele_Token"."re -Params: [1,0] -Duration: 0ms
[08/08/2026 22:20:17] PRISMA: SELECT "public"."Washing_Program"."id", "public"."Washing_Program"."deviceId", "public"."Washing_Pro -Params: [5,0] -Duration: 2ms
[08/08/2026 22:20:17] PRISMA: SELECT "public"."Miele_Token"."id", "public"."Miele_Token"."accessToken", "public"."Miele_Token"."re -Params: [1,1,0] -Duration: 2ms
[08/08/2026 22:20:20] PRISMA: SELECT "public"."Miele_Token"."id", "public"."Miele_Token"."accessToken", "public"."Miele_Token"."re -Params: [1,1,0] -Duration: 1ms
[08/08/2026 22:20:20] PRISMA: SELECT "public"."Miele_Token"."id", "public"."Miele_Token"."accessToken", "public"."Miele_Token"."re -Params: [1,1,0] -Duration: 1ms
[08/08/2026 22:20:51] PRISMA: SELECT 1 -Params: [] -Duration: 3ms
[08/08/2026 22:20:51] PRISMA: SELECT 1 -Params: [] -Duration: 4ms
[08/08/2026 22:20:51] PRISMA: SELECT "public"."Miele_Token"."id", "public"."Miele_Token"."accessToken", "public"."Miele_Token"."re -Params: [1,1,0] -Duration: 1ms
[08/08/2026 22:20:51] PRISMA: SELECT "public"."Miele_Token"."id", "public"."Miele_Token"."accessToken", "public"."Miele_Token"."re -Params: [1,1,0] -Duration: 0ms
[08/08/2026 22:21:21] PRISMA: SELECT 1 -Params: [] -Duration: 2ms
[08/08/2026 22:21:21] PRISMA: SELECT 1 -Params: [] -Duration: 5ms
[08/08/2026 22:21:21] PRISMA: SELECT "public"."Miele_Token"."id", "public"."Miele_Token"."accessToken", "public"."Miele_Token"."re -Params: [1,1,0] -Duration: 6ms
[08/08/2026 22:21:21] PRISMA: SELECT "public"."Miele_Token"."id", "public"."Miele_Token"."accessToken", "public"."Miele_Token"."re -Params: [1,1,0] -Duration: 6ms
[08/08/2026 22:21:51] PRISMA: SELECT 1 -Params: [] -Duration: 10ms
[08/08/2026 22:21:51] PRISMA: SELECT 1 -Params: [] -Duration: 8ms
[08/08/2026 22:21:51] PRISMA: SELECT "public"."Miele_Token"."id", "public"."Miele_Token"."accessToken", "public"."Miele_Token"."re -Params: [1,1,0] -Duration: 1ms
[08/08/2026 22:21:51] PRISMA: SELECT "public"."Miele_Token"."id", "public"."Miele_Token"."accessToken", "public"."Miele_Token"."re -Params: [1,1,0] -Duration: 1ms
[08/08/2026 22:22:21] PRISMA: SELECT 1 -Params: [] -Duration: 6ms
[08/08/2026 22:22:21] PRISMA: SELECT 1 -Params: [] -Duration: 13ms
[08/08/2026 22:22:21] PRISMA: SELECT "public"."Miele_Token"."id", "public"."Miele_Token"."accessToken", "public"."Miele_Token"."re -Params: [1,1,0] -Duration: 2ms
[08/08/2026 22:22:21] PRISMA: SELECT "public"."Miele_Token"."id", "public"."Miele_Token"."accessToken", "public"."Miele_Token"."re -Params: [1,1,0] -Duration: 0ms
[08/08/2026 22:22:51] PRISMA: SELECT 1 -Params: [] -Duration: 4ms
[08/08/2026 22:22:51] PRISMA: SELECT 1 -Params: [] -Duration: 5ms
[08/08/2026 22:22:51] PRISMA: SELECT "public"."Miele_Token"."id", "public"."Miele_Token"."accessToken", "public"."Miele_Token"."re -Params: [1,1,0] -Duration: 0ms
[08/08/2026 22:22:51] PRISMA: SELECT "public"."Miele_Token"."id", "public"."Miele_Token"."accessToken", "public"."Miele_Token"."re -Params: [1,1,0] -Duration: 1ms
[08/08/2026 22:23:09] PRISMA: SELECT 1 -Params: [] -Duration: 2ms
[08/08/2026 22:23:09] PRISMA: SELECT 1 -Params: [] -Duration: 1ms
[08/08/2026 22:23:09] PRISMA: INSERT INTO "public"."PushNotif" ("createdAt","sendAt","type") VALUES ($1,$2,$3) RETURNING "public". -Params: ["2026-08-08 20:23:09.302 UTC","2026-08-08 20:28:09.302 UTC",1] -Duration: 9ms
[08/08/2026 22:23:09] PRISMA: SELECT "public"."Miele_Token"."id", "public"."Miele_Token"."accessToken", "public"."Miele_Token"."re -Params: [1,1,0] -Duration: 1ms
[08/08/2026 22:23:09] PRISMA: SELECT "public"."Miele_Token"."id", "public"."Miele_Token"."accessToken", "public"."Miele_Token"."re -Params: [1,1,0] -Duration: 0ms
[08/08/2026 22:23:21] PRISMA: SELECT "public"."Miele_Token"."id", "public"."Miele_Token"."accessToken", "public"."Miele_Token"."re -Params: [1,1,0] -Duration: 5ms
[08/08/2026 22:23:21] PRISMA: SELECT "public"."Miele_Token"."id", "public"."Miele_Token"."accessToken", "public"."Miele_Token"."re -Params: [1,1,0] -Duration: 5ms
[08/08/2026 22:23:51] PRISMA: SELECT 1 -Params: [] -Duration: 1ms
[08/08/2026 22:23:51] PRISMA: SELECT 1 -Params: [] -Duration: 4ms
[08/08/2026 22:23:51] PRISMA: SELECT "public"."Miele_Token"."id", "public"."Miele_Token"."accessToken", "public"."Miele_Token"."re -Params: [1,1,0] -Duration: 2ms
[08/08/2026 22:23:51] PRISMA: SELECT "public"."Miele_Token"."id", "public"."Miele_Token"."accessToken", "public"."Miele_Token"."re -Params: [1,1,0] -Duration: 3ms
[08/08/2026 22:24:00] PRISMA: SELECT "public"."PushNotif"."id", "public"."PushNotif"."createdAt", "public"."PushNotif"."sendAt", " -Params: ["2026-08-08 20:24:00.033 UTC",0] -Duration: 7ms
[08/08/2026 22:24:00] PRISMA: SELECT "public"."PushNotif"."id", "public"."PushNotif"."createdAt", "public"."PushNotif"."sendAt", " -Params: [0] -Duration: 0ms
[08/08/2026 22:24:10] PRISMA: SELECT 1 -Params: [] -Duration: 4ms
[08/08/2026 22:24:10] PRISMA: SELECT 1 -Params: [] -Duration: 4ms
[08/08/2026 22:24:10] PRISMA: INSERT INTO "public"."PushNotif" ("createdAt","sendAt","type") VALUES ($1,$2,$3) RETURNING "public". -Params: ["2026-08-08 20:24:10.637 UTC","2026-08-08 20:29:10.637 UTC",1] -Duration: 6ms
[08/08/2026 22:24:10] PRISMA: INSERT INTO "public"."Washing_Program" ("deviceId","type","name","createdAt","startAt","finished","a -Params: [185936843,122,"Express 20","2026-08-08 20:24:10.636 UTC","2026-08-08 20:24:10.636 UTC",false,1] -Duration: 10ms
[08/08/2026 22:24:10] PRISMA: SELECT "public"."Miele_Token"."id", "public"."Miele_Token"."accessToken", "public"."Miele_Token"."re -Params: [1,1,0] -Duration: 0ms
[08/08/2026 22:24:10] PRISMA: SELECT "public"."Miele_Token"."id", "public"."Miele_Token"."accessToken", "public"."Miele_Token"."re -Params: [1,1,0] -Duration: 0ms
[08/08/2026 22:24:21] PRISMA: SELECT "public"."Miele_Token"."id", "public"."Miele_Token"."accessToken", "public"."Miele_Token"."re -Params: [1,1,0] -Duration: 2ms
[08/08/2026 22:24:21] PRISMA: SELECT "public"."Miele_Token"."id", "public"."Miele_Token"."accessToken", "public"."Miele_Token"."re -Params: [1,1,0] -Duration: 2ms
[08/08/2026 22:24:42] PRISMA: SELECT "public"."Weather_Forecast"."id", "public"."Weather_Forecast"."time", "public"."Weather_Forec -Params: ["2026-08-08 00:00:00 UTC",0] -Duration: 3ms
[08/08/2026 22:24:42] PRISMA: SELECT "public"."User"."id", "public"."User"."username", "public"."User"."password_hash", "public"." -Params: ["Parents",1,0] -Duration: 2ms
[08/08/2026 22:24:51] PRISMA: SELECT "public"."Miele_Token"."id", "public"."Miele_Token"."accessToken", "public"."Miele_Token"."re -Params: [1,1,0] -Duration: 7ms
[08/08/2026 22:24:51] PRISMA: SELECT "public"."Miele_Token"."id", "public"."Miele_Token"."accessToken", "public"."Miele_Token"."re -Params: [1,1,0] -Duration: 7ms
[08/08/2026 22:24:54] PRISMA: SELECT "public"."Weather_Forecast"."id", "public"."Weather_Forecast"."time", "public"."Weather_Forec -Params: ["2026-08-08 00:00:00 UTC",0] -Duration: 2ms
[08/08/2026 22:24:54] PRISMA: SELECT "public"."User"."id", "public"."User"."username", "public"."User"."password_hash", "public"." -Params: ["Parents",1,0] -Duration: 1ms
[08/08/2026 22:25:02] PRISMA: INSERT INTO "public"."Solar_Data" ("hour","Watts","total") VALUES ($1,$2,$3) RETURNING "public"."Sol -Params: ["2026-08-08 20:25:02.537 UTC",0,38942] -Duration: 12ms
[08/08/2026 22:25:14] PRISMA: SELECT "public"."Weather_Forecast"."id", "public"."Weather_Forecast"."time", "public"."Weather_Forec -Params: ["2026-08-08 00:00:00 UTC",0] -Duration: 2ms
[08/08/2026 22:25:14] PRISMA: SELECT "public"."User"."id", "public"."User"."username", "public"."User"."password_hash", "public"." -Params: ["Parents",1,0] -Duration: 1ms
[08/08/2026 22:25:27] PRISMA: SELECT "public"."Miele_Token"."id", "public"."Miele_Token"."accessToken", "public"."Miele_Token"."re -Params: [1,1,0] -Duration: 7ms
[08/08/2026 22:25:27] PRISMA: SELECT "public"."Miele_Token"."id", "public"."Miele_Token"."accessToken", "public"."Miele_Token"."re -Params: [1,1,0] -Duration: 7ms
[08/08/2026 22:25:59] PRISMA: SELECT "public"."Weather_Forecast"."id", "public"."Weather_Forecast"."time", "public"."Weather_Forec -Params: ["2026-08-08 00:00:00 UTC",0] -Duration: 2ms
[08/08/2026 22:25:59] PRISMA: SELECT "public"."User"."id", "public"."User"."username", "public"."User"."password_hash", "public"." -Params: ["Parents",1,0] -Duration: 1ms
[08/08/2026 22:26:27] PRISMA: SELECT 1 -Params: [] -Duration: 6ms
[08/08/2026 22:26:27] PRISMA: SELECT "public"."Miele_Token"."id", "public"."Miele_Token"."accessToken", "public"."Miele_Token"."re -Params: [1,1,0] -Duration: 10ms
[08/08/2026 22:26:27] PRISMA: SELECT "public"."Miele_Token"."id", "public"."Miele_Token"."accessToken", "public"."Miele_Token"."re -Params: [1,1,0] -Duration: 3ms
[08/08/2026 22:26:29] PRISMA: SELECT "public"."Weather_Forecast"."id", "public"."Weather_Forecast"."time", "public"."Weather_Forec -Params: ["2026-08-08 00:00:00 UTC",0] -Duration: 2ms
[08/08/2026 22:26:29] PRISMA: SELECT "public"."User"."id", "public"."User"."username", "public"."User"."password_hash", "public"." -Params: ["Parents",1,0] -Duration: 1ms
[08/08/2026 22:26:46] PRISMA: SELECT "public"."Weather_Forecast"."id", "public"."Weather_Forecast"."time", "public"."Weather_Forec -Params: ["2026-08-08 00:00:00 UTC",0] -Duration: 3ms
[08/08/2026 22:26:46] PRISMA: SELECT "public"."User"."id", "public"."User"."username", "public"."User"."password_hash", "public"." -Params: ["Parents",1,0] -Duration: 1ms
[08/08/2026 22:27:27] PRISMA: SELECT 1 -Params: [] -Duration: 13ms
[08/08/2026 22:27:27] PRISMA: SELECT "public"."Miele_Token"."id", "public"."Miele_Token"."accessToken", "public"."Miele_Token"."re -Params: [1,1,0] -Duration: 9ms
[08/08/2026 22:27:27] PRISMA: SELECT "public"."Miele_Token"."id", "public"."Miele_Token"."accessToken", "public"."Miele_Token"."re -Params: [1,1,0] -Duration: 5ms
[08/08/2026 22:28:00] PRISMA: SELECT 1 -Params: [] -Duration: 3ms
[08/08/2026 22:28:27] PRISMA: SELECT 1 -Params: [] -Duration: 2ms
[08/08/2026 22:28:27] PRISMA: SELECT 1 -Params: [] -Duration: 3ms
[08/08/2026 22:28:27] PRISMA: SELECT "public"."Miele_Token"."id", "public"."Miele_Token"."accessToken", "public"."Miele_Token"."re -Params: [1,1,0] -Duration: 1ms
[08/08/2026 22:28:27] PRISMA: SELECT "public"."Miele_Token"."id", "public"."Miele_Token"."accessToken", "public"."Miele_Token"."re -Params: [1,1,0] -Duration: 1ms
[08/08/2026 22:29:00] PRISMA: SELECT 1 -Params: [] -Duration: 3ms
[08/08/2026 22:29:27] PRISMA: SELECT 1 -Params: [] -Duration: 2ms
[08/08/2026 22:29:27] PRISMA: SELECT 1 -Params: [] -Duration: 6ms
[08/08/2026 22:29:27] PRISMA: SELECT "public"."Miele_Token"."id", "public"."Miele_Token"."accessToken", "public"."Miele_Token"."re -Params: [1,1,0] -Duration: 4ms
[08/08/2026 22:29:27] PRISMA: SELECT "public"."Miele_Token"."id", "public"."Miele_Token"."accessToken", "public"."Miele_Token"."re -Params: [1,1,0] -Duration: 3ms
[08/08/2026 22:30:00] PRISMA: SELECT 1 -Params: [] -Duration: 5ms
[08/08/2026 22:30:03] PRISMA: INSERT INTO "public"."Solar_Data" ("hour","Watts","total") VALUES ($1,$2,$3) RETURNING "public"."Sol -Params: ["2026-08-08 20:30:03.441 UTC",0,38942] -Duration: 5ms
[08/08/2026 22:30:27] PRISMA: SELECT 1 -Params: [] -Duration: 7ms
[08/08/2026 22:30:27] PRISMA: SELECT 1 -Params: [] -Duration: 10ms
[08/08/2026 22:30:27] PRISMA: SELECT "public"."Miele_Token"."id", "public"."Miele_Token"."accessToken", "public"."Miele_Token"."re -Params: [1,1,0] -Duration: 2ms
[08/08/2026 22:30:27] PRISMA: SELECT "public"."Miele_Token"."id", "public"."Miele_Token"."accessToken", "public"."Miele_Token"."re -Params: [1,1,0] -Duration: 6ms
[08/08/2026 22:30:28] PRISMA: SELECT "public"."Solar_Data"."id", "public"."Solar_Data"."hour", "public"."Solar_Data"."Watts", "pub -Params: ["2026-08-07 20:30:28.023 UTC","2026-08-08 20:30:28.023 UTC",0] -Duration: 4ms
[08/08/2026 22:30:28] PRISMA: SELECT "public"."Weather_Forecast"."id", "public"."Weather_Forecast"."time", "public"."Weather_Forec -Params: ["2026-08-08 08:30:28.018 UTC","2026-08-09 07:30:28.018 UTC",0] -Duration: 5ms
[08/08/2026 22:30:28] PRISMA: SELECT "public"."Washing_Program"."id", "public"."Washing_Program"."deviceId", "public"."Washing_Pro -Params: [5,0] -Duration: 3ms
[08/08/2026 22:30:28] PRISMA: SELECT "public"."User"."id", "public"."User"."username" FROM "public"."User" WHERE "public"."User"." -Params: [1,0] -Duration: 3ms
[08/08/2026 22:30:28] PRISMA: SELECT "public"."User"."id" FROM "public"."User" WHERE ("public"."User"."id" = $1 AND 1=1) LIMIT $2  -Params: [1,1,0] -Duration: 0ms
[08/08/2026 22:30:28] PRISMA: SELECT "public"."Miele_Token"."id", "public"."Miele_Token"."accessToken", "public"."Miele_Token"."re -Params: [1,0] -Duration: 0ms
[08/08/2026 22:30:28] PRISMA: SELECT "public"."Miele_Token"."id", "public"."Miele_Token"."accessToken", "public"."Miele_Token"."re -Params: [1,1,0] -Duration: 0ms
[08/08/2026 22:30:39] PRISMA: SELECT "public"."Weather_Forecast"."id", "public"."Weather_Forecast"."time", "public"."Weather_Forec -Params: ["2026-08-08 00:00:00 UTC",0] -Duration: 2ms
[08/08/2026 22:30:39] PRISMA: SELECT "public"."User"."id", "public"."User"."username", "public"."User"."password_hash", "public"." -Params: ["Parents",1,0] -Duration: 1ms
[08/08/2026 22:31:00] PRISMA: SELECT 1 -Params: [] -Duration: 5ms
[08/08/2026 22:31:00] PRISMA: SELECT "public"."Washing_Program"."id", "public"."Washing_Program"."deviceId", "public"."Washing_Pro -Params: [1,0] -Duration: 8ms
[08/08/2026 22:31:00] PRISMA: SELECT "public"."Miele_Token"."id", "public"."Miele_Token"."accessToken", "public"."Miele_Token"."re -Params: [1,1,0] -Duration: 1ms
[08/08/2026 22:31:43] PRISMA: SELECT "public"."Weather_Forecast"."id", "public"."Weather_Forecast"."time", "public"."Weather_Forec -Params: ["2026-08-08 00:00:00 UTC",0] -Duration: 8ms
[08/08/2026 22:31:43] PRISMA: SELECT "public"."User"."id", "public"."User"."username", "public"."User"."password_hash", "public"." -Params: ["Parents",1,0] -Duration: 1ms
[08/08/2026 22:32:00] PRISMA: SELECT 1 -Params: [] -Duration: 6ms
[08/08/2026 22:32:00] PRISMA: SELECT "public"."Washing_Program"."id", "public"."Washing_Program"."deviceId", "public"."Washing_Pro -Params: [1,0] -Duration: 10ms
[08/08/2026 22:32:00] PRISMA: SELECT "public"."Miele_Token"."id", "public"."Miele_Token"."accessToken", "public"."Miele_Token"."re -Params: [1,1,0] -Duration: 2ms
[08/08/2026 22:33:00] PRISMA: SELECT 1 -Params: [] -Duration: 1ms
[08/08/2026 22:33:00] PRISMA: SELECT "public"."Washing_Program"."id", "public"."Washing_Program"."deviceId", "public"."Washing_Pro -Params: [1,0] -Duration: 1ms
[08/08/2026 22:33:00] PRISMA: SELECT "public"."Miele_Token"."id", "public"."Miele_Token"."accessToken", "public"."Miele_Token"."re -Params: [1,1,0] -Duration: 0ms
[08/08/2026 22:33:48] PRISMA: SELECT "public"."Weather_Forecast"."id", "public"."Weather_Forecast"."time", "public"."Weather_Forec -Params: ["2026-08-08 00:00:00 UTC",0] -Duration: 3ms
[08/08/2026 22:33:48] PRISMA: SELECT "public"."User"."id", "public"."User"."username", "public"."User"."password_hash", "public"." -Params: ["Parents",1,0] -Duration: 1ms
[08/08/2026 22:33:58] PRISMA: SELECT "public"."Weather_Forecast"."id", "public"."Weather_Forecast"."time", "public"."Weather_Forec -Params: ["2026-08-08 00:00:00 UTC",0] -Duration: 8ms
[08/08/2026 22:33:58] PRISMA: SELECT "public"."User"."id", "public"."User"."username", "public"."User"."password_hash", "public"." -Params: ["Parents",1,0] -Duration: 1ms
[08/08/2026 22:34:00] PRISMA: SELECT "public"."Washing_Program"."id", "public"."Washing_Program"."deviceId", "public"."Washing_Pro -Params: [1,0] -Duration: 20ms
[08/08/2026 22:34:00] PRISMA: SELECT "public"."Miele_Token"."id", "public"."Miele_Token"."accessToken", "public"."Miele_Token"."re -Params: [1,1,0] -Duration: 4ms
[08/08/2026 22:34:58] PRISMA: SELECT 1 -Params: [] -Duration: 2ms
[08/08/2026 22:34:58] PRISMA: SELECT "public"."Washing_Program"."id", "public"."Washing_Program"."deviceId", "public"."Washing_Pro -Params: [5,0] -Duration: 1ms
[08/08/2026 22:34:58] PRISMA: SELECT "public"."User"."id", "public"."User"."username" FROM "public"."User" WHERE "public"."User"." -Params: [1,0] -Duration: 3ms
[08/08/2026 22:34:58] PRISMA: SELECT "public"."Solar_Data"."id", "public"."Solar_Data"."hour", "public"."Solar_Data"."Watts", "pub -Params: ["2026-08-07 20:34:58.776 UTC","2026-08-08 20:34:58.776 UTC",0] -Duration: 3ms
[08/08/2026 22:34:58] PRISMA: SELECT "public"."User"."id" FROM "public"."User" WHERE ("public"."User"."id" = $1 AND 1=1) LIMIT $2  -Params: [1,1,0] -Duration: 3ms
[08/08/2026 22:34:58] PRISMA: SELECT "public"."Weather_Forecast"."id", "public"."Weather_Forecast"."time", "public"."Weather_Forec -Params: ["2026-08-08 08:34:58.779 UTC","2026-08-09 07:34:58.779 UTC",0] -Duration: 4ms
[08/08/2026 22:34:58] PRISMA: SELECT "public"."Miele_Token"."id", "public"."Miele_Token"."accessToken", "public"."Miele_Token"."re -Params: [1,0] -Duration: 1ms
[08/08/2026 22:34:58] PRISMA: SELECT "public"."Miele_Token"."id", "public"."Miele_Token"."accessToken", "public"."Miele_Token"."re -Params: [1,1,0] -Duration: 0ms
[08/08/2026 22:35:00] PRISMA: SELECT "public"."Washing_Program"."id", "public"."Washing_Program"."deviceId", "public"."Washing_Pro -Params: [1,0] -Duration: 3ms
[08/08/2026 22:35:00] PRISMA: SELECT "public"."Miele_Token"."id", "public"."Miele_Token"."accessToken", "public"."Miele_Token"."re -Params: [1,1,0] -Duration: 0ms
[08/08/2026 22:35:03] PRISMA: INSERT INTO "public"."Solar_Data" ("hour","Watts","total") VALUES ($1,$2,$3) RETURNING "public"."Sol -Params: ["2026-08-08 20:35:03.413 UTC",0,38942] -Duration: 16ms
[08/08/2026 22:36:00] PRISMA: SELECT 1 -Params: [] -Duration: 2ms
[08/08/2026 22:36:00] PRISMA: SELECT "public"."Washing_Program"."id", "public"."Washing_Program"."deviceId", "public"."Washing_Pro -Params: [1,0] -Duration: 4ms
[08/08/2026 22:36:00] PRISMA: SELECT "public"."Miele_Token"."id", "public"."Miele_Token"."accessToken", "public"."Miele_Token"."re -Params: [1,1,0] -Duration: 0ms
[08/08/2026 22:36:09] PRISMA: SELECT "public"."Weather_Forecast"."id", "public"."Weather_Forecast"."time", "public"."Weather_Forec -Params: ["2026-08-08 00:00:00 UTC",0] -Duration: 3ms
[08/08/2026 22:36:10] PRISMA: SELECT "public"."User"."id", "public"."User"."username", "public"."User"."password_hash", "public"." -Params: ["Parents",1,0] -Duration: 1ms
[08/08/2026 22:36:37] PRISMA: SELECT "public"."Weather_Forecast"."id", "public"."Weather_Forecast"."time", "public"."Weather_Forec -Params: ["2026-08-08 00:00:00 UTC",0] -Duration: 3ms
[08/08/2026 22:36:37] PRISMA: SELECT "public"."User"."id", "public"."User"."username", "public"."User"."password_hash", "public"." -Params: ["Parents",1,0] -Duration: 1ms
[08/08/2026 22:37:00] PRISMA: SELECT 1 -Params: [] -Duration: 2ms
[08/08/2026 22:37:00] PRISMA: SELECT "public"."Washing_Program"."id", "public"."Washing_Program"."deviceId", "public"."Washing_Pro -Params: [1,0] -Duration: 8ms
[08/08/2026 22:37:00] PRISMA: SELECT "public"."Miele_Token"."id", "public"."Miele_Token"."accessToken", "public"."Miele_Token"."re -Params: [1,1,0] -Duration: 1ms
[08/08/2026 22:37:49] PRISMA: SELECT "public"."Weather_Forecast"."id", "public"."Weather_Forecast"."time", "public"."Weather_Forec -Params: ["2026-08-08 00:00:00 UTC",0] -Duration: 7ms
[08/08/2026 22:37:49] PRISMA: SELECT "public"."User"."id", "public"."User"."username", "public"."User"."password_hash", "public"." -Params: ["Parents",1,0] -Duration: 1ms
[08/08/2026 22:38:00] PRISMA: SELECT "public"."Washing_Program"."id", "public"."Washing_Program"."deviceId", "public"."Washing_Pro -Params: [1,0] -Duration: 16ms
[08/08/2026 22:38:00] PRISMA: SELECT "public"."Miele_Token"."id", "public"."Miele_Token"."accessToken", "public"."Miele_Token"."re -Params: [1,1,0] -Duration: 3ms
[08/08/2026 22:38:09] PRISMA: SELECT "public"."Weather_Forecast"."id", "public"."Weather_Forecast"."time", "public"."Weather_Forec -Params: ["2026-08-08 00:00:00 UTC",0] -Duration: 2ms
[08/08/2026 22:38:09] PRISMA: SELECT "public"."User"."id", "public"."User"."username", "public"."User"."password_hash", "public"." -Params: ["Parents",1,0] -Duration: 1ms
[08/08/2026 22:38:49] PRISMA: SELECT "public"."Weather_Forecast"."id", "public"."Weather_Forecast"."time", "public"."Weather_Forec -Params: ["2026-08-08 00:00:00 UTC",0] -Duration: 4ms
[08/08/2026 22:38:49] PRISMA: SELECT "public"."User"."id", "public"."User"."username", "public"."User"."password_hash", "public"." -Params: ["Parents",1,0] -Duration: 4ms
[08/08/2026 22:39:00] PRISMA: SELECT "public"."Washing_Program"."id", "public"."Washing_Program"."deviceId", "public"."Washing_Pro -Params: [1,0] -Duration: 15ms
[08/08/2026 22:39:00] PRISMA: SELECT "public"."Miele_Token"."id", "public"."Miele_Token"."accessToken", "public"."Miele_Token"."re -Params: [1,1,0] -Duration: 2ms
[08/08/2026 22:39:06] PRISMA: SELECT "public"."Weather_Forecast"."id", "public"."Weather_Forecast"."time", "public"."Weather_Forec -Params: ["2026-08-08 00:00:00 UTC",0] -Duration: 6ms
[08/08/2026 22:39:06] PRISMA: SELECT "public"."User"."id", "public"."User"."username", "public"."User"."password_hash", "public"." -Params: ["Parents",1,0] -Duration: 1ms
[08/08/2026 22:40:00] PRISMA: SELECT 1 -Params: [] -Duration: 3ms
[08/08/2026 22:40:00] PRISMA: SELECT "public"."Washing_Program"."id", "public"."Washing_Program"."deviceId", "public"."Washing_Pro -Params: [1,0] -Duration: 3ms
[08/08/2026 22:40:00] PRISMA: SELECT "public"."Miele_Token"."id", "public"."Miele_Token"."accessToken", "public"."Miele_Token"."re -Params: [1,1,0] -Duration: 1ms
[08/08/2026 22:40:01] PRISMA: INSERT INTO "public"."Solar_Data" ("hour","Watts","total") VALUES ($1,$2,$3) RETURNING "public"."Sol -Params: ["2026-08-08 20:40:01.453 UTC",0,38942] -Duration: 5ms
[08/08/2026 22:40:25] PRISMA: SELECT "public"."Weather_Forecast"."id", "public"."Weather_Forecast"."time", "public"."Weather_Forec -Params: ["2026-08-08 00:00:00 UTC",0] -Duration: 3ms
[08/08/2026 22:40:25] PRISMA: SELECT "public"."User"."id", "public"."User"."username", "public"."User"."password_hash", "public"." -Params: ["Parents",1,0] -Duration: 7ms
[08/08/2026 22:40:27] PRISMA: SELECT "public"."Washing_Program"."id", "public"."Washing_Program"."deviceId", "public"."Washing_Pro -Params: [5,0] -Duration: 22ms
[08/08/2026 22:40:27] PRISMA: SELECT "public"."User"."id", "public"."User"."username" FROM "public"."User" WHERE "public"."User"." -Params: [1,0] -Duration: 0ms
[08/08/2026 22:40:27] PRISMA: SELECT "public"."Solar_Data"."id", "public"."Solar_Data"."hour", "public"."Solar_Data"."Watts", "pub -Params: ["2026-08-07 20:40:27.756 UTC","2026-08-08 20:40:27.756 UTC",0] -Duration: 4ms
[08/08/2026 22:40:27] PRISMA: SELECT "public"."User"."id" FROM "public"."User" WHERE ("public"."User"."id" = $1 AND 1=1) LIMIT $2  -Params: [1,1,0] -Duration: 5ms
[08/08/2026 22:40:27] PRISMA: SELECT "public"."Weather_Forecast"."id", "public"."Weather_Forecast"."time", "public"."Weather_Forec -Params: ["2026-08-08 08:40:27.764 UTC","2026-08-09 07:40:27.764 UTC",0] -Duration: 5ms
[08/08/2026 22:40:27] PRISMA: SELECT "public"."Miele_Token"."id", "public"."Miele_Token"."accessToken", "public"."Miele_Token"."re -Params: [1,0] -Duration: 2ms
[08/08/2026 22:40:27] PRISMA: SELECT "public"."Miele_Token"."id", "public"."Miele_Token"."accessToken", "public"."Miele_Token"."re -Params: [1,1,0] -Duration: 1ms
[08/08/2026 22:40:47] PRISMA: SELECT 1 -Params: [] -Duration: 2ms
[08/08/2026 22:40:47] PRISMA: SELECT "public"."Weather_Forecast"."id", "public"."Weather_Forecast"."time", "public"."Weather_Forec -Params: ["2026-08-08 08:40:47.739 UTC","2026-08-09 07:40:47.739 UTC",0] -Duration: 10ms
[08/08/2026 22:41:00] PRISMA: SELECT "public"."Washing_Program"."id", "public"."Washing_Program"."deviceId", "public"."Washing_Pro -Params: [1,0] -Duration: 2ms
[08/08/2026 22:41:00] PRISMA: SELECT "public"."Miele_Token"."id", "public"."Miele_Token"."accessToken", "public"."Miele_Token"."re -Params: [1,1,0] -Duration: 0ms
[08/08/2026 22:41:24] PRISMA: SELECT 1 -Params: [] -Duration: 2ms
[08/08/2026 22:41:24] PRISMA: SELECT "public"."Weather_Forecast"."id", "public"."Weather_Forecast"."time", "public"."Weather_Forec -Params: ["2026-08-08 08:41:24.102 UTC","2026-08-09 07:41:24.102 UTC",0] -Duration: 1ms
[08/08/2026 22:41:29] PRISMA: SELECT 1 -Params: [] -Duration: 1ms
[08/08/2026 22:41:29] PRISMA: SELECT "public"."Weather_Forecast"."id", "public"."Weather_Forecast"."time", "public"."Weather_Forec -Params: ["2026-08-08 08:41:29.314 UTC","2026-08-09 07:41:29.314 UTC",0] -Duration: 3ms
[08/08/2026 22:41:29] PRISMA: SELECT 1 -Params: [] -Duration: 4ms
[08/08/2026 22:41:29] PRISMA: SELECT "public"."Solar_Data"."id", "public"."Solar_Data"."hour", "public"."Solar_Data"."Watts", "pub -Params: ["2026-08-07 20:41:29.334 UTC","2026-08-08 20:41:29.334 UTC",0] -Duration: 0ms
[08/08/2026 22:41:29] PRISMA: SELECT "public"."Washing_Program"."id", "public"."Washing_Program"."deviceId", "public"."Washing_Pro -Params: [5,0] -Duration: 6ms
[08/08/2026 22:41:29] PRISMA: SELECT "public"."User"."id", "public"."User"."username" FROM "public"."User" WHERE "public"."User"." -Params: [1,0] -Duration: 1ms
[08/08/2026 22:41:29] PRISMA: SELECT "public"."User"."id" FROM "public"."User" WHERE ("public"."User"."id" = $1 AND 1=1) LIMIT $2  -Params: [1,1,0] -Duration: 0ms
[08/08/2026 22:41:29] PRISMA: SELECT "public"."Miele_Token"."id", "public"."Miele_Token"."accessToken", "public"."Miele_Token"."re -Params: [1,0] -Duration: 0ms
[08/08/2026 22:41:29] PRISMA: SELECT "public"."Miele_Token"."id", "public"."Miele_Token"."accessToken", "public"."Miele_Token"."re -Params: [1,1,0] -Duration: 0ms
[08/08/2026 22:41:32] PRISMA: SELECT "public"."Miele_Token"."id", "public"."Miele_Token"."accessToken", "public"."Miele_Token"."re -Params: [1,1,0] -Duration: 0ms
[08/08/2026 22:41:32] PRISMA: SELECT "public"."Miele_Token"."id", "public"."Miele_Token"."accessToken", "public"."Miele_Token"."re -Params: [1,1,0] -Duration: 0ms
[08/08/2026 22:42:00] PRISMA: SELECT 1 -Params: [] -Duration: 1ms
[08/08/2026 22:42:00] PRISMA: SELECT "public"."Washing_Program"."id", "public"."Washing_Program"."deviceId", "public"."Washing_Pro -Params: [1,0] -Duration: 1ms
[08/08/2026 22:42:00] PRISMA: SELECT "public"."Miele_Token"."id", "public"."Miele_Token"."accessToken", "public"."Miele_Token"."re -Params: [1,1,0] -Duration: 1ms
[08/08/2026 22:42:18] PRISMA: SELECT 1 -Params: [] -Duration: 3ms
[08/08/2026 22:42:18] PRISMA: SELECT 1 -Params: [] -Duration: 6ms
[08/08/2026 22:42:18] PRISMA: SELECT "public"."Miele_Token"."id", "public"."Miele_Token"."accessToken", "public"."Miele_Token"."re -Params: [1,1,0] -Duration: 1ms
[08/08/2026 22:42:18] PRISMA: SELECT "public"."Miele_Token"."id", "public"."Miele_Token"."accessToken", "public"."Miele_Token"."re -Params: [1,1,0] -Duration: 9ms
[08/08/2026 22:42:24] PRISMA: SELECT "public"."Weather_Forecast"."id", "public"."Weather_Forecast"."time", "public"."Weather_Forec -Params: ["2026-08-08 00:00:00 UTC",0] -Duration: 7ms
[08/08/2026 22:42:24] PRISMA: SELECT "public"."User"."id", "public"."User"."username", "public"."User"."password_hash", "public"." -Params: ["Parents",1,0] -Duration: 1ms
[08/08/2026 22:42:42] PRISMA: SELECT "public"."Weather_Forecast"."id", "public"."Weather_Forecast"."time", "public"."Weather_Forec -Params: ["2026-08-08 00:00:00 UTC",0] -Duration: 2ms
[08/08/2026 22:42:42] PRISMA: SELECT "public"."User"."id", "public"."User"."username", "public"."User"."password_hash", "public"." -Params: ["Parents",1,0] -Duration: 1ms
[08/08/2026 22:42:56] PRISMA: SELECT "public"."Weather_Forecast"."id", "public"."Weather_Forecast"."time", "public"."Weather_Forec -Params: ["2026-08-08 08:42:56.549 UTC","2026-08-09 07:42:56.549 UTC",0] -Duration: 2ms
[08/08/2026 22:42:56] PRISMA: SELECT "public"."Solar_Data"."id", "public"."Solar_Data"."hour", "public"."Solar_Data"."Watts", "pub -Params: ["2026-08-07 20:42:56.557 UTC","2026-08-08 20:42:56.557 UTC",0] -Duration: 1ms
[08/08/2026 22:42:56] PRISMA: SELECT "public"."User"."id" FROM "public"."User" WHERE ("public"."User"."id" = $1 AND 1=1) LIMIT $2  -Params: [1,1,0] -Duration: 0ms
[08/08/2026 22:42:56] PRISMA: SELECT "public"."Miele_Token"."id", "public"."Miele_Token"."accessToken", "public"."Miele_Token"."re -Params: [1,0] -Duration: 1ms
[08/08/2026 22:42:56] PRISMA: SELECT "public"."Washing_Program"."id", "public"."Washing_Program"."deviceId", "public"."Washing_Pro -Params: [5,0] -Duration: 1ms
[08/08/2026 22:42:56] PRISMA: SELECT "public"."User"."id", "public"."User"."username" FROM "public"."User" WHERE "public"."User"." -Params: [1,0] -Duration: 0ms
[08/08/2026 22:42:57] PRISMA: SELECT "public"."Miele_Token"."id", "public"."Miele_Token"."accessToken", "public"."Miele_Token"."re -Params: [1,1,0] -Duration: 3ms
[08/08/2026 22:43:00] PRISMA: SELECT "public"."Washing_Program"."id", "public"."Washing_Program"."deviceId", "public"."Washing_Pro -Params: [1,0] -Duration: 2ms
[08/08/2026 22:43:00] PRISMA: SELECT "public"."Miele_Token"."id", "public"."Miele_Token"."accessToken", "public"."Miele_Token"."re -Params: [1,1,0] -Duration: 0ms
[08/08/2026 22:43:53] PRISMA: SELECT "public"."Weather_Forecast"."id", "public"."Weather_Forecast"."time", "public"."Weather_Forec -Params: ["2026-08-08 00:00:00 UTC",0] -Duration: 3ms
[08/08/2026 22:43:53] PRISMA: SELECT "public"."User"."id", "public"."User"."username", "public"."User"."password_hash", "public"." -Params: ["Parents",1,0] -Duration: 1ms
[08/08/2026 22:43:57] PRISMA: SELECT "public"."Weather_Forecast"."id", "public"."Weather_Forecast"."time", "public"."Weather_Forec -Params: ["2026-08-08 08:43:57.750 UTC","2026-08-09 07:43:57.750 UTC",0] -Duration: 11ms
[08/08/2026 22:43:57] PRISMA: SELECT "public"."User"."id" FROM "public"."User" WHERE ("public"."User"."id" = $1 AND 1=1) LIMIT $2  -Params: [1,1,0] -Duration: 8ms
[08/08/2026 22:43:57] PRISMA: SELECT "public"."Miele_Token"."id", "public"."Miele_Token"."accessToken", "public"."Miele_Token"."re -Params: [1,0] -Duration: 9ms
[08/08/2026 22:43:57] PRISMA: SELECT "public"."Solar_Data"."id", "public"."Solar_Data"."hour", "public"."Solar_Data"."Watts", "pub -Params: ["2026-08-07 20:43:57.765 UTC","2026-08-08 20:43:57.765 UTC",0] -Duration: 4ms
[08/08/2026 22:43:57] PRISMA: SELECT "public"."Washing_Program"."id", "public"."Washing_Program"."deviceId", "public"."Washing_Pro -Params: [5,0] -Duration: 3ms
[08/08/2026 22:43:57] PRISMA: SELECT "public"."User"."id", "public"."User"."username" FROM "public"."User" WHERE "public"."User"." -Params: [1,0] -Duration: 0ms
[08/08/2026 22:44:00] PRISMA: SELECT "public"."Washing_Program"."id", "public"."Washing_Program"."deviceId", "public"."Washing_Pro -Params: [1,0] -Duration: 4ms
[08/08/2026 22:44:00] PRISMA: SELECT "public"."Miele_Token"."id", "public"."Miele_Token"."accessToken", "public"."Miele_Token"."re -Params: [1,1,0] -Duration: 3ms
[08/08/2026 22:44:03] PRISMA: SELECT "public"."Miele_Token"."id", "public"."Miele_Token"."accessToken", "public"."Miele_Token"."re -Params: [1,1,0] -Duration: 2ms
[08/08/2026 22:44:35] PRISMA: SELECT "public"."Weather_Forecast"."id", "public"."Weather_Forecast"."time", "public"."Weather_Forec -Params: ["2026-08-08 00:00:00 UTC",0] -Duration: 2ms
[08/08/2026 22:44:35] PRISMA: SELECT "public"."User"."id", "public"."User"."username", "public"."User"."password_hash", "public"." -Params: ["Parents",1,0] -Duration: 1ms
[08/08/2026 22:44:58] PRISMA: SELECT 1 -Params: [] -Duration: 1ms
[08/08/2026 22:44:58] PRISMA: SELECT "public"."Washing_Program"."id", "public"."Washing_Program"."deviceId", "public"."Washing_Pro -Params: [5,0] -Duration: 5ms
[08/08/2026 22:44:58] PRISMA: SELECT "public"."User"."id", "public"."User"."username" FROM "public"."User" WHERE "public"."User"." -Params: [1,0] -Duration: 0ms
[08/08/2026 22:44:58] PRISMA: SELECT "public"."User"."id" FROM "public"."User" WHERE ("public"."User"."id" = $1 AND 1=1) LIMIT $2  -Params: [1,1,0] -Duration: 6ms
[08/08/2026 22:44:58] PRISMA: SELECT "public"."Miele_Token"."id", "public"."Miele_Token"."accessToken", "public"."Miele_Token"."re -Params: [1,0] -Duration: 1ms
[08/08/2026 22:44:58] PRISMA: SELECT "public"."Solar_Data"."id", "public"."Solar_Data"."hour", "public"."Solar_Data"."Watts", "pub -Params: ["2026-08-07 20:44:58.682 UTC","2026-08-08 20:44:58.682 UTC",0] -Duration: 1ms
[08/08/2026 22:44:58] PRISMA: SELECT "public"."Weather_Forecast"."id", "public"."Weather_Forecast"."time", "public"."Weather_Forec -Params: ["2026-08-08 08:44:58.685 UTC","2026-08-09 07:44:58.685 UTC",0] -Duration: 2ms
[08/08/2026 22:44:58] PRISMA: SELECT "public"."Miele_Token"."id", "public"."Miele_Token"."accessToken", "public"."Miele_Token"."re -Params: [1,1,0] -Duration: 1ms
[08/08/2026 22:45:00] PRISMA: SELECT "public"."Washing_Program"."id", "public"."Washing_Program"."deviceId", "public"."Washing_Pro -Params: [1,0] -Duration: 2ms
[08/08/2026 22:45:00] PRISMA: SELECT "public"."Miele_Token"."id", "public"."Miele_Token"."accessToken", "public"."Miele_Token"."re -Params: [1,1,0] -Duration: 0ms
[08/08/2026 22:45:01] PRISMA: INSERT INTO "public"."Solar_Data" ("hour","Watts","total") VALUES ($1,$2,$3) RETURNING "public"."Sol -Params: ["2026-08-08 20:45:01.594 UTC",0,38942] -Duration: 27ms
[08/08/2026 22:45:03] PRISMA: SELECT "public"."Weather_Forecast"."id", "public"."Weather_Forecast"."time", "public"."Weather_Forec -Params: ["2026-08-08 08:45:03.818 UTC","2026-08-09 07:45:03.818 UTC",0] -Duration: 2ms
[08/08/2026 22:45:03] PRISMA: SELECT "public"."Solar_Data"."id", "public"."Solar_Data"."hour", "public"."Solar_Data"."Watts", "pub -Params: ["2026-08-07 20:45:03.834 UTC","2026-08-08 20:45:03.834 UTC",0] -Duration: 1ms
[08/08/2026 22:45:03] PRISMA: SELECT "public"."Washing_Program"."id", "public"."Washing_Program"."deviceId", "public"."Washing_Pro -Params: [5,0] -Duration: 8ms
[08/08/2026 22:45:03] PRISMA: SELECT "public"."User"."id", "public"."User"."username" FROM "public"."User" WHERE "public"."User"." -Params: [1,0] -Duration: 2ms
[08/08/2026 22:45:03] PRISMA: SELECT "public"."User"."id" FROM "public"."User" WHERE ("public"."User"."id" = $1 AND 1=1) LIMIT $2  -Params: [1,1,0] -Duration: 1ms
[08/08/2026 22:45:03] PRISMA: SELECT "public"."Miele_Token"."id", "public"."Miele_Token"."accessToken", "public"."Miele_Token"."re -Params: [1,0] -Duration: 1ms
[08/08/2026 22:45:06] PRISMA: SELECT "public"."Miele_Token"."id", "public"."Miele_Token"."accessToken", "public"."Miele_Token"."re -Params: [1,1,0] -Duration: 1ms
[08/08/2026 22:45:58] PRISMA: SELECT 1 -Params: [] -Duration: 2ms
[08/08/2026 22:45:58] PRISMA: SELECT 1 -Params: [] -Duration: 0ms
[08/08/2026 22:45:58] PRISMA: SELECT 1 -Params: [] -Duration: 2ms
[08/08/2026 22:45:58] PRISMA: SELECT "public"."Washing_Program"."id", "public"."Washing_Program"."deviceId", "public"."Washing_Pro -Params: [5,0] -Duration: 3ms
[08/08/2026 22:45:58] PRISMA: SELECT 1 -Params: [] -Duration: 0ms
[08/08/2026 22:45:58] PRISMA: SELECT "public"."Weather_Forecast"."id", "public"."Weather_Forecast"."time", "public"."Weather_Forec -Params: ["2026-08-08 08:45:58.584 UTC","2026-08-09 07:45:58.584 UTC",0] -Duration: 5ms
[08/08/2026 22:45:58] PRISMA: SELECT "public"."User"."id" FROM "public"."User" WHERE ("public"."User"."id" = $1 AND 1=1) LIMIT $2  -Params: [1,1,0] -Duration: 1ms
[08/08/2026 22:45:58] PRISMA: SELECT "public"."Solar_Data"."id", "public"."Solar_Data"."hour", "public"."Solar_Data"."Watts", "pub -Params: ["2026-08-07 20:45:58.592 UTC","2026-08-08 20:45:58.592 UTC",0] -Duration: 3ms
[08/08/2026 22:45:58] PRISMA: SELECT "public"."User"."id", "public"."User"."username" FROM "public"."User" WHERE "public"."User"." -Params: [1,0] -Duration: 2ms
[08/08/2026 22:45:58] PRISMA: SELECT "public"."Miele_Token"."id", "public"."Miele_Token"."accessToken", "public"."Miele_Token"."re -Params: [1,0] -Duration: 3ms
[08/08/2026 22:45:59] PRISMA: SELECT "public"."Miele_Token"."id", "public"."Miele_Token"."accessToken", "public"."Miele_Token"."re -Params: [1,1,0] -Duration: 1ms
[08/08/2026 22:46:00] PRISMA: SELECT "public"."Washing_Program"."id", "public"."Washing_Program"."deviceId", "public"."Washing_Pro -Params: [1,0] -Duration: 12ms
[08/08/2026 22:46:00] PRISMA: SELECT "public"."Miele_Token"."id", "public"."Miele_Token"."accessToken", "public"."Miele_Token"."re -Params: [1,1,0] -Duration: 10ms
[08/08/2026 22:47:00] PRISMA: SELECT 1 -Params: [] -Duration: 8ms
[08/08/2026 22:47:00] PRISMA: SELECT "public"."Washing_Program"."id", "public"."Washing_Program"."deviceId", "public"."Washing_Pro -Params: [1,0] -Duration: 2ms
[08/08/2026 22:47:00] PRISMA: SELECT "public"."Miele_Token"."id", "public"."Miele_Token"."accessToken", "public"."Miele_Token"."re -Params: [1,1,0] -Duration: 3ms
[08/08/2026 22:47:00] PRISMA: SELECT "public"."Weather_Forecast"."id", "public"."Weather_Forecast"."time", "public"."Weather_Forec -Params: ["2026-08-08 00:00:00 UTC",0] -Duration: 1ms
[08/08/2026 22:47:00] PRISMA: SELECT "public"."User"."id", "public"."User"."username", "public"."User"."password_hash", "public"." -Params: ["Parents",1,0] -Duration: 1ms
[08/08/2026 22:47:28] PRISMA: SELECT "public"."Weather_Forecast"."id", "public"."Weather_Forecast"."time", "public"."Weather_Forec -Params: ["2026-08-08 00:00:00 UTC",0] -Duration: 2ms
[08/08/2026 22:47:28] PRISMA: SELECT "public"."User"."id", "public"."User"."username", "public"."User"."password_hash", "public"." -Params: ["Parents",1,0] -Duration: 1ms
[08/08/2026 22:47:37] PRISMA: SELECT "public"."Weather_Forecast"."id", "public"."Weather_Forecast"."time", "public"."Weather_Forec -Params: ["2026-08-08 00:00:00 UTC",0] -Duration: 3ms
[08/08/2026 22:47:37] PRISMA: SELECT "public"."User"."id", "public"."User"."username", "public"."User"."password_hash", "public"." -Params: ["Parents",1,0] -Duration: 1ms
[08/08/2026 22:48:00] PRISMA: SELECT 1 -Params: [] -Duration: 49ms
[08/08/2026 22:48:00] PRISMA: SELECT "public"."PushNotif"."id", "public"."PushNotif"."createdAt", "public"."PushNotif"."sendAt", " -Params: ["2026-08-08 20:48:00.078 UTC",0] -Duration: 62ms
[08/08/2026 22:48:20] PRISMA: SELECT "public"."Weather_Forecast"."id", "public"."Weather_Forecast"."time", "public"."Weather_Forec -Params: ["2026-08-08 00:00:00 UTC",0] -Duration: 3ms
[08/08/2026 22:48:20] PRISMA: SELECT "public"."User"."id", "public"."User"."username", "public"."User"."password_hash", "public"." -Params: ["Parents",1,0] -Duration: 1ms
[08/08/2026 22:48:27] PRISMA: SELECT "public"."Weather_Forecast"."id", "public"."Weather_Forecast"."time", "public"."Weather_Forec -Params: ["2026-08-08 00:00:00 UTC",0] -Duration: 2ms
[08/08/2026 22:48:27] PRISMA: SELECT "public"."User"."id", "public"."User"."username", "public"."User"."password_hash", "public"." -Params: ["Parents",1,0] -Duration: 3ms
[08/08/2026 22:49:00] PRISMA: SELECT 1 -Params: [] -Duration: 8ms
[08/08/2026 22:49:00] PRISMA: SELECT "public"."PushNotif"."id", "public"."PushNotif"."createdAt", "public"."PushNotif"."sendAt", " -Params: ["2026-08-08 20:49:00.040 UTC",0] -Duration: 14ms
[08/08/2026 22:50:00] PRISMA: SELECT 1 -Params: [] -Duration: 2ms
[08/08/2026 22:50:00] PRISMA: SELECT "public"."PushNotif"."id", "public"."PushNotif"."createdAt", "public"."PushNotif"."sendAt", " -Params: ["2026-08-08 20:50:00.098 UTC",0] -Duration: 2ms
[08/08/2026 22:50:00] PRISMA: SELECT "public"."Weather_Forecast"."id", "public"."Weather_Forecast"."time", "public"."Weather_Forec -Params: ["2026-08-08 00:00:00 UTC",0] -Duration: 2ms
[08/08/2026 22:50:00] PRISMA: SELECT "public"."User"."id", "public"."User"."username", "public"."User"."password_hash", "public"." -Params: ["Parents",1,0] -Duration: 2ms
[08/08/2026 22:50:05] PRISMA: SELECT "public"."Weather_Forecast"."id", "public"."Weather_Forecast"."time", "public"."Weather_Forec -Params: ["2026-08-08 00:00:00 UTC",0] -Duration: 3ms
[08/08/2026 22:50:05] PRISMA: SELECT "public"."User"."id", "public"."User"."username", "public"."User"."password_hash", "public"." -Params: ["Parents",1,0] -Duration: 1ms
[08/08/2026 22:50:19] PRISMA: SELECT "public"."Weather_Forecast"."id", "public"."Weather_Forecast"."time", "public"."Weather_Forec -Params: ["2026-08-08 00:00:00 UTC",0] -Duration: 2ms
[08/08/2026 22:50:19] PRISMA: SELECT "public"."User"."id", "public"."User"."username", "public"."User"."password_hash", "public"." -Params: ["Parents",1,0] -Duration: 1ms
[08/08/2026 22:50:33] PRISMA: SELECT "public"."Weather_Forecast"."id", "public"."Weather_Forecast"."time", "public"."Weather_Forec -Params: ["2026-08-08 00:00:00 UTC",0] -Duration: 6ms
[08/08/2026 22:50:33] PRISMA: SELECT "public"."User"."id", "public"."User"."username", "public"."User"."password_hash", "public"." -Params: ["Parents",1,0] -Duration: 5ms
[08/08/2026 22:50:35] PRISMA: SELECT "public"."Weather_Forecast"."id", "public"."Weather_Forecast"."time", "public"."Weather_Forec -Params: ["2026-08-08 00:00:00 UTC",0] -Duration: 2ms
[08/08/2026 22:50:35] PRISMA: SELECT "public"."User"."id", "public"."User"."username", "public"."User"."password_hash", "public"." -Params: ["Parents",1,0] -Duration: 1ms
[08/08/2026 22:50:41] PRISMA: SELECT "public"."Weather_Forecast"."id", "public"."Weather_Forecast"."time", "public"."Weather_Forec -Params: ["2026-08-08 00:00:00 UTC",0] -Duration: 2ms
[08/08/2026 22:50:41] PRISMA: SELECT "public"."User"."id", "public"."User"."username", "public"."User"."password_hash", "public"." -Params: ["Parents",1,0] -Duration: 0ms
[08/08/2026 22:51:00] PRISMA: SELECT 1 -Params: [] -Duration: 3ms
[08/08/2026 22:51:00] PRISMA: SELECT "public"."PushNotif"."id", "public"."PushNotif"."createdAt", "public"."PushNotif"."sendAt", " -Params: ["2026-08-08 20:51:00.052 UTC",0] -Duration: 9ms
[08/08/2026 22:51:00] PRISMA: SELECT "public"."PushSubscription"."id", "public"."PushSubscription"."userId", "public"."PushSubscri -Params: [0] -Duration: 1ms
[08/08/2026 22:51:00] PRISMA: DELETE FROM "public"."PushNotif" WHERE ("public"."PushNotif"."id" = $1 AND 1=1) RETURNING "public"." -Params: [1] -Duration: 4ms
[08/08/2026 22:51:00] PRISMA: SELECT "public"."Washing_Program"."id", "public"."Washing_Program"."deviceId", "public"."Washing_Pro -Params: ["2026-08-08 20:23:09.302 UTC",0] -Duration: 1ms
[08/08/2026 22:51:00] PRISMA: SELECT "public"."PushSubscription"."id", "public"."PushSubscription"."userId", "public"."PushSubscri -Params: [0] -Duration: 0ms
[08/08/2026 22:51:00] PRISMA: DELETE FROM "public"."PushNotif" WHERE ("public"."PushNotif"."id" = $1 AND 1=1) RETURNING "public"." -Params: [2] -Duration: 0ms
[08/08/2026 22:51:00] PRISMA: SELECT "public"."Washing_Program"."id", "public"."Washing_Program"."deviceId", "public"."Washing_Pro -Params: ["2026-08-08 20:24:10.637 UTC",0] -Duration: 0ms
[08/08/2026 22:51:00] PRISMA: UPDATE "public"."Washing_Program" SET "finished" = $1 WHERE ("public"."Washing_Program"."id" = $2 AN -Params: [true,1] -Duration: 5ms
[08/08/2026 22:51:00] PRISMA: SELECT "public"."PushNotif"."id", "public"."PushNotif"."createdAt", "public"."PushNotif"."sendAt", " -Params: [0] -Duration: 0ms
[08/08/2026 22:51:00] PRISMA: SELECT "public"."Washing_Program"."id", "public"."Washing_Program"."deviceId", "public"."Washing_Pro -Params: [1,0] -Duration: 3ms
[08/08/2026 22:51:00] PRISMA: SELECT "public"."Miele_Token"."id", "public"."Miele_Token"."accessToken", "public"."Miele_Token"."re -Params: [1,1,0] -Duration: 1ms
[08/08/2026 22:52:00] PRISMA: SELECT 1 -Params: [] -Duration: 2ms
[08/08/2026 22:52:00] PRISMA: SELECT "public"."PushNotif"."id", "public"."PushNotif"."createdAt", "public"."PushNotif"."sendAt", " -Params: ["2026-08-08 20:52:00.014 UTC",0] -Duration: 3ms
[08/08/2026 22:52:00] PRISMA: SELECT "public"."PushNotif"."id", "public"."PushNotif"."createdAt", "public"."PushNotif"."sendAt", " -Params: [0] -Duration: 0ms
[08/08/2026 22:52:00] PRISMA: SELECT "public"."Washing_Program"."id", "public"."Washing_Program"."deviceId", "public"."Washing_Pro -Params: [1,0] -Duration: 0ms
[08/08/2026 22:52:00] PRISMA: SELECT "public"."Miele_Token"."id", "public"."Miele_Token"."accessToken", "public"."Miele_Token"."re -Params: [1,1,0] -Duration: 0ms
[08/08/2026 22:52:29] PRISMA: SELECT "public"."Weather_Forecast"."id", "public"."Weather_Forecast"."time", "public"."Weather_Forec -Params: ["2026-08-08 00:00:00 UTC",0] -Duration: 3ms
[08/08/2026 22:52:29] PRISMA: SELECT "public"."User"."id", "public"."User"."username", "public"."User"."password_hash", "public"." -Params: ["Parents",1,0] -Duration: 1ms
[08/08/2026 22:52:40] PRISMA: SELECT "public"."Weather_Forecast"."id", "public"."Weather_Forecast"."time", "public"."Weather_Forec -Params: ["2026-08-08 00:00:00 UTC",0] -Duration: 3ms
[08/08/2026 22:52:40] PRISMA: SELECT "public"."User"."id", "public"."User"."username", "public"."User"."password_hash", "public"." -Params: ["Parents",1,0] -Duration: 1ms
[08/08/2026 22:52:55] PRISMA: SELECT "public"."Weather_Forecast"."id", "public"."Weather_Forecast"."time", "public"."Weather_Forec -Params: ["2026-08-08 00:00:00 UTC",0] -Duration: 3ms
[08/08/2026 22:52:55] PRISMA: SELECT "public"."User"."id", "public"."User"."username", "public"."User"."password_hash", "public"." -Params: ["Parents",1,0] -Duration: 4ms
[08/08/2026 22:53:00] PRISMA: SELECT "public"."PushNotif"."id", "public"."PushNotif"."createdAt", "public"."PushNotif"."sendAt", " -Params: ["2026-08-08 20:53:00.023 UTC",0] -Duration: 14ms
[08/08/2026 22:53:00] PRISMA: SELECT "public"."PushNotif"."id", "public"."PushNotif"."createdAt", "public"."PushNotif"."sendAt", " -Params: [0] -Duration: 0ms
[08/08/2026 22:53:00] PRISMA: SELECT "public"."Washing_Program"."id", "public"."Washing_Program"."deviceId", "public"."Washing_Pro -Params: [1,0] -Duration: 4ms
[08/08/2026 22:53:00] PRISMA: SELECT "public"."Miele_Token"."id", "public"."Miele_Token"."accessToken", "public"."Miele_Token"."re -Params: [1,1,0] -Duration: 4ms
[08/08/2026 22:53:23] PRISMA: SELECT 1 -Params: [] -Duration: 4ms
[08/08/2026 22:53:23] PRISMA: SELECT "public"."Weather_Forecast"."id", "public"."Weather_Forecast"."time", "public"."Weather_Forec -Params: ["2026-08-08 08:53:23.955 UTC","2026-08-09 07:53:23.955 UTC",0] -Duration: 1ms
[08/08/2026 22:53:23] PRISMA: SELECT "public"."Solar_Data"."id", "public"."Solar_Data"."hour", "public"."Solar_Data"."Watts", "pub -Params: ["2026-08-07 20:53:23.968 UTC","2026-08-08 20:53:23.968 UTC",0] -Duration: 1ms
[08/08/2026 22:53:23] PRISMA: SELECT "public"."User"."id" FROM "public"."User" WHERE ("public"."User"."id" = $1 AND 1=1) LIMIT $2  -Params: [1,1,0] -Duration: 0ms
[08/08/2026 22:53:23] PRISMA: SELECT "public"."Miele_Token"."id", "public"."Miele_Token"."accessToken", "public"."Miele_Token"."re -Params: [1,0] -Duration: 0ms
[08/08/2026 22:53:23] PRISMA: SELECT "public"."Washing_Program"."id", "public"."Washing_Program"."deviceId", "public"."Washing_Pro -Params: [5,0] -Duration: 3ms
[08/08/2026 22:53:23] PRISMA: SELECT "public"."User"."id", "public"."User"."username" FROM "public"."User" WHERE "public"."User"." -Params: [1,0] -Duration: 0ms
[08/08/2026 22:53:24] PRISMA: SELECT "public"."Miele_Token"."id", "public"."Miele_Token"."accessToken", "public"."Miele_Token"."re -Params: [1,1,0] -Duration: 1ms
[08/08/2026 22:54:00] PRISMA: SELECT 1 -Params: [] -Duration: 6ms
[08/08/2026 22:54:00] PRISMA: SELECT "public"."PushNotif"."id", "public"."PushNotif"."createdAt", "public"."PushNotif"."sendAt", " -Params: ["2026-08-08 20:54:00.045 UTC",0] -Duration: 8ms
[08/08/2026 22:54:00] PRISMA: SELECT "public"."PushNotif"."id", "public"."PushNotif"."createdAt", "public"."PushNotif"."sendAt", " -Params: [0] -Duration: 0ms
[08/08/2026 22:54:00] PRISMA: SELECT "public"."Washing_Program"."id", "public"."Washing_Program"."deviceId", "public"."Washing_Pro -Params: [1,0] -Duration: 1ms
[08/08/2026 22:54:00] PRISMA: SELECT "public"."Miele_Token"."id", "public"."Miele_Token"."accessToken", "public"."Miele_Token"."re -Params: [1,1,0] -Duration: 0ms
[08/08/2026 22:54:28] PRISMA: SELECT 1 -Params: [] -Duration: 2ms
[08/08/2026 22:54:28] PRISMA: SELECT 1 -Params: [] -Duration: 0ms
[08/08/2026 22:54:28] PRISMA: SELECT "public"."Washing_Program"."id", "public"."Washing_Program"."deviceId", "public"."Washing_Pro -Params: [5,0] -Duration: 1ms
[08/08/2026 22:54:28] PRISMA: SELECT "public"."User"."id" FROM "public"."User" WHERE ("public"."User"."id" = $1 AND 1=1) LIMIT $2  -Params: [1,1,0] -Duration: 5ms
[08/08/2026 22:54:28] PRISMA: SELECT "public"."Miele_Token"."id", "public"."Miele_Token"."accessToken", "public"."Miele_Token"."re -Params: [1,0] -Duration: 1ms
[08/08/2026 22:54:28] PRISMA: SELECT "public"."User"."id", "public"."User"."username" FROM "public"."User" WHERE "public"."User"." -Params: [1,0] -Duration: 2ms
[08/08/2026 22:54:28] PRISMA: SELECT "public"."Weather_Forecast"."id", "public"."Weather_Forecast"."time", "public"."Weather_Forec -Params: ["2026-08-08 08:54:28.149 UTC","2026-08-09 07:54:28.149 UTC",0] -Duration: 12ms
[08/08/2026 22:54:28] PRISMA: SELECT "public"."Miele_Token"."id", "public"."Miele_Token"."accessToken", "public"."Miele_Token"."re -Params: [1,1,0] -Duration: 0ms
[08/08/2026 22:54:28] PRISMA: SELECT "public"."Solar_Data"."id", "public"."Solar_Data"."hour", "public"."Solar_Data"."Watts", "pub -Params: ["2026-08-07 20:54:28.133 UTC","2026-08-08 20:54:28.133 UTC",0] -Duration: 9ms
[08/08/2026 22:55:00] PRISMA: SELECT 1 -Params: [] -Duration: 2ms
[08/08/2026 22:55:00] PRISMA: SELECT "public"."PushNotif"."id", "public"."PushNotif"."createdAt", "public"."PushNotif"."sendAt", " -Params: ["2026-08-08 20:55:00.062 UTC",0] -Duration: 6ms
[08/08/2026 22:55:00] PRISMA: SELECT "public"."PushNotif"."id", "public"."PushNotif"."createdAt", "public"."PushNotif"."sendAt", " -Params: [0] -Duration: 0ms
[08/08/2026 22:55:00] PRISMA: SELECT "public"."Washing_Program"."id", "public"."Washing_Program"."deviceId", "public"."Washing_Pro -Params: [1,0] -Duration: 1ms
[08/08/2026 22:55:00] PRISMA: SELECT "public"."Miele_Token"."id", "public"."Miele_Token"."accessToken", "public"."Miele_Token"."re -Params: [1,1,0] -Duration: 1ms
[08/08/2026 22:55:04] PRISMA: INSERT INTO "public"."Solar_Data" ("hour","Watts","total") VALUES ($1,$2,$3) RETURNING "public"."Sol -Params: ["2026-08-08 20:55:04.411 UTC",0,38942] -Duration: 6ms
[08/08/2026 22:56:00] PRISMA: SELECT 1 -Params: [] -Duration: 2ms
[08/08/2026 22:56:00] PRISMA: SELECT "public"."PushNotif"."id", "public"."PushNotif"."createdAt", "public"."PushNotif"."sendAt", " -Params: ["2026-08-08 20:56:00.045 UTC",0] -Duration: 1ms
[08/08/2026 22:56:00] PRISMA: SELECT "public"."PushNotif"."id", "public"."PushNotif"."createdAt", "public"."PushNotif"."sendAt", " -Params: [0] -Duration: 0ms
[08/08/2026 22:56:00] PRISMA: SELECT "public"."Washing_Program"."id", "public"."Washing_Program"."deviceId", "public"."Washing_Pro -Params: [1,0] -Duration: 0ms
[08/08/2026 22:56:00] PRISMA: SELECT "public"."Miele_Token"."id", "public"."Miele_Token"."accessToken", "public"."Miele_Token"."re -Params: [1,1,0] -Duration: 0ms
[08/08/2026 22:57:00] PRISMA: SELECT 1 -Params: [] -Duration: 2ms
[08/08/2026 22:57:00] PRISMA: SELECT "public"."PushNotif"."id", "public"."PushNotif"."createdAt", "public"."PushNotif"."sendAt", " -Params: ["2026-08-08 20:57:00.044 UTC",0] -Duration: 1ms
[08/08/2026 22:57:00] PRISMA: SELECT "public"."PushNotif"."id", "public"."PushNotif"."createdAt", "public"."PushNotif"."sendAt", " -Params: [0] -Duration: 0ms
[08/08/2026 22:57:00] PRISMA: SELECT "public"."Washing_Program"."id", "public"."Washing_Program"."deviceId", "public"."Washing_Pro -Params: [1,0] -Duration: 2ms
[08/08/2026 22:57:00] PRISMA: SELECT "public"."Miele_Token"."id", "public"."Miele_Token"."accessToken", "public"."Miele_Token"."re -Params: [1,1,0] -Duration: 0ms
[08/08/2026 22:58:00] PRISMA: SELECT 1 -Params: [] -Duration: 3ms
[08/08/2026 22:58:00] PRISMA: SELECT "public"."PushNotif"."id", "public"."PushNotif"."createdAt", "public"."PushNotif"."sendAt", " -Params: ["2026-08-08 20:58:00.037 UTC",0] -Duration: 2ms
[08/08/2026 22:58:00] PRISMA: SELECT "public"."PushNotif"."id", "public"."PushNotif"."createdAt", "public"."PushNotif"."sendAt", " -Params: [0] -Duration: 0ms
[08/08/2026 22:58:00] PRISMA: SELECT "public"."Washing_Program"."id", "public"."Washing_Program"."deviceId", "public"."Washing_Pro -Params: [1,0] -Duration: 3ms
[08/08/2026 22:58:00] PRISMA: SELECT "public"."Miele_Token"."id", "public"."Miele_Token"."accessToken", "public"."Miele_Token"."re -Params: [1,1,0] -Duration: 0ms
[08/08/2026 22:58:58] PRISMA: SELECT 1 -Params: [] -Duration: 1ms
[08/08/2026 22:58:58] PRISMA: SELECT "public"."Washing_Program"."id", "public"."Washing_Program"."deviceId", "public"."Washing_Pro -Params: [5,0] -Duration: 7ms
[08/08/2026 22:58:58] PRISMA: SELECT "public"."User"."id", "public"."User"."username" FROM "public"."User" WHERE "public"."User"." -Params: [1,0] -Duration: 7ms
[08/08/2026 22:58:58] PRISMA: SELECT "public"."Solar_Data"."id", "public"."Solar_Data"."hour", "public"."Solar_Data"."Watts", "pub -Params: ["2026-08-07 20:58:58.688 UTC","2026-08-08 20:58:58.688 UTC",0] -Duration: 3ms
[08/08/2026 22:58:58] PRISMA: SELECT "public"."Weather_Forecast"."id", "public"."Weather_Forecast"."time", "public"."Weather_Forec -Params: ["2026-08-08 08:58:58.692 UTC","2026-08-09 07:58:58.692 UTC",0] -Duration: 3ms
[08/08/2026 22:58:58] PRISMA: SELECT "public"."User"."id" FROM "public"."User" WHERE ("public"."User"."id" = $1 AND 1=1) LIMIT $2  -Params: [1,1,0] -Duration: 3ms
[08/08/2026 22:58:58] PRISMA: SELECT "public"."Miele_Token"."id", "public"."Miele_Token"."accessToken", "public"."Miele_Token"."re -Params: [1,0] -Duration: 1ms
[08/08/2026 22:58:58] PRISMA: SELECT "public"."Miele_Token"."id", "public"."Miele_Token"."accessToken", "public"."Miele_Token"."re -Params: [1,1,0] -Duration: 0ms
[08/08/2026 22:59:00] PRISMA: SELECT "public"."PushNotif"."id", "public"."PushNotif"."createdAt", "public"."PushNotif"."sendAt", " -Params: ["2026-08-08 20:59:00.030 UTC",0] -Duration: 5ms
[08/08/2026 22:59:00] PRISMA: SELECT "public"."PushNotif"."id", "public"."PushNotif"."createdAt", "public"."PushNotif"."sendAt", " -Params: [0] -Duration: 0ms
[08/08/2026 22:59:00] PRISMA: SELECT "public"."Washing_Program"."id", "public"."Washing_Program"."deviceId", "public"."Washing_Pro -Params: [1,0] -Duration: 2ms
[08/08/2026 22:59:00] PRISMA: SELECT "public"."Miele_Token"."id", "public"."Miele_Token"."accessToken", "public"."Miele_Token"."re -Params: [1,1,0] -Duration: 0ms
[08/08/2026 22:59:31] PRISMA: SELECT 1 -Params: [] -Duration: 5ms
[08/08/2026 22:59:31] PRISMA: SELECT 1 -Params: [] -Duration: 1ms
[08/08/2026 22:59:31] PRISMA: SELECT 1 -Params: [] -Duration: 0ms
[08/08/2026 22:59:32] PRISMA: SELECT "public"."Solar_Data"."id", "public"."Solar_Data"."hour", "public"."Solar_Data"."Watts", "pub -Params: ["2026-08-07 20:59:31.996 UTC","2026-08-08 20:59:31.996 UTC",0] -Duration: 1ms
[08/08/2026 22:59:32] PRISMA: SELECT "public"."Washing_Program"."id", "public"."Washing_Program"."deviceId", "public"."Washing_Pro -Params: [5,0] -Duration: 7ms
[08/08/2026 22:59:32] PRISMA: SELECT "public"."Weather_Forecast"."id", "public"."Weather_Forecast"."time", "public"."Weather_Forec -Params: ["2026-08-08 08:59:31.979 UTC","2026-08-09 07:59:31.979 UTC",0] -Duration: 7ms
[08/08/2026 22:59:32] PRISMA: SELECT "public"."User"."id", "public"."User"."username" FROM "public"."User" WHERE "public"."User"." -Params: [1,0] -Duration: 2ms
[08/08/2026 22:59:32] PRISMA: SELECT "public"."User"."id" FROM "public"."User" WHERE ("public"."User"."id" = $1 AND 1=1) LIMIT $2  -Params: [1,1,0] -Duration: 3ms
[08/08/2026 22:59:32] PRISMA: SELECT "public"."Miele_Token"."id", "public"."Miele_Token"."accessToken", "public"."Miele_Token"."re -Params: [1,0] -Duration: 1ms
[08/08/2026 22:59:36] PRISMA: SELECT "public"."Miele_Token"."id", "public"."Miele_Token"."accessToken", "public"."Miele_Token"."re -Params: [1,1,0] -Duration: 7ms
[08/08/2026 23:00:00] PRISMA: SELECT 1 -Params: [] -Duration: 5ms
[08/08/2026 23:00:00] PRISMA: SELECT "public"."PushNotif"."id", "public"."PushNotif"."createdAt", "public"."PushNotif"."sendAt", " -Params: ["2026-08-08 21:00:00.061 UTC",0] -Duration: 5ms
[08/08/2026 23:00:00] PRISMA: SELECT "public"."PushNotif"."id", "public"."PushNotif"."createdAt", "public"."PushNotif"."sendAt", " -Params: [0] -Duration: 0ms
[08/08/2026 23:00:00] PRISMA: SELECT "public"."Washing_Program"."id", "public"."Washing_Program"."deviceId", "public"."Washing_Pro -Params: [1,0] -Duration: 1ms
[08/08/2026 23:00:00] PRISMA: SELECT "public"."Miele_Token"."id", "public"."Miele_Token"."accessToken", "public"."Miele_Token"."re -Params: [1,1,0] -Duration: 0ms
[08/08/2026 23:00:01] PRISMA: INSERT INTO "public"."Solar_Data" ("hour","Watts","total") VALUES ($1,$2,$3) RETURNING "public"."Sol -Params: ["2026-08-08 21:00:01.542 UTC",0,38942] -Duration: 12ms
[08/08/2026 23:00:32] PRISMA: SELECT 1 -Params: [] -Duration: 3ms
[08/08/2026 23:00:32] PRISMA: SELECT 1 -Params: [] -Duration: 0ms
[08/08/2026 23:00:32] PRISMA: SELECT 1 -Params: [] -Duration: 2ms
[08/08/2026 23:00:32] PRISMA: SELECT "public"."Washing_Program"."id", "public"."Washing_Program"."deviceId", "public"."Washing_Pro -Params: [5,0] -Duration: 5ms
[08/08/2026 23:00:32] PRISMA: SELECT "public"."User"."id", "public"."User"."username" FROM "public"."User" WHERE "public"."User"." -Params: [1,0] -Duration: 0ms
[08/08/2026 23:00:32] PRISMA: SELECT "public"."Solar_Data"."id", "public"."Solar_Data"."hour", "public"."Solar_Data"."Watts", "pub -Params: ["2026-08-07 21:00:32.885 UTC","2026-08-08 21:00:32.885 UTC",0] -Duration: 6ms
[08/08/2026 23:00:32] PRISMA: SELECT "public"."Weather_Forecast"."id", "public"."Weather_Forecast"."time", "public"."Weather_Forec -Params: ["2026-08-08 09:00:32.876 UTC","2026-08-09 08:00:32.876 UTC",0] -Duration: 15ms
[08/08/2026 23:00:32] PRISMA: SELECT "public"."User"."id" FROM "public"."User" WHERE ("public"."User"."id" = $1 AND 1=1) LIMIT $2  -Params: [1,1,0] -Duration: 2ms
[08/08/2026 23:00:32] PRISMA: SELECT "public"."Miele_Token"."id", "public"."Miele_Token"."accessToken", "public"."Miele_Token"."re -Params: [1,0] -Duration: 2ms
[08/08/2026 23:00:43] PRISMA: SELECT "public"."Miele_Token"."id", "public"."Miele_Token"."accessToken", "public"."Miele_Token"."re -Params: [1,1,0] -Duration: 4ms
[08/08/2026 23:01:00] PRISMA: SELECT 1 -Params: [] -Duration: 3ms
[08/08/2026 23:01:00] PRISMA: SELECT "public"."PushNotif"."id", "public"."PushNotif"."createdAt", "public"."PushNotif"."sendAt", " -Params: ["2026-08-08 21:01:00.038 UTC",0] -Duration: 10ms
[08/08/2026 23:01:00] PRISMA: SELECT "public"."PushNotif"."id", "public"."PushNotif"."createdAt", "public"."PushNotif"."sendAt", " -Params: [0] -Duration: 0ms
[08/08/2026 23:01:00] PRISMA: SELECT "public"."Washing_Program"."id", "public"."Washing_Program"."deviceId", "public"."Washing_Pro -Params: [1,0] -Duration: 8ms
[08/08/2026 23:01:00] PRISMA: SELECT "public"."Miele_Token"."id", "public"."Miele_Token"."accessToken", "public"."Miele_Token"."re -Params: [1,1,0] -Duration: 0ms
[08/08/2026 23:02:00] PRISMA: SELECT 1 -Params: [] -Duration: 1ms
[08/08/2026 23:02:00] PRISMA: SELECT "public"."PushNotif"."id", "public"."PushNotif"."createdAt", "public"."PushNotif"."sendAt", " -Params: ["2026-08-08 21:02:00.035 UTC",0] -Duration: 2ms
[08/08/2026 23:02:00] PRISMA: SELECT "public"."PushNotif"."id", "public"."PushNotif"."createdAt", "public"."PushNotif"."sendAt", " -Params: [0] -Duration: 0ms
[08/08/2026 23:02:00] PRISMA: SELECT "public"."Washing_Program"."id", "public"."Washing_Program"."deviceId", "public"."Washing_Pro -Params: [1,0] -Duration: 0ms
[08/08/2026 23:02:00] PRISMA: SELECT "public"."Miele_Token"."id", "public"."Miele_Token"."accessToken", "public"."Miele_Token"."re -Params: [1,1,0] -Duration: 1ms
[08/08/2026 23:02:11] PRISMA: SELECT "public"."Weather_Forecast"."id", "public"."Weather_Forecast"."time", "public"."Weather_Forec -Params: ["2026-08-08 00:00:00 UTC",0] -Duration: 5ms
[08/08/2026 23:02:11] PRISMA: SELECT "public"."User"."id", "public"."User"."username", "public"."User"."password_hash", "public"." -Params: ["Parents",1,0] -Duration: 2ms
[08/08/2026 23:02:25] PRISMA: SELECT "public"."Weather_Forecast"."id", "public"."Weather_Forecast"."time", "public"."Weather_Forec -Params: ["2026-08-08 00:00:00 UTC",0] -Duration: 3ms
[08/08/2026 23:02:25] PRISMA: SELECT "public"."User"."id", "public"."User"."username", "public"."User"."password_hash", "public"." -Params: ["Parents",1,0] -Duration: 1ms
[08/08/2026 23:03:00] PRISMA: SELECT 1 -Params: [] -Duration: 3ms
[08/08/2026 23:03:00] PRISMA: SELECT "public"."PushNotif"."id", "public"."PushNotif"."createdAt", "public"."PushNotif"."sendAt", " -Params: ["2026-08-08 21:03:00.055 UTC",0] -Duration: 9ms
[08/08/2026 23:03:00] PRISMA: SELECT "public"."PushNotif"."id", "public"."PushNotif"."createdAt", "public"."PushNotif"."sendAt", " -Params: [0] -Duration: 0ms
[08/08/2026 23:03:00] PRISMA: SELECT "public"."Washing_Program"."id", "public"."Washing_Program"."deviceId", "public"."Washing_Pro -Params: [1,0] -Duration: 5ms
[08/08/2026 23:03:00] PRISMA: SELECT "public"."Miele_Token"."id", "public"."Miele_Token"."accessToken", "public"."Miele_Token"."re -Params: [1,1,0] -Duration: 1ms
[08/08/2026 23:03:40] PRISMA: SELECT "public"."Weather_Forecast"."id", "public"."Weather_Forecast"."time", "public"."Weather_Forec -Params: ["2026-08-08 00:00:00 UTC",0] -Duration: 3ms
[08/08/2026 23:03:40] PRISMA: SELECT "public"."User"."id", "public"."User"."username", "public"."User"."password_hash", "public"." -Params: ["Parents",1,0] -Duration: 1ms
[08/08/2026 23:04:00] PRISMA: SELECT 1 -Params: [] -Duration: 4ms
[08/08/2026 23:04:00] PRISMA: SELECT "public"."PushNotif"."id", "public"."PushNotif"."createdAt", "public"."PushNotif"."sendAt", " -Params: ["2026-08-08 21:04:00.061 UTC",0] -Duration: 7ms
[08/08/2026 23:04:00] PRISMA: SELECT "public"."PushNotif"."id", "public"."PushNotif"."createdAt", "public"."PushNotif"."sendAt", " -Params: [0] -Duration: 0ms
[08/08/2026 23:04:00] PRISMA: SELECT "public"."Washing_Program"."id", "public"."Washing_Program"."deviceId", "public"."Washing_Pro -Params: [1,0] -Duration: 3ms
[08/08/2026 23:04:00] PRISMA: SELECT "public"."Miele_Token"."id", "public"."Miele_Token"."accessToken", "public"."Miele_Token"."re -Params: [1,1,0] -Duration: 1ms
[08/08/2026 23:04:47] PRISMA: SELECT "public"."Weather_Forecast"."id", "public"."Weather_Forecast"."time", "public"."Weather_Forec -Params: ["2026-08-08 00:00:00 UTC",0] -Duration: 2ms
[08/08/2026 23:04:47] PRISMA: SELECT "public"."User"."id", "public"."User"."username", "public"."User"."password_hash", "public"." -Params: ["Parents",1,0] -Duration: 1ms
[08/08/2026 23:04:53] PRISMA: SELECT "public"."Weather_Forecast"."id", "public"."Weather_Forecast"."time", "public"."Weather_Forec -Params: ["2026-08-08 00:00:00 UTC",0] -Duration: 5ms
[08/08/2026 23:04:53] PRISMA: SELECT "public"."User"."id", "public"."User"."username", "public"."User"."password_hash", "public"." -Params: ["Parents",1,0] -Duration: 1ms
[08/08/2026 23:05:00] PRISMA: SELECT "public"."PushNotif"."id", "public"."PushNotif"."createdAt", "public"."PushNotif"."sendAt", " -Params: ["2026-08-08 21:05:00.087 UTC",0] -Duration: 7ms
[08/08/2026 23:05:00] PRISMA: SELECT "public"."PushNotif"."id", "public"."PushNotif"."createdAt", "public"."PushNotif"."sendAt", " -Params: [0] -Duration: 0ms
[08/08/2026 23:05:00] PRISMA: SELECT "public"."Washing_Program"."id", "public"."Washing_Program"."deviceId", "public"."Washing_Pro -Params: [1,0] -Duration: 5ms
[08/08/2026 23:05:00] PRISMA: SELECT "public"."Miele_Token"."id", "public"."Miele_Token"."accessToken", "public"."Miele_Token"."re -Params: [1,1,0] -Duration: 1ms
[08/08/2026 23:05:04] PRISMA: INSERT INTO "public"."Solar_Data" ("hour","Watts","total") VALUES ($1,$2,$3) RETURNING "public"."Sol -Params: ["2026-08-08 21:05:04.650 UTC",0,38942] -Duration: 14ms
[08/08/2026 23:05:24] PRISMA: SELECT "public"."Weather_Forecast"."id", "public"."Weather_Forecast"."time", "public"."Weather_Forec -Params: ["2026-08-08 00:00:00 UTC",0] -Duration: 2ms
[08/08/2026 23:05:24] PRISMA: SELECT "public"."User"."id", "public"."User"."username", "public"."User"."password_hash", "public"." -Params: ["Parents",1,0] -Duration: 1ms
[08/08/2026 23:05:45] PRISMA: SELECT "public"."Weather_Forecast"."id", "public"."Weather_Forecast"."time", "public"."Weather_Forec -Params: ["2026-08-08 00:00:00 UTC",0] -Duration: 3ms
[08/08/2026 23:05:45] PRISMA: SELECT "public"."User"."id", "public"."User"."username", "public"."User"."password_hash", "public"." -Params: ["Parents",1,0] -Duration: 4ms
[08/08/2026 23:06:00] PRISMA: SELECT "public"."PushNotif"."id", "public"."PushNotif"."createdAt", "public"."PushNotif"."sendAt", " -Params: ["2026-08-08 21:06:00.043 UTC",0] -Duration: 13ms
[08/08/2026 23:06:00] PRISMA: SELECT "public"."PushNotif"."id", "public"."PushNotif"."createdAt", "public"."PushNotif"."sendAt", " -Params: [0] -Duration: 3ms
[08/08/2026 23:06:00] PRISMA: SELECT "public"."Washing_Program"."id", "public"."Washing_Program"."deviceId", "public"."Washing_Pro -Params: [1,0] -Duration: 9ms
[08/08/2026 23:06:00] PRISMA: SELECT "public"."Miele_Token"."id", "public"."Miele_Token"."accessToken", "public"."Miele_Token"."re -Params: [1,1,0] -Duration: 2ms
[08/08/2026 23:06:46] PRISMA: SELECT "public"."Weather_Forecast"."id", "public"."Weather_Forecast"."time", "public"."Weather_Forec -Params: ["2026-08-08 00:00:00 UTC",0] -Duration: 3ms
[08/08/2026 23:06:46] PRISMA: SELECT "public"."User"."id", "public"."User"."username", "public"."User"."password_hash", "public"." -Params: ["Parents",1,0] -Duration: 2ms
[08/08/2026 23:07:00] PRISMA: SELECT "public"."PushNotif"."id", "public"."PushNotif"."createdAt", "public"."PushNotif"."sendAt", " -Params: ["2026-08-08 21:07:00.054 UTC",0] -Duration: 14ms
[08/08/2026 23:07:00] PRISMA: SELECT "public"."PushNotif"."id", "public"."PushNotif"."createdAt", "public"."PushNotif"."sendAt", " -Params: [0] -Duration: 0ms
[08/08/2026 23:07:00] PRISMA: SELECT "public"."Washing_Program"."id", "public"."Washing_Program"."deviceId", "public"."Washing_Pro -Params: [1,0] -Duration: 3ms
[08/08/2026 23:07:00] PRISMA: SELECT "public"."Miele_Token"."id", "public"."Miele_Token"."accessToken", "public"."Miele_Token"."re -Params: [1,1,0] -Duration: 2ms
[08/08/2026 23:07:25] PRISMA: SELECT 1 -Params: [] -Duration: 2ms
[08/08/2026 23:07:25] PRISMA: SELECT "public"."Miele_Token"."id", "public"."Miele_Token"."accessToken", "public"."Miele_Token"."re -Params: [1,1,0] -Duration: 1ms
[08/08/2026 23:07:25] PRISMA: SELECT "public"."Miele_Token"."id", "public"."Miele_Token"."accessToken", "public"."Miele_Token"."re -Params: [1,1,0] -Duration: 3ms
[08/08/2026 23:07:56] PRISMA: SELECT 1 -Params: [] -Duration: 1ms
[08/08/2026 23:07:56] PRISMA: SELECT 1 -Params: [] -Duration: 2ms
[08/08/2026 23:07:56] PRISMA: SELECT "public"."Miele_Token"."id", "public"."Miele_Token"."accessToken", "public"."Miele_Token"."re -Params: [1,1,0] -Duration: 2ms
[08/08/2026 23:07:56] PRISMA: SELECT "public"."Miele_Token"."id", "public"."Miele_Token"."accessToken", "public"."Miele_Token"."re -Params: [1,1,0] -Duration: 2ms
[08/08/2026 23:08:00] PRISMA: SELECT "public"."PushNotif"."id", "public"."PushNotif"."createdAt", "public"."PushNotif"."sendAt", " -Params: ["2026-08-08 21:08:00.021 UTC",0] -Duration: 0ms
[08/08/2026 23:08:00] PRISMA: SELECT "public"."PushNotif"."id", "public"."PushNotif"."createdAt", "public"."PushNotif"."sendAt", " -Params: [0] -Duration: 0ms
[08/08/2026 23:08:00] PRISMA: SELECT "public"."Washing_Program"."id", "public"."Washing_Program"."deviceId", "public"."Washing_Pro -Params: [1,0] -Duration: 2ms
[08/08/2026 23:08:00] PRISMA: SELECT "public"."Miele_Token"."id", "public"."Miele_Token"."accessToken", "public"."Miele_Token"."re -Params: [1,1,0] -Duration: 0ms
[08/08/2026 23:09:45] PRISMA: SELECT "public"."Weather_Forecast"."id", "public"."Weather_Forecast"."time", "public"."Weather_Forec -Params: ["2026-08-08 00:00:00 UTC",0] -Duration: 3ms
[08/08/2026 23:09:45] PRISMA: INSERT INTO "public"."Weather_Forecast" ("time","temp","SolarRay","updatedAt") VALUES ($1,$2,$3,$4)  -Params: ["2026-08-08 00:00:00 UTC",17.3,0,"2026-08-08 21:09:45.807 UTC",17.3,"2026-08-08 21:09:45.807 UTC","2026-08-08 00:00:00 UTC"] -Duration: 4ms
[08/08/2026 23:09:45] PRISMA: INSERT INTO "public"."Weather_Forecast" ("time","temp","SolarRay","updatedAt") VALUES ($1,$2,$3,$4)  -Params: ["2026-08-08 01:00:00 UTC",16.8,0,"2026-08-08 21:09:45.814 UTC",16.8,"2026-08-08 21:09:45.814 UTC","2026-08-08 01:00:00 UTC"] -Duration: 0ms
[08/08/2026 23:09:45] PRISMA: INSERT INTO "public"."Weather_Forecast" ("time","temp","SolarRay","updatedAt") VALUES ($1,$2,$3,$4)  -Params: ["2026-08-08 02:00:00 UTC",16.1,0,"2026-08-08 21:09:45.816 UTC",16.1,"2026-08-08 21:09:45.816 UTC","2026-08-08 02:00:00 UTC"] -Duration: 0ms
[08/08/2026 23:09:45] PRISMA: INSERT INTO "public"."Weather_Forecast" ("time","temp","SolarRay","updatedAt") VALUES ($1,$2,$3,$4)  -Params: ["2026-08-08 03:00:00 UTC",15.5,0,"2026-08-08 21:09:45.817 UTC",15.5,"2026-08-08 21:09:45.817 UTC","2026-08-08 03:00:00 UTC"] -Duration: 0ms
[08/08/2026 23:09:45] PRISMA: INSERT INTO "public"."Weather_Forecast" ("time","temp","SolarRay","updatedAt") VALUES ($1,$2,$3,$4)  -Params: ["2026-08-08 04:00:00 UTC",15.1,0,"2026-08-08 21:09:45.818 UTC",15.1,"2026-08-08 21:09:45.818 UTC","2026-08-08 04:00:00 UTC"] -Duration: 0ms
[08/08/2026 23:09:45] PRISMA: INSERT INTO "public"."Weather_Forecast" ("time","temp","SolarRay","updatedAt") VALUES ($1,$2,$3,$4)  -Params: ["2026-08-08 05:00:00 UTC",15.1,15,"2026-08-08 21:09:45.819 UTC",15.1,"2026-08-08 21:09:45.819 UTC","2026-08-08 05:00:00 UTC"] -Duration: 0ms
[08/08/2026 23:09:45] PRISMA: INSERT INTO "public"."Weather_Forecast" ("time","temp","SolarRay","updatedAt") VALUES ($1,$2,$3,$4)  -Params: ["2026-08-08 06:00:00 UTC",16.8,121,"2026-08-08 21:09:45.820 UTC",16.8,"2026-08-08 21:09:45.820 UTC","2026-08-08 06:00:00 UTC"] -Duration: 0ms
[08/08/2026 23:09:45] PRISMA: INSERT INTO "public"."Weather_Forecast" ("time","temp","SolarRay","updatedAt") VALUES ($1,$2,$3,$4)  -Params: ["2026-08-08 07:00:00 UTC",19,277,"2026-08-08 21:09:45.821 UTC",19,"2026-08-08 21:09:45.821 UTC","2026-08-08 07:00:00 UTC"] -Duration: 0ms
[08/08/2026 23:09:45] PRISMA: INSERT INTO "public"."Weather_Forecast" ("time","temp","SolarRay","updatedAt") VALUES ($1,$2,$3,$4)  -Params: ["2026-08-08 08:00:00 UTC",21.1,440,"2026-08-08 21:09:45.822 UTC",21.1,"2026-08-08 21:09:45.822 UTC","2026-08-08 08:00:00 UTC"] -Duration: 0ms
[08/08/2026 23:09:45] PRISMA: INSERT INTO "public"."Weather_Forecast" ("time","temp","SolarRay","updatedAt") VALUES ($1,$2,$3,$4)  -Params: ["2026-08-08 09:00:00 UTC",22.4,587,"2026-08-08 21:09:45.823 UTC",22.4,"2026-08-08 21:09:45.823 UTC","2026-08-08 09:00:00 UTC"] -Duration: 0ms
[08/08/2026 23:09:45] PRISMA: INSERT INTO "public"."Weather_Forecast" ("time","temp","SolarRay","updatedAt") VALUES ($1,$2,$3,$4)  -Params: ["2026-08-08 10:00:00 UTC",23.8,711,"2026-08-08 21:09:45.824 UTC",23.8,"2026-08-08 21:09:45.824 UTC","2026-08-08 10:00:00 UTC"] -Duration: 0ms
[08/08/2026 23:09:45] PRISMA: INSERT INTO "public"."Weather_Forecast" ("time","temp","SolarRay","updatedAt") VALUES ($1,$2,$3,$4)  -Params: ["2026-08-08 11:00:00 UTC",25.2,803,"2026-08-08 21:09:45.825 UTC",25.2,"2026-08-08 21:09:45.825 UTC","2026-08-08 11:00:00 UTC"] -Duration: 0ms
[08/08/2026 23:09:45] PRISMA: INSERT INTO "public"."Weather_Forecast" ("time","temp","SolarRay","updatedAt") VALUES ($1,$2,$3,$4)  -Params: ["2026-08-08 12:00:00 UTC",26.4,833,"2026-08-08 21:09:45.826 UTC",26.4,"2026-08-08 21:09:45.826 UTC","2026-08-08 12:00:00 UTC"] -Duration: 0ms
[08/08/2026 23:09:45] PRISMA: INSERT INTO "public"."Weather_Forecast" ("time","temp","SolarRay","updatedAt") VALUES ($1,$2,$3,$4)  -Params: ["2026-08-08 13:00:00 UTC",27,832,"2026-08-08 21:09:45.826 UTC",27,"2026-08-08 21:09:45.826 UTC","2026-08-08 13:00:00 UTC"] -Duration: 0ms
[08/08/2026 23:09:45] PRISMA: INSERT INTO "public"."Weather_Forecast" ("time","temp","SolarRay","updatedAt") VALUES ($1,$2,$3,$4)  -Params: ["2026-08-08 14:00:00 UTC",28,776,"2026-08-08 21:09:45.827 UTC",28,"2026-08-08 21:09:45.827 UTC","2026-08-08 14:00:00 UTC"] -Duration: 0ms
[08/08/2026 23:09:45] PRISMA: INSERT INTO "public"."Weather_Forecast" ("time","temp","SolarRay","updatedAt") VALUES ($1,$2,$3,$4)  -Params: ["2026-08-08 15:00:00 UTC",28.3,665,"2026-08-08 21:09:45.828 UTC",28.3,"2026-08-08 21:09:45.828 UTC","2026-08-08 15:00:00 UTC"] -Duration: 0ms
[08/08/2026 23:09:45] PRISMA: INSERT INTO "public"."Weather_Forecast" ("time","temp","SolarRay","updatedAt") VALUES ($1,$2,$3,$4)  -Params: ["2026-08-08 16:00:00 UTC",28.1,532,"2026-08-08 21:09:45.828 UTC",28.1,"2026-08-08 21:09:45.828 UTC","2026-08-08 16:00:00 UTC"] -Duration: 0ms
[08/08/2026 23:09:45] PRISMA: INSERT INTO "public"."Weather_Forecast" ("time","temp","SolarRay","updatedAt") VALUES ($1,$2,$3,$4)  -Params: ["2026-08-08 17:00:00 UTC",27.4,321,"2026-08-08 21:09:45.829 UTC",27.4,"2026-08-08 21:09:45.829 UTC","2026-08-08 17:00:00 UTC"] -Duration: 2ms
[08/08/2026 23:09:45] PRISMA: INSERT INTO "public"."Weather_Forecast" ("time","temp","SolarRay","updatedAt") VALUES ($1,$2,$3,$4)  -Params: ["2026-08-08 18:00:00 UTC",26.7,201,"2026-08-08 21:09:45.832 UTC",26.7,"2026-08-08 21:09:45.832 UTC","2026-08-08 18:00:00 UTC"] -Duration: 0ms
[08/08/2026 23:09:45] PRISMA: INSERT INTO "public"."Weather_Forecast" ("time","temp","SolarRay","updatedAt") VALUES ($1,$2,$3,$4)  -Params: ["2026-08-08 19:00:00 UTC",25.5,67,"2026-08-08 21:09:45.832 UTC",25.5,"2026-08-08 21:09:45.832 UTC","2026-08-08 19:00:00 UTC"] -Duration: 0ms
[08/08/2026 23:09:45] PRISMA: INSERT INTO "public"."Weather_Forecast" ("time","temp","SolarRay","updatedAt") VALUES ($1,$2,$3,$4)  -Params: ["2026-08-08 20:00:00 UTC",24,1,"2026-08-08 21:09:45.833 UTC",24,"2026-08-08 21:09:45.833 UTC","2026-08-08 20:00:00 UTC"] -Duration: 0ms
[08/08/2026 23:09:45] PRISMA: INSERT INTO "public"."Weather_Forecast" ("time","temp","SolarRay","updatedAt") VALUES ($1,$2,$3,$4)  -Params: ["2026-08-08 21:00:00 UTC",22.9,0,"2026-08-08 21:09:45.834 UTC",22.9,"2026-08-08 21:09:45.834 UTC","2026-08-08 21:00:00 UTC"] -Duration: 0ms
[08/08/2026 23:09:45] PRISMA: INSERT INTO "public"."Weather_Forecast" ("time","temp","SolarRay","updatedAt") VALUES ($1,$2,$3,$4)  -Params: ["2026-08-08 22:00:00 UTC",22,0,"2026-08-08 21:09:45.835 UTC",22,"2026-08-08 21:09:45.835 UTC","2026-08-08 22:00:00 UTC"] -Duration: 0ms
[08/08/2026 23:09:45] PRISMA: INSERT INTO "public"."Weather_Forecast" ("time","temp","SolarRay","updatedAt") VALUES ($1,$2,$3,$4)  -Params: ["2026-08-08 23:00:00 UTC",21.2,0,"2026-08-08 21:09:45.835 UTC",21.2,"2026-08-08 21:09:45.835 UTC","2026-08-08 23:00:00 UTC"] -Duration: 0ms
[08/08/2026 23:09:45] PRISMA: INSERT INTO "public"."Weather_Forecast" ("time","temp","SolarRay","updatedAt") VALUES ($1,$2,$3,$4)  -Params: ["2026-08-09 00:00:00 UTC",20.3,0,"2026-08-08 21:09:45.836 UTC",20.3,"2026-08-08 21:09:45.836 UTC","2026-08-09 00:00:00 UTC"] -Duration: 2ms
[08/08/2026 23:09:45] PRISMA: INSERT INTO "public"."Weather_Forecast" ("time","temp","SolarRay","updatedAt") VALUES ($1,$2,$3,$4)  -Params: ["2026-08-09 01:00:00 UTC",19.7,0,"2026-08-08 21:09:45.839 UTC",19.7,"2026-08-08 21:09:45.839 UTC","2026-08-09 01:00:00 UTC"] -Duration: 0ms
[08/08/2026 23:09:45] PRISMA: INSERT INTO "public"."Weather_Forecast" ("time","temp","SolarRay","updatedAt") VALUES ($1,$2,$3,$4)  -Params: ["2026-08-09 02:00:00 UTC",18.7,0,"2026-08-08 21:09:45.840 UTC",18.7,"2026-08-08 21:09:45.840 UTC","2026-08-09 02:00:00 UTC"] -Duration: 0ms
[08/08/2026 23:09:45] PRISMA: INSERT INTO "public"."Weather_Forecast" ("time","temp","SolarRay","updatedAt") VALUES ($1,$2,$3,$4)  -Params: ["2026-08-09 03:00:00 UTC",18.4,0,"2026-08-08 21:09:45.840 UTC",18.4,"2026-08-08 21:09:45.840 UTC","2026-08-09 03:00:00 UTC"] -Duration: 0ms
[08/08/2026 23:09:45] PRISMA: INSERT INTO "public"."Weather_Forecast" ("time","temp","SolarRay","updatedAt") VALUES ($1,$2,$3,$4)  -Params: ["2026-08-09 04:00:00 UTC",18.2,0,"2026-08-08 21:09:45.841 UTC",18.2,"2026-08-08 21:09:45.841 UTC","2026-08-09 04:00:00 UTC"] -Duration: 0ms
[08/08/2026 23:09:45] PRISMA: INSERT INTO "public"."Weather_Forecast" ("time","temp","SolarRay","updatedAt") VALUES ($1,$2,$3,$4)  -Params: ["2026-08-09 05:00:00 UTC",18.3,13,"2026-08-08 21:09:45.842 UTC",18.3,"2026-08-08 21:09:45.842 UTC","2026-08-09 05:00:00 UTC"] -Duration: 0ms
[08/08/2026 23:09:45] PRISMA: INSERT INTO "public"."Weather_Forecast" ("time","temp","SolarRay","updatedAt") VALUES ($1,$2,$3,$4)  -Params: ["2026-08-09 06:00:00 UTC",20.2,115,"2026-08-08 21:09:45.843 UTC",20.2,"2026-08-08 21:09:45.843 UTC","2026-08-09 06:00:00 UTC"] -Duration: 0ms
[08/08/2026 23:09:45] PRISMA: INSERT INTO "public"."Weather_Forecast" ("time","temp","SolarRay","updatedAt") VALUES ($1,$2,$3,$4)  -Params: ["2026-08-09 07:00:00 UTC",23.4,242,"2026-08-08 21:09:45.845 UTC",23.4,"2026-08-08 21:09:45.845 UTC","2026-08-09 07:00:00 UTC"] -Duration: 0ms
[08/08/2026 23:09:45] PRISMA: INSERT INTO "public"."Weather_Forecast" ("time","temp","SolarRay","updatedAt") VALUES ($1,$2,$3,$4)  -Params: ["2026-08-09 08:00:00 UTC",26.3,419,"2026-08-08 21:09:45.845 UTC",26.3,"2026-08-08 21:09:45.845 UTC","2026-08-09 08:00:00 UTC"] -Duration: 0ms
[08/08/2026 23:09:45] PRISMA: INSERT INTO "public"."Weather_Forecast" ("time","temp","SolarRay","updatedAt") VALUES ($1,$2,$3,$4)  -Params: ["2026-08-09 09:00:00 UTC",27.1,287,"2026-08-08 21:09:45.846 UTC",27.1,"2026-08-08 21:09:45.846 UTC","2026-08-09 09:00:00 UTC"] -Duration: 0ms
[08/08/2026 23:09:45] PRISMA: INSERT INTO "public"."Weather_Forecast" ("time","temp","SolarRay","updatedAt") VALUES ($1,$2,$3,$4)  -Params: ["2026-08-09 10:00:00 UTC",26.3,125,"2026-08-08 21:09:45.847 UTC",26.3,"2026-08-08 21:09:45.847 UTC","2026-08-09 10:00:00 UTC"] -Duration: 0ms
[08/08/2026 23:09:45] PRISMA: INSERT INTO "public"."Weather_Forecast" ("time","temp","SolarRay","updatedAt") VALUES ($1,$2,$3,$4)  -Params: ["2026-08-09 11:00:00 UTC",25.8,90,"2026-08-08 21:09:45.847 UTC",25.8,"2026-08-08 21:09:45.847 UTC","2026-08-09 11:00:00 UTC"] -Duration: 0ms
[08/08/2026 23:09:45] PRISMA: INSERT INTO "public"."Weather_Forecast" ("time","temp","SolarRay","updatedAt") VALUES ($1,$2,$3,$4)  -Params: ["2026-08-09 12:00:00 UTC",26.1,67,"2026-08-08 21:09:45.848 UTC",26.1,"2026-08-08 21:09:45.848 UTC","2026-08-09 12:00:00 UTC"] -Duration: 0ms
[08/08/2026 23:09:45] PRISMA: INSERT INTO "public"."Weather_Forecast" ("time","temp","SolarRay","updatedAt") VALUES ($1,$2,$3,$4)  -Params: ["2026-08-09 13:00:00 UTC",25.6,57,"2026-08-08 21:09:45.849 UTC",25.6,"2026-08-08 21:09:45.849 UTC","2026-08-09 13:00:00 UTC"] -Duration: 0ms
[08/08/2026 23:09:45] PRISMA: INSERT INTO "public"."Weather_Forecast" ("time","temp","SolarRay","updatedAt") VALUES ($1,$2,$3,$4)  -Params: ["2026-08-09 14:00:00 UTC",26.1,91,"2026-08-08 21:09:45.850 UTC",26.1,"2026-08-08 21:09:45.850 UTC","2026-08-09 14:00:00 UTC"] -Duration: 0ms
[08/08/2026 23:09:45] PRISMA: INSERT INTO "public"."Weather_Forecast" ("time","temp","SolarRay","updatedAt") VALUES ($1,$2,$3,$4)  -Params: ["2026-08-09 15:00:00 UTC",28.4,353,"2026-08-08 21:09:45.850 UTC",28.4,"2026-08-08 21:09:45.850 UTC","2026-08-09 15:00:00 UTC"] -Duration: 0ms
[08/08/2026 23:09:45] PRISMA: INSERT INTO "public"."Weather_Forecast" ("time","temp","SolarRay","updatedAt") VALUES ($1,$2,$3,$4)  -Params: ["2026-08-09 16:00:00 UTC",28.6,319,"2026-08-08 21:09:45.851 UTC",28.6,"2026-08-08 21:09:45.851 UTC","2026-08-09 16:00:00 UTC"] -Duration: 0ms
[08/08/2026 23:09:45] PRISMA: INSERT INTO "public"."Weather_Forecast" ("time","temp","SolarRay","updatedAt") VALUES ($1,$2,$3,$4)  -Params: ["2026-08-09 17:00:00 UTC",29,356,"2026-08-08 21:09:45.851 UTC",29,"2026-08-08 21:09:45.851 UTC","2026-08-09 17:00:00 UTC"] -Duration: 0ms
[08/08/2026 23:09:45] PRISMA: INSERT INTO "public"."Weather_Forecast" ("time","temp","SolarRay","updatedAt") VALUES ($1,$2,$3,$4)  -Params: ["2026-08-09 18:00:00 UTC",28.4,198,"2026-08-08 21:09:45.852 UTC",28.4,"2026-08-08 21:09:45.852 UTC","2026-08-09 18:00:00 UTC"] -Duration: 0ms
[08/08/2026 23:09:45] PRISMA: INSERT INTO "public"."Weather_Forecast" ("time","temp","SolarRay","updatedAt") VALUES ($1,$2,$3,$4)  -Params: ["2026-08-09 19:00:00 UTC",27,62,"2026-08-08 21:09:45.853 UTC",27,"2026-08-08 21:09:45.853 UTC","2026-08-09 19:00:00 UTC"] -Duration: 0ms
[08/08/2026 23:09:45] PRISMA: INSERT INTO "public"."Weather_Forecast" ("time","temp","SolarRay","updatedAt") VALUES ($1,$2,$3,$4)  -Params: ["2026-08-09 20:00:00 UTC",25.6,1,"2026-08-08 21:09:45.853 UTC",25.6,"2026-08-08 21:09:45.853 UTC","2026-08-09 20:00:00 UTC"] -Duration: 0ms
[08/08/2026 23:09:45] PRISMA: INSERT INTO "public"."Weather_Forecast" ("time","temp","SolarRay","updatedAt") VALUES ($1,$2,$3,$4)  -Params: ["2026-08-09 21:00:00 UTC",25.1,0,"2026-08-08 21:09:45.854 UTC",25.1,"2026-08-08 21:09:45.854 UTC","2026-08-09 21:00:00 UTC"] -Duration: 0ms
[08/08/2026 23:09:45] PRISMA: INSERT INTO "public"."Weather_Forecast" ("time","temp","SolarRay","updatedAt") VALUES ($1,$2,$3,$4)  -Params: ["2026-08-09 22:00:00 UTC",24.5,0,"2026-08-08 21:09:45.854 UTC",24.5,"2026-08-08 21:09:45.854 UTC","2026-08-09 22:00:00 UTC"] -Duration: 0ms
[08/08/2026 23:09:45] PRISMA: INSERT INTO "public"."Weather_Forecast" ("time","temp","SolarRay","updatedAt") VALUES ($1,$2,$3,$4)  -Params: ["2026-08-09 23:00:00 UTC",23.3,0,"2026-08-08 21:09:45.855 UTC",23.3,"2026-08-08 21:09:45.855 UTC","2026-08-09 23:00:00 UTC"] -Duration: 0ms
[08/08/2026 23:09:45] PRISMA: INSERT INTO "public"."Weather_Forecast" ("time","temp","SolarRay","updatedAt") VALUES ($1,$2,$3,$4)  -Params: ["2026-08-10 00:00:00 UTC",22.3,0,"2026-08-08 21:09:45.856 UTC",22.3,"2026-08-08 21:09:45.856 UTC","2026-08-10 00:00:00 UTC"] -Duration: 0ms
[08/08/2026 23:09:45] PRISMA: INSERT INTO "public"."Weather_Forecast" ("time","temp","SolarRay","updatedAt") VALUES ($1,$2,$3,$4)  -Params: ["2026-08-10 01:00:00 UTC",21.6,0,"2026-08-08 21:09:45.856 UTC",21.6,"2026-08-08 21:09:45.856 UTC","2026-08-10 01:00:00 UTC"] -Duration: 0ms
[08/08/2026 23:09:45] PRISMA: INSERT INTO "public"."Weather_Forecast" ("time","temp","SolarRay","updatedAt") VALUES ($1,$2,$3,$4)  -Params: ["2026-08-10 02:00:00 UTC",20.9,0,"2026-08-08 21:09:45.857 UTC",20.9,"2026-08-08 21:09:45.857 UTC","2026-08-10 02:00:00 UTC"] -Duration: 0ms
[08/08/2026 23:09:45] PRISMA: INSERT INTO "public"."Weather_Forecast" ("time","temp","SolarRay","updatedAt") VALUES ($1,$2,$3,$4)  -Params: ["2026-08-10 03:00:00 UTC",19.9,0,"2026-08-08 21:09:45.857 UTC",19.9,"2026-08-08 21:09:45.857 UTC","2026-08-10 03:00:00 UTC"] -Duration: 0ms
[08/08/2026 23:09:45] PRISMA: INSERT INTO "public"."Weather_Forecast" ("time","temp","SolarRay","updatedAt") VALUES ($1,$2,$3,$4)  -Params: ["2026-08-10 04:00:00 UTC",18.9,0,"2026-08-08 21:09:45.858 UTC",18.9,"2026-08-08 21:09:45.858 UTC","2026-08-10 04:00:00 UTC"] -Duration: 0ms
[08/08/2026 23:09:45] PRISMA: INSERT INTO "public"."Weather_Forecast" ("time","temp","SolarRay","updatedAt") VALUES ($1,$2,$3,$4)  -Params: ["2026-08-10 05:00:00 UTC",18.2,11,"2026-08-08 21:09:45.858 UTC",18.2,"2026-08-08 21:09:45.858 UTC","2026-08-10 05:00:00 UTC"] -Duration: 0ms
[08/08/2026 23:09:45] PRISMA: INSERT INTO "public"."Weather_Forecast" ("time","temp","SolarRay","updatedAt") VALUES ($1,$2,$3,$4)  -Params: ["2026-08-10 06:00:00 UTC",18.7,104,"2026-08-08 21:09:45.859 UTC",18.7,"2026-08-08 21:09:45.859 UTC","2026-08-10 06:00:00 UTC"] -Duration: 0ms
[08/08/2026 23:09:45] PRISMA: INSERT INTO "public"."Weather_Forecast" ("time","temp","SolarRay","updatedAt") VALUES ($1,$2,$3,$4)  -Params: ["2026-08-10 07:00:00 UTC",20.6,243,"2026-08-08 21:09:45.859 UTC",20.6,"2026-08-08 21:09:45.859 UTC","2026-08-10 07:00:00 UTC"] -Duration: 0ms
[08/08/2026 23:09:45] PRISMA: INSERT INTO "public"."Weather_Forecast" ("time","temp","SolarRay","updatedAt") VALUES ($1,$2,$3,$4)  -Params: ["2026-08-10 08:00:00 UTC",22.8,401,"2026-08-08 21:09:45.860 UTC",22.8,"2026-08-08 21:09:45.860 UTC","2026-08-10 08:00:00 UTC"] -Duration: 0ms
[08/08/2026 23:09:45] PRISMA: INSERT INTO "public"."Weather_Forecast" ("time","temp","SolarRay","updatedAt") VALUES ($1,$2,$3,$4)  -Params: ["2026-08-10 09:00:00 UTC",24.6,556,"2026-08-08 21:09:45.860 UTC",24.6,"2026-08-08 21:09:45.860 UTC","2026-08-10 09:00:00 UTC"] -Duration: 0ms
[08/08/2026 23:09:45] PRISMA: INSERT INTO "public"."Weather_Forecast" ("time","temp","SolarRay","updatedAt") VALUES ($1,$2,$3,$4)  -Params: ["2026-08-10 10:00:00 UTC",25.9,680,"2026-08-08 21:09:45.861 UTC",25.9,"2026-08-08 21:09:45.861 UTC","2026-08-10 10:00:00 UTC"] -Duration: 0ms
[08/08/2026 23:09:45] PRISMA: INSERT INTO "public"."Weather_Forecast" ("time","temp","SolarRay","updatedAt") VALUES ($1,$2,$3,$4)  -Params: ["2026-08-10 11:00:00 UTC",26.6,748,"2026-08-08 21:09:45.861 UTC",26.6,"2026-08-08 21:09:45.861 UTC","2026-08-10 11:00:00 UTC"] -Duration: 0ms
[08/08/2026 23:09:45] PRISMA: INSERT INTO "public"."Weather_Forecast" ("time","temp","SolarRay","updatedAt") VALUES ($1,$2,$3,$4)  -Params: ["2026-08-10 12:00:00 UTC",27.1,769,"2026-08-08 21:09:45.862 UTC",27.1,"2026-08-08 21:09:45.862 UTC","2026-08-10 12:00:00 UTC"] -Duration: 0ms
[08/08/2026 23:09:45] PRISMA: INSERT INTO "public"."Weather_Forecast" ("time","temp","SolarRay","updatedAt") VALUES ($1,$2,$3,$4)  -Params: ["2026-08-10 13:00:00 UTC",27,703,"2026-08-08 21:09:45.862 UTC",27,"2026-08-08 21:09:45.862 UTC","2026-08-10 13:00:00 UTC"] -Duration: 0ms
[08/08/2026 23:09:45] PRISMA: INSERT INTO "public"."Weather_Forecast" ("time","temp","SolarRay","updatedAt") VALUES ($1,$2,$3,$4)  -Params: ["2026-08-10 14:00:00 UTC",26.9,660,"2026-08-08 21:09:45.863 UTC",26.9,"2026-08-08 21:09:45.863 UTC","2026-08-10 14:00:00 UTC"] -Duration: 0ms
[08/08/2026 23:09:45] PRISMA: INSERT INTO "public"."Weather_Forecast" ("time","temp","SolarRay","updatedAt") VALUES ($1,$2,$3,$4)  -Params: ["2026-08-10 15:00:00 UTC",26.5,600,"2026-08-08 21:09:45.864 UTC",26.5,"2026-08-08 21:09:45.864 UTC","2026-08-10 15:00:00 UTC"] -Duration: 0ms
[08/08/2026 23:09:45] PRISMA: INSERT INTO "public"."Weather_Forecast" ("time","temp","SolarRay","updatedAt") VALUES ($1,$2,$3,$4)  -Params: ["2026-08-10 16:00:00 UTC",25.8,492,"2026-08-08 21:09:45.864 UTC",25.8,"2026-08-08 21:09:45.864 UTC","2026-08-10 16:00:00 UTC"] -Duration: 0ms
[08/08/2026 23:09:45] PRISMA: INSERT INTO "public"."Weather_Forecast" ("time","temp","SolarRay","updatedAt") VALUES ($1,$2,$3,$4)  -Params: ["2026-08-10 17:00:00 UTC",24.7,341,"2026-08-08 21:09:45.865 UTC",24.7,"2026-08-08 21:09:45.865 UTC","2026-08-10 17:00:00 UTC"] -Duration: 0ms
[08/08/2026 23:09:45] PRISMA: INSERT INTO "public"."Weather_Forecast" ("time","temp","SolarRay","updatedAt") VALUES ($1,$2,$3,$4)  -Params: ["2026-08-10 18:00:00 UTC",23.2,161,"2026-08-08 21:09:45.865 UTC",23.2,"2026-08-08 21:09:45.865 UTC","2026-08-10 18:00:00 UTC"] -Duration: 0ms
[08/08/2026 23:09:45] PRISMA: INSERT INTO "public"."Weather_Forecast" ("time","temp","SolarRay","updatedAt") VALUES ($1,$2,$3,$4)  -Params: ["2026-08-10 19:00:00 UTC",22,38,"2026-08-08 21:09:45.866 UTC",22,"2026-08-08 21:09:45.866 UTC","2026-08-10 19:00:00 UTC"] -Duration: 0ms
[08/08/2026 23:09:45] PRISMA: INSERT INTO "public"."Weather_Forecast" ("time","temp","SolarRay","updatedAt") VALUES ($1,$2,$3,$4)  -Params: ["2026-08-10 20:00:00 UTC",21.1,1,"2026-08-08 21:09:45.866 UTC",21.1,"2026-08-08 21:09:45.866 UTC","2026-08-10 20:00:00 UTC"] -Duration: 0ms
[08/08/2026 23:09:45] PRISMA: INSERT INTO "public"."Weather_Forecast" ("time","temp","SolarRay","updatedAt") VALUES ($1,$2,$3,$4)  -Params: ["2026-08-10 21:00:00 UTC",20.3,0,"2026-08-08 21:09:45.867 UTC",20.3,"2026-08-08 21:09:45.867 UTC","2026-08-10 21:00:00 UTC"] -Duration: 0ms
[08/08/2026 23:09:45] PRISMA: INSERT INTO "public"."Weather_Forecast" ("time","temp","SolarRay","updatedAt") VALUES ($1,$2,$3,$4)  -Params: ["2026-08-10 22:00:00 UTC",19.6,0,"2026-08-08 21:09:45.867 UTC",19.6,"2026-08-08 21:09:45.867 UTC","2026-08-10 22:00:00 UTC"] -Duration: 0ms
[08/08/2026 23:09:45] PRISMA: INSERT INTO "public"."Weather_Forecast" ("time","temp","SolarRay","updatedAt") VALUES ($1,$2,$3,$4)  -Params: ["2026-08-10 23:00:00 UTC",18.9,0,"2026-08-08 21:09:45.867 UTC",18.9,"2026-08-08 21:09:45.867 UTC","2026-08-10 23:00:00 UTC"] -Duration: 0ms
[08/08/2026 23:09:45] PRISMA: INSERT INTO "public"."Weather_Forecast" ("time","temp","SolarRay","updatedAt") VALUES ($1,$2,$3,$4)  -Params: ["2026-08-11 00:00:00 UTC",18.3,0,"2026-08-08 21:09:45.868 UTC",18.3,"2026-08-08 21:09:45.868 UTC","2026-08-11 00:00:00 UTC"] -Duration: 0ms
[08/08/2026 23:09:45] PRISMA: INSERT INTO "public"."Weather_Forecast" ("time","temp","SolarRay","updatedAt") VALUES ($1,$2,$3,$4)  -Params: ["2026-08-11 01:00:00 UTC",17.5,0,"2026-08-08 21:09:45.869 UTC",17.5,"2026-08-08 21:09:45.869 UTC","2026-08-11 01:00:00 UTC"] -Duration: 0ms
[08/08/2026 23:09:45] PRISMA: INSERT INTO "public"."Weather_Forecast" ("time","temp","SolarRay","updatedAt") VALUES ($1,$2,$3,$4)  -Params: ["2026-08-11 02:00:00 UTC",16.9,0,"2026-08-08 21:09:45.869 UTC",16.9,"2026-08-08 21:09:45.869 UTC","2026-08-11 02:00:00 UTC"] -Duration: 0ms
[08/08/2026 23:09:45] PRISMA: INSERT INTO "public"."Weather_Forecast" ("time","temp","SolarRay","updatedAt") VALUES ($1,$2,$3,$4)  -Params: ["2026-08-11 03:00:00 UTC",16.3,0,"2026-08-08 21:09:45.869 UTC",16.3,"2026-08-08 21:09:45.869 UTC","2026-08-11 03:00:00 UTC"] -Duration: 0ms
[08/08/2026 23:09:45] PRISMA: INSERT INTO "public"."Weather_Forecast" ("time","temp","SolarRay","updatedAt") VALUES ($1,$2,$3,$4)  -Params: ["2026-08-11 04:00:00 UTC",15.4,0,"2026-08-08 21:09:45.870 UTC",15.4,"2026-08-08 21:09:45.870 UTC","2026-08-11 04:00:00 UTC"] -Duration: 0ms
[08/08/2026 23:09:45] PRISMA: INSERT INTO "public"."Weather_Forecast" ("time","temp","SolarRay","updatedAt") VALUES ($1,$2,$3,$4)  -Params: ["2026-08-11 05:00:00 UTC",14.8,10,"2026-08-08 21:09:45.870 UTC",14.8,"2026-08-08 21:09:45.870 UTC","2026-08-11 05:00:00 UTC"] -Duration: 0ms
[08/08/2026 23:09:45] PRISMA: INSERT INTO "public"."Weather_Forecast" ("time","temp","SolarRay","updatedAt") VALUES ($1,$2,$3,$4)  -Params: ["2026-08-11 06:00:00 UTC",15.2,105.5,"2026-08-08 21:09:45.871 UTC",15.2,"2026-08-08 21:09:45.871 UTC","2026-08-11 06:00:00 UTC"] -Duration: 0ms
[08/08/2026 23:09:45] PRISMA: INSERT INTO "public"."Weather_Forecast" ("time","temp","SolarRay","updatedAt") VALUES ($1,$2,$3,$4)  -Params: ["2026-08-11 07:00:00 UTC",16.4,254,"2026-08-08 21:09:45.871 UTC",16.4,"2026-08-08 21:09:45.871 UTC","2026-08-11 07:00:00 UTC"] -Duration: 0ms
[08/08/2026 23:09:45] PRISMA: INSERT INTO "public"."Weather_Forecast" ("time","temp","SolarRay","updatedAt") VALUES ($1,$2,$3,$4)  -Params: ["2026-08-11 08:00:00 UTC",18.1,416,"2026-08-08 21:09:45.872 UTC",18.1,"2026-08-08 21:09:45.872 UTC","2026-08-11 08:00:00 UTC"] -Duration: 0ms
[08/08/2026 23:09:45] PRISMA: INSERT INTO "public"."Weather_Forecast" ("time","temp","SolarRay","updatedAt") VALUES ($1,$2,$3,$4)  -Params: ["2026-08-11 09:00:00 UTC",19.8,564,"2026-08-08 21:09:45.872 UTC",19.8,"2026-08-08 21:09:45.872 UTC","2026-08-11 09:00:00 UTC"] -Duration: 0ms
[08/08/2026 23:09:45] PRISMA: INSERT INTO "public"."Weather_Forecast" ("time","temp","SolarRay","updatedAt") VALUES ($1,$2,$3,$4)  -Params: ["2026-08-11 10:00:00 UTC",21.3,687,"2026-08-08 21:09:45.873 UTC",21.3,"2026-08-08 21:09:45.873 UTC","2026-08-11 10:00:00 UTC"] -Duration: 0ms
[08/08/2026 23:09:45] PRISMA: INSERT INTO "public"."Weather_Forecast" ("time","temp","SolarRay","updatedAt") VALUES ($1,$2,$3,$4)  -Params: ["2026-08-11 11:00:00 UTC",22.7,771,"2026-08-08 21:09:45.873 UTC",22.7,"2026-08-08 21:09:45.873 UTC","2026-08-11 11:00:00 UTC"] -Duration: 0ms
[08/08/2026 23:09:45] PRISMA: INSERT INTO "public"."Weather_Forecast" ("time","temp","SolarRay","updatedAt") VALUES ($1,$2,$3,$4)  -Params: ["2026-08-11 12:00:00 UTC",23.9,810,"2026-08-08 21:09:45.874 UTC",23.9,"2026-08-08 21:09:45.874 UTC","2026-08-11 12:00:00 UTC"] -Duration: 0ms
[08/08/2026 23:09:45] PRISMA: INSERT INTO "public"."Weather_Forecast" ("time","temp","SolarRay","updatedAt") VALUES ($1,$2,$3,$4)  -Params: ["2026-08-11 13:00:00 UTC",24.7,801,"2026-08-08 21:09:45.874 UTC",24.7,"2026-08-08 21:09:45.874 UTC","2026-08-11 13:00:00 UTC"] -Duration: 0ms
[08/08/2026 23:09:45] PRISMA: INSERT INTO "public"."Weather_Forecast" ("time","temp","SolarRay","updatedAt") VALUES ($1,$2,$3,$4)  -Params: ["2026-08-11 14:00:00 UTC",25.2,744,"2026-08-08 21:09:45.875 UTC",25.2,"2026-08-08 21:09:45.875 UTC","2026-08-11 14:00:00 UTC"] -Duration: 0ms
[08/08/2026 23:09:45] PRISMA: INSERT INTO "public"."Weather_Forecast" ("time","temp","SolarRay","updatedAt") VALUES ($1,$2,$3,$4)  -Params: ["2026-08-11 15:00:00 UTC",25.4,643,"2026-08-08 21:09:45.875 UTC",25.4,"2026-08-08 21:09:45.875 UTC","2026-08-11 15:00:00 UTC"] -Duration: 0ms
[08/08/2026 23:09:45] PRISMA: INSERT INTO "public"."Weather_Forecast" ("time","temp","SolarRay","updatedAt") VALUES ($1,$2,$3,$4)  -Params: ["2026-08-11 16:00:00 UTC",25.1,510,"2026-08-08 21:09:45.876 UTC",25.1,"2026-08-08 21:09:45.876 UTC","2026-08-11 16:00:00 UTC"] -Duration: 0ms
[08/08/2026 23:09:45] PRISMA: INSERT INTO "public"."Weather_Forecast" ("time","temp","SolarRay","updatedAt") VALUES ($1,$2,$3,$4)  -Params: ["2026-08-11 17:00:00 UTC",24.5,353,"2026-08-08 21:09:45.876 UTC",24.5,"2026-08-08 21:09:45.876 UTC","2026-08-11 17:00:00 UTC"] -Duration: 0ms
[08/08/2026 23:09:45] PRISMA: INSERT INTO "public"."Weather_Forecast" ("time","temp","SolarRay","updatedAt") VALUES ($1,$2,$3,$4)  -Params: ["2026-08-11 18:00:00 UTC",23.4,191,"2026-08-08 21:09:45.877 UTC",23.4,"2026-08-08 21:09:45.877 UTC","2026-08-11 18:00:00 UTC"] -Duration: 0ms
[08/08/2026 23:09:45] PRISMA: INSERT INTO "public"."Weather_Forecast" ("time","temp","SolarRay","updatedAt") VALUES ($1,$2,$3,$4)  -Params: ["2026-08-11 19:00:00 UTC",22.4,53,"2026-08-08 21:09:45.877 UTC",22.4,"2026-08-08 21:09:45.877 UTC","2026-08-11 19:00:00 UTC"] -Duration: 0ms
[08/08/2026 23:09:45] PRISMA: INSERT INTO "public"."Weather_Forecast" ("time","temp","SolarRay","updatedAt") VALUES ($1,$2,$3,$4)  -Params: ["2026-08-11 20:00:00 UTC",21.4,1,"2026-08-08 21:09:45.878 UTC",21.4,"2026-08-08 21:09:45.878 UTC","2026-08-11 20:00:00 UTC"] -Duration: 0ms
[08/08/2026 23:09:45] PRISMA: INSERT INTO "public"."Weather_Forecast" ("time","temp","SolarRay","updatedAt") VALUES ($1,$2,$3,$4)  -Params: ["2026-08-11 21:00:00 UTC",20.5,0,"2026-08-08 21:09:45.878 UTC",20.5,"2026-08-08 21:09:45.878 UTC","2026-08-11 21:00:00 UTC"] -Duration: 0ms
[08/08/2026 23:09:45] PRISMA: INSERT INTO "public"."Weather_Forecast" ("time","temp","SolarRay","updatedAt") VALUES ($1,$2,$3,$4)  -Params: ["2026-08-11 22:00:00 UTC",19.7,0,"2026-08-08 21:09:45.878 UTC",19.7,"2026-08-08 21:09:45.878 UTC","2026-08-11 22:00:00 UTC"] -Duration: 0ms
[08/08/2026 23:09:45] PRISMA: INSERT INTO "public"."Weather_Forecast" ("time","temp","SolarRay","updatedAt") VALUES ($1,$2,$3,$4)  -Params: ["2026-08-11 23:00:00 UTC",19,0,"2026-08-08 21:09:45.879 UTC",19,"2026-08-08 21:09:45.879 UTC","2026-08-11 23:00:00 UTC"] -Duration: 0ms
[08/08/2026 23:09:45] PRISMA: INSERT INTO "public"."Weather_Forecast" ("time","temp","SolarRay","updatedAt") VALUES ($1,$2,$3,$4)  -Params: ["2026-08-12 00:00:00 UTC",18.1,0,"2026-08-08 21:09:45.879 UTC",18.1,"2026-08-08 21:09:45.879 UTC","2026-08-12 00:00:00 UTC"] -Duration: 0ms
[08/08/2026 23:09:45] PRISMA: INSERT INTO "public"."Weather_Forecast" ("time","temp","SolarRay","updatedAt") VALUES ($1,$2,$3,$4)  -Params: ["2026-08-12 01:00:00 UTC",17.3,0,"2026-08-08 21:09:45.881 UTC",17.3,"2026-08-08 21:09:45.881 UTC","2026-08-12 01:00:00 UTC"] -Duration: 0ms
[08/08/2026 23:09:45] PRISMA: INSERT INTO "public"."Weather_Forecast" ("time","temp","SolarRay","updatedAt") VALUES ($1,$2,$3,$4)  -Params: ["2026-08-12 02:00:00 UTC",16.7,0,"2026-08-08 21:09:45.881 UTC",16.7,"2026-08-08 21:09:45.881 UTC","2026-08-12 02:00:00 UTC"] -Duration: 0ms
[08/08/2026 23:09:45] PRISMA: INSERT INTO "public"."Weather_Forecast" ("time","temp","SolarRay","updatedAt") VALUES ($1,$2,$3,$4)  -Params: ["2026-08-12 03:00:00 UTC",16.2,0,"2026-08-08 21:09:45.881 UTC",16.2,"2026-08-08 21:09:45.881 UTC","2026-08-12 03:00:00 UTC"] -Duration: 0ms
[08/08/2026 23:09:45] PRISMA: INSERT INTO "public"."Weather_Forecast" ("time","temp","SolarRay","updatedAt") VALUES ($1,$2,$3,$4)  -Params: ["2026-08-12 04:00:00 UTC",15.7,0,"2026-08-08 21:09:45.882 UTC",15.7,"2026-08-08 21:09:45.882 UTC","2026-08-12 04:00:00 UTC"] -Duration: 0ms
[08/08/2026 23:09:45] PRISMA: INSERT INTO "public"."Weather_Forecast" ("time","temp","SolarRay","updatedAt") VALUES ($1,$2,$3,$4)  -Params: ["2026-08-12 05:00:00 UTC",15.5,8,"2026-08-08 21:09:45.882 UTC",15.5,"2026-08-08 21:09:45.882 UTC","2026-08-12 05:00:00 UTC"] -Duration: 0ms
[08/08/2026 23:09:45] PRISMA: INSERT INTO "public"."Weather_Forecast" ("time","temp","SolarRay","updatedAt") VALUES ($1,$2,$3,$4)  -Params: ["2026-08-12 06:00:00 UTC",16.3,103,"2026-08-08 21:09:45.883 UTC",16.3,"2026-08-08 21:09:45.883 UTC","2026-08-12 06:00:00 UTC"] -Duration: 0ms
[08/08/2026 23:09:45] PRISMA: INSERT INTO "public"."Weather_Forecast" ("time","temp","SolarRay","updatedAt") VALUES ($1,$2,$3,$4)  -Params: ["2026-08-12 07:00:00 UTC",17.9,262,"2026-08-08 21:09:45.883 UTC",17.9,"2026-08-08 21:09:45.883 UTC","2026-08-12 07:00:00 UTC"] -Duration: 0ms
[08/08/2026 23:09:45] PRISMA: INSERT INTO "public"."Weather_Forecast" ("time","temp","SolarRay","updatedAt") VALUES ($1,$2,$3,$4)  -Params: ["2026-08-12 08:00:00 UTC",20.1,417,"2026-08-08 21:09:45.884 UTC",20.1,"2026-08-08 21:09:45.884 UTC","2026-08-12 08:00:00 UTC"] -Duration: 0ms
[08/08/2026 23:09:45] PRISMA: INSERT INTO "public"."Weather_Forecast" ("time","temp","SolarRay","updatedAt") VALUES ($1,$2,$3,$4)  -Params: ["2026-08-12 09:00:00 UTC",22.4,560,"2026-08-08 21:09:45.884 UTC",22.4,"2026-08-08 21:09:45.884 UTC","2026-08-12 09:00:00 UTC"] -Duration: 0ms
[08/08/2026 23:09:45] PRISMA: INSERT INTO "public"."Weather_Forecast" ("time","temp","SolarRay","updatedAt") VALUES ($1,$2,$3,$4)  -Params: ["2026-08-12 10:00:00 UTC",24.5,689,"2026-08-08 21:09:45.885 UTC",24.5,"2026-08-08 21:09:45.885 UTC","2026-08-12 10:00:00 UTC"] -Duration: 0ms
[08/08/2026 23:09:45] PRISMA: INSERT INTO "public"."Weather_Forecast" ("time","temp","SolarRay","updatedAt") VALUES ($1,$2,$3,$4)  -Params: ["2026-08-12 11:00:00 UTC",26.7,771,"2026-08-08 21:09:45.885 UTC",26.7,"2026-08-08 21:09:45.885 UTC","2026-08-12 11:00:00 UTC"] -Duration: 0ms
[08/08/2026 23:09:45] PRISMA: INSERT INTO "public"."Weather_Forecast" ("time","temp","SolarRay","updatedAt") VALUES ($1,$2,$3,$4)  -Params: ["2026-08-12 12:00:00 UTC",28.4,808,"2026-08-08 21:09:45.885 UTC",28.4,"2026-08-08 21:09:45.885 UTC","2026-08-12 12:00:00 UTC"] -Duration: 0ms
[08/08/2026 23:09:45] PRISMA: INSERT INTO "public"."Weather_Forecast" ("time","temp","SolarRay","updatedAt") VALUES ($1,$2,$3,$4)  -Params: ["2026-08-12 13:00:00 UTC",29.5,805,"2026-08-08 21:09:45.886 UTC",29.5,"2026-08-08 21:09:45.886 UTC","2026-08-12 13:00:00 UTC"] -Duration: 0ms
[08/08/2026 23:09:45] PRISMA: INSERT INTO "public"."Weather_Forecast" ("time","temp","SolarRay","updatedAt") VALUES ($1,$2,$3,$4)  -Params: ["2026-08-12 14:00:00 UTC",30.3,742,"2026-08-08 21:09:45.886 UTC",30.3,"2026-08-08 21:09:45.886 UTC","2026-08-12 14:00:00 UTC"] -Duration: 0ms
[08/08/2026 23:09:45] PRISMA: INSERT INTO "public"."Weather_Forecast" ("time","temp","SolarRay","updatedAt") VALUES ($1,$2,$3,$4)  -Params: ["2026-08-12 15:00:00 UTC",30.6,636,"2026-08-08 21:09:45.887 UTC",30.6,"2026-08-08 21:09:45.887 UTC","2026-08-12 15:00:00 UTC"] -Duration: 0ms
[08/08/2026 23:09:45] PRISMA: INSERT INTO "public"."Weather_Forecast" ("time","temp","SolarRay","updatedAt") VALUES ($1,$2,$3,$4)  -Params: ["2026-08-12 16:00:00 UTC",30.4,542,"2026-08-08 21:09:45.887 UTC",30.4,"2026-08-08 21:09:45.887 UTC","2026-08-12 16:00:00 UTC"] -Duration: 0ms
[08/08/2026 23:09:45] PRISMA: INSERT INTO "public"."Weather_Forecast" ("time","temp","SolarRay","updatedAt") VALUES ($1,$2,$3,$4)  -Params: ["2026-08-12 17:00:00 UTC",29.7,336,"2026-08-08 21:09:45.888 UTC",29.7,"2026-08-08 21:09:45.888 UTC","2026-08-12 17:00:00 UTC"] -Duration: 0ms
[08/08/2026 23:09:45] PRISMA: INSERT INTO "public"."Weather_Forecast" ("time","temp","SolarRay","updatedAt") VALUES ($1,$2,$3,$4)  -Params: ["2026-08-12 18:00:00 UTC",28.8,145,"2026-08-08 21:09:45.888 UTC",28.8,"2026-08-08 21:09:45.888 UTC","2026-08-12 18:00:00 UTC"] -Duration: 0ms
[08/08/2026 23:09:45] PRISMA: INSERT INTO "public"."Weather_Forecast" ("time","temp","SolarRay","updatedAt") VALUES ($1,$2,$3,$4)  -Params: ["2026-08-12 19:00:00 UTC",27.5,22,"2026-08-08 21:09:45.889 UTC",27.5,"2026-08-08 21:09:45.889 UTC","2026-08-12 19:00:00 UTC"] -Duration: 0ms
[08/08/2026 23:09:45] PRISMA: INSERT INTO "public"."Weather_Forecast" ("time","temp","SolarRay","updatedAt") VALUES ($1,$2,$3,$4)  -Params: ["2026-08-12 20:00:00 UTC",25.9,0,"2026-08-08 21:09:45.889 UTC",25.9,"2026-08-08 21:09:45.889 UTC","2026-08-12 20:00:00 UTC"] -Duration: 0ms
[08/08/2026 23:09:45] PRISMA: INSERT INTO "public"."Weather_Forecast" ("time","temp","SolarRay","updatedAt") VALUES ($1,$2,$3,$4)  -Params: ["2026-08-12 21:00:00 UTC",24.5,0,"2026-08-08 21:09:45.889 UTC",24.5,"2026-08-08 21:09:45.889 UTC","2026-08-12 21:00:00 UTC"] -Duration: 0ms
[08/08/2026 23:09:45] PRISMA: INSERT INTO "public"."Weather_Forecast" ("time","temp","SolarRay","updatedAt") VALUES ($1,$2,$3,$4)  -Params: ["2026-08-12 22:00:00 UTC",23.6,0,"2026-08-08 21:09:45.890 UTC",23.6,"2026-08-08 21:09:45.890 UTC","2026-08-12 22:00:00 UTC"] -Duration: 0ms
[08/08/2026 23:09:45] PRISMA: INSERT INTO "public"."Weather_Forecast" ("time","temp","SolarRay","updatedAt") VALUES ($1,$2,$3,$4)  -Params: ["2026-08-12 23:00:00 UTC",22.8,0,"2026-08-08 21:09:45.890 UTC",22.8,"2026-08-08 21:09:45.890 UTC","2026-08-12 23:00:00 UTC"] -Duration: 0ms
[08/08/2026 23:09:45] PRISMA: INSERT INTO "public"."Weather_Forecast" ("time","temp","SolarRay","updatedAt") VALUES ($1,$2,$3,$4)  -Params: ["2026-08-13 00:00:00 UTC",22.1,0,"2026-08-08 21:09:45.891 UTC",22.1,"2026-08-08 21:09:45.891 UTC","2026-08-13 00:00:00 UTC"] -Duration: 0ms
[08/08/2026 23:09:45] PRISMA: INSERT INTO "public"."Weather_Forecast" ("time","temp","SolarRay","updatedAt") VALUES ($1,$2,$3,$4)  -Params: ["2026-08-13 01:00:00 UTC",21.2,0,"2026-08-08 21:09:45.891 UTC",21.2,"2026-08-08 21:09:45.891 UTC","2026-08-13 01:00:00 UTC"] -Duration: 0ms
[08/08/2026 23:09:45] PRISMA: INSERT INTO "public"."Weather_Forecast" ("time","temp","SolarRay","updatedAt") VALUES ($1,$2,$3,$4)  -Params: ["2026-08-13 02:00:00 UTC",20.3,0,"2026-08-08 21:09:45.892 UTC",20.3,"2026-08-08 21:09:45.892 UTC","2026-08-13 02:00:00 UTC"] -Duration: 0ms
[08/08/2026 23:09:45] PRISMA: INSERT INTO "public"."Weather_Forecast" ("time","temp","SolarRay","updatedAt") VALUES ($1,$2,$3,$4)  -Params: ["2026-08-13 03:00:00 UTC",19.7,0,"2026-08-08 21:09:45.892 UTC",19.7,"2026-08-08 21:09:45.892 UTC","2026-08-13 03:00:00 UTC"] -Duration: 0ms
[08/08/2026 23:09:45] PRISMA: INSERT INTO "public"."Weather_Forecast" ("time","temp","SolarRay","updatedAt") VALUES ($1,$2,$3,$4)  -Params: ["2026-08-13 04:00:00 UTC",19.2,0,"2026-08-08 21:09:45.893 UTC",19.2,"2026-08-08 21:09:45.893 UTC","2026-08-13 04:00:00 UTC"] -Duration: 0ms
[08/08/2026 23:09:45] PRISMA: INSERT INTO "public"."Weather_Forecast" ("time","temp","SolarRay","updatedAt") VALUES ($1,$2,$3,$4)  -Params: ["2026-08-13 05:00:00 UTC",19.1,5,"2026-08-08 21:09:45.893 UTC",19.1,"2026-08-08 21:09:45.893 UTC","2026-08-13 05:00:00 UTC"] -Duration: 0ms
[08/08/2026 23:09:45] PRISMA: INSERT INTO "public"."Weather_Forecast" ("time","temp","SolarRay","updatedAt") VALUES ($1,$2,$3,$4)  -Params: ["2026-08-13 06:00:00 UTC",19.8,103,"2026-08-08 21:09:45.894 UTC",19.8,"2026-08-08 21:09:45.894 UTC","2026-08-13 06:00:00 UTC"] -Duration: 0ms
[08/08/2026 23:09:45] PRISMA: INSERT INTO "public"."Weather_Forecast" ("time","temp","SolarRay","updatedAt") VALUES ($1,$2,$3,$4)  -Params: ["2026-08-13 07:00:00 UTC",21.9,261,"2026-08-08 21:09:45.894 UTC",21.9,"2026-08-08 21:09:45.894 UTC","2026-08-13 07:00:00 UTC"] -Duration: 0ms
[08/08/2026 23:09:45] PRISMA: INSERT INTO "public"."Weather_Forecast" ("time","temp","SolarRay","updatedAt") VALUES ($1,$2,$3,$4)  -Params: ["2026-08-13 08:00:00 UTC",25,418,"2026-08-08 21:09:45.894 UTC",25,"2026-08-08 21:09:45.894 UTC","2026-08-13 08:00:00 UTC"] -Duration: 0ms
[08/08/2026 23:09:45] PRISMA: INSERT INTO "public"."Weather_Forecast" ("time","temp","SolarRay","updatedAt") VALUES ($1,$2,$3,$4)  -Params: ["2026-08-13 09:00:00 UTC",27.7,563,"2026-08-08 21:09:45.895 UTC",27.7,"2026-08-08 21:09:45.895 UTC","2026-08-13 09:00:00 UTC"] -Duration: 0ms
[08/08/2026 23:09:45] PRISMA: INSERT INTO "public"."Weather_Forecast" ("time","temp","SolarRay","updatedAt") VALUES ($1,$2,$3,$4)  -Params: ["2026-08-13 10:00:00 UTC",29.7,695,"2026-08-08 21:09:45.895 UTC",29.7,"2026-08-08 21:09:45.895 UTC","2026-08-13 10:00:00 UTC"] -Duration: 0ms
[08/08/2026 23:09:45] PRISMA: INSERT INTO "public"."Weather_Forecast" ("time","temp","SolarRay","updatedAt") VALUES ($1,$2,$3,$4)  -Params: ["2026-08-13 11:00:00 UTC",31.4,776,"2026-08-08 21:09:45.896 UTC",31.4,"2026-08-08 21:09:45.896 UTC","2026-08-13 11:00:00 UTC"] -Duration: 0ms
[08/08/2026 23:09:45] PRISMA: INSERT INTO "public"."Weather_Forecast" ("time","temp","SolarRay","updatedAt") VALUES ($1,$2,$3,$4)  -Params: ["2026-08-13 12:00:00 UTC",32.7,810,"2026-08-08 21:09:45.896 UTC",32.7,"2026-08-08 21:09:45.896 UTC","2026-08-13 12:00:00 UTC"] -Duration: 0ms
[08/08/2026 23:09:45] PRISMA: INSERT INTO "public"."Weather_Forecast" ("time","temp","SolarRay","updatedAt") VALUES ($1,$2,$3,$4)  -Params: ["2026-08-13 13:00:00 UTC",33.5,796,"2026-08-08 21:09:45.897 UTC",33.5,"2026-08-08 21:09:45.897 UTC","2026-08-13 13:00:00 UTC"] -Duration: 0ms
[08/08/2026 23:09:45] PRISMA: INSERT INTO "public"."Weather_Forecast" ("time","temp","SolarRay","updatedAt") VALUES ($1,$2,$3,$4)  -Params: ["2026-08-13 14:00:00 UTC",33.9,735,"2026-08-08 21:09:45.897 UTC",33.9,"2026-08-08 21:09:45.897 UTC","2026-08-13 14:00:00 UTC"] -Duration: 0ms
[08/08/2026 23:09:45] PRISMA: INSERT INTO "public"."Weather_Forecast" ("time","temp","SolarRay","updatedAt") VALUES ($1,$2,$3,$4)  -Params: ["2026-08-13 15:00:00 UTC",34,634,"2026-08-08 21:09:45.898 UTC",34,"2026-08-08 21:09:45.898 UTC","2026-08-13 15:00:00 UTC"] -Duration: 0ms
[08/08/2026 23:09:45] PRISMA: INSERT INTO "public"."Weather_Forecast" ("time","temp","SolarRay","updatedAt") VALUES ($1,$2,$3,$4)  -Params: ["2026-08-13 16:00:00 UTC",33.7,493,"2026-08-08 21:09:45.898 UTC",33.7,"2026-08-08 21:09:45.898 UTC","2026-08-13 16:00:00 UTC"] -Duration: 0ms
[08/08/2026 23:09:45] PRISMA: INSERT INTO "public"."Weather_Forecast" ("time","temp","SolarRay","updatedAt") VALUES ($1,$2,$3,$4)  -Params: ["2026-08-13 17:00:00 UTC",33.1,350,"2026-08-08 21:09:45.898 UTC",33.1,"2026-08-08 21:09:45.898 UTC","2026-08-13 17:00:00 UTC"] -Duration: 0ms
[08/08/2026 23:09:45] PRISMA: INSERT INTO "public"."Weather_Forecast" ("time","temp","SolarRay","updatedAt") VALUES ($1,$2,$3,$4)  -Params: ["2026-08-13 18:00:00 UTC",32.2,196,"2026-08-08 21:09:45.899 UTC",32.2,"2026-08-08 21:09:45.899 UTC","2026-08-13 18:00:00 UTC"] -Duration: 0ms
[08/08/2026 23:09:45] PRISMA: INSERT INTO "public"."Weather_Forecast" ("time","temp","SolarRay","updatedAt") VALUES ($1,$2,$3,$4)  -Params: ["2026-08-13 19:00:00 UTC",30.8,48,"2026-08-08 21:09:45.899 UTC",30.8,"2026-08-08 21:09:45.899 UTC","2026-08-13 19:00:00 UTC"] -Duration: 0ms
[08/08/2026 23:09:45] PRISMA: INSERT INTO "public"."Weather_Forecast" ("time","temp","SolarRay","updatedAt") VALUES ($1,$2,$3,$4)  -Params: ["2026-08-13 20:00:00 UTC",29.2,0,"2026-08-08 21:09:45.900 UTC",29.2,"2026-08-08 21:09:45.900 UTC","2026-08-13 20:00:00 UTC"] -Duration: 0ms
[08/08/2026 23:09:45] PRISMA: INSERT INTO "public"."Weather_Forecast" ("time","temp","SolarRay","updatedAt") VALUES ($1,$2,$3,$4)  -Params: ["2026-08-13 21:00:00 UTC",27.8,0,"2026-08-08 21:09:45.900 UTC",27.8,"2026-08-08 21:09:45.900 UTC","2026-08-13 21:00:00 UTC"] -Duration: 0ms
[08/08/2026 23:09:45] PRISMA: INSERT INTO "public"."Weather_Forecast" ("time","temp","SolarRay","updatedAt") VALUES ($1,$2,$3,$4)  -Params: ["2026-08-13 22:00:00 UTC",26.8,0,"2026-08-08 21:09:45.901 UTC",26.8,"2026-08-08 21:09:45.901 UTC","2026-08-13 22:00:00 UTC"] -Duration: 0ms
[08/08/2026 23:09:45] PRISMA: INSERT INTO "public"."Weather_Forecast" ("time","temp","SolarRay","updatedAt") VALUES ($1,$2,$3,$4)  -Params: ["2026-08-13 23:00:00 UTC",26.1,0,"2026-08-08 21:09:45.901 UTC",26.1,"2026-08-08 21:09:45.901 UTC","2026-08-13 23:00:00 UTC"] -Duration: 0ms
[08/08/2026 23:09:45] PRISMA: INSERT INTO "public"."Weather_Forecast" ("time","temp","SolarRay","updatedAt") VALUES ($1,$2,$3,$4)  -Params: ["2026-08-14 00:00:00 UTC",25.4,0,"2026-08-08 21:09:45.902 UTC",25.4,"2026-08-08 21:09:45.902 UTC","2026-08-14 00:00:00 UTC"] -Duration: 1ms
[08/08/2026 23:09:45] PRISMA: INSERT INTO "public"."Weather_Forecast" ("time","temp","SolarRay","updatedAt") VALUES ($1,$2,$3,$4)  -Params: ["2026-08-14 01:00:00 UTC",24.7,0,"2026-08-08 21:09:45.903 UTC",24.7,"2026-08-08 21:09:45.903 UTC","2026-08-14 01:00:00 UTC"] -Duration: 0ms
[08/08/2026 23:09:45] PRISMA: INSERT INTO "public"."Weather_Forecast" ("time","temp","SolarRay","updatedAt") VALUES ($1,$2,$3,$4)  -Params: ["2026-08-14 02:00:00 UTC",24,0,"2026-08-08 21:09:45.904 UTC",24,"2026-08-08 21:09:45.904 UTC","2026-08-14 02:00:00 UTC"] -Duration: 0ms
[08/08/2026 23:09:45] PRISMA: INSERT INTO "public"."Weather_Forecast" ("time","temp","SolarRay","updatedAt") VALUES ($1,$2,$3,$4)  -Params: ["2026-08-14 03:00:00 UTC",23.5,0,"2026-08-08 21:09:45.904 UTC",23.5,"2026-08-08 21:09:45.904 UTC","2026-08-14 03:00:00 UTC"] -Duration: 0ms
[08/08/2026 23:09:45] PRISMA: INSERT INTO "public"."Weather_Forecast" ("time","temp","SolarRay","updatedAt") VALUES ($1,$2,$3,$4)  -Params: ["2026-08-14 04:00:00 UTC",23,0,"2026-08-08 21:09:45.905 UTC",23,"2026-08-08 21:09:45.905 UTC","2026-08-14 04:00:00 UTC"] -Duration: 0ms
[08/08/2026 23:09:45] PRISMA: INSERT INTO "public"."Weather_Forecast" ("time","temp","SolarRay","updatedAt") VALUES ($1,$2,$3,$4)  -Params: ["2026-08-14 05:00:00 UTC",22.6,4,"2026-08-08 21:09:45.905 UTC",22.6,"2026-08-08 21:09:45.905 UTC","2026-08-14 05:00:00 UTC"] -Duration: 0ms
[08/08/2026 23:09:45] PRISMA: INSERT INTO "public"."Weather_Forecast" ("time","temp","SolarRay","updatedAt") VALUES ($1,$2,$3,$4)  -Params: ["2026-08-14 06:00:00 UTC",23.1,101,"2026-08-08 21:09:45.906 UTC",23.1,"2026-08-08 21:09:45.906 UTC","2026-08-14 06:00:00 UTC"] -Duration: 0ms
[08/08/2026 23:09:45] PRISMA: INSERT INTO "public"."Weather_Forecast" ("time","temp","SolarRay","updatedAt") VALUES ($1,$2,$3,$4)  -Params: ["2026-08-14 07:00:00 UTC",24.9,256,"2026-08-08 21:09:45.906 UTC",24.9,"2026-08-08 21:09:45.906 UTC","2026-08-14 07:00:00 UTC"] -Duration: 0ms
[08/08/2026 23:09:45] PRISMA: INSERT INTO "public"."Weather_Forecast" ("time","temp","SolarRay","updatedAt") VALUES ($1,$2,$3,$4)  -Params: ["2026-08-14 08:00:00 UTC",27.6,411,"2026-08-08 21:09:45.907 UTC",27.6,"2026-08-08 21:09:45.907 UTC","2026-08-14 08:00:00 UTC"] -Duration: 0ms
[08/08/2026 23:09:45] PRISMA: INSERT INTO "public"."Weather_Forecast" ("time","temp","SolarRay","updatedAt") VALUES ($1,$2,$3,$4)  -Params: ["2026-08-14 09:00:00 UTC",29.9,553,"2026-08-08 21:09:45.907 UTC",29.9,"2026-08-08 21:09:45.907 UTC","2026-08-14 09:00:00 UTC"] -Duration: 0ms
[08/08/2026 23:09:45] PRISMA: INSERT INTO "public"."Weather_Forecast" ("time","temp","SolarRay","updatedAt") VALUES ($1,$2,$3,$4)  -Params: ["2026-08-14 10:00:00 UTC",30.3,681,"2026-08-08 21:09:45.908 UTC",30.3,"2026-08-08 21:09:45.908 UTC","2026-08-14 10:00:00 UTC"] -Duration: 0ms
[08/08/2026 23:09:45] PRISMA: INSERT INTO "public"."Weather_Forecast" ("time","temp","SolarRay","updatedAt") VALUES ($1,$2,$3,$4)  -Params: ["2026-08-14 11:00:00 UTC",32.2,762,"2026-08-08 21:09:45.909 UTC",32.2,"2026-08-08 21:09:45.909 UTC","2026-08-14 11:00:00 UTC"] -Duration: 0ms
[08/08/2026 23:09:45] PRISMA: INSERT INTO "public"."Weather_Forecast" ("time","temp","SolarRay","updatedAt") VALUES ($1,$2,$3,$4)  -Params: ["2026-08-14 12:00:00 UTC",33.5,798,"2026-08-08 21:09:45.910 UTC",33.5,"2026-08-08 21:09:45.910 UTC","2026-08-14 12:00:00 UTC"] -Duration: 0ms
[08/08/2026 23:09:45] PRISMA: INSERT INTO "public"."Weather_Forecast" ("time","temp","SolarRay","updatedAt") VALUES ($1,$2,$3,$4)  -Params: ["2026-08-14 13:00:00 UTC",34.1,771,"2026-08-08 21:09:45.910 UTC",34.1,"2026-08-08 21:09:45.910 UTC","2026-08-14 13:00:00 UTC"] -Duration: 0ms
[08/08/2026 23:09:45] PRISMA: INSERT INTO "public"."Weather_Forecast" ("time","temp","SolarRay","updatedAt") VALUES ($1,$2,$3,$4)  -Params: ["2026-08-14 14:00:00 UTC",34.3,717,"2026-08-08 21:09:45.911 UTC",34.3,"2026-08-08 21:09:45.911 UTC","2026-08-14 14:00:00 UTC"] -Duration: 0ms
[08/08/2026 23:09:45] PRISMA: INSERT INTO "public"."Weather_Forecast" ("time","temp","SolarRay","updatedAt") VALUES ($1,$2,$3,$4)  -Params: ["2026-08-14 15:00:00 UTC",34.2,624,"2026-08-08 21:09:45.911 UTC",34.2,"2026-08-08 21:09:45.911 UTC","2026-08-14 15:00:00 UTC"] -Duration: 0ms
[08/08/2026 23:09:45] PRISMA: INSERT INTO "public"."Weather_Forecast" ("time","temp","SolarRay","updatedAt") VALUES ($1,$2,$3,$4)  -Params: ["2026-08-14 16:00:00 UTC",33.9,498,"2026-08-08 21:09:45.912 UTC",33.9,"2026-08-08 21:09:45.912 UTC","2026-08-14 16:00:00 UTC"] -Duration: 0ms
[08/08/2026 23:09:45] PRISMA: INSERT INTO "public"."Weather_Forecast" ("time","temp","SolarRay","updatedAt") VALUES ($1,$2,$3,$4)  -Params: ["2026-08-14 17:00:00 UTC",33.4,350,"2026-08-08 21:09:45.912 UTC",33.4,"2026-08-08 21:09:45.912 UTC","2026-08-14 17:00:00 UTC"] -Duration: 0ms
[08/08/2026 23:09:45] PRISMA: INSERT INTO "public"."Weather_Forecast" ("time","temp","SolarRay","updatedAt") VALUES ($1,$2,$3,$4)  -Params: ["2026-08-14 18:00:00 UTC",32.9,191,"2026-08-08 21:09:45.913 UTC",32.9,"2026-08-08 21:09:45.913 UTC","2026-08-14 18:00:00 UTC"] -Duration: 0ms
[08/08/2026 23:09:45] PRISMA: INSERT INTO "public"."Weather_Forecast" ("time","temp","SolarRay","updatedAt") VALUES ($1,$2,$3,$4)  -Params: ["2026-08-14 19:00:00 UTC",32.3,42,"2026-08-08 21:09:45.913 UTC",32.3,"2026-08-08 21:09:45.913 UTC","2026-08-14 19:00:00 UTC"] -Duration: 0ms
[08/08/2026 23:09:45] PRISMA: INSERT INTO "public"."Weather_Forecast" ("time","temp","SolarRay","updatedAt") VALUES ($1,$2,$3,$4)  -Params: ["2026-08-14 20:00:00 UTC",31.4,0,"2026-08-08 21:09:45.914 UTC",31.4,"2026-08-08 21:09:45.914 UTC","2026-08-14 20:00:00 UTC"] -Duration: 0ms
[08/08/2026 23:09:45] PRISMA: INSERT INTO "public"."Weather_Forecast" ("time","temp","SolarRay","updatedAt") VALUES ($1,$2,$3,$4)  -Params: ["2026-08-14 21:00:00 UTC",30.4,0,"2026-08-08 21:09:45.914 UTC",30.4,"2026-08-08 21:09:45.914 UTC","2026-08-14 21:00:00 UTC"] -Duration: 0ms
[08/08/2026 23:09:45] PRISMA: INSERT INTO "public"."Weather_Forecast" ("time","temp","SolarRay","updatedAt") VALUES ($1,$2,$3,$4)  -Params: ["2026-08-14 22:00:00 UTC",29.3,0,"2026-08-08 21:09:45.915 UTC",29.3,"2026-08-08 21:09:45.915 UTC","2026-08-14 22:00:00 UTC"] -Duration: 0ms
[08/08/2026 23:09:45] PRISMA: INSERT INTO "public"."Weather_Forecast" ("time","temp","SolarRay","updatedAt") VALUES ($1,$2,$3,$4)  -Params: ["2026-08-14 23:00:00 UTC",28.3,0,"2026-08-08 21:09:45.915 UTC",28.3,"2026-08-08 21:09:45.915 UTC","2026-08-14 23:00:00 UTC"] -Duration: 0ms
[08/08/2026 23:09:45] PRISMA: SELECT "public"."User"."id", "public"."User"."username", "public"."User"."password_hash", "public"." -Params: ["Parents",1,0] -Duration: 1ms
[08/08/2026 23:09:46] PRISMA: INSERT INTO "public"."User" ("username","password_hash","createdAt") VALUES ($1,$2,$3) RETURNING "pu -Params: ["Parents","$2b$12$23EN8DD.aIwqng800X4v4urF9eDwY467xhAVtzTDy.vmWWOXHyxmC","2026-08-08 21:09:46.164 UTC"] -Duration: 1ms
[08/08/2026 23:09:56] PRISMA: SELECT "public"."Miele_Token"."id", "public"."Miele_Token"."accessToken", "public"."Miele_Token"."re -Params: [1,1,0] -Duration: 6ms
[08/08/2026 23:09:56] PRISMA: SELECT "public"."Miele_Token"."id", "public"."Miele_Token"."accessToken", "public"."Miele_Token"."re -Params: [1,1,0] -Duration: 2ms
[08/08/2026 23:10:00] PRISMA: SELECT "public"."PushNotif"."id", "public"."PushNotif"."createdAt", "public"."PushNotif"."sendAt", " -Params: ["2026-08-08 21:10:00.037 UTC",0] -Duration: 2ms
[08/08/2026 23:10:00] PRISMA: SELECT "public"."PushNotif"."id", "public"."PushNotif"."createdAt", "public"."PushNotif"."sendAt", " -Params: [0] -Duration: 0ms
[08/08/2026 23:10:00] PRISMA: SELECT "public"."Washing_Program"."id", "public"."Washing_Program"."deviceId", "public"."Washing_Pro -Params: [1,0] -Duration: 3ms
[08/08/2026 23:10:03] PRISMA: INSERT INTO "public"."Solar_Data" ("hour","Watts","total") VALUES ($1,$2,$3) RETURNING "public"."Sol -Params: ["2026-08-08 21:10:03.356 UTC",0,38942] -Duration: 5ms
[08/08/2026 23:10:26] PRISMA: SELECT 1 -Params: [] -Duration: 3ms
[08/08/2026 23:10:26] PRISMA: SELECT 1 -Params: [] -Duration: 1ms
[08/08/2026 23:10:26] PRISMA: SELECT "public"."Miele_Token"."id", "public"."Miele_Token"."accessToken", "public"."Miele_Token"."re -Params: [1,1,0] -Duration: 1ms
[08/08/2026 23:10:26] PRISMA: SELECT "public"."Miele_Token"."id", "public"."Miele_Token"."accessToken", "public"."Miele_Token"."re -Params: [1,1,0] -Duration: 0ms
[08/08/2026 23:10:56] PRISMA: SELECT 1 -Params: [] -Duration: 2ms
[08/08/2026 23:10:56] PRISMA: SELECT 1 -Params: [] -Duration: 1ms
[08/08/2026 23:10:56] PRISMA: SELECT "public"."Miele_Token"."id", "public"."Miele_Token"."accessToken", "public"."Miele_Token"."re -Params: [1,1,0] -Duration: 3ms
[08/08/2026 23:10:56] PRISMA: SELECT "public"."Miele_Token"."id", "public"."Miele_Token"."accessToken", "public"."Miele_Token"."re -Params: [1,1,0] -Duration: 3ms
[08/08/2026 23:11:00] PRISMA: SELECT "public"."PushNotif"."id", "public"."PushNotif"."createdAt", "public"."PushNotif"."sendAt", " -Params: ["2026-08-08 21:11:00.026 UTC",0] -Duration: 0ms
[08/08/2026 23:11:00] PRISMA: SELECT "public"."PushNotif"."id", "public"."PushNotif"."createdAt", "public"."PushNotif"."sendAt", " -Params: [0] -Duration: 0ms
[08/08/2026 23:11:00] PRISMA: SELECT "public"."Washing_Program"."id", "public"."Washing_Program"."deviceId", "public"."Washing_Pro -Params: [1,0] -Duration: 0ms
[08/08/2026 23:11:10] PRISMA: SELECT "public"."Solar_Data"."id", "public"."Solar_Data"."hour", "public"."Solar_Data"."Watts", "pub -Params: ["2026-08-07 21:11:10.562 UTC","2026-08-08 21:11:10.562 UTC",0] -Duration: 10ms
[08/08/2026 23:11:10] PRISMA: SELECT "public"."Weather_Forecast"."id", "public"."Weather_Forecast"."time", "public"."Weather_Forec -Params: ["2026-08-08 09:11:10.552 UTC","2026-08-09 08:11:10.552 UTC",0] -Duration: 13ms
[08/08/2026 23:11:10] PRISMA: SELECT "public"."Washing_Program"."id", "public"."Washing_Program"."deviceId", "public"."Washing_Pro -Params: [5,0] -Duration: 0ms
[08/08/2026 23:11:10] PRISMA: SELECT "public"."User"."id" FROM "public"."User" WHERE ("public"."User"."id" = $1 AND 1=1) LIMIT $2  -Params: [1,1,0] -Duration: 4ms
[08/08/2026 23:11:10] PRISMA: SELECT "public"."Miele_Token"."id", "public"."Miele_Token"."accessToken", "public"."Miele_Token"."re -Params: [1,0] -Duration: 0ms
[08/08/2026 23:11:16] PRISMA: SELECT 1 -Params: [] -Duration: 14ms
[08/08/2026 23:11:16] PRISMA: INSERT INTO "public"."Miele_Token" ("accessToken","refreshToken","expiresAt","userId") VALUES ($1,$2 -Params: ["BE_deed60d3f345fc1011d06e86604fd09e","BE_6d3788e0ecc54eaa55c91a653458fb55","2026-08-08 23:11:16 UTC",1,"BE_deed60d3f345fc1011d06e86604fd09e","BE_6d3788e0ecc54eaa55c91a653458fb55","2026-08-08 23:11:16 UTC",1] -Duration: 11ms
[08/08/2026 23:11:17] PRISMA: SELECT "public"."Weather_Forecast"."id", "public"."Weather_Forecast"."time", "public"."Weather_Forec -Params: ["2026-08-08 09:11:17.025 UTC","2026-08-09 08:11:17.025 UTC",0] -Duration: 10ms
[08/08/2026 23:11:17] PRISMA: SELECT "public"."Solar_Data"."id", "public"."Solar_Data"."hour", "public"."Solar_Data"."Watts", "pub -Params: ["2026-08-07 21:11:17.037 UTC","2026-08-08 21:11:17.037 UTC",0] -Duration: 5ms
[08/08/2026 23:11:17] PRISMA: SELECT "public"."Washing_Program"."id", "public"."Washing_Program"."deviceId", "public"."Washing_Pro -Params: [5,0] -Duration: 0ms
[08/08/2026 23:11:17] PRISMA: SELECT "public"."User"."id" FROM "public"."User" WHERE ("public"."User"."id" = $1 AND 1=1) LIMIT $2  -Params: [1,1,0] -Duration: 0ms
[08/08/2026 23:11:17] PRISMA: SELECT "public"."Miele_Token"."id", "public"."Miele_Token"."accessToken", "public"."Miele_Token"."re -Params: [1,0] -Duration: 0ms
[08/08/2026 23:11:17] PRISMA: SELECT "public"."Miele_Token"."id", "public"."Miele_Token"."accessToken", "public"."Miele_Token"."re -Params: [1,1,0] -Duration: 0ms
[08/08/2026 23:11:23] PRISMA: SELECT 1 -Params: [] -Duration: 4ms
[08/08/2026 23:11:23] PRISMA: SELECT "public"."Miele_Token"."id", "public"."Miele_Token"."accessToken", "public"."Miele_Token"."re -Params: [1,1,0] -Duration: 1ms
[08/08/2026 23:11:23] PRISMA: SELECT "public"."Miele_Token"."id", "public"."Miele_Token"."accessToken", "public"."Miele_Token"."re -Params: [1,1,0] -Duration: 8ms
[08/08/2026 23:11:43] PRISMA: SELECT 1 -Params: [] -Duration: 4ms
[08/08/2026 23:11:43] PRISMA: SELECT 1 -Params: [] -Duration: 4ms
[08/08/2026 23:11:43] PRISMA: INSERT INTO "public"."PushNotif" ("createdAt","sendAt","type") VALUES ($1,$2,$3) RETURNING "public". -Params: ["2026-08-08 21:11:43.272 UTC","2026-08-08 21:16:43.272 UTC",1] -Duration: 5ms
[08/08/2026 23:11:43] PRISMA: INSERT INTO "public"."Washing_Program" ("deviceId","type","name","createdAt","startAt","finished","a -Params: ["000185936843",122,"Express 20","2026-08-08 21:11:43.272 UTC","2026-08-08 21:16:43.272 UTC",false,1] -Duration: 5ms
[08/08/2026 23:11:43] PRISMA: INSERT INTO "public"."PushNotif" ("createdAt","sendAt","type") VALUES ($1,$2,$3) RETURNING "public". -Params: ["2026-08-08 21:11:43.290 UTC","2026-08-08 21:36:43.290 UTC",3] -Duration: 0ms
[08/08/2026 23:11:43] PRISMA: INSERT INTO "public"."PushNotif" ("createdAt","sendAt","type") VALUES ($1,$2,$3) RETURNING "public". -Params: ["2026-08-08 21:11:43.290 UTC","2026-08-08 21:11:43.290 UTC",1] -Duration: 1ms
[08/08/2026 23:11:43] PRISMA: SELECT "public"."Miele_Token"."id", "public"."Miele_Token"."accessToken", "public"."Miele_Token"."re -Params: [1,1,0] -Duration: 0ms
[08/08/2026 23:11:43] PRISMA: SELECT "public"."Miele_Token"."id", "public"."Miele_Token"."accessToken", "public"."Miele_Token"."re -Params: [1,1,0] -Duration: 0ms
[08/08/2026 23:11:54] PRISMA: SELECT "public"."Miele_Token"."id", "public"."Miele_Token"."accessToken", "public"."Miele_Token"."re -Params: [1,1,0] -Duration: 1ms
[08/08/2026 23:11:54] PRISMA: SELECT "public"."Miele_Token"."id", "public"."Miele_Token"."accessToken", "public"."Miele_Token"."re -Params: [1,1,0] -Duration: 2ms
[08/08/2026 23:12:00] PRISMA: SELECT 1 -Params: [] -Duration: 2ms
[08/08/2026 23:12:00] PRISMA: SELECT "public"."PushNotif"."id", "public"."PushNotif"."createdAt", "public"."PushNotif"."sendAt", " -Params: ["2026-08-08 21:12:00.027 UTC",0] -Duration: 1ms
[08/08/2026 23:12:00] PRISMA: SELECT "public"."PushSubscription"."id", "public"."PushSubscription"."userId", "public"."PushSubscri -Params: [0] -Duration: 3ms
[08/08/2026 23:12:00] PRISMA: DELETE FROM "public"."PushNotif" WHERE ("public"."PushNotif"."id" = $1 AND 1=1) RETURNING "public"." -Params: [3] -Duration: 1ms
[08/08/2026 23:12:00] PRISMA: SELECT "public"."Washing_Program"."id", "public"."Washing_Program"."deviceId", "public"."Washing_Pro -Params: ["2026-08-08 21:11:43.290 UTC",0] -Duration: 0ms
[08/08/2026 23:12:00] PRISMA: UPDATE "public"."Washing_Program" SET "finished" = $1 WHERE ("public"."Washing_Program"."id" = $2 AN -Params: [true,1] -Duration: 1ms
[08/08/2026 23:12:00] PRISMA: SELECT "public"."PushNotif"."id", "public"."PushNotif"."createdAt", "public"."PushNotif"."sendAt", " -Params: [0] -Duration: 0ms
[08/08/2026 23:12:00] PRISMA: SELECT "public"."Washing_Program"."id", "public"."Washing_Program"."deviceId", "public"."Washing_Pro -Params: [1,0] -Duration: 0ms
[08/08/2026 23:12:00] PRISMA: SELECT "public"."Miele_Token"."id", "public"."Miele_Token"."accessToken", "public"."Miele_Token"."re -Params: [1,1,0] -Duration: 0ms
[08/08/2026 23:12:02] PRISMA: INSERT INTO "public"."PushNotif" ("createdAt","sendAt","type") VALUES ($1,$2,$3) RETURNING "public". -Params: ["2026-08-08 21:12:02.083 UTC","2026-08-08 21:12:02.083 UTC",2] -Duration: 2ms
[08/08/2026 23:12:24] PRISMA: SELECT 1 -Params: [] -Duration: 6ms
[08/08/2026 23:12:24] PRISMA: SELECT 1 -Params: [] -Duration: 0ms
[08/08/2026 23:12:24] PRISMA: SELECT "public"."Miele_Token"."id", "public"."Miele_Token"."accessToken", "public"."Miele_Token"."re -Params: [1,1,0] -Duration: 1ms
[08/08/2026 23:12:24] PRISMA: SELECT "public"."Miele_Token"."id", "public"."Miele_Token"."accessToken", "public"."Miele_Token"."re -Params: [1,1,0] -Duration: 0ms
[08/08/2026 23:12:54] PRISMA: SELECT 1 -Params: [] -Duration: 7ms
[08/08/2026 23:12:54] PRISMA: SELECT 1 -Params: [] -Duration: 7ms
[08/08/2026 23:12:54] PRISMA: SELECT "public"."Miele_Token"."id", "public"."Miele_Token"."accessToken", "public"."Miele_Token"."re -Params: [1,1,0] -Duration: 1ms
[08/08/2026 23:12:54] PRISMA: SELECT "public"."Miele_Token"."id", "public"."Miele_Token"."accessToken", "public"."Miele_Token"."re -Params: [1,1,0] -Duration: 1ms
[08/08/2026 23:13:00] PRISMA: SELECT "public"."PushNotif"."id", "public"."PushNotif"."createdAt", "public"."PushNotif"."sendAt", " -Params: ["2026-08-08 21:13:00.033 UTC",0] -Duration: 1ms
[08/08/2026 23:13:00] PRISMA: SELECT "public"."PushSubscription"."id", "public"."PushSubscription"."userId", "public"."PushSubscri -Params: [0] -Duration: 3ms
[08/08/2026 23:13:00] PRISMA: DELETE FROM "public"."PushNotif" WHERE ("public"."PushNotif"."id" = $1 AND 1=1) RETURNING "public"." -Params: [4] -Duration: 1ms
[08/08/2026 23:13:00] PRISMA: SELECT "public"."Washing_Program"."id", "public"."Washing_Program"."deviceId", "public"."Washing_Pro -Params: ["2026-08-08 21:12:02.083 UTC",0] -Duration: 1ms
[08/08/2026 23:13:00] PRISMA: UPDATE "public"."Washing_Program" SET "finished" = $1 WHERE ("public"."Washing_Program"."id" = $2 AN -Params: [true,1] -Duration: 4ms
[08/08/2026 23:13:00] PRISMA: SELECT "public"."PushNotif"."id", "public"."PushNotif"."createdAt", "public"."PushNotif"."sendAt", " -Params: [0] -Duration: 0ms
[08/08/2026 23:13:00] PRISMA: SELECT "public"."Washing_Program"."id", "public"."Washing_Program"."deviceId", "public"."Washing_Pro -Params: [1,0] -Duration: 1ms
[08/08/2026 23:13:00] PRISMA: SELECT "public"."Miele_Token"."id", "public"."Miele_Token"."accessToken", "public"."Miele_Token"."re -Params: [1,1,0] -Duration: 0ms
[08/08/2026 23:13:24] PRISMA: SELECT 1 -Params: [] -Duration: 1ms
[08/08/2026 23:13:24] PRISMA: SELECT 1 -Params: [] -Duration: 1ms
[08/08/2026 23:13:24] PRISMA: SELECT "public"."Miele_Token"."id", "public"."Miele_Token"."accessToken", "public"."Miele_Token"."re -Params: [1,1,0] -Duration: 1ms
[08/08/2026 23:13:24] PRISMA: SELECT "public"."Miele_Token"."id", "public"."Miele_Token"."accessToken", "public"."Miele_Token"."re -Params: [1,1,0] -Duration: 1ms
[08/08/2026 23:13:54] PRISMA: SELECT 1 -Params: [] -Duration: 10ms
[08/08/2026 23:13:54] PRISMA: SELECT 1 -Params: [] -Duration: 9ms
[08/08/2026 23:13:54] PRISMA: SELECT "public"."Miele_Token"."id", "public"."Miele_Token"."accessToken", "public"."Miele_Token"."re -Params: [1,1,0] -Duration: 2ms
[08/08/2026 23:13:54] PRISMA: SELECT "public"."Miele_Token"."id", "public"."Miele_Token"."accessToken", "public"."Miele_Token"."re -Params: [1,1,0] -Duration: 6ms
[08/08/2026 23:14:00] PRISMA: SELECT "public"."PushNotif"."id", "public"."PushNotif"."createdAt", "public"."PushNotif"."sendAt", " -Params: ["2026-08-08 21:14:00.034 UTC",0] -Duration: 4ms
[08/08/2026 23:14:00] PRISMA: SELECT "public"."PushNotif"."id", "public"."PushNotif"."createdAt", "public"."PushNotif"."sendAt", " -Params: [0] -Duration: 0ms
[08/08/2026 23:14:00] PRISMA: SELECT "public"."Washing_Program"."id", "public"."Washing_Program"."deviceId", "public"."Washing_Pro -Params: [1,0] -Duration: 3ms
[08/08/2026 23:14:00] PRISMA: SELECT "public"."Miele_Token"."id", "public"."Miele_Token"."accessToken", "public"."Miele_Token"."re -Params: [1,1,0] -Duration: 0ms
[08/08/2026 23:14:24] PRISMA: SELECT 1 -Params: [] -Duration: 1ms
[08/08/2026 23:14:24] PRISMA: SELECT 1 -Params: [] -Duration: 1ms
[08/08/2026 23:14:24] PRISMA: SELECT "public"."Miele_Token"."id", "public"."Miele_Token"."accessToken", "public"."Miele_Token"."re -Params: [1,1,0] -Duration: 1ms
[08/08/2026 23:14:24] PRISMA: SELECT "public"."Miele_Token"."id", "public"."Miele_Token"."accessToken", "public"."Miele_Token"."re -Params: [1,1,0] -Duration: 1ms
[08/08/2026 23:15:00] PRISMA: SELECT "public"."PushNotif"."id", "public"."PushNotif"."createdAt", "public"."PushNotif"."sendAt", " -Params: ["2026-08-08 21:15:00.068 UTC",0] -Duration: 4ms
[08/08/2026 23:15:00] PRISMA: SELECT "public"."PushNotif"."id", "public"."PushNotif"."createdAt", "public"."PushNotif"."sendAt", " -Params: [0] -Duration: 0ms
[08/08/2026 23:15:00] PRISMA: SELECT "public"."Washing_Program"."id", "public"."Washing_Program"."deviceId", "public"."Washing_Pro -Params: [1,0] -Duration: 1ms
[08/08/2026 23:15:00] PRISMA: SELECT "public"."Miele_Token"."id", "public"."Miele_Token"."accessToken", "public"."Miele_Token"."re -Params: [1,1,0] -Duration: 0ms
[08/08/2026 23:15:06] PRISMA: INSERT INTO "public"."Solar_Data" ("hour","Watts","total") VALUES ($1,$2,$3) RETURNING "public"."Sol -Params: ["2026-08-08 21:15:06.456 UTC",0,38942] -Duration: 7ms
[08/08/2026 23:15:26] PRISMA: SELECT "public"."Weather_Forecast"."id", "public"."Weather_Forecast"."time", "public"."Weather_Forec -Params: ["2026-08-08 00:00:00 UTC",0] -Duration: 2ms
[08/08/2026 23:15:26] PRISMA: SELECT "public"."User"."id", "public"."User"."username", "public"."User"."password_hash", "public"." -Params: ["Parents",1,0] -Duration: 1ms
[08/08/2026 23:15:27] PRISMA: SELECT "public"."Miele_Token"."id", "public"."Miele_Token"."accessToken", "public"."Miele_Token"."re -Params: [1,1,0] -Duration: 2ms
[08/08/2026 23:15:27] PRISMA: SELECT "public"."Miele_Token"."id", "public"."Miele_Token"."accessToken", "public"."Miele_Token"."re -Params: [1,1,0] -Duration: 0ms
[08/08/2026 23:16:00] PRISMA: SELECT 1 -Params: [] -Duration: 4ms
[08/08/2026 23:16:00] PRISMA: SELECT "public"."PushNotif"."id", "public"."PushNotif"."createdAt", "public"."PushNotif"."sendAt", " -Params: ["2026-08-08 21:16:00.033 UTC",0] -Duration: 6ms
[08/08/2026 23:16:00] PRISMA: SELECT "public"."PushNotif"."id", "public"."PushNotif"."createdAt", "public"."PushNotif"."sendAt", " -Params: [0] -Duration: 0ms
[08/08/2026 23:16:27] PRISMA: SELECT 1 -Params: [] -Duration: 6ms
[08/08/2026 23:16:27] PRISMA: SELECT "public"."Miele_Token"."id", "public"."Miele_Token"."accessToken", "public"."Miele_Token"."re -Params: [1,1,0] -Duration: 3ms
[08/08/2026 23:16:27] PRISMA: SELECT "public"."Miele_Token"."id", "public"."Miele_Token"."accessToken", "public"."Miele_Token"."re -Params: [1,1,0] -Duration: 7ms
[08/08/2026 23:17:00] PRISMA: SELECT 1 -Params: [] -Duration: 5ms
[08/08/2026 23:17:00] PRISMA: SELECT "public"."PushNotif"."id", "public"."PushNotif"."createdAt", "public"."PushNotif"."sendAt", " -Params: ["2026-08-08 21:17:00.036 UTC",0] -Duration: 6ms
[08/08/2026 23:17:00] PRISMA: SELECT "public"."PushSubscription"."id", "public"."PushSubscription"."userId", "public"."PushSubscri -Params: [0] -Duration: 1ms
[08/08/2026 23:17:00] PRISMA: DELETE FROM "public"."PushNotif" WHERE ("public"."PushNotif"."id" = $1 AND 1=1) RETURNING "public"." -Params: [1] -Duration: 2ms
[08/08/2026 23:17:00] PRISMA: SELECT "public"."Washing_Program"."id", "public"."Washing_Program"."deviceId", "public"."Washing_Pro -Params: ["2026-08-08 21:11:43.272 UTC",0] -Duration: 0ms
[08/08/2026 23:17:00] PRISMA: UPDATE "public"."Washing_Program" SET "finished" = $1 WHERE ("public"."Washing_Program"."id" = $2 AN -Params: [true,1] -Duration: 1ms
[08/08/2026 23:17:00] PRISMA: SELECT "public"."PushNotif"."id", "public"."PushNotif"."createdAt", "public"."PushNotif"."sendAt", " -Params: [0] -Duration: 0ms
[08/08/2026 23:17:13] PRISMA: SELECT "public"."Weather_Forecast"."id", "public"."Weather_Forecast"."time", "public"."Weather_Forec -Params: ["2026-08-08 00:00:00 UTC",0] -Duration: 5ms
[08/08/2026 23:17:13] PRISMA: SELECT "public"."User"."id", "public"."User"."username", "public"."User"."password_hash", "public"." -Params: ["Parents",1,0] -Duration: 1ms
[08/08/2026 23:17:27] PRISMA: SELECT "public"."Miele_Token"."id", "public"."Miele_Token"."accessToken", "public"."Miele_Token"."re -Params: [1,1,0] -Duration: 6ms
[08/08/2026 23:17:27] PRISMA: SELECT "public"."Miele_Token"."id", "public"."Miele_Token"."accessToken", "public"."Miele_Token"."re -Params: [1,1,0] -Duration: 1ms
[08/08/2026 23:17:45] PRISMA: SELECT "public"."Weather_Forecast"."id", "public"."Weather_Forecast"."time", "public"."Weather_Forec -Params: ["2026-08-08 00:00:00 UTC",0] -Duration: 2ms
[08/08/2026 23:17:45] PRISMA: SELECT "public"."User"."id", "public"."User"."username", "public"."User"."password_hash", "public"." -Params: ["Parents",1,0] -Duration: 1ms
[08/08/2026 23:17:53] PRISMA: SELECT "public"."Weather_Forecast"."id", "public"."Weather_Forecast"."time", "public"."Weather_Forec -Params: ["2026-08-08 09:17:53.941 UTC","2026-08-09 08:17:53.941 UTC",0] -Duration: 5ms
[08/08/2026 23:17:53] PRISMA: SELECT "public"."Solar_Data"."id", "public"."Solar_Data"."hour", "public"."Solar_Data"."Watts", "pub -Params: ["2026-08-07 21:17:53.952 UTC","2026-08-08 21:17:53.952 UTC",0] -Duration: 2ms
[08/08/2026 23:17:53] PRISMA: SELECT "public"."User"."id" FROM "public"."User" WHERE ("public"."User"."id" = $1 AND 1=1) LIMIT $2  -Params: [1,1,0] -Duration: 1ms
[08/08/2026 23:17:53] PRISMA: SELECT "public"."Miele_Token"."id", "public"."Miele_Token"."accessToken", "public"."Miele_Token"."re -Params: [1,0] -Duration: 1ms
[08/08/2026 23:17:53] PRISMA: SELECT "public"."Washing_Program"."id", "public"."Washing_Program"."deviceId", "public"."Washing_Pro -Params: [5,0] -Duration: 2ms
[08/08/2026 23:17:53] PRISMA: SELECT "public"."User"."id", "public"."User"."username" FROM "public"."User" WHERE "public"."User"." -Params: [1,0] -Duration: 0ms
[08/08/2026 23:17:54] PRISMA: SELECT "public"."Miele_Token"."id", "public"."Miele_Token"."accessToken", "public"."Miele_Token"."re -Params: [1,1,0] -Duration: 0ms
[08/08/2026 23:17:57] PRISMA: SELECT "public"."Weather_Forecast"."id", "public"."Weather_Forecast"."time", "public"."Weather_Forec -Params: ["2026-08-08 09:17:57.146 UTC","2026-08-09 08:17:57.146 UTC",0] -Duration: 40ms
[08/08/2026 23:17:58] PRISMA: SELECT "public"."PushSubscription"."id", "public"."PushSubscription"."userId", "public"."PushSubscri -Params: ["https://fcm.googleapis.com/fcm/send/ex-usKa6W9Q:APA91bFCihoCqEHKtRz3Eh-yB7QcrlqmAm_6hgiq-Qze8PKyKYlXNCXcs0ZaoNgZ-e9erPwiURpSGuP5RcLI91f9cmfFdTHDWtz1Fr03_uflD9oRLYHCQbDwgH2oa5MsxVjGXVo-aao4",0] -Duration: 3ms
[08/08/2026 23:17:58] PRISMA: INSERT INTO "public"."PushSubscription" ("userId","endpoint","p256dh","auth","createdAt") VALUES ($1 -Params: [1,"https://fcm.googleapis.com/fcm/send/ex-usKa6W9Q:APA91bFCihoCqEHKtRz3Eh-yB7QcrlqmAm_6hgiq-Qze8PKyKYlXNCXcs0ZaoNgZ-e9erPwiURpSGuP5RcLI91f9cmfFdTHDWtz1Fr03_uflD9oRLYHCQbDwgH2oa5MsxVjGXVo-aao4","BInAYtcyMlqh3VO6I8hpDvXNFwyRE5KmQLWL21pDGHn2DXIi21H1q7C2FNa-hg7P84m4JqTnFo3N27rh7dIglZI","U5zaSoPBYprJLSgSd42nKg","2026-08-08 21:17:58.777 UTC",1,"BInAYtcyMlqh3VO6I8hpDvXNFwyRE5KmQLWL21pDGHn2DXIi21H1q7C2FNa-hg7P84m4JqTnFo3N27rh7dIglZI","U5zaSoPBYprJLSgSd42nKg","https://fcm.googleapis.com/fcm/send/ex-usKa6W9Q:APA91bFCihoCqEHKtRz3Eh-yB7QcrlqmAm_6hgiq-Qze8PKyKYlXNCXcs0ZaoNgZ-e9erPwiURpSGuP5RcLI91f9cmfFdTHDWtz1Fr03_uflD9oRLYHCQbDwgH2oa5MsxVjGXVo-aao4"] -Duration: 7ms
[08/08/2026 23:18:00] PRISMA: SELECT "public"."PushNotif"."id", "public"."PushNotif"."createdAt", "public"."PushNotif"."sendAt", " -Params: ["2026-08-08 21:18:00.025 UTC",0] -Duration: 3ms
[08/08/2026 23:18:00] PRISMA: SELECT "public"."PushNotif"."id", "public"."PushNotif"."createdAt", "public"."PushNotif"."sendAt", " -Params: [0] -Duration: 0ms
[08/08/2026 23:18:00] PRISMA: SELECT "public"."Washing_Program"."id", "public"."Washing_Program"."deviceId", "public"."Washing_Pro -Params: ["2026-08-08 21:18:00.034 UTC",false,1,0] -Duration: 1ms
[08/08/2026 23:18:00] PRISMA: SELECT "public"."Miele_Token"."id", "public"."Miele_Token"."accessToken", "public"."Miele_Token"."re -Params: [1,1,0] -Duration: 0ms
[08/08/2026 23:18:02] PRISMA: INSERT INTO "public"."PushNotif" ("createdAt","sendAt","type") VALUES ($1,$2,$3) RETURNING "public". -Params: ["2026-08-08 21:18:02.028 UTC","2026-08-08 21:18:02.028 UTC",2] -Duration: 2ms
[08/08/2026 23:18:27] PRISMA: SELECT 1 -Params: [] -Duration: 7ms
[08/08/2026 23:18:27] PRISMA: SELECT 1 -Params: [] -Duration: 4ms
[08/08/2026 23:18:27] PRISMA: SELECT "public"."Miele_Token"."id", "public"."Miele_Token"."accessToken", "public"."Miele_Token"."re -Params: [1,1,0] -Duration: 6ms
[08/08/2026 23:18:27] PRISMA: SELECT "public"."Miele_Token"."id", "public"."Miele_Token"."accessToken", "public"."Miele_Token"."re -Params: [1,1,0] -Duration: 10ms
[08/08/2026 23:18:27] PRISMA: SELECT "public"."Weather_Forecast"."id", "public"."Weather_Forecast"."time", "public"."Weather_Forec -Params: ["2026-08-08 09:18:27.795 UTC","2026-08-09 08:18:27.795 UTC",0] -Duration: 2ms
[08/08/2026 23:18:27] PRISMA: SELECT "public"."Solar_Data"."id", "public"."Solar_Data"."hour", "public"."Solar_Data"."Watts", "pub -Params: ["2026-08-07 21:18:27.802 UTC","2026-08-08 21:18:27.802 UTC",0] -Duration: 0ms
[08/08/2026 23:18:27] PRISMA: SELECT "public"."User"."id" FROM "public"."User" WHERE ("public"."User"."id" = $1 AND 1=1) LIMIT $2  -Params: [1,1,0] -Duration: 0ms
[08/08/2026 23:18:27] PRISMA: SELECT "public"."Washing_Program"."id", "public"."Washing_Program"."deviceId", "public"."Washing_Pro -Params: [5,0] -Duration: 2ms
[08/08/2026 23:18:27] PRISMA: SELECT "public"."Miele_Token"."id", "public"."Miele_Token"."accessToken", "public"."Miele_Token"."re -Params: [1,0] -Duration: 0ms
[08/08/2026 23:18:27] PRISMA: SELECT "public"."User"."id", "public"."User"."username" FROM "public"."User" WHERE "public"."User"." -Params: [1,0] -Duration: 0ms
[08/08/2026 23:18:27] PRISMA: SELECT "public"."Miele_Token"."id", "public"."Miele_Token"."accessToken", "public"."Miele_Token"."re -Params: [1,1,0] -Duration: 0ms
[08/08/2026 23:18:31] PRISMA: SELECT "public"."Weather_Forecast"."id", "public"."Weather_Forecast"."time", "public"."Weather_Forec -Params: ["2026-08-08 00:00:00 UTC",0] -Duration: 3ms
[08/08/2026 23:18:31] PRISMA: SELECT "public"."User"."id", "public"."User"."username", "public"."User"."password_hash", "public"." -Params: ["Parents",1,0] -Duration: 1ms
[08/08/2026 23:19:00] PRISMA: SELECT 1 -Params: [] -Duration: 3ms
[08/08/2026 23:19:00] PRISMA: SELECT "public"."PushNotif"."id", "public"."PushNotif"."createdAt", "public"."PushNotif"."sendAt", " -Params: ["2026-08-08 21:19:00.023 UTC",0] -Duration: 5ms
[08/08/2026 23:19:00] PRISMA: SELECT "public"."PushSubscription"."id", "public"."PushSubscription"."userId", "public"."PushSubscri -Params: [0] -Duration: 2ms
[08/08/2026 23:19:00] PRISMA: DELETE FROM "public"."PushNotif" WHERE ("public"."PushNotif"."id" = $1 AND 1=1) RETURNING "public"." -Params: [5] -Duration: 3ms
[08/08/2026 23:19:00] PRISMA: SELECT "public"."Washing_Program"."id", "public"."Washing_Program"."deviceId", "public"."Washing_Pro -Params: ["2026-08-08 21:18:02.028 UTC",0] -Duration: 1ms
[08/08/2026 23:19:00] PRISMA: UPDATE "public"."Washing_Program" SET "finished" = $1 WHERE ("public"."Washing_Program"."id" = $2 AN -Params: [true,1] -Duration: 1ms
[08/08/2026 23:19:00] PRISMA: SELECT "public"."PushNotif"."id", "public"."PushNotif"."createdAt", "public"."PushNotif"."sendAt", " -Params: [0] -Duration: 0ms
[08/08/2026 23:19:00] PRISMA: SELECT "public"."Washing_Program"."id", "public"."Washing_Program"."deviceId", "public"."Washing_Pro -Params: ["2026-08-08 21:19:00.256 UTC",false,1,0] -Duration: 1ms
[08/08/2026 23:19:26] PRISMA: SELECT 1 -Params: [] -Duration: 2ms
[08/08/2026 23:19:26] PRISMA: SELECT "public"."Weather_Forecast"."id", "public"."Weather_Forecast"."time", "public"."Weather_Forec -Params: ["2026-08-08 09:19:26.529 UTC","2026-08-09 08:19:26.529 UTC",0] -Duration: 2ms
[08/08/2026 23:19:26] PRISMA: SELECT "public"."Solar_Data"."id", "public"."Solar_Data"."hour", "public"."Solar_Data"."Watts", "pub -Params: ["2026-08-07 21:19:26.551 UTC","2026-08-08 21:19:26.551 UTC",0] -Duration: 2ms
[08/08/2026 23:19:26] PRISMA: SELECT "public"."Washing_Program"."id", "public"."Washing_Program"."deviceId", "public"."Washing_Pro -Params: [5,0] -Duration: 0ms
[08/08/2026 23:19:26] PRISMA: SELECT "public"."User"."id", "public"."User"."username" FROM "public"."User" WHERE "public"."User"." -Params: [1,0] -Duration: 0ms
[08/08/2026 23:19:26] PRISMA: SELECT "public"."User"."id" FROM "public"."User" WHERE ("public"."User"."id" = $1 AND 1=1) LIMIT $2  -Params: [1,1,0] -Duration: 0ms
[08/08/2026 23:19:26] PRISMA: SELECT "public"."Miele_Token"."id", "public"."Miele_Token"."accessToken", "public"."Miele_Token"."re -Params: [1,0] -Duration: 1ms
[08/08/2026 23:19:26] PRISMA: SELECT "public"."Miele_Token"."id", "public"."Miele_Token"."accessToken", "public"."Miele_Token"."re -Params: [1,1,0] -Duration: 0ms
[08/08/2026 23:20:00] PRISMA: SELECT 1 -Params: [] -Duration: 6ms
[08/08/2026 23:20:00] PRISMA: SELECT "public"."PushNotif"."id", "public"."PushNotif"."createdAt", "public"."PushNotif"."sendAt", " -Params: ["2026-08-08 21:20:00.125 UTC",0] -Duration: 1ms
[08/08/2026 23:20:00] PRISMA: SELECT "public"."PushNotif"."id", "public"."PushNotif"."createdAt", "public"."PushNotif"."sendAt", " -Params: [0] -Duration: 0ms
[08/08/2026 23:20:00] PRISMA: SELECT "public"."Washing_Program"."id", "public"."Washing_Program"."deviceId", "public"."Washing_Pro -Params: ["2026-08-08 21:20:00.138 UTC",false,1,0] -Duration: 0ms
[08/08/2026 23:20:06] PRISMA: INSERT INTO "public"."Solar_Data" ("hour","Watts","total") VALUES ($1,$2,$3) RETURNING "public"."Sol -Params: ["2026-08-08 21:20:06.882 UTC",0,38942] -Duration: 4ms
[08/08/2026 23:21:00] PRISMA: SELECT 1 -Params: [] -Duration: 3ms
[08/08/2026 23:21:00] PRISMA: SELECT "public"."PushNotif"."id", "public"."PushNotif"."createdAt", "public"."PushNotif"."sendAt", " -Params: ["2026-08-08 21:21:00.103 UTC",0] -Duration: 2ms
[08/08/2026 23:21:00] PRISMA: SELECT "public"."PushNotif"."id", "public"."PushNotif"."createdAt", "public"."PushNotif"."sendAt", " -Params: [0] -Duration: 0ms
[08/08/2026 23:21:00] PRISMA: SELECT "public"."Washing_Program"."id", "public"."Washing_Program"."deviceId", "public"."Washing_Pro -Params: ["2026-08-08 21:21:00.123 UTC",false,1,0] -Duration: 0ms
[08/08/2026 23:22:00] PRISMA: SELECT 1 -Params: [] -Duration: 6ms
[08/08/2026 23:22:00] PRISMA: SELECT "public"."PushNotif"."id", "public"."PushNotif"."createdAt", "public"."PushNotif"."sendAt", " -Params: ["2026-08-08 21:22:00.063 UTC",0] -Duration: 1ms
[08/08/2026 23:22:00] PRISMA: SELECT "public"."PushNotif"."id", "public"."PushNotif"."createdAt", "public"."PushNotif"."sendAt", " -Params: [0] -Duration: 0ms
[08/08/2026 23:22:00] PRISMA: SELECT "public"."Washing_Program"."id", "public"."Washing_Program"."deviceId", "public"."Washing_Pro -Params: ["2026-08-08 21:22:00.081 UTC",false,1,0] -Duration: 3ms
[08/08/2026 23:22:17] PRISMA: SELECT "public"."Weather_Forecast"."id", "public"."Weather_Forecast"."time", "public"."Weather_Forec -Params: ["2026-08-08 00:00:00 UTC",0] -Duration: 8ms
[08/08/2026 23:22:17] PRISMA: SELECT "public"."User"."id", "public"."User"."username", "public"."User"."password_hash", "public"." -Params: ["Parents",1,0] -Duration: 1ms
[08/08/2026 23:22:58] PRISMA: SELECT 1 -Params: [] -Duration: 3ms
[08/08/2026 23:22:58] PRISMA: SELECT "public"."Weather_Forecast"."id", "public"."Weather_Forecast"."time", "public"."Weather_Forec -Params: ["2026-08-08 09:22:58.817 UTC","2026-08-09 08:22:58.817 UTC",0] -Duration: 10ms
[08/08/2026 23:22:58] PRISMA: SELECT "public"."Washing_Program"."id", "public"."Washing_Program"."deviceId", "public"."Washing_Pro -Params: [5,0] -Duration: 13ms
[08/08/2026 23:22:58] PRISMA: SELECT "public"."User"."id", "public"."User"."username" FROM "public"."User" WHERE "public"."User"." -Params: [1,0] -Duration: 0ms
[08/08/2026 23:22:58] PRISMA: SELECT "public"."User"."id" FROM "public"."User" WHERE ("public"."User"."id" = $1 AND 1=1) LIMIT $2  -Params: [1,1,0] -Duration: 9ms
[08/08/2026 23:22:58] PRISMA: SELECT "public"."Miele_Token"."id", "public"."Miele_Token"."accessToken", "public"."Miele_Token"."re -Params: [1,0] -Duration: 5ms
[08/08/2026 23:22:58] PRISMA: SELECT "public"."Solar_Data"."id", "public"."Solar_Data"."hour", "public"."Solar_Data"."Watts", "pub -Params: ["2026-08-07 21:22:58.825 UTC","2026-08-08 21:22:58.825 UTC",0] -Duration: 6ms
[08/08/2026 23:22:58] PRISMA: SELECT "public"."Miele_Token"."id", "public"."Miele_Token"."accessToken", "public"."Miele_Token"."re -Params: [1,1,0] -Duration: 1ms
[08/08/2026 23:23:00] PRISMA: SELECT "public"."PushNotif"."id", "public"."PushNotif"."createdAt", "public"."PushNotif"."sendAt", " -Params: ["2026-08-08 21:23:00.021 UTC",0] -Duration: 4ms
[08/08/2026 23:23:00] PRISMA: SELECT "public"."PushNotif"."id", "public"."PushNotif"."createdAt", "public"."PushNotif"."sendAt", " -Params: [0] -Duration: 0ms
[08/08/2026 23:23:00] PRISMA: SELECT "public"."Washing_Program"."id", "public"."Washing_Program"."deviceId", "public"."Washing_Pro -Params: ["2026-08-08 21:23:00.033 UTC",false,1,0] -Duration: 1ms
[08/08/2026 23:24:00] PRISMA: SELECT 1 -Params: [] -Duration: 6ms
[08/08/2026 23:24:00] PRISMA: SELECT "public"."PushNotif"."id", "public"."PushNotif"."createdAt", "public"."PushNotif"."sendAt", " -Params: ["2026-08-08 21:24:00.061 UTC",0] -Duration: 1ms
[08/08/2026 23:24:00] PRISMA: SELECT "public"."PushNotif"."id", "public"."PushNotif"."createdAt", "public"."PushNotif"."sendAt", " -Params: [0] -Duration: 0ms
[08/08/2026 23:24:00] PRISMA: SELECT "public"."Washing_Program"."id", "public"."Washing_Program"."deviceId", "public"."Washing_Pro -Params: ["2026-08-08 21:24:00.083 UTC",false,1,0] -Duration: 4ms
[08/08/2026 23:25:00] PRISMA: SELECT 1 -Params: [] -Duration: 2ms
[08/08/2026 23:25:00] PRISMA: SELECT "public"."PushNotif"."id", "public"."PushNotif"."createdAt", "public"."PushNotif"."sendAt", " -Params: ["2026-08-08 21:25:00.086 UTC",0] -Duration: 1ms
[08/08/2026 23:25:00] PRISMA: SELECT "public"."PushNotif"."id", "public"."PushNotif"."createdAt", "public"."PushNotif"."sendAt", " -Params: [0] -Duration: 0ms
[08/08/2026 23:25:00] PRISMA: SELECT "public"."Washing_Program"."id", "public"."Washing_Program"."deviceId", "public"."Washing_Pro -Params: ["2026-08-08 21:25:00.096 UTC",false,1,0] -Duration: 0ms
[08/08/2026 23:25:01] PRISMA: INSERT INTO "public"."Solar_Data" ("hour","Watts","total") VALUES ($1,$2,$3) RETURNING "public"."Sol -Params: ["2026-08-08 21:25:01.768 UTC",0,38942] -Duration: 7ms
[08/08/2026 23:25:29] PRISMA: SELECT 1 -Params: [] -Duration: 2ms
[08/08/2026 23:25:29] PRISMA: SELECT 1 -Params: [] -Duration: 1ms
[08/08/2026 23:25:29] PRISMA: SELECT "public"."Washing_Program"."id", "public"."Washing_Program"."deviceId", "public"."Washing_Pro -Params: [5,0] -Duration: 5ms
[08/08/2026 23:25:29] PRISMA: SELECT "public"."Solar_Data"."id", "public"."Solar_Data"."hour", "public"."Solar_Data"."Watts", "pub -Params: ["2026-08-07 21:25:29.922 UTC","2026-08-08 21:25:29.922 UTC",0] -Duration: 5ms
[08/08/2026 23:25:29] PRISMA: SELECT "public"."User"."id", "public"."User"."username" FROM "public"."User" WHERE "public"."User"." -Params: [1,0] -Duration: 0ms
[08/08/2026 23:25:29] PRISMA: SELECT "public"."Weather_Forecast"."id", "public"."Weather_Forecast"."time", "public"."Weather_Forec -Params: ["2026-08-08 09:25:29.934 UTC","2026-08-09 08:25:29.934 UTC",0] -Duration: 4ms
[08/08/2026 23:25:30] PRISMA: SELECT "public"."User"."id" FROM "public"."User" WHERE ("public"."User"."id" = $1 AND 1=1) LIMIT $2  -Params: [1,1,0] -Duration: 2ms
[08/08/2026 23:25:30] PRISMA: SELECT "public"."Miele_Token"."id", "public"."Miele_Token"."accessToken", "public"."Miele_Token"."re -Params: [1,0] -Duration: 1ms
[08/08/2026 23:25:37] PRISMA: SELECT "public"."Miele_Token"."id", "public"."Miele_Token"."accessToken", "public"."Miele_Token"."re -Params: [1,1,0] -Duration: 9ms
[08/08/2026 23:26:00] PRISMA: SELECT 1 -Params: [] -Duration: 7ms
[08/08/2026 23:26:00] PRISMA: SELECT "public"."PushNotif"."id", "public"."PushNotif"."createdAt", "public"."PushNotif"."sendAt", " -Params: ["2026-08-08 21:26:00.040 UTC",0] -Duration: 10ms
[08/08/2026 23:26:00] PRISMA: SELECT "public"."PushNotif"."id", "public"."PushNotif"."createdAt", "public"."PushNotif"."sendAt", " -Params: [0] -Duration: 0ms
[08/08/2026 23:26:00] PRISMA: SELECT "public"."Washing_Program"."id", "public"."Washing_Program"."deviceId", "public"."Washing_Pro -Params: ["2026-08-08 21:26:00.073 UTC",false,1,0] -Duration: 2ms
[08/08/2026 23:27:00] PRISMA: SELECT 1 -Params: [] -Duration: 3ms
[08/08/2026 23:27:00] PRISMA: SELECT "public"."PushNotif"."id", "public"."PushNotif"."createdAt", "public"."PushNotif"."sendAt", " -Params: ["2026-08-08 21:27:00.043 UTC",0] -Duration: 1ms
[08/08/2026 23:27:00] PRISMA: SELECT "public"."PushNotif"."id", "public"."PushNotif"."createdAt", "public"."PushNotif"."sendAt", " -Params: [0] -Duration: 0ms
[08/08/2026 23:27:00] PRISMA: SELECT "public"."Washing_Program"."id", "public"."Washing_Program"."deviceId", "public"."Washing_Pro -Params: ["2026-08-08 21:27:00.072 UTC",false,1,0] -Duration: 0ms
[08/08/2026 23:28:00] PRISMA: SELECT 1 -Params: [] -Duration: 3ms
[08/08/2026 23:28:00] PRISMA: SELECT "public"."PushNotif"."id", "public"."PushNotif"."createdAt", "public"."PushNotif"."sendAt", " -Params: ["2026-08-08 21:28:00.046 UTC",0] -Duration: 1ms
[08/08/2026 23:28:00] PRISMA: SELECT "public"."PushNotif"."id", "public"."PushNotif"."createdAt", "public"."PushNotif"."sendAt", " -Params: [0] -Duration: 0ms
[08/08/2026 23:28:00] PRISMA: SELECT "public"."Washing_Program"."id", "public"."Washing_Program"."deviceId", "public"."Washing_Pro -Params: ["2026-08-08 21:28:00.068 UTC",false,1,0] -Duration: 1ms
[08/08/2026 23:28:41] PRISMA: SELECT "public"."Weather_Forecast"."id", "public"."Weather_Forecast"."time", "public"."Weather_Forec -Params: ["2026-08-08 00:00:00 UTC",0] -Duration: 3ms
[08/08/2026 23:28:41] PRISMA: SELECT "public"."User"."id", "public"."User"."username", "public"."User"."password_hash", "public"." -Params: ["Parents",1,0] -Duration: 1ms
[08/08/2026 23:29:00] PRISMA: SELECT 1 -Params: [] -Duration: 2ms
[08/08/2026 23:29:00] PRISMA: SELECT "public"."PushNotif"."id", "public"."PushNotif"."createdAt", "public"."PushNotif"."sendAt", " -Params: ["2026-08-08 21:29:00.056 UTC",0] -Duration: 4ms
[08/08/2026 23:29:00] PRISMA: SELECT "public"."PushNotif"."id", "public"."PushNotif"."createdAt", "public"."PushNotif"."sendAt", " -Params: [0] -Duration: 0ms
[08/08/2026 23:29:00] PRISMA: SELECT "public"."Washing_Program"."id", "public"."Washing_Program"."deviceId", "public"."Washing_Pro -Params: ["2026-08-08 21:29:00.079 UTC",false,1,0] -Duration: 10ms
[08/08/2026 23:30:00] PRISMA: SELECT 1 -Params: [] -Duration: 3ms
[08/08/2026 23:30:00] PRISMA: SELECT "public"."PushNotif"."id", "public"."PushNotif"."createdAt", "public"."PushNotif"."sendAt", " -Params: ["2026-08-08 21:30:00.138 UTC",0] -Duration: 2ms
[08/08/2026 23:30:00] PRISMA: SELECT "public"."PushNotif"."id", "public"."PushNotif"."createdAt", "public"."PushNotif"."sendAt", " -Params: [0] -Duration: 0ms
[08/08/2026 23:30:00] PRISMA: SELECT "public"."Washing_Program"."id", "public"."Washing_Program"."deviceId", "public"."Washing_Pro -Params: ["2026-08-08 21:30:00.149 UTC",false,1,0] -Duration: 0ms
[08/08/2026 23:30:01] PRISMA: INSERT INTO "public"."Solar_Data" ("hour","Watts","total") VALUES ($1,$2,$3) RETURNING "public"."Sol -Params: ["2026-08-08 21:30:01.521 UTC",0,38942] -Duration: 23ms
[08/08/2026 23:30:14] PRISMA: SELECT "public"."Weather_Forecast"."id", "public"."Weather_Forecast"."time", "public"."Weather_Forec -Params: ["2026-08-08 00:00:00 UTC",0] -Duration: 3ms
[08/08/2026 23:30:14] PRISMA: SELECT "public"."User"."id", "public"."User"."username", "public"."User"."password_hash", "public"." -Params: ["Parents",1,0] -Duration: 1ms
[08/08/2026 23:30:28] PRISMA: SELECT "public"."Washing_Program"."id", "public"."Washing_Program"."deviceId", "public"."Washing_Pro -Params: [5,0] -Duration: 22ms
[08/08/2026 23:30:28] PRISMA: SELECT "public"."User"."id", "public"."User"."username" FROM "public"."User" WHERE "public"."User"." -Params: [1,0] -Duration: 2ms
[08/08/2026 23:30:28] PRISMA: SELECT "public"."User"."id" FROM "public"."User" WHERE ("public"."User"."id" = $1 AND 1=1) LIMIT $2  -Params: [1,1,0] -Duration: 4ms
[08/08/2026 23:30:28] PRISMA: SELECT "public"."Solar_Data"."id", "public"."Solar_Data"."hour", "public"."Solar_Data"."Watts", "pub -Params: ["2026-08-07 21:30:28.008 UTC","2026-08-08 21:30:28.008 UTC",0] -Duration: 5ms
[08/08/2026 23:30:28] PRISMA: SELECT "public"."Weather_Forecast"."id", "public"."Weather_Forecast"."time", "public"."Weather_Forec -Params: ["2026-08-08 09:30:28.017 UTC","2026-08-09 08:30:28.017 UTC",0] -Duration: 5ms
[08/08/2026 23:30:28] PRISMA: SELECT "public"."Miele_Token"."id", "public"."Miele_Token"."accessToken", "public"."Miele_Token"."re -Params: [1,0] -Duration: 2ms
[08/08/2026 23:30:28] PRISMA: SELECT "public"."Miele_Token"."id", "public"."Miele_Token"."accessToken", "public"."Miele_Token"."re -Params: [1,1,0] -Duration: 0ms
[08/08/2026 23:30:36] PRISMA: SELECT "public"."Weather_Forecast"."id", "public"."Weather_Forecast"."time", "public"."Weather_Forec -Params: ["2026-08-08 00:00:00 UTC",0] -Duration: 2ms
[08/08/2026 23:30:36] PRISMA: SELECT "public"."User"."id", "public"."User"."username", "public"."User"."password_hash", "public"." -Params: ["Parents",1,0] -Duration: 1ms
[08/08/2026 23:31:00] PRISMA: SELECT 1 -Params: [] -Duration: 7ms
[08/08/2026 23:31:00] PRISMA: SELECT "public"."PushNotif"."id", "public"."PushNotif"."createdAt", "public"."PushNotif"."sendAt", " -Params: ["2026-08-08 21:31:00.064 UTC",0] -Duration: 5ms
[08/08/2026 23:31:00] PRISMA: SELECT "public"."PushNotif"."id", "public"."PushNotif"."createdAt", "public"."PushNotif"."sendAt", " -Params: [0] -Duration: 1ms
[08/08/2026 23:31:00] PRISMA: SELECT "public"."Washing_Program"."id", "public"."Washing_Program"."deviceId", "public"."Washing_Pro -Params: ["2026-08-08 21:31:00.090 UTC",false,1,0] -Duration: 3ms
[08/08/2026 23:31:14] PRISMA: SELECT "public"."Weather_Forecast"."id", "public"."Weather_Forecast"."time", "public"."Weather_Forec -Params: ["2026-08-08 00:00:00 UTC",0] -Duration: 2ms
[08/08/2026 23:31:14] PRISMA: SELECT "public"."User"."id", "public"."User"."username", "public"."User"."password_hash", "public"." -Params: ["Parents",1,0] -Duration: 1ms
[08/08/2026 23:32:00] PRISMA: SELECT 1 -Params: [] -Duration: 3ms
[08/08/2026 23:32:00] PRISMA: SELECT "public"."PushNotif"."id", "public"."PushNotif"."createdAt", "public"."PushNotif"."sendAt", " -Params: ["2026-08-08 21:32:00.065 UTC",0] -Duration: 9ms
[08/08/2026 23:32:00] PRISMA: SELECT "public"."PushNotif"."id", "public"."PushNotif"."createdAt", "public"."PushNotif"."sendAt", " -Params: [0] -Duration: 0ms
[08/08/2026 23:32:00] PRISMA: SELECT "public"."Washing_Program"."id", "public"."Washing_Program"."deviceId", "public"."Washing_Pro -Params: ["2026-08-08 21:32:00.093 UTC",false,1,0] -Duration: 7ms
[08/08/2026 23:32:07] PRISMA: SELECT "public"."Weather_Forecast"."id", "public"."Weather_Forecast"."time", "public"."Weather_Forec -Params: ["2026-08-08 00:00:00 UTC",0] -Duration: 2ms
[08/08/2026 23:32:07] PRISMA: SELECT "public"."User"."id", "public"."User"."username", "public"."User"."password_hash", "public"." -Params: ["Parents",1,0] -Duration: 1ms
[08/08/2026 23:32:22] PRISMA: SELECT "public"."Weather_Forecast"."id", "public"."Weather_Forecast"."time", "public"."Weather_Forec -Params: ["2026-08-08 00:00:00 UTC",0] -Duration: 2ms
[08/08/2026 23:32:22] PRISMA: SELECT "public"."User"."id", "public"."User"."username", "public"."User"."password_hash", "public"." -Params: ["Parents",1,0] -Duration: 1ms
[08/08/2026 23:33:00] PRISMA: SELECT 1 -Params: [] -Duration: 3ms
[08/08/2026 23:33:00] PRISMA: SELECT "public"."PushNotif"."id", "public"."PushNotif"."createdAt", "public"."PushNotif"."sendAt", " -Params: ["2026-08-08 21:33:00.074 UTC",0] -Duration: 7ms
[08/08/2026 23:33:00] PRISMA: SELECT "public"."PushNotif"."id", "public"."PushNotif"."createdAt", "public"."PushNotif"."sendAt", " -Params: [0] -Duration: 0ms
[08/08/2026 23:33:00] PRISMA: SELECT "public"."Washing_Program"."id", "public"."Washing_Program"."deviceId", "public"."Washing_Pro -Params: ["2026-08-08 21:33:00.105 UTC",false,1,0] -Duration: 5ms
[08/08/2026 23:33:07] PRISMA: SELECT "public"."Weather_Forecast"."id", "public"."Weather_Forecast"."time", "public"."Weather_Forec -Params: ["2026-08-08 00:00:00 UTC",0] -Duration: 2ms
[08/08/2026 23:33:07] PRISMA: SELECT "public"."User"."id", "public"."User"."username", "public"."User"."password_hash", "public"." -Params: ["Parents",1,0] -Duration: 1ms
[08/08/2026 23:33:38] PRISMA: SELECT "public"."Weather_Forecast"."id", "public"."Weather_Forecast"."time", "public"."Weather_Forec -Params: ["2026-08-08 00:00:00 UTC",0] -Duration: 4ms
[08/08/2026 23:33:38] PRISMA: SELECT "public"."User"."id", "public"."User"."username", "public"."User"."password_hash", "public"." -Params: ["Parents",1,0] -Duration: 1ms
[08/08/2026 23:33:48] PRISMA: SELECT "public"."Weather_Forecast"."id", "public"."Weather_Forecast"."time", "public"."Weather_Forec -Params: ["2026-08-08 00:00:00 UTC",0] -Duration: 2ms
[08/08/2026 23:33:48] PRISMA: SELECT "public"."User"."id", "public"."User"."username", "public"."User"."password_hash", "public"." -Params: ["Parents",1,0] -Duration: 1ms
[08/08/2026 23:34:00] PRISMA: SELECT "public"."PushNotif"."id", "public"."PushNotif"."createdAt", "public"."PushNotif"."sendAt", " -Params: ["2026-08-08 21:34:00.037 UTC",0] -Duration: 7ms
[08/08/2026 23:34:00] PRISMA: SELECT "public"."PushNotif"."id", "public"."PushNotif"."createdAt", "public"."PushNotif"."sendAt", " -Params: [0] -Duration: 0ms
[08/08/2026 23:34:00] PRISMA: SELECT "public"."Washing_Program"."id", "public"."Washing_Program"."deviceId", "public"."Washing_Pro -Params: ["2026-08-08 21:34:00.058 UTC",false,1,0] -Duration: 8ms
[08/08/2026 23:34:01] PRISMA: SELECT "public"."Weather_Forecast"."id", "public"."Weather_Forecast"."time", "public"."Weather_Forec -Params: ["2026-08-08 00:00:00 UTC",0] -Duration: 3ms
[08/08/2026 23:34:01] PRISMA: SELECT "public"."User"."id", "public"."User"."username", "public"."User"."password_hash", "public"." -Params: ["Parents",1,0] -Duration: 13ms
[08/08/2026 23:34:31] PRISMA: SELECT "public"."Weather_Forecast"."id", "public"."Weather_Forecast"."time", "public"."Weather_Forec -Params: ["2026-08-08 00:00:00 UTC",0] -Duration: 6ms
[08/08/2026 23:34:31] PRISMA: SELECT "public"."User"."id", "public"."User"."username", "public"."User"."password_hash", "public"." -Params: ["Parents",1,0] -Duration: 1ms
[08/08/2026 23:34:58] PRISMA: SELECT 1 -Params: [] -Duration: 3ms
[08/08/2026 23:34:58] PRISMA: SELECT "public"."Washing_Program"."id", "public"."Washing_Program"."deviceId", "public"."Washing_Pro -Params: [5,0] -Duration: 11ms
[08/08/2026 23:34:58] PRISMA: SELECT "public"."User"."id", "public"."User"."username" FROM "public"."User" WHERE "public"."User"." -Params: [1,0] -Duration: 1ms
[08/08/2026 23:34:58] PRISMA: SELECT "public"."Weather_Forecast"."id", "public"."Weather_Forecast"."time", "public"."Weather_Forec -Params: ["2026-08-08 09:34:58.709 UTC","2026-08-09 08:34:58.709 UTC",0] -Duration: 7ms
[08/08/2026 23:34:58] PRISMA: SELECT "public"."User"."id" FROM "public"."User" WHERE ("public"."User"."id" = $1 AND 1=1) LIMIT $2  -Params: [1,1,0] -Duration: 7ms
[08/08/2026 23:34:58] PRISMA: SELECT "public"."Miele_Token"."id", "public"."Miele_Token"."accessToken", "public"."Miele_Token"."re -Params: [1,0] -Duration: 2ms
[08/08/2026 23:34:58] PRISMA: SELECT "public"."Solar_Data"."id", "public"."Solar_Data"."hour", "public"."Solar_Data"."Watts", "pub -Params: ["2026-08-07 21:34:58.703 UTC","2026-08-08 21:34:58.703 UTC",0] -Duration: 3ms
[08/08/2026 23:34:58] PRISMA: SELECT "public"."Miele_Token"."id", "public"."Miele_Token"."accessToken", "public"."Miele_Token"."re -Params: [1,1,0] -Duration: 1ms
[08/08/2026 23:35:00] PRISMA: SELECT "public"."PushNotif"."id", "public"."PushNotif"."createdAt", "public"."PushNotif"."sendAt", " -Params: ["2026-08-08 21:35:00.038 UTC",0] -Duration: 2ms
[08/08/2026 23:35:00] PRISMA: SELECT "public"."PushNotif"."id", "public"."PushNotif"."createdAt", "public"."PushNotif"."sendAt", " -Params: [0] -Duration: 0ms
[08/08/2026 23:35:00] PRISMA: SELECT "public"."Washing_Program"."id", "public"."Washing_Program"."deviceId", "public"."Washing_Pro -Params: ["2026-08-08 21:35:00.044 UTC",false,1,0] -Duration: 1ms
[08/08/2026 23:35:05] PRISMA: INSERT INTO "public"."Solar_Data" ("hour","Watts","total") VALUES ($1,$2,$3) RETURNING "public"."Sol -Params: ["2026-08-08 21:35:05.388 UTC",0,38942] -Duration: 6ms
[08/08/2026 23:44:46] PRISMA: SELECT "public"."Weather_Forecast"."id", "public"."Weather_Forecast"."time", "public"."Weather_Forec -Params: ["2026-08-08 00:00:00 UTC",0] -Duration: 1ms
[08/08/2026 23:49:21] PRISMA: SELECT "public"."Weather_Forecast"."id", "public"."Weather_Forecast"."time", "public"."Weather_Forec -Params: ["2026-08-08 00:00:00 UTC",0] -Duration: 3ms
[08/08/2026 23:49:21] PRISMA: INSERT INTO "public"."Weather_Forecast" ("time","temp","SolarRay","updatedAt") VALUES ($1,$2,$3,$4)  -Params: ["2026-08-08 00:00:00 UTC",17.3,0,"2026-08-08 21:49:21.757 UTC",17.3,"2026-08-08 21:49:21.757 UTC","2026-08-08 00:00:00 UTC"] -Duration: 4ms
[08/08/2026 23:49:21] PRISMA: INSERT INTO "public"."Weather_Forecast" ("time","temp","SolarRay","updatedAt") VALUES ($1,$2,$3,$4)  -Params: ["2026-08-08 01:00:00 UTC",16.8,0,"2026-08-08 21:49:21.763 UTC",16.8,"2026-08-08 21:49:21.763 UTC","2026-08-08 01:00:00 UTC"] -Duration: 0ms
[08/08/2026 23:49:21] PRISMA: INSERT INTO "public"."Weather_Forecast" ("time","temp","SolarRay","updatedAt") VALUES ($1,$2,$3,$4)  -Params: ["2026-08-08 02:00:00 UTC",16.1,0,"2026-08-08 21:49:21.765 UTC",16.1,"2026-08-08 21:49:21.765 UTC","2026-08-08 02:00:00 UTC"] -Duration: 0ms
[08/08/2026 23:49:21] PRISMA: INSERT INTO "public"."Weather_Forecast" ("time","temp","SolarRay","updatedAt") VALUES ($1,$2,$3,$4)  -Params: ["2026-08-08 03:00:00 UTC",15.5,0,"2026-08-08 21:49:21.767 UTC",15.5,"2026-08-08 21:49:21.767 UTC","2026-08-08 03:00:00 UTC"] -Duration: 0ms
[08/08/2026 23:49:21] PRISMA: INSERT INTO "public"."Weather_Forecast" ("time","temp","SolarRay","updatedAt") VALUES ($1,$2,$3,$4)  -Params: ["2026-08-08 04:00:00 UTC",15.1,0,"2026-08-08 21:49:21.769 UTC",15.1,"2026-08-08 21:49:21.769 UTC","2026-08-08 04:00:00 UTC"] -Duration: 0ms
[08/08/2026 23:49:21] PRISMA: INSERT INTO "public"."Weather_Forecast" ("time","temp","SolarRay","updatedAt") VALUES ($1,$2,$3,$4)  -Params: ["2026-08-08 05:00:00 UTC",15.1,15,"2026-08-08 21:49:21.770 UTC",15.1,"2026-08-08 21:49:21.770 UTC","2026-08-08 05:00:00 UTC"] -Duration: 0ms
[08/08/2026 23:49:21] PRISMA: INSERT INTO "public"."Weather_Forecast" ("time","temp","SolarRay","updatedAt") VALUES ($1,$2,$3,$4)  -Params: ["2026-08-08 06:00:00 UTC",16.8,121,"2026-08-08 21:49:21.771 UTC",16.8,"2026-08-08 21:49:21.771 UTC","2026-08-08 06:00:00 UTC"] -Duration: 0ms
[08/08/2026 23:49:21] PRISMA: INSERT INTO "public"."Weather_Forecast" ("time","temp","SolarRay","updatedAt") VALUES ($1,$2,$3,$4)  -Params: ["2026-08-08 07:00:00 UTC",19,277,"2026-08-08 21:49:21.774 UTC",19,"2026-08-08 21:49:21.774 UTC","2026-08-08 07:00:00 UTC"] -Duration: 0ms
[08/08/2026 23:49:21] PRISMA: INSERT INTO "public"."Weather_Forecast" ("time","temp","SolarRay","updatedAt") VALUES ($1,$2,$3,$4)  -Params: ["2026-08-08 08:00:00 UTC",21.1,440,"2026-08-08 21:49:21.775 UTC",21.1,"2026-08-08 21:49:21.775 UTC","2026-08-08 08:00:00 UTC"] -Duration: 0ms
[08/08/2026 23:49:21] PRISMA: INSERT INTO "public"."Weather_Forecast" ("time","temp","SolarRay","updatedAt") VALUES ($1,$2,$3,$4)  -Params: ["2026-08-08 09:00:00 UTC",22.4,587,"2026-08-08 21:49:21.776 UTC",22.4,"2026-08-08 21:49:21.776 UTC","2026-08-08 09:00:00 UTC"] -Duration: 0ms
[08/08/2026 23:49:21] PRISMA: INSERT INTO "public"."Weather_Forecast" ("time","temp","SolarRay","updatedAt") VALUES ($1,$2,$3,$4)  -Params: ["2026-08-08 10:00:00 UTC",23.8,711,"2026-08-08 21:49:21.777 UTC",23.8,"2026-08-08 21:49:21.777 UTC","2026-08-08 10:00:00 UTC"] -Duration: 0ms
[08/08/2026 23:49:21] PRISMA: INSERT INTO "public"."Weather_Forecast" ("time","temp","SolarRay","updatedAt") VALUES ($1,$2,$3,$4)  -Params: ["2026-08-08 11:00:00 UTC",25.2,803,"2026-08-08 21:49:21.778 UTC",25.2,"2026-08-08 21:49:21.778 UTC","2026-08-08 11:00:00 UTC"] -Duration: 0ms
[08/08/2026 23:49:21] PRISMA: INSERT INTO "public"."Weather_Forecast" ("time","temp","SolarRay","updatedAt") VALUES ($1,$2,$3,$4)  -Params: ["2026-08-08 12:00:00 UTC",26.4,833,"2026-08-08 21:49:21.778 UTC",26.4,"2026-08-08 21:49:21.778 UTC","2026-08-08 12:00:00 UTC"] -Duration: 0ms
[08/08/2026 23:49:21] PRISMA: INSERT INTO "public"."Weather_Forecast" ("time","temp","SolarRay","updatedAt") VALUES ($1,$2,$3,$4)  -Params: ["2026-08-08 13:00:00 UTC",27,832,"2026-08-08 21:49:21.779 UTC",27,"2026-08-08 21:49:21.779 UTC","2026-08-08 13:00:00 UTC"] -Duration: 0ms
[08/08/2026 23:49:21] PRISMA: INSERT INTO "public"."Weather_Forecast" ("time","temp","SolarRay","updatedAt") VALUES ($1,$2,$3,$4)  -Params: ["2026-08-08 14:00:00 UTC",28,776,"2026-08-08 21:49:21.780 UTC",28,"2026-08-08 21:49:21.780 UTC","2026-08-08 14:00:00 UTC"] -Duration: 0ms
[08/08/2026 23:49:21] PRISMA: INSERT INTO "public"."Weather_Forecast" ("time","temp","SolarRay","updatedAt") VALUES ($1,$2,$3,$4)  -Params: ["2026-08-08 15:00:00 UTC",28.3,665,"2026-08-08 21:49:21.781 UTC",28.3,"2026-08-08 21:49:21.781 UTC","2026-08-08 15:00:00 UTC"] -Duration: 0ms
[08/08/2026 23:49:21] PRISMA: INSERT INTO "public"."Weather_Forecast" ("time","temp","SolarRay","updatedAt") VALUES ($1,$2,$3,$4)  -Params: ["2026-08-08 16:00:00 UTC",28.1,532,"2026-08-08 21:49:21.782 UTC",28.1,"2026-08-08 21:49:21.782 UTC","2026-08-08 16:00:00 UTC"] -Duration: 0ms
[08/08/2026 23:49:21] PRISMA: INSERT INTO "public"."Weather_Forecast" ("time","temp","SolarRay","updatedAt") VALUES ($1,$2,$3,$4)  -Params: ["2026-08-08 17:00:00 UTC",27.4,321,"2026-08-08 21:49:21.782 UTC",27.4,"2026-08-08 21:49:21.782 UTC","2026-08-08 17:00:00 UTC"] -Duration: 0ms
[08/08/2026 23:49:21] PRISMA: INSERT INTO "public"."Weather_Forecast" ("time","temp","SolarRay","updatedAt") VALUES ($1,$2,$3,$4)  -Params: ["2026-08-08 18:00:00 UTC",26.7,201,"2026-08-08 21:49:21.783 UTC",26.7,"2026-08-08 21:49:21.783 UTC","2026-08-08 18:00:00 UTC"] -Duration: 0ms
[08/08/2026 23:49:21] PRISMA: INSERT INTO "public"."Weather_Forecast" ("time","temp","SolarRay","updatedAt") VALUES ($1,$2,$3,$4)  -Params: ["2026-08-08 19:00:00 UTC",25.5,67,"2026-08-08 21:49:21.784 UTC",25.5,"2026-08-08 21:49:21.784 UTC","2026-08-08 19:00:00 UTC"] -Duration: 0ms
[08/08/2026 23:49:21] PRISMA: INSERT INTO "public"."Weather_Forecast" ("time","temp","SolarRay","updatedAt") VALUES ($1,$2,$3,$4)  -Params: ["2026-08-08 20:00:00 UTC",24.2,1,"2026-08-08 21:49:21.784 UTC",24.2,"2026-08-08 21:49:21.784 UTC","2026-08-08 20:00:00 UTC"] -Duration: 0ms
[08/08/2026 23:49:21] PRISMA: INSERT INTO "public"."Weather_Forecast" ("time","temp","SolarRay","updatedAt") VALUES ($1,$2,$3,$4)  -Params: ["2026-08-08 21:00:00 UTC",22.9,0,"2026-08-08 21:49:21.785 UTC",22.9,"2026-08-08 21:49:21.785 UTC","2026-08-08 21:00:00 UTC"] -Duration: 0ms
[08/08/2026 23:49:21] PRISMA: INSERT INTO "public"."Weather_Forecast" ("time","temp","SolarRay","updatedAt") VALUES ($1,$2,$3,$4)  -Params: ["2026-08-08 22:00:00 UTC",22,0,"2026-08-08 21:49:21.786 UTC",22,"2026-08-08 21:49:21.786 UTC","2026-08-08 22:00:00 UTC"] -Duration: 0ms
[08/08/2026 23:49:21] PRISMA: INSERT INTO "public"."Weather_Forecast" ("time","temp","SolarRay","updatedAt") VALUES ($1,$2,$3,$4)  -Params: ["2026-08-08 23:00:00 UTC",21.5,0,"2026-08-08 21:49:21.786 UTC",21.5,"2026-08-08 21:49:21.786 UTC","2026-08-08 23:00:00 UTC"] -Duration: 0ms
[08/08/2026 23:49:21] PRISMA: INSERT INTO "public"."Weather_Forecast" ("time","temp","SolarRay","updatedAt") VALUES ($1,$2,$3,$4)  -Params: ["2026-08-09 00:00:00 UTC",20.6,0,"2026-08-08 21:49:21.787 UTC",20.6,"2026-08-08 21:49:21.787 UTC","2026-08-09 00:00:00 UTC"] -Duration: 0ms
[08/08/2026 23:49:21] PRISMA: INSERT INTO "public"."Weather_Forecast" ("time","temp","SolarRay","updatedAt") VALUES ($1,$2,$3,$4)  -Params: ["2026-08-09 01:00:00 UTC",20.1,0,"2026-08-08 21:49:21.788 UTC",20.1,"2026-08-08 21:49:21.788 UTC","2026-08-09 01:00:00 UTC"] -Duration: 0ms
[08/08/2026 23:49:21] PRISMA: INSERT INTO "public"."Weather_Forecast" ("time","temp","SolarRay","updatedAt") VALUES ($1,$2,$3,$4)  -Params: ["2026-08-09 02:00:00 UTC",19.3,0,"2026-08-08 21:49:21.789 UTC",19.3,"2026-08-08 21:49:21.789 UTC","2026-08-09 02:00:00 UTC"] -Duration: 0ms
[08/08/2026 23:49:21] PRISMA: INSERT INTO "public"."Weather_Forecast" ("time","temp","SolarRay","updatedAt") VALUES ($1,$2,$3,$4)  -Params: ["2026-08-09 03:00:00 UTC",18.6,0,"2026-08-08 21:49:21.789 UTC",18.6,"2026-08-08 21:49:21.789 UTC","2026-08-09 03:00:00 UTC"] -Duration: 0ms
[08/08/2026 23:49:21] PRISMA: INSERT INTO "public"."Weather_Forecast" ("time","temp","SolarRay","updatedAt") VALUES ($1,$2,$3,$4)  -Params: ["2026-08-09 04:00:00 UTC",18.2,0,"2026-08-08 21:49:21.790 UTC",18.2,"2026-08-08 21:49:21.790 UTC","2026-08-09 04:00:00 UTC"] -Duration: 0ms
[08/08/2026 23:49:21] PRISMA: INSERT INTO "public"."Weather_Forecast" ("time","temp","SolarRay","updatedAt") VALUES ($1,$2,$3,$4)  -Params: ["2026-08-09 05:00:00 UTC",18.6,13,"2026-08-08 21:49:21.791 UTC",18.6,"2026-08-08 21:49:21.791 UTC","2026-08-09 05:00:00 UTC"] -Duration: 0ms
[08/08/2026 23:49:21] PRISMA: INSERT INTO "public"."Weather_Forecast" ("time","temp","SolarRay","updatedAt") VALUES ($1,$2,$3,$4)  -Params: ["2026-08-09 06:00:00 UTC",21.2,114,"2026-08-08 21:49:21.791 UTC",21.2,"2026-08-08 21:49:21.791 UTC","2026-08-09 06:00:00 UTC"] -Duration: 0ms
[08/08/2026 23:49:21] PRISMA: INSERT INTO "public"."Weather_Forecast" ("time","temp","SolarRay","updatedAt") VALUES ($1,$2,$3,$4)  -Params: ["2026-08-09 07:00:00 UTC",25,269,"2026-08-08 21:49:21.792 UTC",25,"2026-08-08 21:49:21.792 UTC","2026-08-09 07:00:00 UTC"] -Duration: 0ms
[08/08/2026 23:49:21] PRISMA: INSERT INTO "public"."Weather_Forecast" ("time","temp","SolarRay","updatedAt") VALUES ($1,$2,$3,$4)  -Params: ["2026-08-09 08:00:00 UTC",27.5,427,"2026-08-08 21:49:21.793 UTC",27.5,"2026-08-08 21:49:21.793 UTC","2026-08-09 08:00:00 UTC"] -Duration: 0ms
[08/08/2026 23:49:21] PRISMA: INSERT INTO "public"."Weather_Forecast" ("time","temp","SolarRay","updatedAt") VALUES ($1,$2,$3,$4)  -Params: ["2026-08-09 09:00:00 UTC",29.1,571,"2026-08-08 21:49:21.793 UTC",29.1,"2026-08-08 21:49:21.793 UTC","2026-08-09 09:00:00 UTC"] -Duration: 0ms
[08/08/2026 23:49:21] PRISMA: INSERT INTO "public"."Weather_Forecast" ("time","temp","SolarRay","updatedAt") VALUES ($1,$2,$3,$4)  -Params: ["2026-08-09 10:00:00 UTC",29.7,572,"2026-08-08 21:49:21.794 UTC",29.7,"2026-08-08 21:49:21.794 UTC","2026-08-09 10:00:00 UTC"] -Duration: 0ms
[08/08/2026 23:49:21] PRISMA: INSERT INTO "public"."Weather_Forecast" ("time","temp","SolarRay","updatedAt") VALUES ($1,$2,$3,$4)  -Params: ["2026-08-09 11:00:00 UTC",28.6,199,"2026-08-08 21:49:21.794 UTC",28.6,"2026-08-08 21:49:21.794 UTC","2026-08-09 11:00:00 UTC"] -Duration: 0ms
[08/08/2026 23:49:21] PRISMA: INSERT INTO "public"."Weather_Forecast" ("time","temp","SolarRay","updatedAt") VALUES ($1,$2,$3,$4)  -Params: ["2026-08-09 12:00:00 UTC",28.6,136,"2026-08-08 21:49:21.795 UTC",28.6,"2026-08-08 21:49:21.795 UTC","2026-08-09 12:00:00 UTC"] -Duration: 0ms
[08/08/2026 23:49:21] PRISMA: INSERT INTO "public"."Weather_Forecast" ("time","temp","SolarRay","updatedAt") VALUES ($1,$2,$3,$4)  -Params: ["2026-08-09 13:00:00 UTC",28,131,"2026-08-08 21:49:21.795 UTC",28,"2026-08-08 21:49:21.795 UTC","2026-08-09 13:00:00 UTC"] -Duration: 0ms
[08/08/2026 23:49:21] PRISMA: INSERT INTO "public"."Weather_Forecast" ("time","temp","SolarRay","updatedAt") VALUES ($1,$2,$3,$4)  -Params: ["2026-08-09 14:00:00 UTC",27.3,113,"2026-08-08 21:49:21.796 UTC",27.3,"2026-08-08 21:49:21.796 UTC","2026-08-09 14:00:00 UTC"] -Duration: 0ms
[08/08/2026 23:49:21] PRISMA: INSERT INTO "public"."Weather_Forecast" ("time","temp","SolarRay","updatedAt") VALUES ($1,$2,$3,$4)  -Params: ["2026-08-09 15:00:00 UTC",26.7,73,"2026-08-08 21:49:21.797 UTC",26.7,"2026-08-08 21:49:21.797 UTC","2026-08-09 15:00:00 UTC"] -Duration: 0ms
[08/08/2026 23:49:21] PRISMA: INSERT INTO "public"."Weather_Forecast" ("time","temp","SolarRay","updatedAt") VALUES ($1,$2,$3,$4)  -Params: ["2026-08-09 16:00:00 UTC",27.4,131,"2026-08-08 21:49:21.797 UTC",27.4,"2026-08-08 21:49:21.797 UTC","2026-08-09 16:00:00 UTC"] -Duration: 0ms
[08/08/2026 23:49:21] PRISMA: INSERT INTO "public"."Weather_Forecast" ("time","temp","SolarRay","updatedAt") VALUES ($1,$2,$3,$4)  -Params: ["2026-08-09 17:00:00 UTC",28.4,277,"2026-08-08 21:49:21.798 UTC",28.4,"2026-08-08 21:49:21.798 UTC","2026-08-09 17:00:00 UTC"] -Duration: 0ms
[08/08/2026 23:49:21] PRISMA: INSERT INTO "public"."Weather_Forecast" ("time","temp","SolarRay","updatedAt") VALUES ($1,$2,$3,$4)  -Params: ["2026-08-09 18:00:00 UTC",28.1,198,"2026-08-08 21:49:21.798 UTC",28.1,"2026-08-08 21:49:21.798 UTC","2026-08-09 18:00:00 UTC"] -Duration: 0ms
[08/08/2026 23:49:21] PRISMA: INSERT INTO "public"."Weather_Forecast" ("time","temp","SolarRay","updatedAt") VALUES ($1,$2,$3,$4)  -Params: ["2026-08-09 19:00:00 UTC",27,56,"2026-08-08 21:49:21.799 UTC",27,"2026-08-08 21:49:21.799 UTC","2026-08-09 19:00:00 UTC"] -Duration: 0ms
[08/08/2026 23:49:21] PRISMA: INSERT INTO "public"."Weather_Forecast" ("time","temp","SolarRay","updatedAt") VALUES ($1,$2,$3,$4)  -Params: ["2026-08-09 20:00:00 UTC",26.1,0,"2026-08-08 21:49:21.799 UTC",26.1,"2026-08-08 21:49:21.799 UTC","2026-08-09 20:00:00 UTC"] -Duration: 0ms
[08/08/2026 23:49:21] PRISMA: INSERT INTO "public"."Weather_Forecast" ("time","temp","SolarRay","updatedAt") VALUES ($1,$2,$3,$4)  -Params: ["2026-08-09 21:00:00 UTC",25.2,0,"2026-08-08 21:49:21.800 UTC",25.2,"2026-08-08 21:49:21.800 UTC","2026-08-09 21:00:00 UTC"] -Duration: 0ms
[08/08/2026 23:49:21] PRISMA: INSERT INTO "public"."Weather_Forecast" ("time","temp","SolarRay","updatedAt") VALUES ($1,$2,$3,$4)  -Params: ["2026-08-09 22:00:00 UTC",24.2,0,"2026-08-08 21:49:21.800 UTC",24.2,"2026-08-08 21:49:21.800 UTC","2026-08-09 22:00:00 UTC"] -Duration: 0ms
[08/08/2026 23:49:21] PRISMA: INSERT INTO "public"."Weather_Forecast" ("time","temp","SolarRay","updatedAt") VALUES ($1,$2,$3,$4)  -Params: ["2026-08-09 23:00:00 UTC",23.5,0,"2026-08-08 21:49:21.801 UTC",23.5,"2026-08-08 21:49:21.801 UTC","2026-08-09 23:00:00 UTC"] -Duration: 0ms
[08/08/2026 23:49:21] PRISMA: INSERT INTO "public"."Weather_Forecast" ("time","temp","SolarRay","updatedAt") VALUES ($1,$2,$3,$4)  -Params: ["2026-08-10 00:00:00 UTC",22.9,0,"2026-08-08 21:49:21.802 UTC",22.9,"2026-08-08 21:49:21.802 UTC","2026-08-10 00:00:00 UTC"] -Duration: 0ms
[08/08/2026 23:49:21] PRISMA: INSERT INTO "public"."Weather_Forecast" ("time","temp","SolarRay","updatedAt") VALUES ($1,$2,$3,$4)  -Params: ["2026-08-10 01:00:00 UTC",22.1,0,"2026-08-08 21:49:21.802 UTC",22.1,"2026-08-08 21:49:21.802 UTC","2026-08-10 01:00:00 UTC"] -Duration: 0ms
[08/08/2026 23:49:21] PRISMA: INSERT INTO "public"."Weather_Forecast" ("time","temp","SolarRay","updatedAt") VALUES ($1,$2,$3,$4)  -Params: ["2026-08-10 02:00:00 UTC",21.3,0,"2026-08-08 21:49:21.803 UTC",21.3,"2026-08-08 21:49:21.803 UTC","2026-08-10 02:00:00 UTC"] -Duration: 0ms
[08/08/2026 23:49:21] PRISMA: INSERT INTO "public"."Weather_Forecast" ("time","temp","SolarRay","updatedAt") VALUES ($1,$2,$3,$4)  -Params: ["2026-08-10 03:00:00 UTC",20.3,0,"2026-08-08 21:49:21.803 UTC",20.3,"2026-08-08 21:49:21.803 UTC","2026-08-10 03:00:00 UTC"] -Duration: 0ms
[08/08/2026 23:49:21] PRISMA: INSERT INTO "public"."Weather_Forecast" ("time","temp","SolarRay","updatedAt") VALUES ($1,$2,$3,$4)  -Params: ["2026-08-10 04:00:00 UTC",19.1,0,"2026-08-08 21:49:21.804 UTC",19.1,"2026-08-08 21:49:21.804 UTC","2026-08-10 04:00:00 UTC"] -Duration: 0ms
[08/08/2026 23:49:21] PRISMA: INSERT INTO "public"."Weather_Forecast" ("time","temp","SolarRay","updatedAt") VALUES ($1,$2,$3,$4)  -Params: ["2026-08-10 05:00:00 UTC",18.6,11,"2026-08-08 21:49:21.804 UTC",18.6,"2026-08-08 21:49:21.804 UTC","2026-08-10 05:00:00 UTC"] -Duration: 0ms
[08/08/2026 23:49:21] PRISMA: INSERT INTO "public"."Weather_Forecast" ("time","temp","SolarRay","updatedAt") VALUES ($1,$2,$3,$4)  -Params: ["2026-08-10 06:00:00 UTC",19.1,103,"2026-08-08 21:49:21.805 UTC",19.1,"2026-08-08 21:49:21.805 UTC","2026-08-10 06:00:00 UTC"] -Duration: 0ms
[08/08/2026 23:49:21] PRISMA: INSERT INTO "public"."Weather_Forecast" ("time","temp","SolarRay","updatedAt") VALUES ($1,$2,$3,$4)  -Params: ["2026-08-10 07:00:00 UTC",20.3,241,"2026-08-08 21:49:21.805 UTC",20.3,"2026-08-08 21:49:21.805 UTC","2026-08-10 07:00:00 UTC"] -Duration: 0ms
[08/08/2026 23:49:21] PRISMA: INSERT INTO "public"."Weather_Forecast" ("time","temp","SolarRay","updatedAt") VALUES ($1,$2,$3,$4)  -Params: ["2026-08-10 08:00:00 UTC",22.1,401,"2026-08-08 21:49:21.806 UTC",22.1,"2026-08-08 21:49:21.806 UTC","2026-08-10 08:00:00 UTC"] -Duration: 0ms
[08/08/2026 23:49:21] PRISMA: INSERT INTO "public"."Weather_Forecast" ("time","temp","SolarRay","updatedAt") VALUES ($1,$2,$3,$4)  -Params: ["2026-08-10 09:00:00 UTC",24.3,558,"2026-08-08 21:49:21.806 UTC",24.3,"2026-08-08 21:49:21.806 UTC","2026-08-10 09:00:00 UTC"] -Duration: 0ms
[08/08/2026 23:49:21] PRISMA: INSERT INTO "public"."Weather_Forecast" ("time","temp","SolarRay","updatedAt") VALUES ($1,$2,$3,$4)  -Params: ["2026-08-10 10:00:00 UTC",26.1,680,"2026-08-08 21:49:21.807 UTC",26.1,"2026-08-08 21:49:21.807 UTC","2026-08-10 10:00:00 UTC"] -Duration: 0ms
[08/08/2026 23:49:21] PRISMA: INSERT INTO "public"."Weather_Forecast" ("time","temp","SolarRay","updatedAt") VALUES ($1,$2,$3,$4)  -Params: ["2026-08-10 11:00:00 UTC",27.2,765,"2026-08-08 21:49:21.807 UTC",27.2,"2026-08-08 21:49:21.807 UTC","2026-08-10 11:00:00 UTC"] -Duration: 0ms
[08/08/2026 23:49:21] PRISMA: INSERT INTO "public"."Weather_Forecast" ("time","temp","SolarRay","updatedAt") VALUES ($1,$2,$3,$4)  -Params: ["2026-08-10 12:00:00 UTC",27.5,789,"2026-08-08 21:49:21.808 UTC",27.5,"2026-08-08 21:49:21.808 UTC","2026-08-10 12:00:00 UTC"] -Duration: 0ms
[08/08/2026 23:49:21] PRISMA: INSERT INTO "public"."Weather_Forecast" ("time","temp","SolarRay","updatedAt") VALUES ($1,$2,$3,$4)  -Params: ["2026-08-10 13:00:00 UTC",27.2,700,"2026-08-08 21:49:21.808 UTC",27.2,"2026-08-08 21:49:21.808 UTC","2026-08-10 13:00:00 UTC"] -Duration: 0ms
[08/08/2026 23:49:21] PRISMA: INSERT INTO "public"."Weather_Forecast" ("time","temp","SolarRay","updatedAt") VALUES ($1,$2,$3,$4)  -Params: ["2026-08-10 14:00:00 UTC",26.9,698,"2026-08-08 21:49:21.809 UTC",26.9,"2026-08-08 21:49:21.809 UTC","2026-08-10 14:00:00 UTC"] -Duration: 0ms
[08/08/2026 23:49:21] PRISMA: INSERT INTO "public"."Weather_Forecast" ("time","temp","SolarRay","updatedAt") VALUES ($1,$2,$3,$4)  -Params: ["2026-08-10 15:00:00 UTC",26.6,621,"2026-08-08 21:49:21.809 UTC",26.6,"2026-08-08 21:49:21.809 UTC","2026-08-10 15:00:00 UTC"] -Duration: 0ms
[08/08/2026 23:49:21] PRISMA: INSERT INTO "public"."Weather_Forecast" ("time","temp","SolarRay","updatedAt") VALUES ($1,$2,$3,$4)  -Params: ["2026-08-10 16:00:00 UTC",25.9,505,"2026-08-08 21:49:21.810 UTC",25.9,"2026-08-08 21:49:21.810 UTC","2026-08-10 16:00:00 UTC"] -Duration: 0ms
[08/08/2026 23:49:21] PRISMA: INSERT INTO "public"."Weather_Forecast" ("time","temp","SolarRay","updatedAt") VALUES ($1,$2,$3,$4)  -Params: ["2026-08-10 17:00:00 UTC",24.6,303,"2026-08-08 21:49:21.810 UTC",24.6,"2026-08-08 21:49:21.810 UTC","2026-08-10 17:00:00 UTC"] -Duration: 0ms
[08/08/2026 23:49:21] PRISMA: INSERT INTO "public"."Weather_Forecast" ("time","temp","SolarRay","updatedAt") VALUES ($1,$2,$3,$4)  -Params: ["2026-08-10 18:00:00 UTC",23.3,140,"2026-08-08 21:49:21.811 UTC",23.3,"2026-08-08 21:49:21.811 UTC","2026-08-10 18:00:00 UTC"] -Duration: 0ms
[08/08/2026 23:49:21] PRISMA: INSERT INTO "public"."Weather_Forecast" ("time","temp","SolarRay","updatedAt") VALUES ($1,$2,$3,$4)  -Params: ["2026-08-10 19:00:00 UTC",21.9,60,"2026-08-08 21:49:21.811 UTC",21.9,"2026-08-08 21:49:21.811 UTC","2026-08-10 19:00:00 UTC"] -Duration: 0ms
[08/08/2026 23:49:21] PRISMA: INSERT INTO "public"."Weather_Forecast" ("time","temp","SolarRay","updatedAt") VALUES ($1,$2,$3,$4)  -Params: ["2026-08-10 20:00:00 UTC",21.3,0,"2026-08-08 21:49:21.812 UTC",21.3,"2026-08-08 21:49:21.812 UTC","2026-08-10 20:00:00 UTC"] -Duration: 0ms
[08/08/2026 23:49:21] PRISMA: INSERT INTO "public"."Weather_Forecast" ("time","temp","SolarRay","updatedAt") VALUES ($1,$2,$3,$4)  -Params: ["2026-08-10 21:00:00 UTC",20.3,0,"2026-08-08 21:49:21.812 UTC",20.3,"2026-08-08 21:49:21.812 UTC","2026-08-10 21:00:00 UTC"] -Duration: 0ms
[08/08/2026 23:49:21] PRISMA: INSERT INTO "public"."Weather_Forecast" ("time","temp","SolarRay","updatedAt") VALUES ($1,$2,$3,$4)  -Params: ["2026-08-10 22:00:00 UTC",19.4,0,"2026-08-08 21:49:21.813 UTC",19.4,"2026-08-08 21:49:21.813 UTC","2026-08-10 22:00:00 UTC"] -Duration: 0ms
[08/08/2026 23:49:21] PRISMA: INSERT INTO "public"."Weather_Forecast" ("time","temp","SolarRay","updatedAt") VALUES ($1,$2,$3,$4)  -Params: ["2026-08-10 23:00:00 UTC",18.7,0,"2026-08-08 21:49:21.813 UTC",18.7,"2026-08-08 21:49:21.813 UTC","2026-08-10 23:00:00 UTC"] -Duration: 0ms
[08/08/2026 23:49:21] PRISMA: INSERT INTO "public"."Weather_Forecast" ("time","temp","SolarRay","updatedAt") VALUES ($1,$2,$3,$4)  -Params: ["2026-08-11 00:00:00 UTC",17.9,0,"2026-08-08 21:49:21.814 UTC",17.9,"2026-08-08 21:49:21.814 UTC","2026-08-11 00:00:00 UTC"] -Duration: 0ms
[08/08/2026 23:49:21] PRISMA: INSERT INTO "public"."Weather_Forecast" ("time","temp","SolarRay","updatedAt") VALUES ($1,$2,$3,$4)  -Params: ["2026-08-11 01:00:00 UTC",17.3,0,"2026-08-08 21:49:21.814 UTC",17.3,"2026-08-08 21:49:21.814 UTC","2026-08-11 01:00:00 UTC"] -Duration: 0ms
[08/08/2026 23:49:21] PRISMA: INSERT INTO "public"."Weather_Forecast" ("time","temp","SolarRay","updatedAt") VALUES ($1,$2,$3,$4)  -Params: ["2026-08-11 02:00:00 UTC",16.6,0,"2026-08-08 21:49:21.815 UTC",16.6,"2026-08-08 21:49:21.815 UTC","2026-08-11 02:00:00 UTC"] -Duration: 1ms
[08/08/2026 23:49:21] PRISMA: INSERT INTO "public"."Weather_Forecast" ("time","temp","SolarRay","updatedAt") VALUES ($1,$2,$3,$4)  -Params: ["2026-08-11 03:00:00 UTC",16,0,"2026-08-08 21:49:21.816 UTC",16,"2026-08-08 21:49:21.816 UTC","2026-08-11 03:00:00 UTC"] -Duration: 0ms
[08/08/2026 23:49:21] PRISMA: INSERT INTO "public"."Weather_Forecast" ("time","temp","SolarRay","updatedAt") VALUES ($1,$2,$3,$4)  -Params: ["2026-08-11 04:00:00 UTC",15.5,0,"2026-08-08 21:49:21.817 UTC",15.5,"2026-08-08 21:49:21.817 UTC","2026-08-11 04:00:00 UTC"] -Duration: 0ms
[08/08/2026 23:49:21] PRISMA: INSERT INTO "public"."Weather_Forecast" ("time","temp","SolarRay","updatedAt") VALUES ($1,$2,$3,$4)  -Params: ["2026-08-11 05:00:00 UTC",15,10.5,"2026-08-08 21:49:21.818 UTC",15,"2026-08-08 21:49:21.818 UTC","2026-08-11 05:00:00 UTC"] -Duration: 0ms
[08/08/2026 23:49:21] PRISMA: INSERT INTO "public"."Weather_Forecast" ("time","temp","SolarRay","updatedAt") VALUES ($1,$2,$3,$4)  -Params: ["2026-08-11 06:00:00 UTC",15.5,108,"2026-08-08 21:49:21.818 UTC",15.5,"2026-08-08 21:49:21.818 UTC","2026-08-11 06:00:00 UTC"] -Duration: 0ms
[08/08/2026 23:49:21] PRISMA: INSERT INTO "public"."Weather_Forecast" ("time","temp","SolarRay","updatedAt") VALUES ($1,$2,$3,$4)  -Params: ["2026-08-11 07:00:00 UTC",16.7,257.8,"2026-08-08 21:49:21.819 UTC",16.7,"2026-08-08 21:49:21.819 UTC","2026-08-11 07:00:00 UTC"] -Duration: 0ms
[08/08/2026 23:49:21] PRISMA: INSERT INTO "public"."Weather_Forecast" ("time","temp","SolarRay","updatedAt") VALUES ($1,$2,$3,$4)  -Params: ["2026-08-11 08:00:00 UTC",18.1,416,"2026-08-08 21:49:21.819 UTC",18.1,"2026-08-08 21:49:21.819 UTC","2026-08-11 08:00:00 UTC"] -Duration: 0ms
[08/08/2026 23:49:21] PRISMA: INSERT INTO "public"."Weather_Forecast" ("time","temp","SolarRay","updatedAt") VALUES ($1,$2,$3,$4)  -Params: ["2026-08-11 09:00:00 UTC",19.8,564,"2026-08-08 21:49:21.820 UTC",19.8,"2026-08-08 21:49:21.820 UTC","2026-08-11 09:00:00 UTC"] -Duration: 0ms
[08/08/2026 23:49:21] PRISMA: INSERT INTO "public"."Weather_Forecast" ("time","temp","SolarRay","updatedAt") VALUES ($1,$2,$3,$4)  -Params: ["2026-08-11 10:00:00 UTC",21.3,687,"2026-08-08 21:49:21.821 UTC",21.3,"2026-08-08 21:49:21.821 UTC","2026-08-11 10:00:00 UTC"] -Duration: 0ms
[08/08/2026 23:49:21] PRISMA: INSERT INTO "public"."Weather_Forecast" ("time","temp","SolarRay","updatedAt") VALUES ($1,$2,$3,$4)  -Params: ["2026-08-11 11:00:00 UTC",22.7,771,"2026-08-08 21:49:21.821 UTC",22.7,"2026-08-08 21:49:21.821 UTC","2026-08-11 11:00:00 UTC"] -Duration: 0ms
[08/08/2026 23:49:21] PRISMA: INSERT INTO "public"."Weather_Forecast" ("time","temp","SolarRay","updatedAt") VALUES ($1,$2,$3,$4)  -Params: ["2026-08-11 12:00:00 UTC",23.9,810,"2026-08-08 21:49:21.821 UTC",23.9,"2026-08-08 21:49:21.821 UTC","2026-08-11 12:00:00 UTC"] -Duration: 0ms
[08/08/2026 23:49:21] PRISMA: INSERT INTO "public"."Weather_Forecast" ("time","temp","SolarRay","updatedAt") VALUES ($1,$2,$3,$4)  -Params: ["2026-08-11 13:00:00 UTC",24.7,801,"2026-08-08 21:49:21.822 UTC",24.7,"2026-08-08 21:49:21.822 UTC","2026-08-11 13:00:00 UTC"] -Duration: 0ms
[08/08/2026 23:49:21] PRISMA: INSERT INTO "public"."Weather_Forecast" ("time","temp","SolarRay","updatedAt") VALUES ($1,$2,$3,$4)  -Params: ["2026-08-11 14:00:00 UTC",25.2,744,"2026-08-08 21:49:21.822 UTC",25.2,"2026-08-08 21:49:21.822 UTC","2026-08-11 14:00:00 UTC"] -Duration: 0ms
[08/08/2026 23:49:21] PRISMA: INSERT INTO "public"."Weather_Forecast" ("time","temp","SolarRay","updatedAt") VALUES ($1,$2,$3,$4)  -Params: ["2026-08-11 15:00:00 UTC",25.4,643,"2026-08-08 21:49:21.823 UTC",25.4,"2026-08-08 21:49:21.823 UTC","2026-08-11 15:00:00 UTC"] -Duration: 0ms
[08/08/2026 23:49:21] PRISMA: INSERT INTO "public"."Weather_Forecast" ("time","temp","SolarRay","updatedAt") VALUES ($1,$2,$3,$4)  -Params: ["2026-08-11 16:00:00 UTC",25.1,510,"2026-08-08 21:49:21.823 UTC",25.1,"2026-08-08 21:49:21.823 UTC","2026-08-11 16:00:00 UTC"] -Duration: 0ms
[08/08/2026 23:49:21] PRISMA: INSERT INTO "public"."Weather_Forecast" ("time","temp","SolarRay","updatedAt") VALUES ($1,$2,$3,$4)  -Params: ["2026-08-11 17:00:00 UTC",24.5,353,"2026-08-08 21:49:21.824 UTC",24.5,"2026-08-08 21:49:21.824 UTC","2026-08-11 17:00:00 UTC"] -Duration: 0ms
[08/08/2026 23:49:21] PRISMA: INSERT INTO "public"."Weather_Forecast" ("time","temp","SolarRay","updatedAt") VALUES ($1,$2,$3,$4)  -Params: ["2026-08-11 18:00:00 UTC",23.4,191,"2026-08-08 21:49:21.824 UTC",23.4,"2026-08-08 21:49:21.824 UTC","2026-08-11 18:00:00 UTC"] -Duration: 0ms
[08/08/2026 23:49:21] PRISMA: INSERT INTO "public"."Weather_Forecast" ("time","temp","SolarRay","updatedAt") VALUES ($1,$2,$3,$4)  -Params: ["2026-08-11 19:00:00 UTC",22.4,53,"2026-08-08 21:49:21.825 UTC",22.4,"2026-08-08 21:49:21.825 UTC","2026-08-11 19:00:00 UTC"] -Duration: 0ms
[08/08/2026 23:49:21] PRISMA: INSERT INTO "public"."Weather_Forecast" ("time","temp","SolarRay","updatedAt") VALUES ($1,$2,$3,$4)  -Params: ["2026-08-11 20:00:00 UTC",21.4,1,"2026-08-08 21:49:21.826 UTC",21.4,"2026-08-08 21:49:21.826 UTC","2026-08-11 20:00:00 UTC"] -Duration: 0ms
[08/08/2026 23:49:21] PRISMA: INSERT INTO "public"."Weather_Forecast" ("time","temp","SolarRay","updatedAt") VALUES ($1,$2,$3,$4)  -Params: ["2026-08-11 21:00:00 UTC",20.5,0,"2026-08-08 21:49:21.826 UTC",20.5,"2026-08-08 21:49:21.826 UTC","2026-08-11 21:00:00 UTC"] -Duration: 0ms
[08/08/2026 23:49:21] PRISMA: INSERT INTO "public"."Weather_Forecast" ("time","temp","SolarRay","updatedAt") VALUES ($1,$2,$3,$4)  -Params: ["2026-08-11 22:00:00 UTC",19.7,0,"2026-08-08 21:49:21.827 UTC",19.7,"2026-08-08 21:49:21.827 UTC","2026-08-11 22:00:00 UTC"] -Duration: 0ms
[08/08/2026 23:49:21] PRISMA: INSERT INTO "public"."Weather_Forecast" ("time","temp","SolarRay","updatedAt") VALUES ($1,$2,$3,$4)  -Params: ["2026-08-11 23:00:00 UTC",19,0,"2026-08-08 21:49:21.827 UTC",19,"2026-08-08 21:49:21.827 UTC","2026-08-11 23:00:00 UTC"] -Duration: 0ms
[08/08/2026 23:49:21] PRISMA: INSERT INTO "public"."Weather_Forecast" ("time","temp","SolarRay","updatedAt") VALUES ($1,$2,$3,$4)  -Params: ["2026-08-12 00:00:00 UTC",18.1,0,"2026-08-08 21:49:21.828 UTC",18.1,"2026-08-08 21:49:21.828 UTC","2026-08-12 00:00:00 UTC"] -Duration: 0ms
[08/08/2026 23:49:21] PRISMA: INSERT INTO "public"."Weather_Forecast" ("time","temp","SolarRay","updatedAt") VALUES ($1,$2,$3,$4)  -Params: ["2026-08-12 01:00:00 UTC",17.3,0,"2026-08-08 21:49:21.829 UTC",17.3,"2026-08-08 21:49:21.829 UTC","2026-08-12 01:00:00 UTC"] -Duration: 0ms
[08/08/2026 23:49:21] PRISMA: INSERT INTO "public"."Weather_Forecast" ("time","temp","SolarRay","updatedAt") VALUES ($1,$2,$3,$4)  -Params: ["2026-08-12 02:00:00 UTC",16.7,0,"2026-08-08 21:49:21.829 UTC",16.7,"2026-08-08 21:49:21.829 UTC","2026-08-12 02:00:00 UTC"] -Duration: 0ms
[08/08/2026 23:49:21] PRISMA: INSERT INTO "public"."Weather_Forecast" ("time","temp","SolarRay","updatedAt") VALUES ($1,$2,$3,$4)  -Params: ["2026-08-12 03:00:00 UTC",16.2,0,"2026-08-08 21:49:21.830 UTC",16.2,"2026-08-08 21:49:21.830 UTC","2026-08-12 03:00:00 UTC"] -Duration: 0ms
[08/08/2026 23:49:21] PRISMA: INSERT INTO "public"."Weather_Forecast" ("time","temp","SolarRay","updatedAt") VALUES ($1,$2,$3,$4)  -Params: ["2026-08-12 04:00:00 UTC",15.7,0,"2026-08-08 21:49:21.830 UTC",15.7,"2026-08-08 21:49:21.830 UTC","2026-08-12 04:00:00 UTC"] -Duration: 0ms
[08/08/2026 23:49:21] PRISMA: INSERT INTO "public"."Weather_Forecast" ("time","temp","SolarRay","updatedAt") VALUES ($1,$2,$3,$4)  -Params: ["2026-08-12 05:00:00 UTC",15.5,8,"2026-08-08 21:49:21.831 UTC",15.5,"2026-08-08 21:49:21.831 UTC","2026-08-12 05:00:00 UTC"] -Duration: 0ms
[08/08/2026 23:49:21] PRISMA: INSERT INTO "public"."Weather_Forecast" ("time","temp","SolarRay","updatedAt") VALUES ($1,$2,$3,$4)  -Params: ["2026-08-12 06:00:00 UTC",16.3,103,"2026-08-08 21:49:21.831 UTC",16.3,"2026-08-08 21:49:21.831 UTC","2026-08-12 06:00:00 UTC"] -Duration: 0ms
[08/08/2026 23:49:21] PRISMA: INSERT INTO "public"."Weather_Forecast" ("time","temp","SolarRay","updatedAt") VALUES ($1,$2,$3,$4)  -Params: ["2026-08-12 07:00:00 UTC",17.9,262,"2026-08-08 21:49:21.832 UTC",17.9,"2026-08-08 21:49:21.832 UTC","2026-08-12 07:00:00 UTC"] -Duration: 0ms
[08/08/2026 23:49:21] PRISMA: INSERT INTO "public"."Weather_Forecast" ("time","temp","SolarRay","updatedAt") VALUES ($1,$2,$3,$4)  -Params: ["2026-08-12 08:00:00 UTC",20.1,417,"2026-08-08 21:49:21.832 UTC",20.1,"2026-08-08 21:49:21.832 UTC","2026-08-12 08:00:00 UTC"] -Duration: 0ms
[08/08/2026 23:49:21] PRISMA: INSERT INTO "public"."Weather_Forecast" ("time","temp","SolarRay","updatedAt") VALUES ($1,$2,$3,$4)  -Params: ["2026-08-12 09:00:00 UTC",22.4,560,"2026-08-08 21:49:21.833 UTC",22.4,"2026-08-08 21:49:21.833 UTC","2026-08-12 09:00:00 UTC"] -Duration: 0ms
[08/08/2026 23:49:21] PRISMA: INSERT INTO "public"."Weather_Forecast" ("time","temp","SolarRay","updatedAt") VALUES ($1,$2,$3,$4)  -Params: ["2026-08-12 10:00:00 UTC",24.5,689,"2026-08-08 21:49:21.833 UTC",24.5,"2026-08-08 21:49:21.833 UTC","2026-08-12 10:00:00 UTC"] -Duration: 0ms
[08/08/2026 23:49:21] PRISMA: INSERT INTO "public"."Weather_Forecast" ("time","temp","SolarRay","updatedAt") VALUES ($1,$2,$3,$4)  -Params: ["2026-08-12 11:00:00 UTC",26.7,771,"2026-08-08 21:49:21.833 UTC",26.7,"2026-08-08 21:49:21.833 UTC","2026-08-12 11:00:00 UTC"] -Duration: 0ms
[08/08/2026 23:49:21] PRISMA: INSERT INTO "public"."Weather_Forecast" ("time","temp","SolarRay","updatedAt") VALUES ($1,$2,$3,$4)  -Params: ["2026-08-12 12:00:00 UTC",28.4,808,"2026-08-08 21:49:21.834 UTC",28.4,"2026-08-08 21:49:21.834 UTC","2026-08-12 12:00:00 UTC"] -Duration: 0ms
[08/08/2026 23:49:21] PRISMA: INSERT INTO "public"."Weather_Forecast" ("time","temp","SolarRay","updatedAt") VALUES ($1,$2,$3,$4)  -Params: ["2026-08-12 13:00:00 UTC",29.5,805,"2026-08-08 21:49:21.834 UTC",29.5,"2026-08-08 21:49:21.834 UTC","2026-08-12 13:00:00 UTC"] -Duration: 0ms
[08/08/2026 23:49:21] PRISMA: INSERT INTO "public"."Weather_Forecast" ("time","temp","SolarRay","updatedAt") VALUES ($1,$2,$3,$4)  -Params: ["2026-08-12 14:00:00 UTC",30.3,742,"2026-08-08 21:49:21.835 UTC",30.3,"2026-08-08 21:49:21.835 UTC","2026-08-12 14:00:00 UTC"] -Duration: 0ms
[08/08/2026 23:49:21] PRISMA: INSERT INTO "public"."Weather_Forecast" ("time","temp","SolarRay","updatedAt") VALUES ($1,$2,$3,$4)  -Params: ["2026-08-12 15:00:00 UTC",30.6,636,"2026-08-08 21:49:21.835 UTC",30.6,"2026-08-08 21:49:21.835 UTC","2026-08-12 15:00:00 UTC"] -Duration: 0ms
[08/08/2026 23:49:21] PRISMA: INSERT INTO "public"."Weather_Forecast" ("time","temp","SolarRay","updatedAt") VALUES ($1,$2,$3,$4)  -Params: ["2026-08-12 16:00:00 UTC",30.4,542,"2026-08-08 21:49:21.835 UTC",30.4,"2026-08-08 21:49:21.835 UTC","2026-08-12 16:00:00 UTC"] -Duration: 0ms
[08/08/2026 23:49:21] PRISMA: INSERT INTO "public"."Weather_Forecast" ("time","temp","SolarRay","updatedAt") VALUES ($1,$2,$3,$4)  -Params: ["2026-08-12 17:00:00 UTC",29.7,336,"2026-08-08 21:49:21.836 UTC",29.7,"2026-08-08 21:49:21.836 UTC","2026-08-12 17:00:00 UTC"] -Duration: 0ms
[08/08/2026 23:49:21] PRISMA: INSERT INTO "public"."Weather_Forecast" ("time","temp","SolarRay","updatedAt") VALUES ($1,$2,$3,$4)  -Params: ["2026-08-12 18:00:00 UTC",28.8,145,"2026-08-08 21:49:21.836 UTC",28.8,"2026-08-08 21:49:21.836 UTC","2026-08-12 18:00:00 UTC"] -Duration: 0ms
[08/08/2026 23:49:21] PRISMA: INSERT INTO "public"."Weather_Forecast" ("time","temp","SolarRay","updatedAt") VALUES ($1,$2,$3,$4)  -Params: ["2026-08-12 19:00:00 UTC",27.5,22,"2026-08-08 21:49:21.837 UTC",27.5,"2026-08-08 21:49:21.837 UTC","2026-08-12 19:00:00 UTC"] -Duration: 0ms
[08/08/2026 23:49:21] PRISMA: INSERT INTO "public"."Weather_Forecast" ("time","temp","SolarRay","updatedAt") VALUES ($1,$2,$3,$4)  -Params: ["2026-08-12 20:00:00 UTC",25.9,0,"2026-08-08 21:49:21.837 UTC",25.9,"2026-08-08 21:49:21.837 UTC","2026-08-12 20:00:00 UTC"] -Duration: 0ms
[08/08/2026 23:49:21] PRISMA: INSERT INTO "public"."Weather_Forecast" ("time","temp","SolarRay","updatedAt") VALUES ($1,$2,$3,$4)  -Params: ["2026-08-12 21:00:00 UTC",24.5,0,"2026-08-08 21:49:21.838 UTC",24.5,"2026-08-08 21:49:21.838 UTC","2026-08-12 21:00:00 UTC"] -Duration: 0ms
[08/08/2026 23:49:21] PRISMA: INSERT INTO "public"."Weather_Forecast" ("time","temp","SolarRay","updatedAt") VALUES ($1,$2,$3,$4)  -Params: ["2026-08-12 22:00:00 UTC",23.6,0,"2026-08-08 21:49:21.838 UTC",23.6,"2026-08-08 21:49:21.838 UTC","2026-08-12 22:00:00 UTC"] -Duration: 0ms
[08/08/2026 23:49:21] PRISMA: INSERT INTO "public"."Weather_Forecast" ("time","temp","SolarRay","updatedAt") VALUES ($1,$2,$3,$4)  -Params: ["2026-08-12 23:00:00 UTC",22.8,0,"2026-08-08 21:49:21.838 UTC",22.8,"2026-08-08 21:49:21.838 UTC","2026-08-12 23:00:00 UTC"] -Duration: 0ms
[08/08/2026 23:49:21] PRISMA: INSERT INTO "public"."Weather_Forecast" ("time","temp","SolarRay","updatedAt") VALUES ($1,$2,$3,$4)  -Params: ["2026-08-13 00:00:00 UTC",22.1,0,"2026-08-08 21:49:21.839 UTC",22.1,"2026-08-08 21:49:21.839 UTC","2026-08-13 00:00:00 UTC"] -Duration: 0ms
[08/08/2026 23:49:21] PRISMA: INSERT INTO "public"."Weather_Forecast" ("time","temp","SolarRay","updatedAt") VALUES ($1,$2,$3,$4)  -Params: ["2026-08-13 01:00:00 UTC",21.2,0,"2026-08-08 21:49:21.840 UTC",21.2,"2026-08-08 21:49:21.840 UTC","2026-08-13 01:00:00 UTC"] -Duration: 0ms
[08/08/2026 23:49:21] PRISMA: INSERT INTO "public"."Weather_Forecast" ("time","temp","SolarRay","updatedAt") VALUES ($1,$2,$3,$4)  -Params: ["2026-08-13 02:00:00 UTC",20.3,0,"2026-08-08 21:49:21.840 UTC",20.3,"2026-08-08 21:49:21.840 UTC","2026-08-13 02:00:00 UTC"] -Duration: 0ms
[08/08/2026 23:49:21] PRISMA: INSERT INTO "public"."Weather_Forecast" ("time","temp","SolarRay","updatedAt") VALUES ($1,$2,$3,$4)  -Params: ["2026-08-13 03:00:00 UTC",19.7,0,"2026-08-08 21:49:21.840 UTC",19.7,"2026-08-08 21:49:21.840 UTC","2026-08-13 03:00:00 UTC"] -Duration: 0ms
[08/08/2026 23:49:21] PRISMA: INSERT INTO "public"."Weather_Forecast" ("time","temp","SolarRay","updatedAt") VALUES ($1,$2,$3,$4)  -Params: ["2026-08-13 04:00:00 UTC",19.2,0,"2026-08-08 21:49:21.841 UTC",19.2,"2026-08-08 21:49:21.841 UTC","2026-08-13 04:00:00 UTC"] -Duration: 0ms
[08/08/2026 23:49:21] PRISMA: INSERT INTO "public"."Weather_Forecast" ("time","temp","SolarRay","updatedAt") VALUES ($1,$2,$3,$4)  -Params: ["2026-08-13 05:00:00 UTC",19.1,5,"2026-08-08 21:49:21.841 UTC",19.1,"2026-08-08 21:49:21.841 UTC","2026-08-13 05:00:00 UTC"] -Duration: 0ms
[08/08/2026 23:49:21] PRISMA: INSERT INTO "public"."Weather_Forecast" ("time","temp","SolarRay","updatedAt") VALUES ($1,$2,$3,$4)  -Params: ["2026-08-13 06:00:00 UTC",19.8,103,"2026-08-08 21:49:21.842 UTC",19.8,"2026-08-08 21:49:21.842 UTC","2026-08-13 06:00:00 UTC"] -Duration: 0ms
[08/08/2026 23:49:21] PRISMA: INSERT INTO "public"."Weather_Forecast" ("time","temp","SolarRay","updatedAt") VALUES ($1,$2,$3,$4)  -Params: ["2026-08-13 07:00:00 UTC",21.9,261,"2026-08-08 21:49:21.842 UTC",21.9,"2026-08-08 21:49:21.842 UTC","2026-08-13 07:00:00 UTC"] -Duration: 0ms
[08/08/2026 23:49:21] PRISMA: INSERT INTO "public"."Weather_Forecast" ("time","temp","SolarRay","updatedAt") VALUES ($1,$2,$3,$4)  -Params: ["2026-08-13 08:00:00 UTC",25,418,"2026-08-08 21:49:21.843 UTC",25,"2026-08-08 21:49:21.843 UTC","2026-08-13 08:00:00 UTC"] -Duration: 0ms
[08/08/2026 23:49:21] PRISMA: INSERT INTO "public"."Weather_Forecast" ("time","temp","SolarRay","updatedAt") VALUES ($1,$2,$3,$4)  -Params: ["2026-08-13 09:00:00 UTC",27.7,563,"2026-08-08 21:49:21.843 UTC",27.7,"2026-08-08 21:49:21.843 UTC","2026-08-13 09:00:00 UTC"] -Duration: 0ms
[08/08/2026 23:49:21] PRISMA: INSERT INTO "public"."Weather_Forecast" ("time","temp","SolarRay","updatedAt") VALUES ($1,$2,$3,$4)  -Params: ["2026-08-13 10:00:00 UTC",29.7,695,"2026-08-08 21:49:21.844 UTC",29.7,"2026-08-08 21:49:21.844 UTC","2026-08-13 10:00:00 UTC"] -Duration: 0ms
[08/08/2026 23:49:21] PRISMA: INSERT INTO "public"."Weather_Forecast" ("time","temp","SolarRay","updatedAt") VALUES ($1,$2,$3,$4)  -Params: ["2026-08-13 11:00:00 UTC",31.4,776,"2026-08-08 21:49:21.844 UTC",31.4,"2026-08-08 21:49:21.844 UTC","2026-08-13 11:00:00 UTC"] -Duration: 0ms
[08/08/2026 23:49:21] PRISMA: INSERT INTO "public"."Weather_Forecast" ("time","temp","SolarRay","updatedAt") VALUES ($1,$2,$3,$4)  -Params: ["2026-08-13 12:00:00 UTC",32.7,810,"2026-08-08 21:49:21.844 UTC",32.7,"2026-08-08 21:49:21.844 UTC","2026-08-13 12:00:00 UTC"] -Duration: 0ms
[08/08/2026 23:49:21] PRISMA: INSERT INTO "public"."Weather_Forecast" ("time","temp","SolarRay","updatedAt") VALUES ($1,$2,$3,$4)  -Params: ["2026-08-13 13:00:00 UTC",33.5,796,"2026-08-08 21:49:21.845 UTC",33.5,"2026-08-08 21:49:21.845 UTC","2026-08-13 13:00:00 UTC"] -Duration: 0ms
[08/08/2026 23:49:21] PRISMA: INSERT INTO "public"."Weather_Forecast" ("time","temp","SolarRay","updatedAt") VALUES ($1,$2,$3,$4)  -Params: ["2026-08-13 14:00:00 UTC",33.9,735,"2026-08-08 21:49:21.845 UTC",33.9,"2026-08-08 21:49:21.845 UTC","2026-08-13 14:00:00 UTC"] -Duration: 0ms
[08/08/2026 23:49:21] PRISMA: INSERT INTO "public"."Weather_Forecast" ("time","temp","SolarRay","updatedAt") VALUES ($1,$2,$3,$4)  -Params: ["2026-08-13 15:00:00 UTC",34,634,"2026-08-08 21:49:21.846 UTC",34,"2026-08-08 21:49:21.846 UTC","2026-08-13 15:00:00 UTC"] -Duration: 0ms
[08/08/2026 23:49:21] PRISMA: INSERT INTO "public"."Weather_Forecast" ("time","temp","SolarRay","updatedAt") VALUES ($1,$2,$3,$4)  -Params: ["2026-08-13 16:00:00 UTC",33.7,493,"2026-08-08 21:49:21.846 UTC",33.7,"2026-08-08 21:49:21.846 UTC","2026-08-13 16:00:00 UTC"] -Duration: 0ms
[08/08/2026 23:49:21] PRISMA: INSERT INTO "public"."Weather_Forecast" ("time","temp","SolarRay","updatedAt") VALUES ($1,$2,$3,$4)  -Params: ["2026-08-13 17:00:00 UTC",33.1,350,"2026-08-08 21:49:21.846 UTC",33.1,"2026-08-08 21:49:21.846 UTC","2026-08-13 17:00:00 UTC"] -Duration: 0ms
[08/08/2026 23:49:21] PRISMA: INSERT INTO "public"."Weather_Forecast" ("time","temp","SolarRay","updatedAt") VALUES ($1,$2,$3,$4)  -Params: ["2026-08-13 18:00:00 UTC",32.2,196,"2026-08-08 21:49:21.847 UTC",32.2,"2026-08-08 21:49:21.847 UTC","2026-08-13 18:00:00 UTC"] -Duration: 0ms
[08/08/2026 23:49:21] PRISMA: INSERT INTO "public"."Weather_Forecast" ("time","temp","SolarRay","updatedAt") VALUES ($1,$2,$3,$4)  -Params: ["2026-08-13 19:00:00 UTC",30.8,48,"2026-08-08 21:49:21.847 UTC",30.8,"2026-08-08 21:49:21.847 UTC","2026-08-13 19:00:00 UTC"] -Duration: 0ms
[08/08/2026 23:49:21] PRISMA: INSERT INTO "public"."Weather_Forecast" ("time","temp","SolarRay","updatedAt") VALUES ($1,$2,$3,$4)  -Params: ["2026-08-13 20:00:00 UTC",29.2,0,"2026-08-08 21:49:21.848 UTC",29.2,"2026-08-08 21:49:21.848 UTC","2026-08-13 20:00:00 UTC"] -Duration: 0ms
[08/08/2026 23:49:21] PRISMA: INSERT INTO "public"."Weather_Forecast" ("time","temp","SolarRay","updatedAt") VALUES ($1,$2,$3,$4)  -Params: ["2026-08-13 21:00:00 UTC",27.8,0,"2026-08-08 21:49:21.848 UTC",27.8,"2026-08-08 21:49:21.848 UTC","2026-08-13 21:00:00 UTC"] -Duration: 0ms
[08/08/2026 23:49:21] PRISMA: INSERT INTO "public"."Weather_Forecast" ("time","temp","SolarRay","updatedAt") VALUES ($1,$2,$3,$4)  -Params: ["2026-08-13 22:00:00 UTC",26.8,0,"2026-08-08 21:49:21.849 UTC",26.8,"2026-08-08 21:49:21.849 UTC","2026-08-13 22:00:00 UTC"] -Duration: 0ms
[08/08/2026 23:49:21] PRISMA: INSERT INTO "public"."Weather_Forecast" ("time","temp","SolarRay","updatedAt") VALUES ($1,$2,$3,$4)  -Params: ["2026-08-13 23:00:00 UTC",26.1,0,"2026-08-08 21:49:21.849 UTC",26.1,"2026-08-08 21:49:21.849 UTC","2026-08-13 23:00:00 UTC"] -Duration: 0ms
[08/08/2026 23:49:21] PRISMA: INSERT INTO "public"."Weather_Forecast" ("time","temp","SolarRay","updatedAt") VALUES ($1,$2,$3,$4)  -Params: ["2026-08-14 00:00:00 UTC",25.4,0,"2026-08-08 21:49:21.849 UTC",25.4,"2026-08-08 21:49:21.849 UTC","2026-08-14 00:00:00 UTC"] -Duration: 0ms
[08/08/2026 23:49:21] PRISMA: INSERT INTO "public"."Weather_Forecast" ("time","temp","SolarRay","updatedAt") VALUES ($1,$2,$3,$4)  -Params: ["2026-08-14 01:00:00 UTC",24.7,0,"2026-08-08 21:49:21.850 UTC",24.7,"2026-08-08 21:49:21.850 UTC","2026-08-14 01:00:00 UTC"] -Duration: 0ms
[08/08/2026 23:49:21] PRISMA: INSERT INTO "public"."Weather_Forecast" ("time","temp","SolarRay","updatedAt") VALUES ($1,$2,$3,$4)  -Params: ["2026-08-14 02:00:00 UTC",24,0,"2026-08-08 21:49:21.850 UTC",24,"2026-08-08 21:49:21.850 UTC","2026-08-14 02:00:00 UTC"] -Duration: 0ms
[08/08/2026 23:49:21] PRISMA: INSERT INTO "public"."Weather_Forecast" ("time","temp","SolarRay","updatedAt") VALUES ($1,$2,$3,$4)  -Params: ["2026-08-14 03:00:00 UTC",23.5,0,"2026-08-08 21:49:21.851 UTC",23.5,"2026-08-08 21:49:21.851 UTC","2026-08-14 03:00:00 UTC"] -Duration: 0ms
[08/08/2026 23:49:21] PRISMA: INSERT INTO "public"."Weather_Forecast" ("time","temp","SolarRay","updatedAt") VALUES ($1,$2,$3,$4)  -Params: ["2026-08-14 04:00:00 UTC",23,0,"2026-08-08 21:49:21.851 UTC",23,"2026-08-08 21:49:21.851 UTC","2026-08-14 04:00:00 UTC"] -Duration: 0ms
[08/08/2026 23:49:21] PRISMA: INSERT INTO "public"."Weather_Forecast" ("time","temp","SolarRay","updatedAt") VALUES ($1,$2,$3,$4)  -Params: ["2026-08-14 05:00:00 UTC",22.6,4,"2026-08-08 21:49:21.851 UTC",22.6,"2026-08-08 21:49:21.851 UTC","2026-08-14 05:00:00 UTC"] -Duration: 0ms
[08/08/2026 23:49:21] PRISMA: INSERT INTO "public"."Weather_Forecast" ("time","temp","SolarRay","updatedAt") VALUES ($1,$2,$3,$4)  -Params: ["2026-08-14 06:00:00 UTC",23.1,101,"2026-08-08 21:49:21.852 UTC",23.1,"2026-08-08 21:49:21.852 UTC","2026-08-14 06:00:00 UTC"] -Duration: 0ms
[08/08/2026 23:49:21] PRISMA: INSERT INTO "public"."Weather_Forecast" ("time","temp","SolarRay","updatedAt") VALUES ($1,$2,$3,$4)  -Params: ["2026-08-14 07:00:00 UTC",24.9,256,"2026-08-08 21:49:21.852 UTC",24.9,"2026-08-08 21:49:21.852 UTC","2026-08-14 07:00:00 UTC"] -Duration: 0ms
[08/08/2026 23:49:21] PRISMA: INSERT INTO "public"."Weather_Forecast" ("time","temp","SolarRay","updatedAt") VALUES ($1,$2,$3,$4)  -Params: ["2026-08-14 08:00:00 UTC",27.6,411,"2026-08-08 21:49:21.853 UTC",27.6,"2026-08-08 21:49:21.853 UTC","2026-08-14 08:00:00 UTC"] -Duration: 0ms
[08/08/2026 23:49:21] PRISMA: INSERT INTO "public"."Weather_Forecast" ("time","temp","SolarRay","updatedAt") VALUES ($1,$2,$3,$4)  -Params: ["2026-08-14 09:00:00 UTC",29.9,553,"2026-08-08 21:49:21.853 UTC",29.9,"2026-08-08 21:49:21.853 UTC","2026-08-14 09:00:00 UTC"] -Duration: 0ms
[08/08/2026 23:49:21] PRISMA: INSERT INTO "public"."Weather_Forecast" ("time","temp","SolarRay","updatedAt") VALUES ($1,$2,$3,$4)  -Params: ["2026-08-14 10:00:00 UTC",30.3,681,"2026-08-08 21:49:21.854 UTC",30.3,"2026-08-08 21:49:21.854 UTC","2026-08-14 10:00:00 UTC"] -Duration: 0ms
[08/08/2026 23:49:21] PRISMA: INSERT INTO "public"."Weather_Forecast" ("time","temp","SolarRay","updatedAt") VALUES ($1,$2,$3,$4)  -Params: ["2026-08-14 11:00:00 UTC",32.2,762,"2026-08-08 21:49:21.854 UTC",32.2,"2026-08-08 21:49:21.854 UTC","2026-08-14 11:00:00 UTC"] -Duration: 0ms
[08/08/2026 23:49:21] PRISMA: INSERT INTO "public"."Weather_Forecast" ("time","temp","SolarRay","updatedAt") VALUES ($1,$2,$3,$4)  -Params: ["2026-08-14 12:00:00 UTC",33.5,798,"2026-08-08 21:49:21.855 UTC",33.5,"2026-08-08 21:49:21.855 UTC","2026-08-14 12:00:00 UTC"] -Duration: 0ms
[08/08/2026 23:49:21] PRISMA: INSERT INTO "public"."Weather_Forecast" ("time","temp","SolarRay","updatedAt") VALUES ($1,$2,$3,$4)  -Params: ["2026-08-14 13:00:00 UTC",34.1,771,"2026-08-08 21:49:21.855 UTC",34.1,"2026-08-08 21:49:21.855 UTC","2026-08-14 13:00:00 UTC"] -Duration: 0ms
[08/08/2026 23:49:21] PRISMA: INSERT INTO "public"."Weather_Forecast" ("time","temp","SolarRay","updatedAt") VALUES ($1,$2,$3,$4)  -Params: ["2026-08-14 14:00:00 UTC",34.3,717,"2026-08-08 21:49:21.856 UTC",34.3,"2026-08-08 21:49:21.856 UTC","2026-08-14 14:00:00 UTC"] -Duration: 0ms
[08/08/2026 23:49:21] PRISMA: INSERT INTO "public"."Weather_Forecast" ("time","temp","SolarRay","updatedAt") VALUES ($1,$2,$3,$4)  -Params: ["2026-08-14 15:00:00 UTC",34.2,624,"2026-08-08 21:49:21.856 UTC",34.2,"2026-08-08 21:49:21.856 UTC","2026-08-14 15:00:00 UTC"] -Duration: 0ms
[08/08/2026 23:49:21] PRISMA: INSERT INTO "public"."Weather_Forecast" ("time","temp","SolarRay","updatedAt") VALUES ($1,$2,$3,$4)  -Params: ["2026-08-14 16:00:00 UTC",33.9,498,"2026-08-08 21:49:21.856 UTC",33.9,"2026-08-08 21:49:21.856 UTC","2026-08-14 16:00:00 UTC"] -Duration: 0ms
[08/08/2026 23:49:21] PRISMA: INSERT INTO "public"."Weather_Forecast" ("time","temp","SolarRay","updatedAt") VALUES ($1,$2,$3,$4)  -Params: ["2026-08-14 17:00:00 UTC",33.4,350,"2026-08-08 21:49:21.857 UTC",33.4,"2026-08-08 21:49:21.857 UTC","2026-08-14 17:00:00 UTC"] -Duration: 0ms
[08/08/2026 23:49:21] PRISMA: INSERT INTO "public"."Weather_Forecast" ("time","temp","SolarRay","updatedAt") VALUES ($1,$2,$3,$4)  -Params: ["2026-08-14 18:00:00 UTC",32.9,191,"2026-08-08 21:49:21.857 UTC",32.9,"2026-08-08 21:49:21.857 UTC","2026-08-14 18:00:00 UTC"] -Duration: 0ms
[08/08/2026 23:49:21] PRISMA: INSERT INTO "public"."Weather_Forecast" ("time","temp","SolarRay","updatedAt") VALUES ($1,$2,$3,$4)  -Params: ["2026-08-14 19:00:00 UTC",32.3,42,"2026-08-08 21:49:21.858 UTC",32.3,"2026-08-08 21:49:21.858 UTC","2026-08-14 19:00:00 UTC"] -Duration: 0ms
[08/08/2026 23:49:21] PRISMA: INSERT INTO "public"."Weather_Forecast" ("time","temp","SolarRay","updatedAt") VALUES ($1,$2,$3,$4)  -Params: ["2026-08-14 20:00:00 UTC",31.4,0,"2026-08-08 21:49:21.858 UTC",31.4,"2026-08-08 21:49:21.858 UTC","2026-08-14 20:00:00 UTC"] -Duration: 0ms
[08/08/2026 23:49:21] PRISMA: INSERT INTO "public"."Weather_Forecast" ("time","temp","SolarRay","updatedAt") VALUES ($1,$2,$3,$4)  -Params: ["2026-08-14 21:00:00 UTC",30.4,0,"2026-08-08 21:49:21.859 UTC",30.4,"2026-08-08 21:49:21.859 UTC","2026-08-14 21:00:00 UTC"] -Duration: 0ms
[08/08/2026 23:49:21] PRISMA: INSERT INTO "public"."Weather_Forecast" ("time","temp","SolarRay","updatedAt") VALUES ($1,$2,$3,$4)  -Params: ["2026-08-14 22:00:00 UTC",29.3,0,"2026-08-08 21:49:21.859 UTC",29.3,"2026-08-08 21:49:21.859 UTC","2026-08-14 22:00:00 UTC"] -Duration: 0ms
[08/08/2026 23:49:21] PRISMA: INSERT INTO "public"."Weather_Forecast" ("time","temp","SolarRay","updatedAt") VALUES ($1,$2,$3,$4)  -Params: ["2026-08-14 23:00:00 UTC",28.3,0,"2026-08-08 21:49:21.859 UTC",28.3,"2026-08-08 21:49:21.859 UTC","2026-08-14 23:00:00 UTC"] -Duration: 0ms
[08/08/2026 23:49:21] PRISMA: SELECT "public"."User"."id", "public"."User"."username", "public"."User"."password_hash", "public"." -Params: ["Parents",1,0] -Duration: 1ms
[08/08/2026 23:49:22] PRISMA: INSERT INTO "public"."User" ("username","password_hash","createdAt") VALUES ($1,$2,$3) RETURNING "pu -Params: ["Parents","$2b$12$UZj9IJMTpcOEhpwxadqfdO.YjeVnb.TAB7fv6fWJota1n.XGk.ox.","2026-08-08 21:49:22.106 UTC"] -Duration: 1ms
[08/08/2026 23:49:58] PRISMA: SELECT 1 -Params: [] -Duration: 3ms
[08/08/2026 23:49:58] PRISMA: SELECT "public"."User"."id" FROM "public"."User" WHERE ("public"."User"."id" = $1 AND 1=1) LIMIT $2  -Params: [1,1,0] -Duration: 4ms
[08/08/2026 23:49:58] PRISMA: SELECT "public"."Miele_Token"."id", "public"."Miele_Token"."accessToken", "public"."Miele_Token"."re -Params: [1,0] -Duration: 2ms
[08/08/2026 23:49:58] PRISMA: SELECT "public"."Weather_Forecast"."id", "public"."Weather_Forecast"."time", "public"."Weather_Forec -Params: ["2026-08-08 09:49:58.061 UTC","2026-08-09 08:49:58.061 UTC",0] -Duration: 4ms
[08/08/2026 23:49:58] PRISMA: SELECT "public"."Washing_Program"."id", "public"."Washing_Program"."deviceId", "public"."Washing_Pro -Params: [5,0] -Duration: 3ms
[08/08/2026 23:49:58] PRISMA: SELECT "public"."Solar_Data"."id", "public"."Solar_Data"."hour", "public"."Solar_Data"."Watts", "pub -Params: ["2026-08-07 21:49:58.056 UTC","2026-08-08 21:49:58.056 UTC",0] -Duration: 3ms
[08/08/2026 23:50:00] PRISMA: SELECT "public"."PushNotif"."id", "public"."PushNotif"."createdAt", "public"."PushNotif"."sendAt", " -Params: ["2026-08-08 21:50:00.036 UTC",0] -Duration: 1ms
[08/08/2026 23:50:00] PRISMA: SELECT "public"."PushNotif"."id", "public"."PushNotif"."createdAt", "public"."PushNotif"."sendAt", " -Params: [0] -Duration: 0ms
[08/08/2026 23:50:00] PRISMA: SELECT "public"."Washing_Program"."id", "public"."Washing_Program"."deviceId", "public"."Washing_Pro -Params: ["2026-08-08 21:50:00.044 UTC","En attente",1,0] -Duration: 1ms
[08/08/2026 23:50:01] PRISMA: INSERT INTO "public"."Solar_Data" ("hour","Watts","total") VALUES ($1,$2,$3) RETURNING "public"."Sol -Params: ["2026-08-08 21:50:01.324 UTC",0,38942] -Duration: 9ms
[08/08/2026 23:50:03] PRISMA: INSERT INTO "public"."Miele_Token" ("accessToken","refreshToken","expiresAt","userId") VALUES ($1,$2 -Params: ["BE_491a4fe2b3ac20804d3f35cb1b53860c","BE_9befa66668c52cc7d04f801d01ef6a8d","2026-08-08 23:50:03 UTC",1,"BE_491a4fe2b3ac20804d3f35cb1b53860c","BE_9befa66668c52cc7d04f801d01ef6a8d","2026-08-08 23:50:03 UTC",1] -Duration: 9ms
[08/08/2026 23:50:04] PRISMA: SELECT "public"."Weather_Forecast"."id", "public"."Weather_Forecast"."time", "public"."Weather_Forec -Params: ["2026-08-08 09:50:04.231 UTC","2026-08-09 08:50:04.231 UTC",0] -Duration: 2ms
[08/08/2026 23:50:04] PRISMA: SELECT "public"."Solar_Data"."id", "public"."Solar_Data"."hour", "public"."Solar_Data"."Watts", "pub -Params: ["2026-08-07 21:50:04.234 UTC","2026-08-08 21:50:04.234 UTC",0] -Duration: 4ms
[08/08/2026 23:50:04] PRISMA: SELECT "public"."Washing_Program"."id", "public"."Washing_Program"."deviceId", "public"."Washing_Pro -Params: [5,0] -Duration: 0ms
[08/08/2026 23:50:04] PRISMA: SELECT "public"."User"."id" FROM "public"."User" WHERE ("public"."User"."id" = $1 AND 1=1) LIMIT $2  -Params: [1,1,0] -Duration: 7ms
[08/08/2026 23:50:04] PRISMA: SELECT "public"."Miele_Token"."id", "public"."Miele_Token"."accessToken", "public"."Miele_Token"."re -Params: [1,0] -Duration: 2ms
[08/08/2026 23:50:04] PRISMA: SELECT "public"."Miele_Token"."id", "public"."Miele_Token"."accessToken", "public"."Miele_Token"."re -Params: [1,1,0] -Duration: 0ms
[08/08/2026 23:50:07] PRISMA: SELECT "public"."Miele_Token"."id", "public"."Miele_Token"."accessToken", "public"."Miele_Token"."re -Params: [1,1,0] -Duration: 2ms
[08/08/2026 23:50:07] PRISMA: SELECT "public"."Miele_Token"."id", "public"."Miele_Token"."accessToken", "public"."Miele_Token"."re -Params: [1,1,0] -Duration: 3ms
[08/08/2026 23:50:37] PRISMA: SELECT 1 -Params: [] -Duration: 1ms
[08/08/2026 23:50:37] PRISMA: SELECT 1 -Params: [] -Duration: 2ms
[08/08/2026 23:50:37] PRISMA: SELECT "public"."Miele_Token"."id", "public"."Miele_Token"."accessToken", "public"."Miele_Token"."re -Params: [1,1,0] -Duration: 3ms
[08/08/2026 23:50:37] PRISMA: SELECT "public"."Miele_Token"."id", "public"."Miele_Token"."accessToken", "public"."Miele_Token"."re -Params: [1,1,0] -Duration: 3ms
[08/08/2026 23:50:58] PRISMA: SELECT 1 -Params: [] -Duration: 1ms
[08/08/2026 23:50:58] PRISMA: INSERT INTO "public"."Washing_Program" ("deviceId","type","name","createdAt","startAt","finished","a -Params: ["000185936843",122,"Express 20","2026-08-08 21:50:58.437 UTC","2026-08-08 22:05:58.437 UTC","En attente",1] -Duration: 5ms
[08/08/2026 23:50:58] PRISMA: SELECT 1 -Params: [] -Duration: 0ms
[08/08/2026 23:50:58] PRISMA: INSERT INTO "public"."PushNotif" ("createdAt","sendAt","type","programId") VALUES ($1,$2,$3,$4) RETU -Params: ["2026-08-08 21:50:58.450 UTC","2026-08-08 21:50:58.450 UTC",1,1] -Duration: 7ms
[08/08/2026 23:50:58] PRISMA: INSERT INTO "public"."PushNotif" ("createdAt","sendAt","type","programId") VALUES ($1,$2,$3,$4) RETU -Params: ["2026-08-08 21:50:58.450 UTC","2026-08-08 22:25:58.450 UTC",3,1] -Duration: 6ms
[08/08/2026 23:50:58] PRISMA: SELECT "public"."Miele_Token"."id", "public"."Miele_Token"."accessToken", "public"."Miele_Token"."re -Params: [1,1,0] -Duration: 0ms
[08/08/2026 23:50:58] PRISMA: SELECT "public"."Miele_Token"."id", "public"."Miele_Token"."accessToken", "public"."Miele_Token"."re -Params: [1,1,0] -Duration: 0ms
[08/08/2026 23:51:00] PRISMA: SELECT "public"."PushNotif"."id", "public"."PushNotif"."createdAt", "public"."PushNotif"."sendAt", " -Params: ["2026-08-08 21:51:00.020 UTC",0] -Duration: 0ms
[08/08/2026 23:51:00] PRISMA: SELECT "public"."PushSubscription"."id", "public"."PushSubscription"."userId", "public"."PushSubscri -Params: [0] -Duration: 2ms
[08/08/2026 23:51:00] PRISMA: DELETE FROM "public"."PushNotif" WHERE ("public"."PushNotif"."id" = $1 AND 1=1) RETURNING "public"." -Params: [1] -Duration: 2ms
[08/08/2026 23:51:00] PRISMA: SELECT "public"."Washing_Program"."id", "public"."Washing_Program"."deviceId", "public"."Washing_Pro -Params: ["2026-08-08 21:50:58.450 UTC",0] -Duration: 0ms
[08/08/2026 23:51:00] PRISMA: UPDATE "public"."Washing_Program" SET "finished" = $1 WHERE ("public"."Washing_Program"."id" = $2 AN -Params: ["En attente",1] -Duration: 0ms
[08/08/2026 23:51:00] PRISMA: SELECT "public"."PushNotif"."id", "public"."PushNotif"."createdAt", "public"."PushNotif"."sendAt", " -Params: [0] -Duration: 0ms
[08/08/2026 23:51:00] PRISMA: SELECT "public"."Washing_Program"."id", "public"."Washing_Program"."deviceId", "public"."Washing_Pro -Params: ["2026-08-08 21:51:00.036 UTC","En attente",1,0] -Duration: 0ms
[08/08/2026 23:51:08] PRISMA: SELECT "public"."Miele_Token"."id", "public"."Miele_Token"."accessToken", "public"."Miele_Token"."re -Params: [1,1,0] -Duration: 9ms
[08/08/2026 23:51:08] PRISMA: SELECT "public"."Miele_Token"."id", "public"."Miele_Token"."accessToken", "public"."Miele_Token"."re -Params: [1,1,0] -Duration: 9ms
[08/08/2026 23:51:14] PRISMA: SELECT 1 -Params: [] -Duration: 2ms
[08/08/2026 23:51:14] PRISMA: SELECT 1 -Params: [] -Duration: 0ms
[08/08/2026 23:51:14] PRISMA: SELECT "public"."Washing_Program"."id", "public"."Washing_Program"."deviceId", "public"."Washing_Pro -Params: [5,0] -Duration: 1ms
[08/08/2026 23:51:14] PRISMA: SELECT "public"."Weather_Forecast"."id", "public"."Weather_Forecast"."time", "public"."Weather_Forec -Params: ["2026-08-08 09:51:14.839 UTC","2026-08-09 08:51:14.839 UTC",0] -Duration: 6ms
[08/08/2026 23:51:14] PRISMA: SELECT "public"."User"."id", "public"."User"."username" FROM "public"."User" WHERE "public"."User"." -Params: [1,0] -Duration: 2ms
[08/08/2026 23:51:14] PRISMA: SELECT "public"."Solar_Data"."id", "public"."Solar_Data"."hour", "public"."Solar_Data"."Watts", "pub -Params: ["2026-08-07 21:51:14.850 UTC","2026-08-08 21:51:14.850 UTC",0] -Duration: 0ms
[08/08/2026 23:51:14] PRISMA: SELECT "public"."User"."id" FROM "public"."User" WHERE ("public"."User"."id" = $1 AND 1=1) LIMIT $2  -Params: [1,1,0] -Duration: 0ms
[08/08/2026 23:51:14] PRISMA: SELECT "public"."Miele_Token"."id", "public"."Miele_Token"."accessToken", "public"."Miele_Token"."re -Params: [1,0] -Duration: 0ms
[08/08/2026 23:51:15] PRISMA: SELECT "public"."Miele_Token"."id", "public"."Miele_Token"."accessToken", "public"."Miele_Token"."re -Params: [1,1,0] -Duration: 0ms
[08/08/2026 23:51:15] PRISMA: SELECT "public"."Weather_Forecast"."id", "public"."Weather_Forecast"."time", "public"."Weather_Forec -Params: ["2026-08-08 09:51:15.879 UTC","2026-08-09 08:51:15.879 UTC",0] -Duration: 0ms
[08/08/2026 23:51:15] PRISMA: SELECT "public"."Washing_Program"."id", "public"."Washing_Program"."deviceId", "public"."Washing_Pro -Params: [5,0] -Duration: 0ms
[08/08/2026 23:51:15] PRISMA: SELECT "public"."User"."id", "public"."User"."username" FROM "public"."User" WHERE "public"."User"." -Params: [1,0] -Duration: 0ms
[08/08/2026 23:51:15] PRISMA: SELECT "public"."Solar_Data"."id", "public"."Solar_Data"."hour", "public"."Solar_Data"."Watts", "pub -Params: ["2026-08-07 21:51:15.885 UTC","2026-08-08 21:51:15.885 UTC",0] -Duration: 0ms
[08/08/2026 23:51:15] PRISMA: SELECT "public"."User"."id" FROM "public"."User" WHERE ("public"."User"."id" = $1 AND 1=1) LIMIT $2  -Params: [1,1,0] -Duration: 0ms
[08/08/2026 23:51:15] PRISMA: SELECT "public"."Miele_Token"."id", "public"."Miele_Token"."accessToken", "public"."Miele_Token"."re -Params: [1,0] -Duration: 0ms
[08/08/2026 23:51:15] PRISMA: SELECT "public"."Miele_Token"."id", "public"."Miele_Token"."accessToken", "public"."Miele_Token"."re -Params: [1,1,0] -Duration: 0ms
[08/08/2026 23:51:18] PRISMA: SELECT "public"."Weather_Forecast"."id", "public"."Weather_Forecast"."time", "public"."Weather_Forec -Params: ["2026-08-08 09:51:18.133 UTC","2026-08-09 08:51:18.133 UTC",0] -Duration: 1ms
[08/08/2026 23:51:19] PRISMA: SELECT "public"."PushSubscription"."id", "public"."PushSubscription"."userId", "public"."PushSubscri -Params: ["https://fcm.googleapis.com/fcm/send/ex-usKa6W9Q:APA91bFCihoCqEHKtRz3Eh-yB7QcrlqmAm_6hgiq-Qze8PKyKYlXNCXcs0ZaoNgZ-e9erPwiURpSGuP5RcLI91f9cmfFdTHDWtz1Fr03_uflD9oRLYHCQbDwgH2oa5MsxVjGXVo-aao4",0] -Duration: 3ms
[08/08/2026 23:51:19] PRISMA: INSERT INTO "public"."PushSubscription" ("userId","endpoint","p256dh","auth","createdAt") VALUES ($1 -Params: [1,"https://fcm.googleapis.com/fcm/send/ex-usKa6W9Q:APA91bFCihoCqEHKtRz3Eh-yB7QcrlqmAm_6hgiq-Qze8PKyKYlXNCXcs0ZaoNgZ-e9erPwiURpSGuP5RcLI91f9cmfFdTHDWtz1Fr03_uflD9oRLYHCQbDwgH2oa5MsxVjGXVo-aao4","BInAYtcyMlqh3VO6I8hpDvXNFwyRE5KmQLWL21pDGHn2DXIi21H1q7C2FNa-hg7P84m4JqTnFo3N27rh7dIglZI","U5zaSoPBYprJLSgSd42nKg","2026-08-08 21:51:19.569 UTC",1,"BInAYtcyMlqh3VO6I8hpDvXNFwyRE5KmQLWL21pDGHn2DXIi21H1q7C2FNa-hg7P84m4JqTnFo3N27rh7dIglZI","U5zaSoPBYprJLSgSd42nKg","https://fcm.googleapis.com/fcm/send/ex-usKa6W9Q:APA91bFCihoCqEHKtRz3Eh-yB7QcrlqmAm_6hgiq-Qze8PKyKYlXNCXcs0ZaoNgZ-e9erPwiURpSGuP5RcLI91f9cmfFdTHDWtz1Fr03_uflD9oRLYHCQbDwgH2oa5MsxVjGXVo-aao4"] -Duration: 5ms
[08/08/2026 23:51:38] PRISMA: SELECT 1 -Params: [] -Duration: 0ms
[08/08/2026 23:51:38] PRISMA: SELECT 1 -Params: [] -Duration: 0ms
[08/08/2026 23:51:38] PRISMA: SELECT "public"."Miele_Token"."id", "public"."Miele_Token"."accessToken", "public"."Miele_Token"."re -Params: [1,1,0] -Duration: 2ms
[08/08/2026 23:51:38] PRISMA: SELECT "public"."Miele_Token"."id", "public"."Miele_Token"."accessToken", "public"."Miele_Token"."re -Params: [1,1,0] -Duration: 3ms
[08/08/2026 23:52:00] PRISMA: SELECT 1 -Params: [] -Duration: 3ms
[08/08/2026 23:52:00] PRISMA: SELECT "public"."PushNotif"."id", "public"."PushNotif"."createdAt", "public"."PushNotif"."sendAt", " -Params: ["2026-08-08 21:52:00.033 UTC",0] -Duration: 1ms
[08/08/2026 23:52:00] PRISMA: SELECT "public"."PushNotif"."id", "public"."PushNotif"."createdAt", "public"."PushNotif"."sendAt", " -Params: [0] -Duration: 0ms
[08/08/2026 23:52:00] PRISMA: SELECT "public"."Washing_Program"."id", "public"."Washing_Program"."deviceId", "public"."Washing_Pro -Params: ["2026-08-08 21:52:00.049 UTC","En attente",1,0] -Duration: 0ms
[08/08/2026 23:52:08] PRISMA: SELECT 1 -Params: [] -Duration: 2ms
[08/08/2026 23:52:08] PRISMA: SELECT "public"."Miele_Token"."id", "public"."Miele_Token"."accessToken", "public"."Miele_Token"."re -Params: [1,1,0] -Duration: 5ms
[08/08/2026 23:52:08] PRISMA: SELECT "public"."Miele_Token"."id", "public"."Miele_Token"."accessToken", "public"."Miele_Token"."re -Params: [1,1,0] -Duration: 0ms
[08/08/2026 23:52:38] PRISMA: SELECT 1 -Params: [] -Duration: 6ms
[08/08/2026 23:52:38] PRISMA: SELECT 1 -Params: [] -Duration: 0ms
[08/08/2026 23:52:38] PRISMA: SELECT "public"."Miele_Token"."id", "public"."Miele_Token"."accessToken", "public"."Miele_Token"."re -Params: [1,1,0] -Duration: 1ms
[08/08/2026 23:52:38] PRISMA: SELECT "public"."Miele_Token"."id", "public"."Miele_Token"."accessToken", "public"."Miele_Token"."re -Params: [1,1,0] -Duration: 0ms
[08/08/2026 23:52:49] PRISMA: SELECT "public"."Weather_Forecast"."id", "public"."Weather_Forecast"."time", "public"."Weather_Forec -Params: ["2026-08-08 00:00:00 UTC",0] -Duration: 3ms
[08/08/2026 23:52:49] PRISMA: SELECT "public"."User"."id", "public"."User"."username", "public"."User"."password_hash", "public"." -Params: ["Parents",1,0] -Duration: 1ms
[08/08/2026 23:53:00] PRISMA: SELECT "public"."PushNotif"."id", "public"."PushNotif"."createdAt", "public"."PushNotif"."sendAt", " -Params: ["2026-08-08 21:53:00.023 UTC",0] -Duration: 4ms
[08/08/2026 23:53:00] PRISMA: SELECT "public"."PushNotif"."id", "public"."PushNotif"."createdAt", "public"."PushNotif"."sendAt", " -Params: [0] -Duration: 0ms
[08/08/2026 23:53:00] PRISMA: SELECT "public"."Washing_Program"."id", "public"."Washing_Program"."deviceId", "public"."Washing_Pro -Params: ["2026-08-08 21:53:00.035 UTC","En attente",1,0] -Duration: 4ms
[08/08/2026 23:53:08] PRISMA: SELECT 1 -Params: [] -Duration: 0ms
[08/08/2026 23:53:08] PRISMA: SELECT "public"."Miele_Token"."id", "public"."Miele_Token"."accessToken", "public"."Miele_Token"."re -Params: [1,1,0] -Duration: 1ms
[08/08/2026 23:53:08] PRISMA: SELECT "public"."Miele_Token"."id", "public"."Miele_Token"."accessToken", "public"."Miele_Token"."re -Params: [1,1,0] -Duration: 1ms
[08/08/2026 23:54:00] PRISMA: SELECT 1 -Params: [] -Duration: 2ms
[08/08/2026 23:54:00] PRISMA: SELECT "public"."PushNotif"."id", "public"."PushNotif"."createdAt", "public"."PushNotif"."sendAt", " -Params: ["2026-08-08 21:54:00.033 UTC",0] -Duration: 4ms
[08/08/2026 23:54:00] PRISMA: SELECT "public"."PushNotif"."id", "public"."PushNotif"."createdAt", "public"."PushNotif"."sendAt", " -Params: [0] -Duration: 0ms
[08/08/2026 23:54:00] PRISMA: SELECT "public"."Washing_Program"."id", "public"."Washing_Program"."deviceId", "public"."Washing_Pro -Params: ["2026-08-08 21:54:00.060 UTC","En attente",1,0] -Duration: 3ms
[08/08/2026 23:54:27] PRISMA: SELECT 1 -Params: [] -Duration: 6ms
[08/08/2026 23:54:27] PRISMA: SELECT 1 -Params: [] -Duration: 8ms
[08/08/2026 23:54:27] PRISMA: SELECT "public"."Miele_Token"."id", "public"."Miele_Token"."accessToken", "public"."Miele_Token"."re -Params: [1,1,0] -Duration: 1ms
[08/08/2026 23:54:27] PRISMA: SELECT "public"."Miele_Token"."id", "public"."Miele_Token"."accessToken", "public"."Miele_Token"."re -Params: [1,1,0] -Duration: 1ms
[08/08/2026 23:55:00] PRISMA: SELECT 1 -Params: [] -Duration: 2ms
[08/08/2026 23:55:00] PRISMA: SELECT "public"."PushNotif"."id", "public"."PushNotif"."createdAt", "public"."PushNotif"."sendAt", " -Params: ["2026-08-08 21:55:00.068 UTC",0] -Duration: 4ms
[08/08/2026 23:55:00] PRISMA: SELECT "public"."PushNotif"."id", "public"."PushNotif"."createdAt", "public"."PushNotif"."sendAt", " -Params: [0] -Duration: 0ms
[08/08/2026 23:55:00] PRISMA: SELECT "public"."Washing_Program"."id", "public"."Washing_Program"."deviceId", "public"."Washing_Pro -Params: ["2026-08-08 21:55:00.094 UTC","En attente",1,0] -Duration: 0ms
[08/08/2026 23:55:01] PRISMA: INSERT INTO "public"."Solar_Data" ("hour","Watts","total") VALUES ($1,$2,$3) RETURNING "public"."Sol -Params: ["2026-08-08 21:55:01.374 UTC",0,38942] -Duration: 11ms
[08/08/2026 23:55:13] PRISMA: SELECT "public"."Weather_Forecast"."id", "public"."Weather_Forecast"."time", "public"."Weather_Forec -Params: ["2026-08-08 00:00:00 UTC",0] -Duration: 3ms
[08/08/2026 23:55:13] PRISMA: SELECT "public"."User"."id", "public"."User"."username", "public"."User"."password_hash", "public"." -Params: ["Parents",1,0] -Duration: 1ms
[08/08/2026 23:55:27] PRISMA: SELECT "public"."Miele_Token"."id", "public"."Miele_Token"."accessToken", "public"."Miele_Token"."re -Params: [1,1,0] -Duration: 7ms
[08/08/2026 23:55:27] PRISMA: SELECT "public"."Miele_Token"."id", "public"."Miele_Token"."accessToken", "public"."Miele_Token"."re -Params: [1,1,0] -Duration: 2ms
[08/08/2026 23:56:00] PRISMA: SELECT 1 -Params: [] -Duration: 8ms
[08/08/2026 23:56:00] PRISMA: SELECT "public"."PushNotif"."id", "public"."PushNotif"."createdAt", "public"."PushNotif"."sendAt", " -Params: ["2026-08-08 21:56:00.062 UTC",0] -Duration: 5ms
[08/08/2026 23:56:00] PRISMA: SELECT "public"."PushNotif"."id", "public"."PushNotif"."createdAt", "public"."PushNotif"."sendAt", " -Params: [0] -Duration: 0ms
[08/08/2026 23:56:00] PRISMA: SELECT "public"."Washing_Program"."id", "public"."Washing_Program"."deviceId", "public"."Washing_Pro -Params: ["2026-08-08 21:56:00.085 UTC","En attente",1,0] -Duration: 3ms
[08/08/2026 23:56:27] PRISMA: SELECT 1 -Params: [] -Duration: 1ms
[08/08/2026 23:56:27] PRISMA: SELECT 1 -Params: [] -Duration: 2ms
[08/08/2026 23:56:27] PRISMA: SELECT "public"."Miele_Token"."id", "public"."Miele_Token"."accessToken", "public"."Miele_Token"."re -Params: [1,1,0] -Duration: 4ms
[08/08/2026 23:56:27] PRISMA: SELECT "public"."Miele_Token"."id", "public"."Miele_Token"."accessToken", "public"."Miele_Token"."re -Params: [1,1,0] -Duration: 4ms
[08/08/2026 23:57:00] PRISMA: SELECT 1 -Params: [] -Duration: 6ms
[08/08/2026 23:57:00] PRISMA: SELECT "public"."PushNotif"."id", "public"."PushNotif"."createdAt", "public"."PushNotif"."sendAt", " -Params: ["2026-08-08 21:57:00.054 UTC",0] -Duration: 1ms
[08/08/2026 23:57:00] PRISMA: SELECT "public"."PushNotif"."id", "public"."PushNotif"."createdAt", "public"."PushNotif"."sendAt", " -Params: [0] -Duration: 0ms
[08/08/2026 23:57:00] PRISMA: SELECT "public"."Washing_Program"."id", "public"."Washing_Program"."deviceId", "public"."Washing_Pro -Params: ["2026-08-08 21:57:00.071 UTC","En attente",1,0] -Duration: 2ms
[08/08/2026 23:57:27] PRISMA: SELECT 1 -Params: [] -Duration: 1ms
[08/08/2026 23:57:27] PRISMA: SELECT 1 -Params: [] -Duration: 2ms
[08/08/2026 23:57:27] PRISMA: SELECT "public"."Miele_Token"."id", "public"."Miele_Token"."accessToken", "public"."Miele_Token"."re -Params: [1,1,0] -Duration: 1ms
[08/08/2026 23:57:27] PRISMA: SELECT "public"."Miele_Token"."id", "public"."Miele_Token"."accessToken", "public"."Miele_Token"."re -Params: [1,1,0] -Duration: 1ms
[08/08/2026 23:58:00] PRISMA: SELECT 1 -Params: [] -Duration: 2ms
[08/08/2026 23:58:00] PRISMA: SELECT "public"."PushNotif"."id", "public"."PushNotif"."createdAt", "public"."PushNotif"."sendAt", " -Params: ["2026-08-08 21:58:00.054 UTC",0] -Duration: 11ms
[08/08/2026 23:58:00] PRISMA: SELECT "public"."PushNotif"."id", "public"."PushNotif"."createdAt", "public"."PushNotif"."sendAt", " -Params: [0] -Duration: 0ms
[08/08/2026 23:58:00] PRISMA: SELECT "public"."Washing_Program"."id", "public"."Washing_Program"."deviceId", "public"."Washing_Pro -Params: ["2026-08-08 21:58:00.080 UTC","En attente",1,0] -Duration: 3ms
[08/08/2026 23:58:27] PRISMA: SELECT 1 -Params: [] -Duration: 3ms
[08/08/2026 23:58:27] PRISMA: SELECT 1 -Params: [] -Duration: 4ms
[08/08/2026 23:58:27] PRISMA: SELECT "public"."Miele_Token"."id", "public"."Miele_Token"."accessToken", "public"."Miele_Token"."re -Params: [1,1,0] -Duration: 2ms
[08/08/2026 23:58:27] PRISMA: SELECT "public"."Miele_Token"."id", "public"."Miele_Token"."accessToken", "public"."Miele_Token"."re -Params: [1,1,0] -Duration: 2ms
[08/08/2026 23:59:00] PRISMA: SELECT 1 -Params: [] -Duration: 8ms
[08/08/2026 23:59:00] PRISMA: SELECT "public"."PushNotif"."id", "public"."PushNotif"."createdAt", "public"."PushNotif"."sendAt", " -Params: ["2026-08-08 21:59:00.071 UTC",0] -Duration: 1ms
[08/08/2026 23:59:00] PRISMA: SELECT "public"."PushNotif"."id", "public"."PushNotif"."createdAt", "public"."PushNotif"."sendAt", " -Params: [0] -Duration: 0ms
[08/08/2026 23:59:00] PRISMA: SELECT "public"."Washing_Program"."id", "public"."Washing_Program"."deviceId", "public"."Washing_Pro -Params: ["2026-08-08 21:59:00.091 UTC","En attente",1,0] -Duration: 2ms
[08/08/2026 23:59:20] PRISMA: SELECT "public"."Weather_Forecast"."id", "public"."Weather_Forecast"."time", "public"."Weather_Forec -Params: ["2026-08-08 00:00:00 UTC",0] -Duration: 4ms
[08/08/2026 23:59:20] PRISMA: SELECT "public"."User"."id", "public"."User"."username", "public"."User"."password_hash", "public"." -Params: ["Parents",1,0] -Duration: 2ms
[08/08/2026 23:59:27] PRISMA: SELECT "public"."Miele_Token"."id", "public"."Miele_Token"."accessToken", "public"."Miele_Token"."re -Params: [1,1,0] -Duration: 7ms
[08/08/2026 23:59:27] PRISMA: SELECT "public"."Miele_Token"."id", "public"."Miele_Token"."accessToken", "public"."Miele_Token"."re -Params: [1,1,0] -Duration: 4ms
[08/08/2026 23:59:44] PRISMA: SELECT "public"."Weather_Forecast"."id", "public"."Weather_Forecast"."time", "public"."Weather_Forec -Params: ["2026-08-08 00:00:00 UTC",0] -Duration: 7ms
[08/08/2026 23:59:44] PRISMA: SELECT "public"."User"."id", "public"."User"."username", "public"."User"."password_hash", "public"." -Params: ["Parents",1,0] -Duration: 3ms
[09/08/2026 00:00:00] PRISMA: SELECT 1 -Params: [] -Duration: 1ms
[09/08/2026 00:00:00] PRISMA: SELECT "public"."PushNotif"."id", "public"."PushNotif"."createdAt", "public"."PushNotif"."sendAt", " -Params: ["2026-08-08 22:00:00.149 UTC",0] -Duration: 2ms
[09/08/2026 00:00:00] PRISMA: SELECT "public"."PushNotif"."id", "public"."PushNotif"."createdAt", "public"."PushNotif"."sendAt", " -Params: [0] -Duration: 0ms
[09/08/2026 00:00:00] PRISMA: SELECT "public"."Washing_Program"."id", "public"."Washing_Program"."deviceId", "public"."Washing_Pro -Params: ["2026-08-08 22:00:00.165 UTC","En attente",1,0] -Duration: 6ms
[09/08/2026 00:00:03] PRISMA: INSERT INTO "public"."Solar_Data" ("hour","Watts","total") VALUES ($1,$2,$3) RETURNING "public"."Sol -Params: ["2026-08-08 22:00:03.150 UTC",0,38942] -Duration: 13ms
[09/08/2026 00:00:27] PRISMA: SELECT 1 -Params: [] -Duration: 4ms
[09/08/2026 00:00:27] PRISMA: SELECT "public"."Miele_Token"."id", "public"."Miele_Token"."accessToken", "public"."Miele_Token"."re -Params: [1,1,0] -Duration: 6ms
[09/08/2026 00:00:27] PRISMA: SELECT "public"."Miele_Token"."id", "public"."Miele_Token"."accessToken", "public"."Miele_Token"."re -Params: [1,1,0] -Duration: 6ms
[09/08/2026 00:00:49] PRISMA: SELECT "public"."Weather_Forecast"."id", "public"."Weather_Forecast"."time", "public"."Weather_Forec -Params: ["2026-08-08 00:00:00 UTC",0] -Duration: 2ms
[09/08/2026 00:00:49] PRISMA: SELECT "public"."User"."id", "public"."User"."username", "public"."User"."password_hash", "public"." -Params: ["Parents",1,0] -Duration: 1ms
[09/08/2026 00:01:00] PRISMA: SELECT "public"."PushNotif"."id", "public"."PushNotif"."createdAt", "public"."PushNotif"."sendAt", " -Params: ["2026-08-08 22:01:00.033 UTC",0] -Duration: 16ms
[09/08/2026 00:01:00] PRISMA: SELECT "public"."PushNotif"."id", "public"."PushNotif"."createdAt", "public"."PushNotif"."sendAt", " -Params: [0] -Duration: 0ms
[09/08/2026 00:01:00] PRISMA: SELECT "public"."Washing_Program"."id", "public"."Washing_Program"."deviceId", "public"."Washing_Pro -Params: ["2026-08-08 22:01:00.066 UTC","En attente",1,0] -Duration: 14ms
[09/08/2026 00:01:27] PRISMA: SELECT 1 -Params: [] -Duration: 2ms
[09/08/2026 00:01:27] PRISMA: SELECT "public"."Miele_Token"."id", "public"."Miele_Token"."accessToken", "public"."Miele_Token"."re -Params: [1,1,0] -Duration: 4ms
[09/08/2026 00:01:27] PRISMA: SELECT "public"."Miele_Token"."id", "public"."Miele_Token"."accessToken", "public"."Miele_Token"."re -Params: [1,1,0] -Duration: 3ms
[09/08/2026 00:02:00] PRISMA: SELECT 1 -Params: [] -Duration: 6ms
[09/08/2026 00:02:00] PRISMA: SELECT "public"."PushNotif"."id", "public"."PushNotif"."createdAt", "public"."PushNotif"."sendAt", " -Params: ["2026-08-08 22:02:00.038 UTC",0] -Duration: 9ms
[09/08/2026 00:02:00] PRISMA: SELECT "public"."PushNotif"."id", "public"."PushNotif"."createdAt", "public"."PushNotif"."sendAt", " -Params: [0] -Duration: 0ms
[09/08/2026 00:02:00] PRISMA: SELECT "public"."Washing_Program"."id", "public"."Washing_Program"."deviceId", "public"."Washing_Pro -Params: ["2026-08-08 22:02:00.068 UTC","En attente",1,0] -Duration: 3ms
[09/08/2026 00:02:27] PRISMA: SELECT 1 -Params: [] -Duration: 1ms
[09/08/2026 00:02:27] PRISMA: SELECT 1 -Params: [] -Duration: 0ms
[09/08/2026 00:02:27] PRISMA: SELECT "public"."Miele_Token"."id", "public"."Miele_Token"."accessToken", "public"."Miele_Token"."re -Params: [1,1,0] -Duration: 1ms
[09/08/2026 00:02:27] PRISMA: SELECT "public"."Miele_Token"."id", "public"."Miele_Token"."accessToken", "public"."Miele_Token"."re -Params: [1,1,0] -Duration: 0ms
[09/08/2026 00:03:00] PRISMA: SELECT 1 -Params: [] -Duration: 2ms
[09/08/2026 00:03:00] PRISMA: SELECT "public"."PushNotif"."id", "public"."PushNotif"."createdAt", "public"."PushNotif"."sendAt", " -Params: ["2026-08-08 22:03:00.053 UTC",0] -Duration: 1ms
[09/08/2026 00:03:00] PRISMA: SELECT "public"."PushNotif"."id", "public"."PushNotif"."createdAt", "public"."PushNotif"."sendAt", " -Params: [0] -Duration: 1ms
[09/08/2026 00:03:00] PRISMA: SELECT "public"."Washing_Program"."id", "public"."Washing_Program"."deviceId", "public"."Washing_Pro -Params: ["2026-08-08 22:03:00.072 UTC","En attente",1,0] -Duration: 1ms
[09/08/2026 00:03:27] PRISMA: SELECT 1 -Params: [] -Duration: 4ms
[09/08/2026 00:03:27] PRISMA: SELECT 1 -Params: [] -Duration: 2ms
[09/08/2026 00:03:27] PRISMA: SELECT "public"."Miele_Token"."id", "public"."Miele_Token"."accessToken", "public"."Miele_Token"."re -Params: [1,1,0] -Duration: 1ms
[09/08/2026 00:03:27] PRISMA: SELECT "public"."Miele_Token"."id", "public"."Miele_Token"."accessToken", "public"."Miele_Token"."re -Params: [1,1,0] -Duration: 1ms
[09/08/2026 00:04:00] PRISMA: SELECT 1 -Params: [] -Duration: 6ms
[09/08/2026 00:04:00] PRISMA: SELECT "public"."PushNotif"."id", "public"."PushNotif"."createdAt", "public"."PushNotif"."sendAt", " -Params: ["2026-08-08 22:04:00.062 UTC",0] -Duration: 1ms
[09/08/2026 00:04:00] PRISMA: SELECT "public"."PushNotif"."id", "public"."PushNotif"."createdAt", "public"."PushNotif"."sendAt", " -Params: [0] -Duration: 1ms
[09/08/2026 00:04:00] PRISMA: SELECT "public"."Washing_Program"."id", "public"."Washing_Program"."deviceId", "public"."Washing_Pro -Params: ["2026-08-08 22:04:00.082 UTC","En attente",1,0] -Duration: 0ms
[09/08/2026 00:04:27] PRISMA: SELECT 1 -Params: [] -Duration: 5ms
[09/08/2026 00:04:27] PRISMA: SELECT 1 -Params: [] -Duration: 1ms
[09/08/2026 00:04:27] PRISMA: SELECT "public"."Miele_Token"."id", "public"."Miele_Token"."accessToken", "public"."Miele_Token"."re -Params: [1,1,0] -Duration: 2ms
[09/08/2026 00:04:27] PRISMA: SELECT "public"."Miele_Token"."id", "public"."Miele_Token"."accessToken", "public"."Miele_Token"."re -Params: [1,1,0] -Duration: 2ms
[09/08/2026 00:05:00] PRISMA: SELECT 1 -Params: [] -Duration: 1ms
[09/08/2026 00:05:00] PRISMA: SELECT "public"."PushNotif"."id", "public"."PushNotif"."createdAt", "public"."PushNotif"."sendAt", " -Params: ["2026-08-08 22:05:00.072 UTC",0] -Duration: 0ms
[09/08/2026 00:05:00] PRISMA: SELECT "public"."PushNotif"."id", "public"."PushNotif"."createdAt", "public"."PushNotif"."sendAt", " -Params: [0] -Duration: 0ms
[09/08/2026 00:05:00] PRISMA: SELECT "public"."Washing_Program"."id", "public"."Washing_Program"."deviceId", "public"."Washing_Pro -Params: ["2026-08-08 22:05:00.080 UTC","En attente",1,0] -Duration: 0ms
[09/08/2026 00:05:02] PRISMA: INSERT INTO "public"."Solar_Data" ("hour","Watts","total") VALUES ($1,$2,$3) RETURNING "public"."Sol -Params: ["2026-08-08 22:05:02.398 UTC",0,0] -Duration: 8ms
[09/08/2026 00:05:27] PRISMA: SELECT 1 -Params: [] -Duration: 6ms
[09/08/2026 00:05:27] PRISMA: SELECT 1 -Params: [] -Duration: 6ms
[09/08/2026 00:05:27] PRISMA: SELECT "public"."Miele_Token"."id", "public"."Miele_Token"."accessToken", "public"."Miele_Token"."re -Params: [1,1,0] -Duration: 0ms
[09/08/2026 00:05:27] PRISMA: SELECT "public"."Miele_Token"."id", "public"."Miele_Token"."accessToken", "public"."Miele_Token"."re -Params: [1,1,0] -Duration: 1ms
[09/08/2026 00:05:41] PRISMA: SELECT "public"."Weather_Forecast"."id", "public"."Weather_Forecast"."time", "public"."Weather_Forec -Params: ["2026-08-08 10:05:41.572 UTC","2026-08-09 09:05:41.572 UTC",0] -Duration: 9ms
[09/08/2026 00:05:42] PRISMA: SELECT 1 -Params: [] -Duration: 0ms
[09/08/2026 00:05:42] PRISMA: SELECT "public"."PushSubscription"."id", "public"."PushSubscription"."userId", "public"."PushSubscri -Params: ["https://fcm.googleapis.com/fcm/send/ex-usKa6W9Q:APA91bFCihoCqEHKtRz3Eh-yB7QcrlqmAm_6hgiq-Qze8PKyKYlXNCXcs0ZaoNgZ-e9erPwiURpSGuP5RcLI91f9cmfFdTHDWtz1Fr03_uflD9oRLYHCQbDwgH2oa5MsxVjGXVo-aao4",0] -Duration: 4ms
[09/08/2026 00:06:00] PRISMA: SELECT 1 -Params: [] -Duration: 20ms
[09/08/2026 00:06:00] PRISMA: SELECT "public"."PushNotif"."id", "public"."PushNotif"."createdAt", "public"."PushNotif"."sendAt", " -Params: ["2026-08-08 22:06:00.028 UTC",0] -Duration: 0ms
[09/08/2026 00:06:00] PRISMA: SELECT "public"."PushNotif"."id", "public"."PushNotif"."createdAt", "public"."PushNotif"."sendAt", " -Params: [0] -Duration: 0ms
[09/08/2026 00:06:00] PRISMA: SELECT "public"."Washing_Program"."id", "public"."Washing_Program"."deviceId", "public"."Washing_Pro -Params: ["2026-08-08 22:06:00.057 UTC","En attente",1,0] -Duration: 0ms
[09/08/2026 00:06:00] PRISMA: SELECT "public"."Miele_Token"."id", "public"."Miele_Token"."accessToken", "public"."Miele_Token"."re -Params: [1,1,0] -Duration: 0ms
[09/08/2026 00:06:02] PRISMA: INSERT INTO "public"."PushNotif" ("createdAt","sendAt","type","programId") VALUES ($1,$2,$3,$4) RETU -Params: ["2026-08-08 22:06:02.328 UTC","2026-08-08 22:06:02.328 UTC",2,1] -Duration: 7ms
[09/08/2026 00:06:27] PRISMA: SELECT 1 -Params: [] -Duration: 12ms
[09/08/2026 00:06:27] PRISMA: SELECT "public"."Weather_Forecast"."id", "public"."Weather_Forecast"."time", "public"."Weather_Forec -Params: ["2026-08-08 10:06:27.185 UTC","2026-08-09 09:06:27.185 UTC",0] -Duration: 2ms
[09/08/2026 00:06:27] PRISMA: SELECT "public"."Miele_Token"."id", "public"."Miele_Token"."accessToken", "public"."Miele_Token"."re -Params: [1,1,0] -Duration: 2ms
[09/08/2026 00:06:27] PRISMA: SELECT "public"."Miele_Token"."id", "public"."Miele_Token"."accessToken", "public"."Miele_Token"."re -Params: [1,1,0] -Duration: 0ms
[09/08/2026 00:06:34] PRISMA: SELECT "public"."PushSubscription"."id", "public"."PushSubscription"."userId", "public"."PushSubscri -Params: ["https://fcm.googleapis.com/fcm/send/ex-usKa6W9Q:APA91bFCihoCqEHKtRz3Eh-yB7QcrlqmAm_6hgiq-Qze8PKyKYlXNCXcs0ZaoNgZ-e9erPwiURpSGuP5RcLI91f9cmfFdTHDWtz1Fr03_uflD9oRLYHCQbDwgH2oa5MsxVjGXVo-aao4",0] -Duration: 5ms
[09/08/2026 00:07:00] PRISMA: SELECT 1 -Params: [] -Duration: 1ms
[09/08/2026 00:07:00] PRISMA: SELECT "public"."PushNotif"."id", "public"."PushNotif"."createdAt", "public"."PushNotif"."sendAt", " -Params: ["2026-08-08 22:07:00.040 UTC",0] -Duration: 2ms
[09/08/2026 00:07:00] PRISMA: SELECT "public"."PushSubscription"."id", "public"."PushSubscription"."userId", "public"."PushSubscri -Params: [0] -Duration: 0ms
[09/08/2026 00:07:00] PRISMA: DELETE FROM "public"."PushNotif" WHERE ("public"."PushNotif"."id" = $1 AND 1=1) RETURNING "public"." -Params: [3] -Duration: 5ms
[09/08/2026 00:07:00] PRISMA: SELECT "public"."Washing_Program"."id", "public"."Washing_Program"."deviceId", "public"."Washing_Pro -Params: ["2026-08-08 22:06:02.328 UTC",0] -Duration: 1ms
[09/08/2026 00:07:00] PRISMA: UPDATE "public"."Washing_Program" SET "finished" = $1 WHERE ("public"."Washing_Program"."id" = $2 AN -Params: ["En cours",1] -Duration: 1ms
[09/08/2026 00:07:00] PRISMA: SELECT "public"."PushNotif"."id", "public"."PushNotif"."createdAt", "public"."PushNotif"."sendAt", " -Params: [0] -Duration: 0ms
[09/08/2026 00:07:00] PRISMA: SELECT "public"."Washing_Program"."id", "public"."Washing_Program"."deviceId", "public"."Washing_Pro -Params: ["2026-08-08 22:07:00.251 UTC","En attente",1,0] -Duration: 1ms
[09/08/2026 00:07:27] PRISMA: SELECT 1 -Params: [] -Duration: 3ms
[09/08/2026 00:07:27] PRISMA: SELECT "public"."Miele_Token"."id", "public"."Miele_Token"."accessToken", "public"."Miele_Token"."re -Params: [1,1,0] -Duration: 15ms
[09/08/2026 00:07:27] PRISMA: SELECT "public"."Miele_Token"."id", "public"."Miele_Token"."accessToken", "public"."Miele_Token"."re -Params: [1,1,0] -Duration: 3ms
[09/08/2026 00:07:27] PRISMA: SELECT "public"."Solar_Data"."id", "public"."Solar_Data"."hour", "public"."Solar_Data"."Watts", "pub -Params: ["2026-08-07 22:07:27.882 UTC","2026-08-08 22:07:27.882 UTC",0] -Duration: 3ms
[09/08/2026 00:07:27] PRISMA: SELECT "public"."Weather_Forecast"."id", "public"."Weather_Forecast"."time", "public"."Weather_Forec -Params: ["2026-08-08 10:07:27.872 UTC","2026-08-09 09:07:27.872 UTC",0] -Duration: 13ms
[09/08/2026 00:07:27] PRISMA: SELECT "public"."Washing_Program"."id", "public"."Washing_Program"."deviceId", "public"."Washing_Pro -Params: [5,0] -Duration: 2ms
[09/08/2026 00:07:27] PRISMA: SELECT "public"."User"."id", "public"."User"."username" FROM "public"."User" WHERE "public"."User"." -Params: [1,0] -Duration: 1ms
[09/08/2026 00:07:27] PRISMA: SELECT "public"."User"."id" FROM "public"."User" WHERE ("public"."User"."id" = $1 AND 1=1) LIMIT $2  -Params: [1,1,0] -Duration: 5ms
[09/08/2026 00:07:27] PRISMA: SELECT "public"."Miele_Token"."id", "public"."Miele_Token"."accessToken", "public"."Miele_Token"."re -Params: [1,0] -Duration: 0ms
[09/08/2026 00:07:27] PRISMA: SELECT "public"."Miele_Token"."id", "public"."Miele_Token"."accessToken", "public"."Miele_Token"."re -Params: [1,1,0] -Duration: 0ms
[09/08/2026 00:08:00] PRISMA: SELECT 1 -Params: [] -Duration: 1ms
[09/08/2026 00:08:00] PRISMA: SELECT "public"."PushNotif"."id", "public"."PushNotif"."createdAt", "public"."PushNotif"."sendAt", " -Params: ["2026-08-08 22:08:00.019 UTC",0] -Duration: 5ms
[09/08/2026 00:08:00] PRISMA: SELECT "public"."PushNotif"."id", "public"."PushNotif"."createdAt", "public"."PushNotif"."sendAt", " -Params: [0] -Duration: 0ms
[09/08/2026 00:08:00] PRISMA: SELECT "public"."Washing_Program"."id", "public"."Washing_Program"."deviceId", "public"."Washing_Pro -Params: ["2026-08-08 22:08:00.044 UTC","En attente",1,0] -Duration: 1ms
[09/08/2026 00:09:00] PRISMA: SELECT 1 -Params: [] -Duration: 2ms
[09/08/2026 00:09:00] PRISMA: SELECT "public"."PushNotif"."id", "public"."PushNotif"."createdAt", "public"."PushNotif"."sendAt", " -Params: ["2026-08-08 22:09:00.030 UTC",0] -Duration: 1ms
[09/08/2026 00:09:00] PRISMA: SELECT "public"."PushNotif"."id", "public"."PushNotif"."createdAt", "public"."PushNotif"."sendAt", " -Params: [0] -Duration: 0ms
[09/08/2026 00:09:00] PRISMA: SELECT "public"."Washing_Program"."id", "public"."Washing_Program"."deviceId", "public"."Washing_Pro -Params: ["2026-08-08 22:09:00.044 UTC","En attente",1,0] -Duration: 0ms
[09/08/2026 00:09:55] PRISMA: SELECT "public"."Weather_Forecast"."id", "public"."Weather_Forecast"."time", "public"."Weather_Forec -Params: ["2026-08-08 00:00:00 UTC",0] -Duration: 3ms
[09/08/2026 00:09:55] PRISMA: SELECT "public"."User"."id", "public"."User"."username", "public"."User"."password_hash", "public"." -Params: ["Parents",1,0] -Duration: 1ms
[09/08/2026 00:10:00] PRISMA: SELECT "public"."PushNotif"."id", "public"."PushNotif"."createdAt", "public"."PushNotif"."sendAt", " -Params: ["2026-08-08 22:10:00.080 UTC",0] -Duration: 4ms
[09/08/2026 00:10:00] PRISMA: SELECT "public"."PushNotif"."id", "public"."PushNotif"."createdAt", "public"."PushNotif"."sendAt", " -Params: [0] -Duration: 0ms
[09/08/2026 00:10:00] PRISMA: SELECT "public"."Washing_Program"."id", "public"."Washing_Program"."deviceId", "public"."Washing_Pro -Params: ["2026-08-08 22:10:00.089 UTC","En attente",1,0] -Duration: 4ms
[09/08/2026 00:10:01] PRISMA: INSERT INTO "public"."Solar_Data" ("hour","Watts","total") VALUES ($1,$2,$3) RETURNING "public"."Sol -Params: ["2026-08-08 22:10:01.478 UTC",0,0] -Duration: 9ms
[09/08/2026 00:10:55] PRISMA: SELECT "public"."Weather_Forecast"."id", "public"."Weather_Forecast"."time", "public"."Weather_Forec -Params: ["2026-08-08 00:00:00 UTC",0] -Duration: 3ms
[09/08/2026 00:10:55] PRISMA: SELECT "public"."User"."id", "public"."User"."username", "public"."User"."password_hash", "public"." -Params: ["Parents",1,0] -Duration: 1ms
[09/08/2026 00:11:00] PRISMA: SELECT "public"."PushNotif"."id", "public"."PushNotif"."createdAt", "public"."PushNotif"."sendAt", " -Params: ["2026-08-08 22:11:00.025 UTC",0] -Duration: 5ms
[09/08/2026 00:11:00] PRISMA: SELECT "public"."PushNotif"."id", "public"."PushNotif"."createdAt", "public"."PushNotif"."sendAt", " -Params: [0] -Duration: 0ms
[09/08/2026 00:11:00] PRISMA: SELECT "public"."Washing_Program"."id", "public"."Washing_Program"."deviceId", "public"."Washing_Pro -Params: ["2026-08-08 22:11:00.040 UTC","En attente",1,0] -Duration: 2ms
[09/08/2026 00:12:00] PRISMA: SELECT 1 -Params: [] -Duration: 6ms
[09/08/2026 00:12:00] PRISMA: SELECT "public"."PushNotif"."id", "public"."PushNotif"."createdAt", "public"."PushNotif"."sendAt", " -Params: ["2026-08-08 22:12:00.043 UTC",0] -Duration: 1ms
[09/08/2026 00:12:00] PRISMA: SELECT "public"."PushNotif"."id", "public"."PushNotif"."createdAt", "public"."PushNotif"."sendAt", " -Params: [0] -Duration: 0ms
[09/08/2026 00:12:00] PRISMA: SELECT "public"."Washing_Program"."id", "public"."Washing_Program"."deviceId", "public"."Washing_Pro -Params: ["2026-08-08 22:12:00.064 UTC","En attente",1,0] -Duration: 0ms
[09/08/2026 00:13:00] PRISMA: SELECT 1 -Params: [] -Duration: 2ms
[09/08/2026 00:13:00] PRISMA: SELECT "public"."PushNotif"."id", "public"."PushNotif"."createdAt", "public"."PushNotif"."sendAt", " -Params: ["2026-08-08 22:13:00.028 UTC",0] -Duration: 1ms
[09/08/2026 00:13:00] PRISMA: SELECT "public"."PushNotif"."id", "public"."PushNotif"."createdAt", "public"."PushNotif"."sendAt", " -Params: [0] -Duration: 0ms
[09/08/2026 00:13:00] PRISMA: SELECT "public"."Washing_Program"."id", "public"."Washing_Program"."deviceId", "public"."Washing_Pro -Params: ["2026-08-08 22:13:00.047 UTC","En attente",1,0] -Duration: 0ms
[09/08/2026 00:14:00] PRISMA: SELECT 1 -Params: [] -Duration: 1ms
[09/08/2026 00:14:00] PRISMA: SELECT "public"."PushNotif"."id", "public"."PushNotif"."createdAt", "public"."PushNotif"."sendAt", " -Params: ["2026-08-08 22:14:00.034 UTC",0] -Duration: 3ms
[09/08/2026 00:14:00] PRISMA: SELECT "public"."PushNotif"."id", "public"."PushNotif"."createdAt", "public"."PushNotif"."sendAt", " -Params: [0] -Duration: 0ms
[09/08/2026 00:14:00] PRISMA: SELECT "public"."Washing_Program"."id", "public"."Washing_Program"."deviceId", "public"."Washing_Pro -Params: ["2026-08-08 22:14:00.053 UTC","En attente",1,0] -Duration: 0ms
[09/08/2026 00:14:16] PRISMA: SELECT "public"."Weather_Forecast"."id", "public"."Weather_Forecast"."time", "public"."Weather_Forec -Params: ["2026-08-08 00:00:00 UTC",0] -Duration: 3ms
[09/08/2026 00:14:16] PRISMA: SELECT "public"."User"."id", "public"."User"."username", "public"."User"."password_hash", "public"." -Params: ["Parents",1,0] -Duration: 1ms
[09/08/2026 00:15:00] PRISMA: SELECT 1 -Params: [] -Duration: 1ms
[09/08/2026 00:15:00] PRISMA: SELECT "public"."PushNotif"."id", "public"."PushNotif"."createdAt", "public"."PushNotif"."sendAt", " -Params: ["2026-08-08 22:15:00.109 UTC",0] -Duration: 4ms
[09/08/2026 00:15:00] PRISMA: SELECT "public"."PushNotif"."id", "public"."PushNotif"."createdAt", "public"."PushNotif"."sendAt", " -Params: [0] -Duration: 0ms
[09/08/2026 00:15:00] PRISMA: SELECT "public"."Washing_Program"."id", "public"."Washing_Program"."deviceId", "public"."Washing_Pro -Params: ["2026-08-08 22:15:00.120 UTC","En attente",1,0] -Duration: 2ms
[09/08/2026 00:15:01] PRISMA: INSERT INTO "public"."Solar_Data" ("hour","Watts","total") VALUES ($1,$2,$3) RETURNING "public"."Sol -Params: ["2026-08-08 22:15:01.512 UTC",0,0] -Duration: 8ms
[09/08/2026 00:16:00] PRISMA: SELECT 1 -Params: [] -Duration: 9ms
[09/08/2026 00:16:00] PRISMA: SELECT "public"."PushNotif"."id", "public"."PushNotif"."createdAt", "public"."PushNotif"."sendAt", " -Params: ["2026-08-08 22:16:00.048 UTC",0] -Duration: 1ms
[09/08/2026 00:16:00] PRISMA: SELECT "public"."PushNotif"."id", "public"."PushNotif"."createdAt", "public"."PushNotif"."sendAt", " -Params: [0] -Duration: 0ms
[09/08/2026 00:16:00] PRISMA: SELECT "public"."Washing_Program"."id", "public"."Washing_Program"."deviceId", "public"."Washing_Pro -Params: ["2026-08-08 22:16:00.068 UTC","En attente",1,0] -Duration: 0ms
[09/08/2026 00:16:48] PRISMA: SELECT "public"."Weather_Forecast"."id", "public"."Weather_Forecast"."time", "public"."Weather_Forec -Params: ["2026-08-08 00:00:00 UTC",0] -Duration: 5ms
[09/08/2026 00:16:48] PRISMA: SELECT "public"."User"."id", "public"."User"."username", "public"."User"."password_hash", "public"." -Params: ["Parents",1,0] -Duration: 1ms
[09/08/2026 00:16:57] PRISMA: SELECT "public"."Weather_Forecast"."id", "public"."Weather_Forecast"."time", "public"."Weather_Forec -Params: ["2026-08-08 00:00:00 UTC",0] -Duration: 2ms
[09/08/2026 00:16:57] PRISMA: SELECT "public"."User"."id", "public"."User"."username", "public"."User"."password_hash", "public"." -Params: ["Parents",1,0] -Duration: 1ms
[09/08/2026 00:17:00] PRISMA: SELECT "public"."PushNotif"."id", "public"."PushNotif"."createdAt", "public"."PushNotif"."sendAt", " -Params: ["2026-08-08 22:17:00.055 UTC",0] -Duration: 14ms
[09/08/2026 00:17:00] PRISMA: SELECT "public"."PushNotif"."id", "public"."PushNotif"."createdAt", "public"."PushNotif"."sendAt", " -Params: [0] -Duration: 0ms
[09/08/2026 00:17:00] PRISMA: SELECT "public"."Washing_Program"."id", "public"."Washing_Program"."deviceId", "public"."Washing_Pro -Params: ["2026-08-08 22:17:00.084 UTC","En attente",1,0] -Duration: 8ms
[09/08/2026 00:17:11] PRISMA: SELECT "public"."Weather_Forecast"."id", "public"."Weather_Forecast"."time", "public"."Weather_Forec -Params: ["2026-08-08 00:00:00 UTC",0] -Duration: 3ms
[09/08/2026 00:17:11] PRISMA: SELECT "public"."User"."id", "public"."User"."username", "public"."User"."password_hash", "public"." -Params: ["Parents",1,0] -Duration: 1ms
[09/08/2026 00:17:56] PRISMA: SELECT "public"."Weather_Forecast"."id", "public"."Weather_Forecast"."time", "public"."Weather_Forec -Params: ["2026-08-08 00:00:00 UTC",0] -Duration: 3ms
[09/08/2026 00:17:56] PRISMA: SELECT "public"."User"."id", "public"."User"."username", "public"."User"."password_hash", "public"." -Params: ["Parents",1,0] -Duration: 2ms
[09/08/2026 00:18:00] PRISMA: SELECT "public"."PushNotif"."id", "public"."PushNotif"."createdAt", "public"."PushNotif"."sendAt", " -Params: ["2026-08-08 22:18:00.035 UTC",0] -Duration: 13ms
[09/08/2026 00:18:00] PRISMA: SELECT "public"."PushNotif"."id", "public"."PushNotif"."createdAt", "public"."PushNotif"."sendAt", " -Params: [0] -Duration: 0ms
[09/08/2026 00:18:00] PRISMA: SELECT "public"."Washing_Program"."id", "public"."Washing_Program"."deviceId", "public"."Washing_Pro -Params: ["2026-08-08 22:18:00.068 UTC","En attente",1,0] -Duration: 5ms
[09/08/2026 00:19:00] PRISMA: SELECT 1 -Params: [] -Duration: 2ms
[09/08/2026 00:19:00] PRISMA: SELECT "public"."PushNotif"."id", "public"."PushNotif"."createdAt", "public"."PushNotif"."sendAt", " -Params: ["2026-08-08 22:19:00.059 UTC",0] -Duration: 1ms
[09/08/2026 00:19:00] PRISMA: SELECT "public"."PushNotif"."id", "public"."PushNotif"."createdAt", "public"."PushNotif"."sendAt", " -Params: [0] -Duration: 0ms
[09/08/2026 00:19:00] PRISMA: SELECT "public"."Washing_Program"."id", "public"."Washing_Program"."deviceId", "public"."Washing_Pro -Params: ["2026-08-08 22:19:00.072 UTC","En attente",1,0] -Duration: 0ms
[09/08/2026 00:20:00] PRISMA: SELECT 1 -Params: [] -Duration: 8ms
[09/08/2026 00:20:00] PRISMA: SELECT "public"."PushNotif"."id", "public"."PushNotif"."createdAt", "public"."PushNotif"."sendAt", " -Params: ["2026-08-08 22:20:00.049 UTC",0] -Duration: 2ms
[09/08/2026 00:20:00] PRISMA: SELECT "public"."PushNotif"."id", "public"."PushNotif"."createdAt", "public"."PushNotif"."sendAt", " -Params: [0] -Duration: 0ms
[09/08/2026 00:20:00] PRISMA: SELECT "public"."Washing_Program"."id", "public"."Washing_Program"."deviceId", "public"."Washing_Pro -Params: ["2026-08-08 22:20:00.112 UTC","En attente",1,0] -Duration: 0ms
[09/08/2026 00:20:02] PRISMA: INSERT INTO "public"."Solar_Data" ("hour","Watts","total") VALUES ($1,$2,$3) RETURNING "public"."Sol -Params: ["2026-08-08 22:20:02.878 UTC",0,0] -Duration: 7ms
[09/08/2026 00:20:17] PRISMA: SELECT "public"."Weather_Forecast"."id", "public"."Weather_Forecast"."time", "public"."Weather_Forec -Params: ["2026-08-08 00:00:00 UTC",0] -Duration: 5ms
[09/08/2026 00:20:17] PRISMA: SELECT "public"."User"."id", "public"."User"."username", "public"."User"."password_hash", "public"." -Params: ["Parents",1,0] -Duration: 1ms
[09/08/2026 00:20:38] PRISMA: SELECT "public"."Weather_Forecast"."id", "public"."Weather_Forecast"."time", "public"."Weather_Forec -Params: ["2026-08-08 00:00:00 UTC",0] -Duration: 6ms
[09/08/2026 00:20:38] PRISMA: SELECT "public"."User"."id", "public"."User"."username", "public"."User"."password_hash", "public"." -Params: ["Parents",1,0] -Duration: 3ms
[09/08/2026 00:21:00] PRISMA: SELECT 1 -Params: [] -Duration: 2ms
[09/08/2026 00:21:00] PRISMA: SELECT "public"."PushNotif"."id", "public"."PushNotif"."createdAt", "public"."PushNotif"."sendAt", " -Params: ["2026-08-08 22:21:00.058 UTC",0] -Duration: 6ms
[09/08/2026 00:21:00] PRISMA: SELECT "public"."PushNotif"."id", "public"."PushNotif"."createdAt", "public"."PushNotif"."sendAt", " -Params: [0] -Duration: 0ms
[09/08/2026 00:21:00] PRISMA: SELECT "public"."Washing_Program"."id", "public"."Washing_Program"."deviceId", "public"."Washing_Pro -Params: ["2026-08-08 22:21:00.079 UTC","En attente",1,0] -Duration: 2ms
[09/08/2026 00:22:00] PRISMA: SELECT 1 -Params: [] -Duration: 2ms
[09/08/2026 00:22:00] PRISMA: SELECT "public"."PushNotif"."id", "public"."PushNotif"."createdAt", "public"."PushNotif"."sendAt", " -Params: ["2026-08-08 22:22:00.061 UTC",0] -Duration: 3ms
[09/08/2026 00:22:00] PRISMA: SELECT "public"."PushNotif"."id", "public"."PushNotif"."createdAt", "public"."PushNotif"."sendAt", " -Params: [0] -Duration: 0ms
[09/08/2026 00:22:00] PRISMA: SELECT "public"."Washing_Program"."id", "public"."Washing_Program"."deviceId", "public"."Washing_Pro -Params: ["2026-08-08 22:22:00.084 UTC","En attente",1,0] -Duration: 0ms
[09/08/2026 00:22:26] PRISMA: SELECT 1 -Params: [] -Duration: 2ms
[09/08/2026 00:22:26] PRISMA: SELECT "public"."User"."id" FROM "public"."User" WHERE ("public"."User"."id" = $1 AND 1=1) LIMIT $2  -Params: [1,1,0] -Duration: 2ms
[09/08/2026 00:22:26] PRISMA: SELECT "public"."Miele_Token"."id", "public"."Miele_Token"."accessToken", "public"."Miele_Token"."re -Params: [1,0] -Duration: 7ms
[09/08/2026 00:22:26] PRISMA: SELECT "public"."Solar_Data"."id", "public"."Solar_Data"."hour", "public"."Solar_Data"."Watts", "pub -Params: ["2026-08-07 22:22:26.419 UTC","2026-08-08 22:22:26.419 UTC",0] -Duration: 2ms
[09/08/2026 00:22:26] PRISMA: SELECT "public"."Weather_Forecast"."id", "public"."Weather_Forecast"."time", "public"."Weather_Forec -Params: ["2026-08-08 10:22:26.432 UTC","2026-08-09 09:22:26.432 UTC",0] -Duration: 1ms
[09/08/2026 00:22:26] PRISMA: SELECT "public"."Miele_Token"."id", "public"."Miele_Token"."accessToken", "public"."Miele_Token"."re -Params: [1,1,0] -Duration: 1ms
[09/08/2026 00:22:26] PRISMA: SELECT "public"."Washing_Program"."id", "public"."Washing_Program"."deviceId", "public"."Washing_Pro -Params: [5,0] -Duration: 5ms
[09/08/2026 00:22:26] PRISMA: SELECT "public"."User"."id", "public"."User"."username" FROM "public"."User" WHERE "public"."User"." -Params: [1,0] -Duration: 0ms
[09/08/2026 00:23:00] PRISMA: SELECT 1 -Params: [] -Duration: 3ms
[09/08/2026 00:23:00] PRISMA: SELECT "public"."PushNotif"."id", "public"."PushNotif"."createdAt", "public"."PushNotif"."sendAt", " -Params: ["2026-08-08 22:23:00.068 UTC",0] -Duration: 12ms
[09/08/2026 00:23:00] PRISMA: SELECT "public"."PushSubscription"."id", "public"."PushSubscription"."userId", "public"."PushSubscri -Params: [0] -Duration: 2ms
[09/08/2026 00:23:00] PRISMA: UPDATE "public"."Washing_Program" SET "finished" = $1 WHERE ("public"."Washing_Program"."id" = $2 AN -Params: ["terminé",1] -Duration: 5ms
[09/08/2026 00:23:00] PRISMA: DELETE FROM "public"."PushNotif" WHERE ("public"."PushNotif"."id" = $1 AND 1=1) RETURNING "public"." -Params: [2] -Duration: 2ms
[09/08/2026 00:23:00] PRISMA: SELECT "public"."PushNotif"."id", "public"."PushNotif"."createdAt", "public"."PushNotif"."sendAt", " -Params: [0] -Duration: 0ms
[09/08/2026 00:23:00] PRISMA: SELECT "public"."Washing_Program"."id", "public"."Washing_Program"."deviceId", "public"."Washing_Pro -Params: ["2026-08-08 22:23:00.311 UTC","En attente",1,0] -Duration: 1ms
[09/08/2026 00:23:11] PRISMA: SELECT "public"."User"."id" FROM "public"."User" WHERE ("public"."User"."id" = $1 AND 1=1) LIMIT $2  -Params: [1,1,0] -Duration: 6ms
[09/08/2026 00:23:11] PRISMA: SELECT 1 -Params: [] -Duration: 2ms
[09/08/2026 00:23:11] PRISMA: SELECT "public"."Washing_Program"."id", "public"."Washing_Program"."deviceId", "public"."Washing_Pro -Params: [5,0] -Duration: 1ms
[09/08/2026 00:23:11] PRISMA: SELECT "public"."User"."id", "public"."User"."username" FROM "public"."User" WHERE "public"."User"." -Params: [1,0] -Duration: 0ms
[09/08/2026 00:23:11] PRISMA: SELECT "public"."Miele_Token"."id", "public"."Miele_Token"."accessToken", "public"."Miele_Token"."re -Params: [1,0] -Duration: 6ms
[09/08/2026 00:23:11] PRISMA: SELECT "public"."Solar_Data"."id", "public"."Solar_Data"."hour", "public"."Solar_Data"."Watts", "pub -Params: ["2026-08-07 22:23:11.554 UTC","2026-08-08 22:23:11.554 UTC",0] -Duration: 6ms
[09/08/2026 00:23:11] PRISMA: SELECT "public"."Weather_Forecast"."id", "public"."Weather_Forecast"."time", "public"."Weather_Forec -Params: ["2026-08-08 10:23:11.571 UTC","2026-08-09 09:23:11.571 UTC",0] -Duration: 6ms
[09/08/2026 00:23:11] PRISMA: SELECT "public"."Miele_Token"."id", "public"."Miele_Token"."accessToken", "public"."Miele_Token"."re -Params: [1,1,0] -Duration: 0ms
[09/08/2026 00:23:34] PRISMA: SELECT "public"."Weather_Forecast"."id", "public"."Weather_Forecast"."time", "public"."Weather_Forec -Params: ["2026-08-08 00:00:00 UTC",0] -Duration: 3ms
[09/08/2026 00:23:34] PRISMA: SELECT "public"."User"."id", "public"."User"."username", "public"."User"."password_hash", "public"." -Params: ["Parents",1,0] -Duration: 1ms
[09/08/2026 00:23:50] PRISMA: SELECT 1 -Params: [] -Duration: 1ms
[09/08/2026 00:23:50] PRISMA: SELECT "public"."User"."id" FROM "public"."User" WHERE ("public"."User"."id" = $1 AND 1=1) LIMIT $2  -Params: [1,1,0] -Duration: 3ms
[09/08/2026 00:23:50] PRISMA: SELECT "public"."Miele_Token"."id", "public"."Miele_Token"."accessToken", "public"."Miele_Token"."re -Params: [1,0] -Duration: 3ms
[09/08/2026 00:23:50] PRISMA: SELECT "public"."Weather_Forecast"."id", "public"."Weather_Forecast"."time", "public"."Weather_Forec -Params: ["2026-08-08 10:23:50.289 UTC","2026-08-09 09:23:50.289 UTC",0] -Duration: 5ms
[09/08/2026 00:23:50] PRISMA: SELECT "public"."Miele_Token"."id", "public"."Miele_Token"."accessToken", "public"."Miele_Token"."re -Params: [1,1,0] -Duration: 0ms
[09/08/2026 00:23:50] PRISMA: SELECT "public"."Solar_Data"."id", "public"."Solar_Data"."hour", "public"."Solar_Data"."Watts", "pub -Params: ["2026-08-07 22:23:50.274 UTC","2026-08-08 22:23:50.274 UTC",0] -Duration: 2ms
[09/08/2026 00:23:50] PRISMA: SELECT "public"."Washing_Program"."id", "public"."Washing_Program"."deviceId", "public"."Washing_Pro -Params: [5,0] -Duration: 2ms
[09/08/2026 00:23:50] PRISMA: SELECT "public"."User"."id", "public"."User"."username" FROM "public"."User" WHERE "public"."User"." -Params: [1,0] -Duration: 1ms
[09/08/2026 00:24:00] PRISMA: SELECT "public"."PushNotif"."id", "public"."PushNotif"."createdAt", "public"."PushNotif"."sendAt", " -Params: ["2026-08-08 22:24:00.053 UTC",0] -Duration: 17ms
[09/08/2026 00:24:00] PRISMA: SELECT "public"."PushNotif"."id", "public"."PushNotif"."createdAt", "public"."PushNotif"."sendAt", " -Params: [0] -Duration: 1ms
[09/08/2026 00:24:00] PRISMA: SELECT "public"."Washing_Program"."id", "public"."Washing_Program"."deviceId", "public"."Washing_Pro -Params: ["2026-08-08 22:24:00.088 UTC","En attente",1,0] -Duration: 6ms
[09/08/2026 00:24:05] PRISMA: SELECT 1 -Params: [] -Duration: 6ms
[09/08/2026 00:24:05] PRISMA: SELECT 1 -Params: [] -Duration: 10ms
[09/08/2026 00:24:05] PRISMA: SELECT "public"."Solar_Data"."id", "public"."Solar_Data"."hour", "public"."Solar_Data"."Watts", "pub -Params: ["2026-08-07 22:24:05.712 UTC","2026-08-08 22:24:05.712 UTC",0] -Duration: 1ms
[09/08/2026 00:24:05] PRISMA: SELECT "public"."Weather_Forecast"."id", "public"."Weather_Forecast"."time", "public"."Weather_Forec -Params: ["2026-08-08 10:24:05.703 UTC","2026-08-09 09:24:05.703 UTC",0] -Duration: 8ms
[09/08/2026 00:24:05] PRISMA: SELECT "public"."Washing_Program"."id", "public"."Washing_Program"."deviceId", "public"."Washing_Pro -Params: [5,0] -Duration: 7ms
[09/08/2026 00:24:05] PRISMA: SELECT "public"."User"."id", "public"."User"."username" FROM "public"."User" WHERE "public"."User"." -Params: [1,0] -Duration: 8ms
[09/08/2026 00:24:05] PRISMA: SELECT "public"."User"."id" FROM "public"."User" WHERE ("public"."User"."id" = $1 AND 1=1) LIMIT $2  -Params: [1,1,0] -Duration: 0ms
[09/08/2026 00:24:05] PRISMA: SELECT "public"."Miele_Token"."id", "public"."Miele_Token"."accessToken", "public"."Miele_Token"."re -Params: [1,0] -Duration: 1ms
[09/08/2026 00:24:05] PRISMA: SELECT "public"."Miele_Token"."id", "public"."Miele_Token"."accessToken", "public"."Miele_Token"."re -Params: [1,1,0] -Duration: 0ms
[09/08/2026 00:24:20] PRISMA: SELECT 1 -Params: [] -Duration: 1ms
[09/08/2026 00:24:20] PRISMA: SELECT "public"."Solar_Data"."id", "public"."Solar_Data"."hour", "public"."Solar_Data"."Watts", "pub -Params: ["2026-08-07 22:24:20.428 UTC","2026-08-08 22:24:20.428 UTC",0] -Duration: 11ms
[09/08/2026 00:24:20] PRISMA: SELECT "public"."Weather_Forecast"."id", "public"."Weather_Forecast"."time", "public"."Weather_Forec -Params: ["2026-08-08 10:24:20.412 UTC","2026-08-09 09:24:20.412 UTC",0] -Duration: 12ms
[09/08/2026 00:24:20] PRISMA: SELECT "public"."Washing_Program"."id", "public"."Washing_Program"."deviceId", "public"."Washing_Pro -Params: [5,0] -Duration: 4ms
[09/08/2026 00:24:20] PRISMA: SELECT "public"."User"."id", "public"."User"."username" FROM "public"."User" WHERE "public"."User"." -Params: [1,0] -Duration: 0ms
[09/08/2026 00:24:20] PRISMA: SELECT "public"."User"."id" FROM "public"."User" WHERE ("public"."User"."id" = $1 AND 1=1) LIMIT $2  -Params: [1,1,0] -Duration: 2ms
[09/08/2026 00:24:20] PRISMA: SELECT "public"."Miele_Token"."id", "public"."Miele_Token"."accessToken", "public"."Miele_Token"."re -Params: [1,0] -Duration: 1ms
[09/08/2026 00:24:20] PRISMA: SELECT "public"."Miele_Token"."id", "public"."Miele_Token"."accessToken", "public"."Miele_Token"."re -Params: [1,1,0] -Duration: 0ms
[09/08/2026 00:24:48] PRISMA: SELECT 1 -Params: [] -Duration: 1ms
[09/08/2026 00:24:48] PRISMA: SELECT "public"."Weather_Forecast"."id", "public"."Weather_Forecast"."time", "public"."Weather_Forec -Params: ["2026-08-08 10:24:48.407 UTC","2026-08-09 09:24:48.407 UTC",0] -Duration: 12ms
[09/08/2026 00:25:00] PRISMA: SELECT "public"."PushNotif"."id", "public"."PushNotif"."createdAt", "public"."PushNotif"."sendAt", " -Params: ["2026-08-08 22:25:00.041 UTC",0] -Duration: 17ms
[09/08/2026 00:25:00] PRISMA: SELECT "public"."PushNotif"."id", "public"."PushNotif"."createdAt", "public"."PushNotif"."sendAt", " -Params: [0] -Duration: 0ms
[09/08/2026 00:25:00] PRISMA: SELECT "public"."Washing_Program"."id", "public"."Washing_Program"."deviceId", "public"."Washing_Pro -Params: ["2026-08-08 22:25:00.068 UTC","En attente",1,0] -Duration: 1ms
[09/08/2026 00:25:00] PRISMA: INSERT INTO "public"."Solar_Data" ("hour","Watts","total") VALUES ($1,$2,$3) RETURNING "public"."Sol -Params: ["2026-08-08 22:25:00.980 UTC",0,0] -Duration: 15ms
[09/08/2026 00:26:00] PRISMA: SELECT 1 -Params: [] -Duration: 3ms
[09/08/2026 00:26:00] PRISMA: SELECT "public"."PushNotif"."id", "public"."PushNotif"."createdAt", "public"."PushNotif"."sendAt", " -Params: ["2026-08-08 22:26:00.026 UTC",0] -Duration: 1ms
[09/08/2026 00:26:00] PRISMA: SELECT "public"."PushNotif"."id", "public"."PushNotif"."createdAt", "public"."PushNotif"."sendAt", " -Params: [0] -Duration: 0ms
[09/08/2026 00:26:00] PRISMA: SELECT "public"."Washing_Program"."id", "public"."Washing_Program"."deviceId", "public"."Washing_Pro -Params: ["2026-08-08 22:26:00.038 UTC","En attente",1,0] -Duration: 0ms
[09/08/2026 00:27:00] PRISMA: SELECT 1 -Params: [] -Duration: 3ms
[09/08/2026 00:27:00] PRISMA: SELECT "public"."PushNotif"."id", "public"."PushNotif"."createdAt", "public"."PushNotif"."sendAt", " -Params: ["2026-08-08 22:27:00.079 UTC",0] -Duration: 3ms
[09/08/2026 00:27:00] PRISMA: SELECT "public"."PushNotif"."id", "public"."PushNotif"."createdAt", "public"."PushNotif"."sendAt", " -Params: [0] -Duration: 0ms
[09/08/2026 00:27:00] PRISMA: SELECT "public"."Washing_Program"."id", "public"."Washing_Program"."deviceId", "public"."Washing_Pro -Params: ["2026-08-08 22:27:00.102 UTC","En attente",1,0] -Duration: 1ms
[09/08/2026 00:28:00] PRISMA: SELECT 1 -Params: [] -Duration: 2ms
[09/08/2026 00:28:00] PRISMA: SELECT "public"."PushNotif"."id", "public"."PushNotif"."createdAt", "public"."PushNotif"."sendAt", " -Params: ["2026-08-08 22:28:00.017 UTC",0] -Duration: 1ms
[09/08/2026 00:28:00] PRISMA: SELECT "public"."PushNotif"."id", "public"."PushNotif"."createdAt", "public"."PushNotif"."sendAt", " -Params: [0] -Duration: 1ms
[09/08/2026 00:28:00] PRISMA: SELECT "public"."Washing_Program"."id", "public"."Washing_Program"."deviceId", "public"."Washing_Pro -Params: ["2026-08-08 22:28:00.044 UTC","En attente",1,0] -Duration: 0ms
[09/08/2026 00:29:00] PRISMA: SELECT 1 -Params: [] -Duration: 7ms
[09/08/2026 00:29:00] PRISMA: SELECT "public"."PushNotif"."id", "public"."PushNotif"."createdAt", "public"."PushNotif"."sendAt", " -Params: ["2026-08-08 22:29:00.083 UTC",0] -Duration: 1ms
[09/08/2026 00:29:00] PRISMA: SELECT "public"."PushNotif"."id", "public"."PushNotif"."createdAt", "public"."PushNotif"."sendAt", " -Params: [0] -Duration: 0ms
[09/08/2026 00:29:00] PRISMA: SELECT "public"."Washing_Program"."id", "public"."Washing_Program"."deviceId", "public"."Washing_Pro -Params: ["2026-08-08 22:29:00.108 UTC","En attente",1,0] -Duration: 0ms
[09/08/2026 00:29:27] PRISMA: SELECT "public"."Weather_Forecast"."id", "public"."Weather_Forecast"."time", "public"."Weather_Forec -Params: ["2026-08-08 10:29:27.742 UTC","2026-08-09 09:29:27.742 UTC",0] -Duration: 14ms
[09/08/2026 00:30:00] PRISMA: SELECT 1 -Params: [] -Duration: 6ms
[09/08/2026 00:30:00] PRISMA: SELECT "public"."PushNotif"."id", "public"."PushNotif"."createdAt", "public"."PushNotif"."sendAt", " -Params: ["2026-08-08 22:30:00.045 UTC",0] -Duration: 5ms
[09/08/2026 00:30:00] PRISMA: SELECT "public"."PushNotif"."id", "public"."PushNotif"."createdAt", "public"."PushNotif"."sendAt", " -Params: [0] -Duration: 0ms
[09/08/2026 00:30:00] PRISMA: SELECT "public"."Washing_Program"."id", "public"."Washing_Program"."deviceId", "public"."Washing_Pro -Params: ["2026-08-08 22:30:00.065 UTC","En attente",1,0] -Duration: 1ms
[09/08/2026 00:30:01] PRISMA: INSERT INTO "public"."Solar_Data" ("hour","Watts","total") VALUES ($1,$2,$3) RETURNING "public"."Sol -Params: ["2026-08-08 22:30:01.557 UTC",0,0] -Duration: 6ms
[09/08/2026 00:31:00] PRISMA: SELECT 1 -Params: [] -Duration: 4ms
[09/08/2026 00:31:00] PRISMA: SELECT "public"."PushNotif"."id", "public"."PushNotif"."createdAt", "public"."PushNotif"."sendAt", " -Params: ["2026-08-08 22:31:00.055 UTC",0] -Duration: 3ms
[09/08/2026 00:31:00] PRISMA: SELECT "public"."PushNotif"."id", "public"."PushNotif"."createdAt", "public"."PushNotif"."sendAt", " -Params: [0] -Duration: 0ms
[09/08/2026 00:31:00] PRISMA: SELECT "public"."Washing_Program"."id", "public"."Washing_Program"."deviceId", "public"."Washing_Pro -Params: ["2026-08-08 22:31:00.077 UTC","En attente",1,0] -Duration: 0ms
[09/08/2026 00:32:00] PRISMA: SELECT 1 -Params: [] -Duration: 3ms
[09/08/2026 00:32:00] PRISMA: SELECT "public"."PushNotif"."id", "public"."PushNotif"."createdAt", "public"."PushNotif"."sendAt", " -Params: ["2026-08-08 22:32:00.089 UTC",0] -Duration: 1ms
[09/08/2026 00:32:00] PRISMA: SELECT "public"."PushNotif"."id", "public"."PushNotif"."createdAt", "public"."PushNotif"."sendAt", " -Params: [0] -Duration: 0ms
[09/08/2026 00:32:00] PRISMA: SELECT "public"."Washing_Program"."id", "public"."Washing_Program"."deviceId", "public"."Washing_Pro -Params: ["2026-08-08 22:32:00.120 UTC","En attente",1,0] -Duration: 1ms
[09/08/2026 00:33:00] PRISMA: SELECT 1 -Params: [] -Duration: 3ms
[09/08/2026 00:33:00] PRISMA: SELECT "public"."PushNotif"."id", "public"."PushNotif"."createdAt", "public"."PushNotif"."sendAt", " -Params: ["2026-08-08 22:33:00.076 UTC",0] -Duration: 2ms
[09/08/2026 00:33:00] PRISMA: SELECT "public"."PushNotif"."id", "public"."PushNotif"."createdAt", "public"."PushNotif"."sendAt", " -Params: [0] -Duration: 0ms
[09/08/2026 00:33:00] PRISMA: SELECT "public"."Washing_Program"."id", "public"."Washing_Program"."deviceId", "public"."Washing_Pro -Params: ["2026-08-08 22:33:00.101 UTC","En attente",1,0] -Duration: 0ms
[09/08/2026 00:34:00] PRISMA: SELECT 1 -Params: [] -Duration: 6ms
[09/08/2026 00:34:00] PRISMA: SELECT "public"."PushNotif"."id", "public"."PushNotif"."createdAt", "public"."PushNotif"."sendAt", " -Params: ["2026-08-08 22:34:00.066 UTC",0] -Duration: 1ms
[09/08/2026 00:34:00] PRISMA: SELECT "public"."PushNotif"."id", "public"."PushNotif"."createdAt", "public"."PushNotif"."sendAt", " -Params: [0] -Duration: 0ms
[09/08/2026 00:34:00] PRISMA: SELECT "public"."Washing_Program"."id", "public"."Washing_Program"."deviceId", "public"."Washing_Pro -Params: ["2026-08-08 22:34:00.083 UTC","En attente",1,0] -Duration: 0ms
[09/08/2026 00:34:28] PRISMA: SELECT "public"."Weather_Forecast"."id", "public"."Weather_Forecast"."time", "public"."Weather_Forec -Params: ["2026-08-08 10:34:28.372 UTC","2026-08-09 09:34:28.372 UTC",0] -Duration: 40ms
[09/08/2026 00:34:34] PRISMA: SELECT "public"."Weather_Forecast"."id", "public"."Weather_Forecast"."time", "public"."Weather_Forec -Params: ["2026-08-08 10:34:34.563 UTC","2026-08-09 09:34:34.563 UTC",0] -Duration: 8ms
[09/08/2026 00:35:00] PRISMA: SELECT 1 -Params: [] -Duration: 6ms
[09/08/2026 00:35:00] PRISMA: SELECT "public"."PushNotif"."id", "public"."PushNotif"."createdAt", "public"."PushNotif"."sendAt", " -Params: ["2026-08-08 22:35:00.066 UTC",0] -Duration: 4ms
[09/08/2026 00:35:00] PRISMA: SELECT "public"."PushNotif"."id", "public"."PushNotif"."createdAt", "public"."PushNotif"."sendAt", " -Params: [0] -Duration: 0ms
[09/08/2026 00:35:00] PRISMA: SELECT "public"."Washing_Program"."id", "public"."Washing_Program"."deviceId", "public"."Washing_Pro -Params: ["2026-08-08 22:35:00.092 UTC","En attente",1,0] -Duration: 1ms
[09/08/2026 00:35:02] PRISMA: INSERT INTO "public"."Solar_Data" ("hour","Watts","total") VALUES ($1,$2,$3) RETURNING "public"."Sol -Params: ["2026-08-08 22:35:02.028 UTC",0,0] -Duration: 7ms
[09/08/2026 00:35:56] PRISMA: SELECT 1 -Params: [] -Duration: 4ms
[09/08/2026 00:35:56] PRISMA: SELECT "public"."Weather_Forecast"."id", "public"."Weather_Forecast"."time", "public"."Weather_Forec -Params: ["2026-08-08 10:35:56.715 UTC","2026-08-09 09:35:56.715 UTC",0] -Duration: 2ms
[09/08/2026 00:35:59] PRISMA: SELECT "public"."Weather_Forecast"."id", "public"."Weather_Forecast"."time", "public"."Weather_Forec -Params: ["2026-08-08 10:35:59.270 UTC","2026-08-09 09:35:59.270 UTC",0] -Duration: 1ms
[09/08/2026 00:36:00] PRISMA: SELECT "public"."PushNotif"."id", "public"."PushNotif"."createdAt", "public"."PushNotif"."sendAt", " -Params: ["2026-08-08 22:36:00.022 UTC",0] -Duration: 0ms
[09/08/2026 00:36:00] PRISMA: SELECT "public"."PushNotif"."id", "public"."PushNotif"."createdAt", "public"."PushNotif"."sendAt", " -Params: [0] -Duration: 0ms
[09/08/2026 00:36:00] PRISMA: SELECT "public"."Washing_Program"."id", "public"."Washing_Program"."deviceId", "public"."Washing_Pro -Params: ["2026-08-08 22:36:00.029 UTC","En attente",1,0] -Duration: 0ms
[09/08/2026 00:36:32] PRISMA: SELECT 1 -Params: [] -Duration: 3ms
[09/08/2026 00:36:32] PRISMA: SELECT "public"."Weather_Forecast"."id", "public"."Weather_Forecast"."time", "public"."Weather_Forec -Params: ["2026-08-08 10:36:32.187 UTC","2026-08-09 09:36:32.187 UTC",0] -Duration: 1ms
[09/08/2026 00:36:33] PRISMA: SELECT "public"."Weather_Forecast"."id", "public"."Weather_Forecast"."time", "public"."Weather_Forec -Params: ["2026-08-08 10:36:33.089 UTC","2026-08-09 09:36:33.089 UTC",0] -Duration: 4ms
[09/08/2026 00:37:00] PRISMA: SELECT 1 -Params: [] -Duration: 6ms
[09/08/2026 00:37:00] PRISMA: SELECT "public"."PushNotif"."id", "public"."PushNotif"."createdAt", "public"."PushNotif"."sendAt", " -Params: ["2026-08-08 22:37:00.032 UTC",0] -Duration: 1ms
[09/08/2026 00:37:00] PRISMA: SELECT "public"."PushNotif"."id", "public"."PushNotif"."createdAt", "public"."PushNotif"."sendAt", " -Params: [0] -Duration: 0ms
[09/08/2026 00:37:00] PRISMA: SELECT "public"."Washing_Program"."id", "public"."Washing_Program"."deviceId", "public"."Washing_Pro -Params: ["2026-08-08 22:37:00.047 UTC","En attente",1,0] -Duration: 0ms
[09/08/2026 00:37:43] PRISMA: SELECT 1 -Params: [] -Duration: 3ms
[09/08/2026 00:37:43] PRISMA: SELECT "public"."Weather_Forecast"."id", "public"."Weather_Forecast"."time", "public"."Weather_Forec -Params: ["2026-08-08 10:37:43.196 UTC","2026-08-09 09:37:43.196 UTC",0] -Duration: 1ms
[09/08/2026 00:38:00] PRISMA: SELECT 1 -Params: [] -Duration: 7ms
[09/08/2026 00:38:00] PRISMA: SELECT "public"."PushNotif"."id", "public"."PushNotif"."createdAt", "public"."PushNotif"."sendAt", " -Params: ["2026-08-08 22:38:00.039 UTC",0] -Duration: 3ms
[09/08/2026 00:38:00] PRISMA: SELECT "public"."PushNotif"."id", "public"."PushNotif"."createdAt", "public"."PushNotif"."sendAt", " -Params: [0] -Duration: 0ms
[09/08/2026 00:38:00] PRISMA: SELECT "public"."Washing_Program"."id", "public"."Washing_Program"."deviceId", "public"."Washing_Pro -Params: ["2026-08-08 22:38:00.064 UTC","En attente",1,0] -Duration: 0ms
[09/08/2026 00:38:43] PRISMA: SELECT 1 -Params: [] -Duration: 2ms
[09/08/2026 00:38:43] PRISMA: SELECT "public"."Weather_Forecast"."id", "public"."Weather_Forecast"."time", "public"."Weather_Forec -Params: ["2026-08-08 10:38:43.960 UTC","2026-08-09 09:38:43.960 UTC",0] -Duration: 1ms
[09/08/2026 00:39:00] PRISMA: SELECT 1 -Params: [] -Duration: 3ms
[09/08/2026 00:39:00] PRISMA: SELECT "public"."PushNotif"."id", "public"."PushNotif"."createdAt", "public"."PushNotif"."sendAt", " -Params: ["2026-08-08 22:39:00.050 UTC",0] -Duration: 1ms
[09/08/2026 00:39:00] PRISMA: SELECT "public"."PushNotif"."id", "public"."PushNotif"."createdAt", "public"."PushNotif"."sendAt", " -Params: [0] -Duration: 0ms
[09/08/2026 00:39:00] PRISMA: SELECT "public"."Washing_Program"."id", "public"."Washing_Program"."deviceId", "public"."Washing_Pro -Params: ["2026-08-08 22:39:00.067 UTC","En attente",1,0] -Duration: 1ms
[09/08/2026 00:39:05] PRISMA: SELECT "public"."Weather_Forecast"."id", "public"."Weather_Forecast"."time", "public"."Weather_Forec -Params: ["2026-08-08 10:39:05.743 UTC","2026-08-09 09:39:05.743 UTC",0] -Duration: 4ms
