[07/08/2026 02:38:27] Parents GET /miele/token
[07/08/2026 02:38:27] Parents POST /wash/list
[07/08/2026 02:38:27] Parents GET /mbtoday
[07/08/2026 02:38:27] Parents GET /temptoday
[07/08/2026 02:38:27] Parents GET /miele/devices
[07/08/2026 02:38:29] Parents GET /temptoday
[07/08/2026 02:38:29] Parents GET /mbtoday
[07/08/2026 02:38:31] Parents GET /temptoday
[07/08/2026 02:38:31] Parents GET /clim/status
[07/08/2026 02:38:41] Parents GET /clim/status
[07/08/2026 02:38:51] Parents GET /clim/status
[07/08/2026 02:39:01] Parents GET /clim/status
[07/08/2026 02:39:11] Parents GET /clim/status
[07/08/2026 02:39:21] Parents GET /clim/status
[07/08/2026 02:39:31] Parents GET /clim/status
[07/08/2026 02:39:41] Parents GET /clim/status
[07/08/2026 02:40:00] Parents GET /clim/status
[07/08/2026 02:40:04] Parents GET /temptoday
[07/08/2026 02:40:04] Parents GET /clim/status
[07/08/2026 02:58:03] Parents GET /clim/status
[07/08/2026 02:58:13] Parents GET /clim/status
[07/08/2026 02:58:23] Parents GET /clim/status
[07/08/2026 04:23:35] Parents GET /clim/status
[07/08/2026 04:23:45] Parents GET /clim/status
[07/08/2026 04:23:55] Parents GET /clim/status
[07/08/2026 05:58:12] Parents GET /clim/status
[07/08/2026 05:58:22] Parents GET /clim/status
[07/08/2026 05:58:32] Parents GET /clim/status
[07/08/2026 07:16:05] Parents GET /clim/status
[07/08/2026 07:16:14] Parents GET /clim/status
[07/08/2026 07:16:24] Parents GET /clim/status
[07/08/2026 08:44:27] Parents GET /clim/status
[07/08/2026 08:44:37] Parents GET /clim/status
[07/08/2026 08:44:47] Parents GET /clim/status
[07/08/2026 10:02:08] Parents GET /clim/status
[07/08/2026 10:02:19] Parents GET /clim/status
[07/08/2026 10:02:28] Parents GET /clim/status
[07/08/2026 11:11:55] Parents GET /clim/status
[07/08/2026 11:11:55] Parents GET /temptoday
[07/08/2026 11:12:05] Parents GET /clim/status
[07/08/2026 11:12:15] Parents GET /clim/status
[07/08/2026 11:12:25] Parents GET /clim/status
[07/08/2026 11:12:35] Parents GET /clim/status
[07/08/2026 11:12:48] Parents GET /clim/status
[07/08/2026 11:12:55] Parents GET /clim/status
[07/08/2026 11:13:05] Parents GET /clim/status
[07/08/2026 11:13:08] Parents GET /clim/status
[07/08/2026 11:13:08] Parents GET /temptoday
[07/08/2026 11:13:19] Parents GET /clim/status
[07/08/2026 11:13:29] Parents GET /clim/status
[07/08/2026 11:13:39] Parents GET /clim/status
[07/08/2026 11:13:49] Parents GET /clim/status
[07/08/2026 11:13:59] Parents GET /clim/status
[07/08/2026 11:14:09] Parents GET /clim/status
[07/08/2026 11:14:19] Parents GET /clim/status
[07/08/2026 11:14:29] Parents GET /clim/status
[07/08/2026 11:14:39] Parents GET /clim/status
[07/08/2026 11:14:49] Parents GET /clim/status
[07/08/2026 11:15:45] Parents GET /clim/status
[07/08/2026 11:16:45] Parents GET /clim/status
[07/08/2026 11:17:45] Parents GET /clim/status
[07/08/2026 11:17:46] Parents GET /temptoday
[07/08/2026 11:17:46] Parents GET /clim/status
[07/08/2026 11:17:57] Parents GET /clim/status
[07/08/2026 11:18:07] Parents GET /clim/status
[07/08/2026 11:18:17] Parents GET /clim/status
[07/08/2026 11:18:27] Parents GET /clim/status
[07/08/2026 11:18:37] Parents GET /clim/status
[07/08/2026 11:18:47] Parents GET /clim/status
[07/08/2026 11:18:57] Parents GET /clim/status
[07/08/2026 11:19:45] Parents GET /clim/status
[07/08/2026 11:20:45] Parents GET /clim/status
[07/08/2026 11:21:45] Parents GET /clim/status
[07/08/2026 11:22:45] Parents GET /clim/status
[07/08/2026 11:22:46] Parents GET /temptoday
[07/08/2026 11:22:46] Parents GET /clim/status
[07/08/2026 11:22:57] Parents GET /clim/status
[07/08/2026 11:23:07] Parents GET /clim/status
[07/08/2026 11:23:17] Parents GET /clim/status
[07/08/2026 11:23:27] Parents GET /clim/status
[07/08/2026 11:23:37] Parents GET /clim/status
[07/08/2026 11:23:57] Parents GET /clim/status
[07/08/2026 11:24:45] Parents GET /clim/status
[07/08/2026 11:26:45] Parents GET /clim/status
[07/08/2026 11:35:37] Parents GET /clim/status
[07/08/2026 11:35:47] Parents GET /clim/status
[07/08/2026 11:35:57] Parents GET /clim/status
[07/08/2026 11:36:45] Parents GET /clim/status
[07/08/2026 11:37:45] Parents GET /clim/status
[07/08/2026 11:38:45] Parents GET /clim/status
[07/08/2026 11:39:16] Parents GET /clim/status
[07/08/2026 11:39:19] Parents GET /temptoday
[07/08/2026 11:39:19] Parents GET /clim/status
[07/08/2026 11:39:29] Parents GET /clim/status
[07/08/2026 11:39:39] Parents GET /clim/status
[07/08/2026 11:39:50] Parents GET /clim/status
[07/08/2026 11:40:00] Parents GET /clim/status
[07/08/2026 11:40:10] Parents GET /clim/status
[07/08/2026 11:40:20] Parents GET /clim/status
[07/08/2026 11:40:30] Parents GET /clim/status
[07/08/2026 11:40:40] Parents GET /clim/status
[07/08/2026 11:41:41] Parents GET /clim/status
[07/08/2026 11:42:42] Parents GET /clim/status
[07/08/2026 11:43:19] Parents GET /miele/token
[07/08/2026 11:43:19] Parents POST /wash/list
[07/08/2026 11:43:19] Parents GET /mbtoday
[07/08/2026 11:43:19] Parents GET /temptoday
[07/08/2026 11:43:19] Parents GET /miele/devices
[07/08/2026 11:46:49] Parents GET /miele/devices/:deviceId
[07/08/2026 11:46:49] Parents GET /miele/devices/:deviceId/programs
[07/08/2026 11:46:57] Parents GET /miele/devices/:deviceId
[07/08/2026 11:46:57] Parents GET /miele/devices/:deviceId/programs
[07/08/2026 11:47:28] Parents PUT /miele/devices/:deviceId/actions
[07/08/2026 11:47:28] Parents GET /miele/devices/:deviceId
[07/08/2026 11:47:28] Parents GET /miele/devices/:deviceId/programs
[07/08/2026 11:57:39] Parents GET /miele/token
[07/08/2026 11:57:39] Parents POST /wash/list
[07/08/2026 11:57:39] Parents GET /mbtoday
[07/08/2026 11:57:39] Parents GET /temptoday
[07/08/2026 11:57:39] Parents GET /miele/devices
[07/08/2026 12:05:21] Parents GET /temptoday
[07/08/2026 12:05:21] Parents GET /clim/status
[07/08/2026 12:05:31] Parents GET /clim/status
[07/08/2026 12:05:42] Parents GET /clim/status
[07/08/2026 12:05:51] Parents GET /clim/status
[07/08/2026 12:06:02] Parents GET /clim/status
[07/08/2026 12:06:12] Parents GET /clim/status
[07/08/2026 12:06:22] Parents GET /clim/status
[07/08/2026 12:06:32] Parents GET /clim/status
[07/08/2026 12:06:42] Parents GET /clim/status
[07/08/2026 12:06:52] Parents GET /clim/status
[07/08/2026 12:07:07] Parents GET /clim/status
[07/08/2026 12:07:11] Parents GET /clim/status
[07/08/2026 12:07:21] Parents GET /clim/status
[07/08/2026 12:07:32] Parents GET /clim/status
[07/08/2026 12:07:42] Parents GET /clim/status
[07/08/2026 12:07:52] Parents GET /clim/status
[07/08/2026 12:08:02] Parents GET /clim/status
[07/08/2026 12:08:12] Parents GET /clim/status
[07/08/2026 12:08:22] Parents GET /clim/status
[07/08/2026 12:08:45] Parents GET /clim/status
[07/08/2026 12:09:45] Parents GET /clim/status
[07/08/2026 12:10:45] Parents GET /clim/status
[07/08/2026 12:11:45] Parents GET /clim/status
[07/08/2026 12:12:45] Parents GET /clim/status
[07/08/2026 12:13:45] Parents GET /clim/status
[07/08/2026 12:14:45] Parents GET /clim/status
[07/08/2026 12:15:45] Parents GET /clim/status
[07/08/2026 12:16:45] Parents GET /clim/status
[07/08/2026 12:16:46] Parents GET /temptoday
[07/08/2026 12:16:46] Parents GET /clim/status
[07/08/2026 12:16:57] Parents GET /clim/status
[07/08/2026 12:17:07] Parents GET /clim/status
[07/08/2026 12:17:17] Parents GET /clim/status
[07/08/2026 12:17:27] Parents GET /clim/status
[07/08/2026 12:17:37] Parents GET /clim/status
[07/08/2026 12:17:47] Parents GET /clim/status
[07/08/2026 12:18:45] Parents GET /clim/status
[07/08/2026 12:18:53] Parents GET /clim/status
[07/08/2026 12:18:56] Parents GET /clim/status
[07/08/2026 12:18:57] Parents GET /temptoday
[07/08/2026 12:18:57] Parents GET /mbtoday
[07/08/2026 12:18:57] Parents POST /wash/list
[07/08/2026 12:18:57] Parents GET /miele/token
[07/08/2026 12:18:57] Parents GET /miele/devices
[07/08/2026 12:19:01] Parents GET /miele/devices/:deviceId
[07/08/2026 12:19:01] Parents GET /miele/devices/:deviceId/programs
[07/08/2026 12:19:21] Parents PUT /miele/devices/:deviceId/programs
[07/08/2026 12:19:23] Parents GET /miele/devices/:deviceId
[07/08/2026 12:19:23] Parents GET /miele/devices/:deviceId/programs
[07/08/2026 12:20:46] Parents GET /miele/devices/:deviceId
[07/08/2026 12:20:46] Parents GET /miele/devices/:deviceId/programs
[07/08/2026 12:20:51] Parents GET /temptoday
[07/08/2026 12:20:51] Parents GET /mbtoday
[07/08/2026 12:20:51] Parents POST /wash/list
[07/08/2026 12:20:51] Parents GET /miele/token
[07/08/2026 12:20:51] Parents GET /miele/devices
[07/08/2026 12:20:54] Parents GET /miele/devices/:deviceId
[07/08/2026 12:20:54] Parents GET /miele/devices/:deviceId/programs
[07/08/2026 12:25:22] Parents POST /wash/list
[07/08/2026 12:25:22] Parents GET /mbtoday
[07/08/2026 12:25:22] Parents GET /temptoday
[07/08/2026 12:25:22] Parents GET /miele/token
[07/08/2026 12:25:22] Parents GET /miele/devices
[07/08/2026 12:25:26] Parents GET /miele/devices/:deviceId
[07/08/2026 12:25:26] Parents GET /miele/devices/:deviceId/programs
[07/08/2026 12:25:27] Parents GET /miele/devices/:deviceId
[07/08/2026 12:25:27] Parents GET /miele/devices/:deviceId/programs
[07/08/2026 12:26:12] Parents GET /miele/devices/:deviceId/programs
[07/08/2026 12:26:12] Parents GET /miele/devices/:deviceId
[07/08/2026 12:26:37] Parents PUT /miele/devices/:deviceId/programs
[07/08/2026 12:26:40] Parents GET /miele/devices/:deviceId
[07/08/2026 12:26:40] Parents GET /miele/devices/:deviceId/programs
[07/08/2026 12:27:00] Parents GET /miele/devices/:deviceId/programs
[07/08/2026 12:27:00] Parents GET /miele/devices/:deviceId
[07/08/2026 12:27:07] Parents GET /temptoday
[07/08/2026 12:27:07] Parents GET /mbtoday
[07/08/2026 12:27:07] Parents POST /wash/list
[07/08/2026 12:27:07] Parents GET /miele/token
[07/08/2026 12:27:07] Parents GET /miele/devices
[07/08/2026 12:27:09] Parents GET /miele/devices/:deviceId
[07/08/2026 12:27:09] Parents GET /miele/devices/:deviceId/programs
[07/08/2026 12:27:11] Parents GET /miele/devices/:deviceId
[07/08/2026 12:27:11] Parents GET /miele/devices/:deviceId/programs
[07/08/2026 12:27:14] Parents PUT /miele/devices/:deviceId/actions
[07/08/2026 12:27:14] Parents GET /miele/devices/:deviceId
[07/08/2026 12:27:14] Parents GET /miele/devices/:deviceId/programs
[07/08/2026 12:30:15] Parents GET /miele/token
[07/08/2026 12:30:15] Parents POST /wash/list
[07/08/2026 12:30:15] Parents GET /mbtoday
[07/08/2026 12:30:15] Parents GET /temptoday
[07/08/2026 12:30:15] Parents GET /miele/devices
[07/08/2026 12:30:17] Parents GET /miele/devices/:deviceId
[07/08/2026 12:30:17] Parents GET /miele/devices/:deviceId/programs
[07/08/2026 12:30:19] Parents GET /miele/devices/:deviceId
[07/08/2026 12:30:19] Parents GET /miele/devices/:deviceId/programs
[07/08/2026 12:30:32] Parents GET /miele/devices/:deviceId
[07/08/2026 12:30:32] Parents GET /miele/devices/:deviceId/programs
[07/08/2026 12:30:45] Parents PUT /miele/devices/:deviceId/programs
[07/08/2026 12:30:45] Parents GET /miele/devices/:deviceId
[07/08/2026 12:30:45] Parents GET /miele/devices/:deviceId/programs
[07/08/2026 12:31:27] Parents PUT /miele/devices/:deviceId/programs
[07/08/2026 12:31:28] Parents GET /miele/devices/:deviceId
[07/08/2026 12:31:28] Parents GET /miele/devices/:deviceId/programs
[07/08/2026 12:31:39] Parents PUT /miele/devices/:deviceId/programs
[07/08/2026 12:31:39] Parents GET /miele/devices/:deviceId
[07/08/2026 12:31:39] Parents GET /miele/devices/:deviceId/programs
[07/08/2026 12:34:12] Parents PUT /miele/devices/:deviceId/programs
[07/08/2026 12:34:13] Parents GET /miele/devices/:deviceId
[07/08/2026 12:34:13] Parents GET /miele/devices/:deviceId/programs
[07/08/2026 12:34:56] Parents PUT /miele/devices/:deviceId/programs
[07/08/2026 12:34:57] Parents GET /miele/devices/:deviceId
[07/08/2026 12:34:57] Parents GET /miele/devices/:deviceId/programs
[07/08/2026 12:36:28] Parents GET /miele/token
[07/08/2026 12:36:28] Parents POST /wash/list
[07/08/2026 12:36:28] Parents GET /mbtoday
[07/08/2026 12:36:28] Parents GET /temptoday
[07/08/2026 12:36:28] Parents GET /miele/devices
[07/08/2026 12:36:45] Parents GET /miele/devices/:deviceId
[07/08/2026 12:36:45] Parents GET /miele/devices/:deviceId/programs
[07/08/2026 12:36:55] Parents PUT /miele/devices/:deviceId/programs
[07/08/2026 12:36:56] Parents GET /miele/devices/:deviceId
[07/08/2026 12:36:56] Parents GET /miele/devices/:deviceId/programs
[07/08/2026 12:36:58] Parents PUT /miele/devices/:deviceId/programs
[07/08/2026 12:36:59] Parents GET /miele/devices/:deviceId/programs
[07/08/2026 12:36:59] Parents GET /miele/devices/:deviceId
[07/08/2026 12:37:01] Parents PUT /miele/devices/:deviceId/programs
[07/08/2026 12:37:02] Parents GET /miele/devices/:deviceId
[07/08/2026 12:37:02] Parents GET /miele/devices/:deviceId/programs
[07/08/2026 12:38:22] Parents GET /mbtoday
[07/08/2026 12:38:22] Parents GET /temptoday
[07/08/2026 12:38:22] Parents POST /wash/list
[07/08/2026 12:38:22] Parents GET /miele/token
[07/08/2026 12:38:22] Parents GET /miele/devices
[07/08/2026 12:38:26] Parents GET /miele/devices/:deviceId
[07/08/2026 12:38:26] Parents GET /miele/devices/:deviceId/programs
[07/08/2026 12:38:37] Parents PUT /miele/devices/:deviceId/programs
[07/08/2026 12:38:39] Parents GET /miele/devices/:deviceId
[07/08/2026 12:38:39] Parents GET /miele/devices/:deviceId/programs
[07/08/2026 12:43:01] Parents GET /miele/devices/:deviceId
[07/08/2026 12:43:01] Parents GET /miele/devices/:deviceId/programs
[07/08/2026 12:43:22] Parents GET /miele/devices/:deviceId
[07/08/2026 12:43:23] Parents GET /miele/devices/:deviceId/programs
[07/08/2026 12:43:31] Parents PUT /miele/devices/:deviceId/programs
[07/08/2026 12:43:33] Parents GET /miele/devices/:deviceId
[07/08/2026 12:43:33] Parents GET /miele/devices/:deviceId/programs
[07/08/2026 12:46:24] Parents POST /wash/list
[07/08/2026 12:46:24] Parents GET /mbtoday
[07/08/2026 12:46:24] Parents GET /temptoday
[07/08/2026 12:46:24] Parents GET /miele/token
[07/08/2026 12:46:24] Parents GET /miele/devices
[07/08/2026 12:47:28] Parents GET /miele/devices/:deviceId/programs
[07/08/2026 12:47:28] Parents GET /miele/devices/:deviceId
[07/08/2026 12:47:43] Parents PUT /miele/devices/:deviceId/programs
[07/08/2026 12:47:45] Parents GET /miele/devices/:deviceId
[07/08/2026 12:47:45] Parents GET /miele/devices/:deviceId/programs
[07/08/2026 12:49:43] Parents GET /miele/devices/:deviceId
[07/08/2026 12:49:43] Parents GET /miele/devices/:deviceId/programs
[07/08/2026 12:50:12] Parents GET /miele/devices/:deviceId
[07/08/2026 12:50:12] Parents GET /miele/devices/:deviceId/programs
[07/08/2026 12:50:18] Parents PUT /miele/devices/:deviceId/programs
[07/08/2026 12:50:20] Parents GET /miele/devices/:deviceId
[07/08/2026 12:50:20] Parents GET /miele/devices/:deviceId/programs
[07/08/2026 12:57:10] Parents GET /temptoday
[07/08/2026 12:57:10] Parents GET /mbtoday
[07/08/2026 12:57:10] Parents POST /wash/list
[07/08/2026 12:57:10] Parents GET /miele/token
[07/08/2026 12:57:10] Parents GET /miele/devices
[07/08/2026 12:57:13] Parents GET /miele/devices/:deviceId
[07/08/2026 12:57:13] Parents GET /miele/devices/:deviceId/programs
[07/08/2026 12:57:15] Parents GET /miele/devices/:deviceId
[07/08/2026 12:57:15] Parents GET /miele/devices/:deviceId/programs
[07/08/2026 12:58:01] Parents GET /miele/devices/:deviceId/programs
[07/08/2026 12:58:01] Parents GET /miele/devices/:deviceId
[07/08/2026 13:02:56] Parents GET /miele/devices/:deviceId
[07/08/2026 13:02:56] Parents GET /miele/devices/:deviceId/programs
[07/08/2026 13:02:58] Parents GET /miele/devices/:deviceId
[07/08/2026 13:02:58] Parents GET /miele/devices/:deviceId/programs
[07/08/2026 13:06:35] Parents GET /miele/devices/:deviceId
[07/08/2026 13:06:35] Parents GET /miele/devices/:deviceId/programs
[07/08/2026 13:06:56] Parents PUT /miele/devices/:deviceId/programs
[07/08/2026 13:06:56] Parents GET /miele/devices/:deviceId
[07/08/2026 13:06:56] Parents GET /miele/devices/:deviceId/programs
[07/08/2026 13:07:12] Parents PUT /miele/devices/:deviceId/programs
[07/08/2026 13:07:14] Parents GET /miele/devices/:deviceId
[07/08/2026 13:07:14] Parents GET /miele/devices/:deviceId/programs
[07/08/2026 13:11:45] Parents GET /miele/devices/:deviceId
[07/08/2026 13:11:45] Parents GET /miele/devices/:deviceId/programs
[07/08/2026 13:12:03] Parents GET /miele/devices/:deviceId
[07/08/2026 13:12:03] Parents GET /miele/devices/:deviceId/programs
[07/08/2026 13:12:25] Parents GET /miele/devices/:deviceId/actions
[07/08/2026 13:12:25] Parents GET /miele/devices/:deviceId
[07/08/2026 13:12:25] Parents GET /miele/devices/:deviceId/programs
[07/08/2026 13:13:08] Parents GET /miele/devices/:deviceId/actions
[07/08/2026 13:13:08] Parents GET /miele/devices/:deviceId
[07/08/2026 13:13:08] Parents GET /miele/devices/:deviceId/programs
[07/08/2026 13:14:46] Parents GET /miele/devices/:deviceId/actions
[07/08/2026 13:14:46] Parents GET /miele/devices/:deviceId
[07/08/2026 13:14:46] Parents GET /miele/devices/:deviceId/programs
[07/08/2026 13:16:24] Parents GET /miele/devices/:deviceId/actions
[07/08/2026 13:16:25] Parents GET /miele/devices/:deviceId
[07/08/2026 13:16:25] Parents GET /miele/devices/:deviceId/programs
[07/08/2026 13:16:38] Parents GET /temptoday
[07/08/2026 13:16:38] Parents GET /mbtoday
[07/08/2026 13:16:38] Parents POST /wash/list
[07/08/2026 13:16:38] Parents GET /miele/token
[07/08/2026 13:16:38] Parents GET /miele/devices
[07/08/2026 13:16:40] Parents GET /miele/devices/:deviceId
[07/08/2026 13:16:40] Parents GET /miele/devices/:deviceId/programs
[07/08/2026 13:16:47] Parents GET /miele/devices/:deviceId/actions
[07/08/2026 13:16:47] Parents GET /miele/devices/:deviceId
[07/08/2026 13:16:47] Parents GET /miele/devices/:deviceId/programs
[07/08/2026 13:18:14] Parents GET /temptoday
[07/08/2026 13:18:14] Parents GET /mbtoday
[07/08/2026 13:18:14] Parents POST /wash/list
[07/08/2026 13:18:14] Parents GET /miele/token
[07/08/2026 13:18:14] Parents GET /miele/devices
[07/08/2026 13:18:16] Parents GET /miele/devices/:deviceId
[07/08/2026 13:18:16] Parents GET /miele/devices/:deviceId/programs
[07/08/2026 13:18:20] Parents GET /miele/devices/:deviceId/actions
[07/08/2026 13:18:20] Parents GET /miele/devices/:deviceId
[07/08/2026 13:18:20] Parents GET /miele/devices/:deviceId/programs
[07/08/2026 13:19:29] Parents GET /miele/devices/:deviceId/actions
[07/08/2026 13:19:29] Parents GET /miele/devices/:deviceId
[07/08/2026 13:19:29] Parents GET /miele/devices/:deviceId/programs
[07/08/2026 13:21:09] Parents GET /miele/devices/:deviceId/actions
[07/08/2026 13:21:10] Parents GET /miele/devices/:deviceId
[07/08/2026 13:21:10] Parents GET /miele/devices/:deviceId/programs
[07/08/2026 13:21:57] Parents GET /miele/devices/:deviceId/actions
[07/08/2026 13:21:58] Parents GET /miele/devices/:deviceId
[07/08/2026 13:21:58] Parents GET /miele/devices/:deviceId/programs
[07/08/2026 13:24:40] Parents GET /miele/devices/:deviceId/actions
[07/08/2026 13:24:40] Parents GET /miele/devices/:deviceId
[07/08/2026 13:24:40] Parents GET /miele/devices/:deviceId/programs
[07/08/2026 13:32:46] Parents POST /wash/list
[07/08/2026 13:32:46] Parents GET /mbtoday
[07/08/2026 13:32:46] Parents GET /temptoday
[07/08/2026 13:32:46] Parents GET /miele/token
[07/08/2026 13:32:47] Parents GET /miele/devices
[07/08/2026 13:37:18] Parents GET /mbtoday
[07/08/2026 13:37:18] Parents GET /temptoday
[07/08/2026 13:37:18] Parents POST /wash/list
[07/08/2026 13:37:18] Parents GET /miele/token
[07/08/2026 13:37:18] Parents GET /miele/devices
[07/08/2026 13:44:46] Parents GET /miele/token
[07/08/2026 13:44:46] Parents POST /wash/list
[07/08/2026 13:44:46] Parents GET /mbtoday
[07/08/2026 13:44:46] Parents GET /temptoday
[07/08/2026 13:44:46] Parents GET /miele/devices
[07/08/2026 13:45:56] Parents POST /wash/list
[07/08/2026 13:45:56] Parents GET /mbtoday
[07/08/2026 13:45:56] Parents GET /temptoday
[07/08/2026 13:45:56] Parents GET /miele/token
[07/08/2026 13:45:56] Parents GET /miele/devices
[07/08/2026 13:55:01] Parents POST /wash/list
[07/08/2026 13:55:01] Parents GET /mbtoday
[07/08/2026 13:55:01] Parents GET /temptoday
[07/08/2026 13:55:01] Parents GET /miele/token
[07/08/2026 13:55:01] Parents GET /miele/devices
[07/08/2026 13:58:16] Parents GET /miele/devices/:deviceId
[07/08/2026 13:58:16] Parents GET /miele/devices/:deviceId/programs
[07/08/2026 13:59:00] Parents PUT /miele/devices/:deviceId/programs
[07/08/2026 13:59:02] Parents GET /miele/devices/:deviceId
[07/08/2026 13:59:02] Parents GET /miele/devices/:deviceId/programs
[07/08/2026 14:07:19] Parents GET /mbtoday
[07/08/2026 14:07:19] Parents GET /temptoday
[07/08/2026 14:07:19] Parents POST /wash/list
[07/08/2026 14:07:19] Parents GET /miele/token
[07/08/2026 14:07:20] Parents GET /miele/devices
[07/08/2026 14:11:51] Parents GET /miele/token
[07/08/2026 14:11:51] Parents POST /wash/list
[07/08/2026 14:11:51] Parents GET /mbtoday
[07/08/2026 14:11:51] Parents GET /temptoday
[07/08/2026 14:11:51] Parents GET /miele/devices
[07/08/2026 14:22:04] Parents GET /miele/token
[07/08/2026 14:22:04] Parents POST /wash/list
[07/08/2026 14:22:04] Parents GET /mbtoday
[07/08/2026 14:22:04] Parents GET /temptoday
[07/08/2026 14:22:04] Parents GET /miele/devices
[07/08/2026 15:12:14] Parents POST /wash/list
[07/08/2026 15:12:14] Parents GET /mbtoday
[07/08/2026 15:12:14] Parents GET /temptoday
[07/08/2026 15:12:14] Parents GET /miele/token
[07/08/2026 15:12:14] Parents GET /miele/devices
[07/08/2026 16:41:22] Parents POST /wash/list
[07/08/2026 16:41:22] Parents GET /mbtoday
[07/08/2026 16:41:22] Parents GET /temptoday
[07/08/2026 16:41:22] Parents GET /miele/token
[07/08/2026 16:41:22] Parents GET /miele/devices
[07/08/2026 16:47:28] Parents POST /wash/list
[07/08/2026 16:47:28] Parents GET /mbtoday
[07/08/2026 16:47:28] Parents GET /temptoday
[07/08/2026 16:47:28] Parents GET /miele/token
[07/08/2026 16:47:28] Parents GET /miele/devices
[07/08/2026 16:52:00] Parents POST /wash/list
[07/08/2026 16:52:00] Parents GET /mbtoday
[07/08/2026 16:52:00] Parents GET /temptoday
[07/08/2026 16:52:00] Parents GET /miele/token
[07/08/2026 16:52:00] Parents GET /miele/devices
[07/08/2026 17:07:28] Parents POST /wash/list
[07/08/2026 17:07:28] Parents GET /mbtoday
[07/08/2026 17:07:28] Parents GET /temptoday
[07/08/2026 17:07:28] Parents GET /miele/token
[07/08/2026 17:07:28] Parents GET /miele/devices
[07/08/2026 17:12:00] Parents POST /wash/list
[07/08/2026 17:12:00] Parents GET /mbtoday
[07/08/2026 17:12:00] Parents GET /temptoday
[07/08/2026 17:12:00] Parents GET /miele/token
[07/08/2026 17:12:00] Parents GET /miele/devices
[07/08/2026 17:28:28] Parents GET /temptoday
[07/08/2026 17:28:28] Parents GET /mbtoday
[07/08/2026 17:28:28] Parents POST /wash/list
[07/08/2026 17:28:28] Parents GET /miele/token
[07/08/2026 17:28:28] Parents GET /miele/devices
[07/08/2026 17:33:00] Parents POST /wash/list
[07/08/2026 17:33:00] Parents GET /mbtoday
[07/08/2026 17:33:00] Parents GET /temptoday
[07/08/2026 17:33:00] Parents GET /miele/token
[07/08/2026 17:33:00] Parents GET /miele/devices
[07/08/2026 17:42:28] Parents POST /wash/list
[07/08/2026 17:42:28] Parents GET /mbtoday
[07/08/2026 17:42:28] Parents GET /temptoday
[07/08/2026 17:42:28] Parents GET /miele/token
[07/08/2026 17:42:28] Parents GET /miele/devices
[07/08/2026 17:47:00] Parents POST /wash/list
[07/08/2026 17:47:00] Parents GET /mbtoday
[07/08/2026 17:47:00] Parents GET /temptoday
[07/08/2026 17:47:00] Parents GET /miele/token
[07/08/2026 17:47:00] Parents GET /miele/devices
[07/08/2026 17:52:28] Parents POST /wash/list
[07/08/2026 17:52:28] Parents GET /mbtoday
[07/08/2026 17:52:28] Parents GET /temptoday
[07/08/2026 17:52:28] Parents GET /miele/token
[07/08/2026 17:52:28] Parents GET /miele/devices
[07/08/2026 17:57:00] Parents GET /mbtoday
[07/08/2026 17:57:00] Parents GET /temptoday
[07/08/2026 17:57:00] Parents POST /wash/list
[07/08/2026 17:57:00] Parents GET /miele/token
[07/08/2026 17:57:00] Parents GET /miele/devices
[07/08/2026 18:07:28] Parents POST /wash/list
[07/08/2026 18:07:28] Parents GET /mbtoday
[07/08/2026 18:07:28] Parents GET /temptoday
[07/08/2026 18:07:28] Parents GET /miele/token
[07/08/2026 18:07:28] Parents GET /miele/devices
[07/08/2026 18:12:00] Parents POST /wash/list
[07/08/2026 18:12:00] Parents GET /mbtoday
[07/08/2026 18:12:00] Parents GET /temptoday
[07/08/2026 18:12:00] Parents GET /miele/token
[07/08/2026 18:12:00] Parents GET /miele/devices
[07/08/2026 18:28:28] Parents GET /temptoday
[07/08/2026 18:28:28] Parents GET /mbtoday
[07/08/2026 18:28:28] Parents POST /wash/list
[07/08/2026 18:28:28] Parents GET /miele/token
[07/08/2026 18:28:29] Parents GET /miele/devices
[07/08/2026 18:33:00] Parents POST /wash/list
[07/08/2026 18:33:00] Parents GET /mbtoday
[07/08/2026 18:33:00] Parents GET /temptoday
[07/08/2026 18:33:00] Parents GET /miele/token
[07/08/2026 18:33:00] Parents GET /miele/devices
[07/08/2026 18:48:28] Parents GET /mbtoday
[07/08/2026 18:48:28] Parents GET /temptoday
[07/08/2026 18:48:28] Parents POST /wash/list
[07/08/2026 18:48:28] Parents GET /miele/token
[07/08/2026 18:48:28] Parents GET /miele/devices
[07/08/2026 18:53:00] Parents POST /wash/list
[07/08/2026 18:53:00] Parents GET /mbtoday
[07/08/2026 18:53:00] Parents GET /temptoday
[07/08/2026 18:53:00] Parents GET /miele/token
[07/08/2026 18:53:00] Parents GET /miele/devices
[07/08/2026 18:55:23] Parents GET /temptoday
[07/08/2026 18:55:23] Parents GET /clim/status
[07/08/2026 18:55:33] Parents GET /clim/status
[07/08/2026 18:55:43] Parents GET /clim/status
[07/08/2026 18:55:53] Parents GET /clim/status
[07/08/2026 18:56:03] Parents GET /clim/status
[07/08/2026 18:56:13] Parents GET /clim/status
[07/08/2026 18:56:23] Parents GET /clim/status
[07/08/2026 18:56:33] Parents GET /clim/status
[07/08/2026 18:56:36] Parents GET /temptoday
[07/08/2026 18:56:36] Parents POST /wash/list
[07/08/2026 18:56:36] Parents GET /mbtoday
[07/08/2026 18:56:36] Parents GET /miele/token
[07/08/2026 18:56:37] Parents GET /miele/devices
[07/08/2026 18:56:46] Parents GET /miele/devices/:deviceId
[07/08/2026 18:56:46] Parents GET /miele/devices/:deviceId/programs
[07/08/2026 18:56:48] Parents PUT /miele/devices/:deviceId/actions
[07/08/2026 18:56:56] Parents GET /miele/devices/:deviceId
[07/08/2026 18:56:56] Parents GET /miele/devices/:deviceId/programs
[07/08/2026 18:58:28] Parents POST /wash/list
[07/08/2026 18:58:28] Parents GET /mbtoday
[07/08/2026 18:58:28] Parents GET /temptoday
[07/08/2026 18:58:28] Parents GET /miele/token
[07/08/2026 18:58:28] Parents GET /miele/devices
[07/08/2026 19:01:04] Parents GET /temptoday
[07/08/2026 19:01:04] Parents GET /clim/status
[07/08/2026 19:01:24] Parents GET /clim/status
[07/08/2026 19:01:24] Parents GET /temptoday
[07/08/2026 19:01:34] Parents GET /clim/status
[07/08/2026 19:01:44] Parents GET /clim/status
[07/08/2026 19:03:00] Parents POST /wash/list
[07/08/2026 19:03:00] Parents GET /mbtoday
[07/08/2026 19:03:00] Parents GET /temptoday
[07/08/2026 19:03:00] Parents GET /miele/token
[07/08/2026 19:03:00] Parents GET /miele/devices
[07/08/2026 19:10:28] Parents GET /mbtoday
[07/08/2026 19:10:28] Parents GET /temptoday
[07/08/2026 19:10:28] Parents POST /wash/list
[07/08/2026 19:10:28] Parents GET /miele/token
[07/08/2026 19:10:28] Parents GET /miele/devices
[07/08/2026 19:15:00] Parents POST /wash/list
[07/08/2026 19:15:00] Parents GET /mbtoday
[07/08/2026 19:15:00] Parents GET /temptoday
[07/08/2026 19:15:00] Parents GET /miele/token
[07/08/2026 19:15:00] Parents GET /miele/devices
[07/08/2026 19:27:28] Parents GET /temptoday
[07/08/2026 19:27:28] Parents GET /mbtoday
[07/08/2026 19:27:28] Parents POST /wash/list
[07/08/2026 19:27:28] Parents GET /miele/token
[07/08/2026 19:27:28] Parents GET /miele/devices
[07/08/2026 19:32:00] Parents POST /wash/list
[07/08/2026 19:32:00] Parents GET /mbtoday
[07/08/2026 19:32:00] Parents GET /temptoday
[07/08/2026 19:32:00] Parents GET /miele/token
[07/08/2026 19:32:00] Parents GET /miele/devices
[07/08/2026 19:37:28] Parents GET /mbtoday
[07/08/2026 19:37:28] Parents GET /temptoday
[07/08/2026 19:37:28] Parents POST /wash/list
[07/08/2026 19:37:28] Parents GET /miele/token
[07/08/2026 19:37:28] Parents GET /miele/devices
[07/08/2026 19:42:00] Parents POST /wash/list
[07/08/2026 19:42:00] Parents GET /mbtoday
[07/08/2026 19:42:00] Parents GET /temptoday
[07/08/2026 19:42:00] Parents GET /miele/token
[07/08/2026 19:42:00] Parents GET /miele/devices
[07/08/2026 19:50:28] Parents POST /wash/list
[07/08/2026 19:50:28] Parents GET /mbtoday
[07/08/2026 19:50:28] Parents GET /temptoday
[07/08/2026 19:50:28] Parents GET /miele/token
[07/08/2026 19:50:28] Parents GET /miele/devices
[07/08/2026 19:55:00] Parents POST /wash/list
[07/08/2026 19:55:00] Parents GET /mbtoday
[07/08/2026 19:55:00] Parents GET /temptoday
[07/08/2026 19:55:00] Parents GET /miele/token
[07/08/2026 19:55:00] Parents GET /miele/devices
[07/08/2026 20:00:28] Parents POST /wash/list
[07/08/2026 20:00:28] Parents GET /mbtoday
[07/08/2026 20:00:28] Parents GET /temptoday
[07/08/2026 20:00:28] Parents GET /miele/token
[07/08/2026 20:00:28] Parents GET /miele/devices
[07/08/2026 20:05:00] Parents POST /wash/list
[07/08/2026 20:05:00] Parents GET /mbtoday
[07/08/2026 20:05:00] Parents GET /temptoday
[07/08/2026 20:05:00] Parents GET /miele/token
[07/08/2026 20:05:00] Parents GET /miele/devices
[07/08/2026 20:09:19] Parents GET /temptoday
[07/08/2026 20:09:19] Parents GET /clim/status
[07/08/2026 20:09:29] Parents GET /clim/status
[07/08/2026 20:09:39] Parents GET /clim/status
[07/08/2026 20:09:49] Parents GET /clim/status
[07/08/2026 20:10:07] Parents GET /clim/status
[07/08/2026 20:10:28] Parents GET /temptoday
[07/08/2026 20:10:28] Parents GET /mbtoday
[07/08/2026 20:10:28] Parents POST /wash/list
[07/08/2026 20:10:28] Parents GET /miele/token
[07/08/2026 20:10:28] Parents GET /miele/devices
[07/08/2026 20:10:29] Parents GET /clim/status
[07/08/2026 20:10:50] Parents GET /clim/status
[07/08/2026 20:10:50] Parents GET /temptoday
[07/08/2026 20:11:14] Parents GET /clim/status
[07/08/2026 20:11:34] Parents GET /clim/status
[07/08/2026 20:11:51] Parents GET /temptoday
[07/08/2026 20:11:51] Parents GET /clim/status
[07/08/2026 20:11:58] Parents GET /clim/status
[07/08/2026 20:12:02] Parents GET /clim/status
[07/08/2026 20:12:12] Parents GET /clim/status
[07/08/2026 20:12:22] Parents GET /clim/status
[07/08/2026 20:12:43] Parents GET /clim/status
[07/08/2026 20:13:10] Parents GET /clim/status
[07/08/2026 20:13:24] Parents GET /clim/status
[07/08/2026 20:13:24] Parents GET /temptoday
[07/08/2026 20:13:47] Parents GET /clim/status
[07/08/2026 20:14:14] Parents GET /clim/status
[07/08/2026 20:14:25] Parents GET /temptoday
[07/08/2026 20:14:25] Parents GET /clim/status
[07/08/2026 20:14:49] Parents GET /clim/status
[07/08/2026 20:15:00] Parents GET /temptoday
[07/08/2026 20:15:00] Parents GET /mbtoday
[07/08/2026 20:15:00] Parents POST /wash/list
[07/08/2026 20:15:00] Parents GET /miele/token
[07/08/2026 20:15:00] Parents GET /miele/devices
[07/08/2026 20:15:10] Parents GET /clim/status
[07/08/2026 20:15:26] Parents GET /clim/status
[07/08/2026 20:15:26] Parents GET /temptoday
[07/08/2026 20:15:55] Parents GET /clim/status
[07/08/2026 20:24:28] Parents POST /wash/list
[07/08/2026 20:24:28] Parents GET /mbtoday
[07/08/2026 20:24:28] Parents GET /temptoday
[07/08/2026 20:24:28] Parents GET /miele/token
[07/08/2026 20:24:28] Parents GET /miele/devices
[07/08/2026 20:29:00] Parents POST /wash/list
[07/08/2026 20:29:00] Parents GET /mbtoday
[07/08/2026 20:29:00] Parents GET /temptoday
[07/08/2026 20:29:00] Parents GET /miele/token
[07/08/2026 20:29:01] Parents GET /miele/devices
[07/08/2026 20:36:28] Parents POST /wash/list
[07/08/2026 20:36:28] Parents GET /mbtoday
[07/08/2026 20:36:28] Parents GET /temptoday
[07/08/2026 20:36:28] Parents GET /miele/token
[07/08/2026 20:36:28] Parents GET /miele/devices
[07/08/2026 20:41:00] Parents GET /temptoday
[07/08/2026 20:41:00] Parents GET /mbtoday
[07/08/2026 20:41:00] Parents POST /wash/list
[07/08/2026 20:41:00] Parents GET /miele/token
[07/08/2026 20:41:00] Parents GET /miele/devices
[07/08/2026 20:58:28] Parents GET /miele/token
[07/08/2026 20:58:28] Parents POST /wash/list
[07/08/2026 20:58:28] Parents GET /mbtoday
[07/08/2026 20:58:28] Parents GET /temptoday
[07/08/2026 20:58:28] Parents GET /miele/devices
[07/08/2026 21:03:00] Parents POST /wash/list
[07/08/2026 21:03:00] Parents GET /mbtoday
[07/08/2026 21:03:00] Parents GET /temptoday
[07/08/2026 21:03:00] Parents GET /miele/token
[07/08/2026 21:03:00] Parents GET /miele/devices
[07/08/2026 21:10:28] Parents POST /wash/list
[07/08/2026 21:10:28] Parents GET /mbtoday
[07/08/2026 21:10:28] Parents GET /temptoday
[07/08/2026 21:10:28] Parents GET /miele/token
[07/08/2026 21:10:28] Parents GET /miele/devices
[07/08/2026 21:15:00] Parents POST /wash/list
[07/08/2026 21:15:00] Parents GET /mbtoday
[07/08/2026 21:15:00] Parents GET /temptoday
[07/08/2026 21:15:00] Parents GET /miele/token
[07/08/2026 21:15:00] Parents GET /miele/devices
[07/08/2026 21:22:28] Parents POST /wash/list
[07/08/2026 21:22:28] Parents GET /mbtoday
[07/08/2026 21:22:28] Parents GET /temptoday
[07/08/2026 21:22:28] Parents GET /miele/token
[07/08/2026 21:22:28] Parents GET /miele/devices
[07/08/2026 21:27:00] Parents POST /wash/list
[07/08/2026 21:27:00] Parents GET /mbtoday
[07/08/2026 21:27:00] Parents GET /temptoday
[07/08/2026 21:27:00] Parents GET /miele/token
[07/08/2026 21:27:00] Parents GET /miele/devices
[07/08/2026 21:44:28] Parents POST /wash/list
[07/08/2026 21:44:28] Parents GET /mbtoday
[07/08/2026 21:44:28] Parents GET /temptoday
[07/08/2026 21:44:28] Parents GET /miele/token
[07/08/2026 21:44:28] Parents GET /miele/devices
[07/08/2026 21:49:00] Parents POST /wash/list
[07/08/2026 21:49:00] Parents GET /mbtoday
[07/08/2026 21:49:00] Parents GET /temptoday
[07/08/2026 21:49:00] Parents GET /miele/token
[07/08/2026 21:49:00] Parents GET /miele/devices
[07/08/2026 22:21:28] Parents POST /wash/list
[07/08/2026 22:21:28] Parents GET /mbtoday
[07/08/2026 22:21:28] Parents GET /temptoday
[07/08/2026 22:21:28] Parents GET /miele/token
[07/08/2026 22:21:28] Parents GET /miele/devices
[07/08/2026 22:26:00] Parents GET /temptoday
[07/08/2026 22:26:00] Parents GET /mbtoday
[07/08/2026 22:26:00] Parents POST /wash/list
[07/08/2026 22:26:00] Parents GET /miele/token
[07/08/2026 22:26:00] Parents GET /miele/devices
[07/08/2026 22:32:28] Parents POST /wash/list
[07/08/2026 22:32:28] Parents GET /mbtoday
[07/08/2026 22:32:28] Parents GET /temptoday
[07/08/2026 22:32:28] Parents GET /miele/token
[07/08/2026 22:32:28] Parents GET /miele/devices
[07/08/2026 22:37:00] Parents POST /wash/list
[07/08/2026 22:37:00] Parents GET /mbtoday
[07/08/2026 22:37:00] Parents GET /temptoday
[07/08/2026 22:37:00] Parents GET /miele/token
[07/08/2026 22:37:00] Parents GET /miele/devices
[07/08/2026 22:42:28] Parents POST /wash/list
[07/08/2026 22:42:28] Parents GET /mbtoday
[07/08/2026 22:42:28] Parents GET /temptoday
[07/08/2026 22:42:28] Parents GET /miele/token
[07/08/2026 22:42:28] Parents GET /miele/devices
[07/08/2026 22:47:00] Parents POST /wash/list
[07/08/2026 22:47:00] Parents GET /mbtoday
[07/08/2026 22:47:00] Parents GET /temptoday
[07/08/2026 22:47:00] Parents GET /miele/token
[07/08/2026 22:47:00] Parents GET /miele/devices
[07/08/2026 23:15:28] Parents POST /wash/list
[07/08/2026 23:15:28] Parents GET /mbtoday
[07/08/2026 23:15:28] Parents GET /temptoday
[07/08/2026 23:15:28] Parents GET /miele/token
[07/08/2026 23:15:28] Parents GET /miele/devices
[07/08/2026 23:20:00] Parents POST /wash/list
[07/08/2026 23:20:00] Parents GET /mbtoday
[07/08/2026 23:20:00] Parents GET /temptoday
[07/08/2026 23:20:00] Parents GET /miele/token
[07/08/2026 23:20:00] Parents GET /miele/devices
[07/08/2026 23:34:28] Parents GET /mbtoday
[07/08/2026 23:34:28] Parents GET /temptoday
[07/08/2026 23:34:28] Parents POST /wash/list
[07/08/2026 23:34:28] Parents GET /miele/token
[07/08/2026 23:34:28] Parents GET /miele/devices
[07/08/2026 23:39:00] Parents GET /mbtoday
[07/08/2026 23:39:00] Parents GET /temptoday
[07/08/2026 23:39:00] Parents POST /wash/list
[07/08/2026 23:39:00] Parents GET /miele/token
[07/08/2026 23:39:00] Parents GET /miele/devices
[07/08/2026 23:50:28] Parents GET /mbtoday
[07/08/2026 23:50:28] Parents GET /temptoday
[07/08/2026 23:50:28] Parents POST /wash/list
[07/08/2026 23:50:28] Parents GET /miele/token
[07/08/2026 23:50:28] Parents GET /miele/devices
[07/08/2026 23:55:00] Parents POST /wash/list
[07/08/2026 23:55:00] Parents GET /mbtoday
[07/08/2026 23:55:00] Parents GET /temptoday
[07/08/2026 23:55:00] Parents GET /miele/token
[07/08/2026 23:55:00] Parents GET /miele/devices
[07/08/2026 23:56:40] Parents GET /temptoday
[07/08/2026 23:56:40] Parents GET /clim/status
[07/08/2026 23:56:43] Parents GET /temptoday
[07/08/2026 23:56:43] Parents GET /mbtoday
[08/08/2026 00:04:28] Parents POST /wash/list
[08/08/2026 00:04:28] Parents GET /mbtoday
[08/08/2026 00:04:28] Parents GET /temptoday
[08/08/2026 00:04:28] Parents GET /miele/token
[08/08/2026 00:04:28] Parents GET /miele/devices
[08/08/2026 00:09:00] Parents POST /wash/list
[08/08/2026 00:09:00] Parents GET /mbtoday
[08/08/2026 00:09:00] Parents GET /temptoday
[08/08/2026 00:09:00] Parents GET /miele/token
[08/08/2026 00:09:00] Parents GET /miele/devices
[08/08/2026 00:16:28] Parents POST /wash/list
[08/08/2026 00:16:28] Parents GET /mbtoday
[08/08/2026 00:16:28] Parents GET /temptoday
[08/08/2026 00:16:28] Parents GET /miele/token
[08/08/2026 00:16:28] Parents GET /miele/devices
[08/08/2026 00:21:00] Parents POST /wash/list
[08/08/2026 00:21:00] Parents GET /mbtoday
[08/08/2026 00:21:00] Parents GET /temptoday
[08/08/2026 00:21:00] Parents GET /miele/token
[08/08/2026 00:21:00] Parents GET /miele/devices
[08/08/2026 00:28:28] Parents POST /wash/list
[08/08/2026 00:28:28] Parents GET /mbtoday
[08/08/2026 00:28:28] Parents GET /temptoday
[08/08/2026 00:28:28] Parents GET /miele/token
[08/08/2026 00:28:28] Parents GET /miele/devices
[08/08/2026 00:33:00] Parents POST /wash/list
[08/08/2026 00:33:00] Parents GET /mbtoday
[08/08/2026 00:33:00] Parents GET /temptoday
[08/08/2026 00:33:00] Parents GET /miele/token
[08/08/2026 00:33:00] Parents GET /miele/devices
[08/08/2026 00:51:28] Parents POST /wash/list
[08/08/2026 00:51:28] Parents GET /mbtoday
[08/08/2026 00:51:28] Parents GET /temptoday
[08/08/2026 00:51:28] Parents GET /miele/token
[08/08/2026 00:51:28] Parents GET /miele/devices
[08/08/2026 00:56:00] Parents GET /mbtoday
[08/08/2026 00:56:00] Parents GET /temptoday
[08/08/2026 00:56:00] Parents POST /wash/list
[08/08/2026 00:56:00] Parents GET /miele/token
[08/08/2026 00:56:00] Parents GET /miele/devices
[08/08/2026 01:07:28] Parents POST /wash/list
[08/08/2026 01:07:28] Parents GET /mbtoday
[08/08/2026 01:07:28] Parents GET /temptoday
[08/08/2026 01:07:28] Parents GET /miele/token
[08/08/2026 01:07:28] Parents GET /miele/devices
[08/08/2026 01:12:00] Parents POST /wash/list
[08/08/2026 01:12:00] Parents GET /mbtoday
[08/08/2026 01:12:00] Parents GET /temptoday
[08/08/2026 01:12:00] Parents GET /miele/token
[08/08/2026 01:12:00] Parents GET /miele/devices
[08/08/2026 01:39:28] Parents GET /mbtoday
[08/08/2026 01:39:28] Parents GET /temptoday
[08/08/2026 01:39:28] Parents POST /wash/list
[08/08/2026 01:39:28] Parents GET /miele/token
[08/08/2026 01:39:28] Parents GET /miele/devices
[08/08/2026 01:44:00] Parents GET /mbtoday
[08/08/2026 01:44:00] Parents GET /temptoday
[08/08/2026 01:44:00] Parents POST /wash/list
[08/08/2026 01:44:00] Parents GET /miele/token
[08/08/2026 01:44:00] Parents GET /miele/devices
[08/08/2026 01:52:28] Parents GET /mbtoday
[08/08/2026 01:52:28] Parents GET /temptoday
[08/08/2026 01:52:28] Parents GET /miele/token
[08/08/2026 01:52:28] Parents POST /wash/list
[08/08/2026 01:52:28] Parents GET /miele/devices
[08/08/2026 01:57:00] Parents POST /wash/list
[08/08/2026 01:57:00] Parents GET /mbtoday
[08/08/2026 01:57:00] Parents GET /temptoday
[08/08/2026 01:57:00] Parents GET /miele/token
[08/08/2026 01:57:00] Parents GET /miele/devices
[08/08/2026 02:12:28] Parents GET /temptoday
[08/08/2026 02:12:28] Parents GET /mbtoday
[08/08/2026 02:12:28] Parents POST /wash/list
[08/08/2026 02:12:28] Parents GET /miele/token
[08/08/2026 02:12:28] Parents GET /miele/devices
[08/08/2026 02:17:00] Parents POST /wash/list
[08/08/2026 02:17:00] Parents GET /mbtoday
[08/08/2026 02:17:00] Parents GET /temptoday
[08/08/2026 02:17:00] Parents GET /miele/token
[08/08/2026 02:17:00] Parents GET /miele/devices
[08/08/2026 02:31:28] Parents POST /wash/list
[08/08/2026 02:31:28] Parents GET /mbtoday
[08/08/2026 02:31:28] Parents GET /temptoday
[08/08/2026 02:31:28] Parents GET /miele/token
[08/08/2026 02:31:28] Parents GET /miele/devices
[08/08/2026 02:36:00] Parents GET /mbtoday
[08/08/2026 02:36:00] Parents GET /temptoday
[08/08/2026 02:36:00] Parents POST /wash/list
[08/08/2026 02:36:00] Parents GET /miele/token
[08/08/2026 02:36:00] Parents GET /miele/devices
[08/08/2026 02:41:28] Parents POST /wash/list
[08/08/2026 02:41:28] Parents GET /mbtoday
[08/08/2026 02:41:28] Parents GET /temptoday
[08/08/2026 02:41:28] Parents GET /miele/token
[08/08/2026 02:41:28] Parents GET /miele/devices
[08/08/2026 02:46:00] Parents POST /wash/list
[08/08/2026 02:46:00] Parents GET /mbtoday
[08/08/2026 02:46:00] Parents GET /temptoday
[08/08/2026 02:46:00] Parents GET /miele/token
[08/08/2026 02:46:00] Parents GET /miele/devices
[08/08/2026 02:57:29] Parents POST /wash/list
[08/08/2026 02:57:29] Parents GET /mbtoday
[08/08/2026 02:57:29] Parents GET /temptoday
[08/08/2026 02:57:29] Parents GET /miele/token
[08/08/2026 02:57:29] Parents GET /miele/devices
[08/08/2026 03:02:00] Parents GET /mbtoday
[08/08/2026 03:02:00] Parents GET /temptoday
[08/08/2026 03:02:00] Parents POST /wash/list
[08/08/2026 03:02:00] Parents GET /miele/token
[08/08/2026 03:02:00] Parents GET /miele/devices
[08/08/2026 03:17:28] Parents POST /wash/list
[08/08/2026 03:17:28] Parents GET /mbtoday
[08/08/2026 03:17:28] Parents GET /temptoday
[08/08/2026 03:17:28] Parents GET /miele/token
[08/08/2026 03:17:28] Parents GET /miele/devices
[08/08/2026 03:22:00] Parents POST /wash/list
[08/08/2026 03:22:00] Parents GET /mbtoday
[08/08/2026 03:22:00] Parents GET /temptoday
[08/08/2026 03:22:00] Parents GET /miele/token
[08/08/2026 03:22:00] Parents GET /miele/devices
[08/08/2026 03:37:28] Parents GET /miele/token
[08/08/2026 03:37:28] Parents POST /wash/list
[08/08/2026 03:37:28] Parents GET /mbtoday
[08/08/2026 03:37:28] Parents GET /temptoday
[08/08/2026 03:37:28] Parents GET /miele/devices
[08/08/2026 03:42:00] Parents POST /wash/list
[08/08/2026 03:42:00] Parents GET /mbtoday
[08/08/2026 03:42:00] Parents GET /temptoday
[08/08/2026 03:42:00] Parents GET /miele/token
[08/08/2026 03:42:00] Parents GET /miele/devices
[08/08/2026 03:57:28] Parents GET /mbtoday
[08/08/2026 03:57:28] Parents GET /temptoday
[08/08/2026 03:57:28] Parents POST /wash/list
[08/08/2026 03:57:28] Parents GET /miele/token
[08/08/2026 03:57:29] Parents GET /miele/devices
[08/08/2026 04:02:00] Parents GET /mbtoday
[08/08/2026 04:02:00] Parents GET /temptoday
[08/08/2026 04:02:00] Parents POST /wash/list
[08/08/2026 04:02:00] Parents GET /miele/token
[08/08/2026 04:02:00] Parents GET /miele/devices
[08/08/2026 04:29:28] Parents GET /mbtoday
[08/08/2026 04:29:28] Parents GET /temptoday
[08/08/2026 04:29:28] Parents POST /wash/list
[08/08/2026 04:29:28] Parents GET /miele/token
[08/08/2026 04:29:29] Parents GET /miele/devices
[08/08/2026 04:34:00] Parents GET /temptoday
[08/08/2026 04:34:00] Parents GET /mbtoday
[08/08/2026 04:34:00] Parents POST /wash/list
[08/08/2026 04:34:00] Parents GET /miele/token
[08/08/2026 04:34:00] Parents GET /miele/devices
[08/08/2026 04:51:28] Parents POST /wash/list
[08/08/2026 04:51:28] Parents GET /mbtoday
[08/08/2026 04:51:28] Parents GET /temptoday
[08/08/2026 04:51:28] Parents GET /miele/token
[08/08/2026 04:51:29] Parents GET /miele/devices
[08/08/2026 04:56:00] Parents POST /wash/list
[08/08/2026 04:56:00] Parents GET /mbtoday
[08/08/2026 04:56:00] Parents GET /temptoday
[08/08/2026 04:56:00] Parents GET /miele/token
[08/08/2026 04:56:01] Parents GET /miele/devices
[08/08/2026 05:02:28] Parents POST /wash/list
[08/08/2026 05:02:28] Parents GET /mbtoday
[08/08/2026 05:02:28] Parents GET /temptoday
[08/08/2026 05:02:28] Parents GET /miele/token
[08/08/2026 05:02:28] Parents GET /miele/devices
[08/08/2026 05:07:00] Parents POST /wash/list
[08/08/2026 05:07:00] Parents GET /mbtoday
[08/08/2026 05:07:00] Parents GET /temptoday
[08/08/2026 05:07:00] Parents GET /miele/token
[08/08/2026 05:07:00] Parents GET /miele/devices
[08/08/2026 05:13:28] Parents POST /wash/list
[08/08/2026 05:13:28] Parents GET /mbtoday
[08/08/2026 05:13:28] Parents GET /temptoday
[08/08/2026 05:13:28] Parents GET /miele/token
[08/08/2026 05:13:28] Parents GET /miele/devices
[08/08/2026 05:18:00] Parents POST /wash/list
[08/08/2026 05:18:00] Parents GET /mbtoday
[08/08/2026 05:18:00] Parents GET /temptoday
[08/08/2026 05:18:00] Parents GET /miele/token
[08/08/2026 05:18:00] Parents GET /miele/devices
[08/08/2026 05:37:28] Parents GET /mbtoday
[08/08/2026 05:37:28] Parents GET /temptoday
[08/08/2026 05:37:28] Parents POST /wash/list
[08/08/2026 05:37:28] Parents GET /miele/token
[08/08/2026 05:37:28] Parents GET /miele/devices
[08/08/2026 05:42:00] Parents POST /wash/list
[08/08/2026 05:42:00] Parents GET /mbtoday
[08/08/2026 05:42:00] Parents GET /temptoday
[08/08/2026 05:42:00] Parents GET /miele/token
[08/08/2026 05:42:00] Parents GET /miele/devices
[08/08/2026 06:22:28] Parents GET /mbtoday
[08/08/2026 06:22:28] Parents GET /temptoday
[08/08/2026 06:22:28] Parents POST /wash/list
[08/08/2026 06:22:28] Parents GET /miele/token
[08/08/2026 06:22:28] Parents GET /miele/devices
[08/08/2026 06:27:00] Parents POST /wash/list
[08/08/2026 06:27:00] Parents GET /mbtoday
[08/08/2026 06:27:00] Parents GET /temptoday
[08/08/2026 06:27:00] Parents GET /miele/token
[08/08/2026 06:27:00] Parents GET /miele/devices
[08/08/2026 06:38:28] Parents GET /miele/token
[08/08/2026 06:38:28] Parents POST /wash/list
[08/08/2026 06:38:28] Parents GET /mbtoday
[08/08/2026 06:38:28] Parents GET /temptoday
[08/08/2026 06:38:28] Parents GET /miele/devices
[08/08/2026 06:43:00] Parents POST /wash/list
[08/08/2026 06:43:00] Parents GET /mbtoday
[08/08/2026 06:43:00] Parents GET /temptoday
[08/08/2026 06:43:00] Parents GET /miele/token
[08/08/2026 06:43:00] Parents GET /miele/devices
[08/08/2026 07:13:28] Parents POST /wash/list
[08/08/2026 07:13:28] Parents GET /mbtoday
[08/08/2026 07:13:28] Parents GET /temptoday
[08/08/2026 07:13:28] Parents GET /miele/token
[08/08/2026 07:13:28] Parents GET /miele/devices
[08/08/2026 07:18:00] Parents POST /wash/list
[08/08/2026 07:18:00] Parents GET /mbtoday
[08/08/2026 07:18:00] Parents GET /temptoday
[08/08/2026 07:18:00] Parents GET /miele/token
[08/08/2026 07:18:00] Parents GET /miele/devices
[08/08/2026 07:27:28] Parents POST /wash/list
[08/08/2026 07:27:28] Parents GET /mbtoday
[08/08/2026 07:27:28] Parents GET /temptoday
[08/08/2026 07:27:28] Parents GET /miele/token
[08/08/2026 07:27:28] Parents GET /miele/devices
[08/08/2026 07:32:00] Parents POST /wash/list
[08/08/2026 07:32:00] Parents GET /mbtoday
[08/08/2026 07:32:00] Parents GET /temptoday
[08/08/2026 07:32:00] Parents GET /miele/token
[08/08/2026 07:32:00] Parents GET /miele/devices
[08/08/2026 07:37:28] Parents POST /wash/list
[08/08/2026 07:37:28] Parents GET /mbtoday
[08/08/2026 07:37:28] Parents GET /temptoday
[08/08/2026 07:37:28] Parents GET /miele/token
[08/08/2026 07:37:28] Parents GET /miele/devices
[08/08/2026 07:42:00] Parents POST /wash/list
[08/08/2026 07:42:00] Parents GET /mbtoday
[08/08/2026 07:42:00] Parents GET /temptoday
[08/08/2026 07:42:00] Parents GET /miele/token
[08/08/2026 07:42:00] Parents GET /miele/devices
[08/08/2026 07:49:28] Parents POST /wash/list
[08/08/2026 07:49:28] Parents GET /mbtoday
[08/08/2026 07:49:28] Parents GET /temptoday
[08/08/2026 07:49:28] Parents GET /miele/token
[08/08/2026 07:49:28] Parents GET /miele/devices
[08/08/2026 07:54:00] Parents POST /wash/list
[08/08/2026 07:54:00] Parents GET /mbtoday
[08/08/2026 07:54:00] Parents GET /temptoday
[08/08/2026 07:54:00] Parents GET /miele/token
[08/08/2026 07:54:00] Parents GET /miele/devices
[08/08/2026 08:00:28] Parents POST /wash/list
[08/08/2026 08:00:28] Parents GET /mbtoday
[08/08/2026 08:00:28] Parents GET /temptoday
[08/08/2026 08:00:28] Parents GET /miele/token
[08/08/2026 08:00:28] Parents GET /miele/devices
[08/08/2026 08:05:00] Parents POST /wash/list
[08/08/2026 08:05:00] Parents GET /mbtoday
[08/08/2026 08:05:00] Parents GET /temptoday
[08/08/2026 08:05:00] Parents GET /miele/token
[08/08/2026 08:05:00] Parents GET /miele/devices
[08/08/2026 08:13:28] Parents POST /wash/list
[08/08/2026 08:13:28] Parents GET /mbtoday
[08/08/2026 08:13:28] Parents GET /temptoday
[08/08/2026 08:13:28] Parents GET /miele/token
[08/08/2026 08:13:28] Parents GET /miele/devices
[08/08/2026 08:18:00] Parents POST /wash/list
[08/08/2026 08:18:00] Parents GET /mbtoday
[08/08/2026 08:18:00] Parents GET /temptoday
[08/08/2026 08:18:00] Parents GET /miele/token
[08/08/2026 08:18:00] Parents GET /miele/devices
[08/08/2026 08:32:28] Parents POST /wash/list
[08/08/2026 08:32:28] Parents GET /mbtoday
[08/08/2026 08:32:28] Parents GET /temptoday
[08/08/2026 08:32:28] Parents GET /miele/token
[08/08/2026 08:32:29] Parents GET /miele/devices
[08/08/2026 08:37:00] Parents POST /wash/list
[08/08/2026 08:37:00] Parents GET /mbtoday
[08/08/2026 08:37:00] Parents GET /temptoday
[08/08/2026 08:37:00] Parents GET /miele/token
[08/08/2026 08:37:00] Parents GET /miele/devices
[08/08/2026 08:42:28] Parents POST /wash/list
[08/08/2026 08:42:28] Parents GET /mbtoday
[08/08/2026 08:42:28] Parents GET /temptoday
[08/08/2026 08:42:28] Parents GET /miele/token
[08/08/2026 08:42:28] Parents GET /miele/devices
[08/08/2026 08:47:00] Parents POST /wash/list
[08/08/2026 08:47:00] Parents GET /mbtoday
[08/08/2026 08:47:00] Parents GET /temptoday
[08/08/2026 08:47:00] Parents GET /miele/token
[08/08/2026 08:47:00] Parents GET /miele/devices
[08/08/2026 09:04:28] Parents GET /temptoday
[08/08/2026 09:04:28] Parents GET /mbtoday
[08/08/2026 09:04:28] Parents POST /wash/list
[08/08/2026 09:04:28] Parents GET /miele/token
[08/08/2026 09:04:28] Parents GET /miele/devices
[08/08/2026 09:09:00] Parents POST /wash/list
[08/08/2026 09:09:00] Parents GET /mbtoday
[08/08/2026 09:09:00] Parents GET /temptoday
[08/08/2026 09:09:00] Parents GET /miele/token
[08/08/2026 09:09:00] Parents GET /miele/devices
[08/08/2026 09:22:28] Parents POST /wash/list
[08/08/2026 09:22:28] Parents GET /mbtoday
[08/08/2026 09:22:28] Parents GET /temptoday
[08/08/2026 09:22:28] Parents GET /miele/token
[08/08/2026 09:22:28] Parents GET /miele/devices
[08/08/2026 09:27:00] Parents POST /wash/list
[08/08/2026 09:27:00] Parents GET /mbtoday
[08/08/2026 09:27:00] Parents GET /temptoday
[08/08/2026 09:27:00] Parents GET /miele/token
[08/08/2026 09:27:01] Parents GET /miele/devices
[08/08/2026 09:44:28] Parents GET /mbtoday
[08/08/2026 09:44:28] Parents GET /temptoday
[08/08/2026 09:44:28] Parents POST /wash/list
[08/08/2026 09:44:28] Parents GET /miele/token
[08/08/2026 09:44:28] Parents GET /miele/devices
[08/08/2026 09:49:00] Parents GET /temptoday
[08/08/2026 09:49:00] Parents GET /mbtoday
[08/08/2026 09:49:00] Parents POST /wash/list
[08/08/2026 09:49:00] Parents GET /miele/token
[08/08/2026 09:49:00] Parents GET /miele/devices
[08/08/2026 10:03:28] Parents POST /wash/list
[08/08/2026 10:03:28] Parents GET /mbtoday
[08/08/2026 10:03:28] Parents GET /temptoday
[08/08/2026 10:03:28] Parents GET /miele/token
[08/08/2026 10:03:28] Parents GET /miele/devices
[08/08/2026 10:08:00] Parents GET /temptoday
[08/08/2026 10:08:00] Parents GET /mbtoday
[08/08/2026 10:08:00] Parents POST /wash/list
[08/08/2026 10:08:00] Parents GET /miele/token
[08/08/2026 10:08:00] Parents GET /miele/devices
[08/08/2026 10:52:28] Parents GET /miele/token
[08/08/2026 10:52:28] Parents POST /wash/list
[08/08/2026 10:52:28] Parents GET /mbtoday
[08/08/2026 10:52:28] Parents GET /temptoday
[08/08/2026 10:52:28] Parents GET /miele/devices
[08/08/2026 10:57:00] Parents POST /wash/list
[08/08/2026 10:57:00] Parents GET /mbtoday
[08/08/2026 10:57:00] Parents GET /temptoday
[08/08/2026 10:57:00] Parents GET /miele/token
[08/08/2026 10:57:00] Parents GET /miele/devices
[08/08/2026 11:25:28] Parents GET /mbtoday
[08/08/2026 11:25:28] Parents GET /temptoday
[08/08/2026 11:25:28] Parents POST /wash/list
[08/08/2026 11:25:28] Parents GET /miele/token
[08/08/2026 11:25:29] Parents GET /miele/devices
[08/08/2026 11:30:00] Parents GET /miele/token
[08/08/2026 11:30:00] Parents POST /wash/list
[08/08/2026 11:30:00] Parents GET /mbtoday
[08/08/2026 11:30:00] Parents GET /temptoday
[08/08/2026 11:30:00] Parents GET /miele/devices
[08/08/2026 11:36:28] Parents POST /wash/list
[08/08/2026 11:36:28] Parents GET /mbtoday
[08/08/2026 11:36:28] Parents GET /temptoday
[08/08/2026 11:36:28] Parents GET /miele/token
[08/08/2026 11:36:28] Parents GET /miele/devices
[08/08/2026 11:41:00] Parents POST /wash/list
[08/08/2026 11:41:00] Parents GET /mbtoday
[08/08/2026 11:41:00] Parents GET /temptoday
[08/08/2026 11:41:00] Parents GET /miele/token
[08/08/2026 11:41:00] Parents GET /miele/devices
[08/08/2026 11:49:28] Parents POST /wash/list
[08/08/2026 11:49:28] Parents GET /mbtoday
[08/08/2026 11:49:28] Parents GET /temptoday
[08/08/2026 11:49:28] Parents GET /miele/token
[08/08/2026 11:49:28] Parents GET /miele/devices
[08/08/2026 11:54:00] Parents POST /wash/list
[08/08/2026 11:54:00] Parents GET /mbtoday
[08/08/2026 11:54:00] Parents GET /temptoday
[08/08/2026 11:54:00] Parents GET /miele/token
[08/08/2026 11:54:00] Parents GET /miele/devices
[08/08/2026 11:59:28] Parents POST /wash/list
[08/08/2026 11:59:28] Parents GET /mbtoday
[08/08/2026 11:59:28] Parents GET /temptoday
[08/08/2026 11:59:28] Parents GET /miele/token
[08/08/2026 11:59:28] Parents GET /miele/devices
[08/08/2026 12:04:00] Parents POST /wash/list
[08/08/2026 12:04:00] Parents GET /mbtoday
[08/08/2026 12:04:00] Parents GET /temptoday
[08/08/2026 12:04:00] Parents GET /miele/token
[08/08/2026 12:04:00] Parents GET /miele/devices
[08/08/2026 12:09:28] Parents POST /wash/list
[08/08/2026 12:09:28] Parents GET /mbtoday
[08/08/2026 12:09:28] Parents GET /temptoday
[08/08/2026 12:09:28] Parents GET /miele/token
[08/08/2026 12:09:28] Parents GET /miele/devices
[08/08/2026 12:14:00] Parents POST /wash/list
[08/08/2026 12:14:00] Parents GET /mbtoday
[08/08/2026 12:14:00] Parents GET /temptoday
[08/08/2026 12:14:00] Parents GET /miele/token
[08/08/2026 12:14:00] Parents GET /miele/devices
[08/08/2026 12:25:28] Parents POST /wash/list
[08/08/2026 12:25:28] Parents GET /mbtoday
[08/08/2026 12:25:28] Parents GET /temptoday
[08/08/2026 12:25:28] Parents GET /miele/token
[08/08/2026 12:25:28] Parents GET /miele/devices
[08/08/2026 12:30:00] Parents GET /mbtoday
[08/08/2026 12:30:00] Parents GET /temptoday
[08/08/2026 12:30:00] Parents POST /wash/list
[08/08/2026 12:30:00] Parents GET /miele/token
[08/08/2026 12:30:00] Parents GET /miele/devices
[08/08/2026 12:59:28] Parents POST /wash/list
[08/08/2026 12:59:28] Parents GET /mbtoday
[08/08/2026 12:59:28] Parents GET /temptoday
[08/08/2026 12:59:28] Parents GET /miele/token
[08/08/2026 12:59:28] Parents GET /miele/devices
[08/08/2026 13:04:00] Parents POST /wash/list
[08/08/2026 13:04:00] Parents GET /mbtoday
[08/08/2026 13:04:00] Parents GET /temptoday
[08/08/2026 13:04:00] Parents GET /miele/token
[08/08/2026 13:04:00] Parents GET /miele/devices
[08/08/2026 13:16:28] Parents POST /wash/list
[08/08/2026 13:16:28] Parents GET /mbtoday
[08/08/2026 13:16:28] Parents GET /temptoday
[08/08/2026 13:16:28] Parents GET /miele/token
[08/08/2026 13:16:28] Parents GET /miele/devices
[08/08/2026 13:21:00] Parents POST /wash/list
[08/08/2026 13:21:00] Parents GET /mbtoday
[08/08/2026 13:21:00] Parents GET /temptoday
[08/08/2026 13:21:00] Parents GET /miele/token
[08/08/2026 13:21:00] Parents GET /miele/devices
[08/08/2026 13:36:28] Parents GET /mbtoday
[08/08/2026 13:36:28] Parents GET /temptoday
[08/08/2026 13:36:28] Parents GET /miele/token
[08/08/2026 13:36:28] Parents POST /wash/list
[08/08/2026 13:36:28] Parents GET /miele/devices
[08/08/2026 13:41:00] Parents POST /wash/list
[08/08/2026 13:41:00] Parents GET /mbtoday
[08/08/2026 13:41:00] Parents GET /temptoday
[08/08/2026 13:41:00] Parents GET /miele/token
[08/08/2026 13:41:00] Parents GET /miele/devices
[08/08/2026 13:53:28] Parents GET /mbtoday
[08/08/2026 13:53:28] Parents GET /temptoday
[08/08/2026 13:53:28] Parents POST /wash/list
[08/08/2026 13:53:28] Parents GET /miele/token
[08/08/2026 13:53:28] Parents GET /miele/devices
[08/08/2026 13:58:00] Parents GET /miele/token
[08/08/2026 13:58:00] Parents POST /wash/list
[08/08/2026 13:58:00] Parents GET /mbtoday
[08/08/2026 13:58:00] Parents GET /temptoday
[08/08/2026 13:58:00] Parents GET /miele/devices
[08/08/2026 14:07:28] Parents POST /wash/list
[08/08/2026 14:07:28] Parents GET /mbtoday
[08/08/2026 14:07:28] Parents GET /temptoday
[08/08/2026 14:07:28] Parents GET /miele/token
[08/08/2026 14:07:28] Parents GET /miele/devices
[08/08/2026 14:12:00] Parents POST /wash/list
[08/08/2026 14:12:00] Parents GET /mbtoday
[08/08/2026 14:12:00] Parents GET /temptoday
[08/08/2026 14:12:00] Parents GET /miele/token
[08/08/2026 14:12:00] Parents GET /miele/devices
[08/08/2026 14:29:28] Parents GET /miele/token
[08/08/2026 14:29:28] Parents POST /wash/list
[08/08/2026 14:29:28] Parents GET /mbtoday
[08/08/2026 14:29:28] Parents GET /temptoday
[08/08/2026 14:29:28] Parents GET /miele/devices
[08/08/2026 14:34:00] Parents GET /temptoday
[08/08/2026 14:34:00] Parents GET /mbtoday
[08/08/2026 14:34:00] Parents POST /wash/list
[08/08/2026 14:34:00] Parents GET /miele/token
[08/08/2026 14:34:00] Parents GET /miele/devices
[08/08/2026 14:55:28] Parents POST /wash/list
[08/08/2026 14:55:28] Parents GET /mbtoday
[08/08/2026 14:55:28] Parents GET /temptoday
[08/08/2026 14:55:28] Parents GET /miele/token
[08/08/2026 14:55:28] Parents GET /miele/devices
[08/08/2026 15:00:00] Parents POST /wash/list
[08/08/2026 15:00:00] Parents GET /mbtoday
[08/08/2026 15:00:00] Parents GET /temptoday
[08/08/2026 15:00:00] Parents GET /miele/token
[08/08/2026 15:00:00] Parents GET /miele/devices
[08/08/2026 15:07:28] Parents POST /wash/list
[08/08/2026 15:07:28] Parents GET /mbtoday
[08/08/2026 15:07:28] Parents GET /temptoday
[08/08/2026 15:07:28] Parents GET /miele/token
[08/08/2026 15:07:28] Parents GET /miele/devices
[08/08/2026 15:12:00] Parents POST /wash/list
[08/08/2026 15:12:00] Parents GET /mbtoday
[08/08/2026 15:12:00] Parents GET /temptoday
[08/08/2026 15:12:00] Parents GET /miele/token
[08/08/2026 15:12:00] Parents GET /miele/devices
[08/08/2026 15:22:28] Parents POST /wash/list
[08/08/2026 15:22:28] Parents GET /mbtoday
[08/08/2026 15:22:28] Parents GET /temptoday
[08/08/2026 15:22:28] Parents GET /miele/token
[08/08/2026 15:22:28] Parents GET /miele/devices
[08/08/2026 15:27:00] Parents GET /miele/token
[08/08/2026 15:27:00] Parents POST /wash/list
[08/08/2026 15:27:00] Parents GET /mbtoday
[08/08/2026 15:27:00] Parents GET /temptoday
[08/08/2026 15:27:00] Parents GET /miele/devices
[08/08/2026 15:40:28] Parents POST /wash/list
[08/08/2026 15:40:28] Parents GET /mbtoday
[08/08/2026 15:40:28] Parents GET /temptoday
[08/08/2026 15:40:28] Parents GET /miele/token
[08/08/2026 15:40:28] Parents GET /miele/devices
[08/08/2026 15:45:00] Parents GET /mbtoday
[08/08/2026 15:45:00] Parents GET /temptoday
[08/08/2026 15:45:00] Parents POST /wash/list
[08/08/2026 15:45:00] Parents GET /miele/token
[08/08/2026 15:45:00] Parents GET /miele/devices
[08/08/2026 16:13:28] Parents POST /wash/list
[08/08/2026 16:13:28] Parents GET /mbtoday
[08/08/2026 16:13:28] Parents GET /temptoday
[08/08/2026 16:13:28] Parents GET /miele/token
[08/08/2026 16:13:29] Parents GET /miele/devices
[08/08/2026 16:18:00] Parents POST /wash/list
[08/08/2026 16:18:00] Parents GET /mbtoday
[08/08/2026 16:18:00] Parents GET /temptoday
[08/08/2026 16:18:00] Parents GET /miele/token
[08/08/2026 16:18:00] Parents GET /miele/devices
[08/08/2026 16:37:28] Parents GET /temptoday
[08/08/2026 16:37:28] Parents GET /mbtoday
[08/08/2026 16:37:28] Parents POST /wash/list
[08/08/2026 16:37:28] Parents GET /miele/token
[08/08/2026 16:37:29] Parents GET /miele/devices
[08/08/2026 16:42:00] Parents POST /wash/list
[08/08/2026 16:42:00] Parents GET /mbtoday
[08/08/2026 16:42:00] Parents GET /temptoday
[08/08/2026 16:42:00] Parents GET /miele/token
[08/08/2026 16:42:00] Parents GET /miele/devices
[08/08/2026 16:55:28] Parents POST /wash/list
[08/08/2026 16:55:28] Parents GET /mbtoday
[08/08/2026 16:55:28] Parents GET /temptoday
[08/08/2026 16:55:29] Parents GET /miele/token
[08/08/2026 16:55:29] Parents GET /miele/devices
[08/08/2026 17:00:01] Parents POST /wash/list
[08/08/2026 17:00:01] Parents GET /mbtoday
[08/08/2026 17:00:01] Parents GET /temptoday
[08/08/2026 17:00:01] Parents GET /miele/token
[08/08/2026 17:00:01] Parents GET /miele/devices
[08/08/2026 17:07:28] Parents POST /wash/list
[08/08/2026 17:07:28] Parents GET /mbtoday
[08/08/2026 17:07:28] Parents GET /temptoday
[08/08/2026 17:07:28] Parents GET /miele/token
[08/08/2026 17:07:28] Parents GET /miele/devices
[08/08/2026 17:12:00] Parents POST /wash/list
[08/08/2026 17:12:00] Parents GET /mbtoday
[08/08/2026 17:12:00] Parents GET /temptoday
[08/08/2026 17:12:00] Parents GET /miele/token
[08/08/2026 17:12:00] Parents GET /miele/devices
[08/08/2026 17:21:28] Parents POST /wash/list
[08/08/2026 17:21:28] Parents GET /mbtoday
[08/08/2026 17:21:28] Parents GET /temptoday
[08/08/2026 17:21:28] Parents GET /miele/token
[08/08/2026 17:21:28] Parents GET /miele/devices
[08/08/2026 17:26:00] Parents POST /wash/list
[08/08/2026 17:26:00] Parents GET /mbtoday
[08/08/2026 17:26:00] Parents GET /temptoday
[08/08/2026 17:26:00] Parents GET /miele/token
[08/08/2026 17:26:00] Parents GET /miele/devices
[08/08/2026 17:49:28] Parents POST /wash/list
[08/08/2026 17:49:28] Parents GET /mbtoday
[08/08/2026 17:49:28] Parents GET /temptoday
[08/08/2026 17:49:28] Parents GET /miele/token
[08/08/2026 17:49:28] Parents GET /miele/devices
[08/08/2026 17:54:00] Parents POST /wash/list
[08/08/2026 17:54:00] Parents GET /mbtoday
[08/08/2026 17:54:00] Parents GET /temptoday
[08/08/2026 17:54:00] Parents GET /miele/token
[08/08/2026 17:54:00] Parents GET /miele/devices
[08/08/2026 18:02:28] Parents GET /miele/token
[08/08/2026 18:02:28] Parents POST /wash/list
[08/08/2026 18:02:28] Parents GET /mbtoday
[08/08/2026 18:02:28] Parents GET /temptoday
[08/08/2026 18:02:28] Parents GET /miele/devices
[08/08/2026 18:07:00] Parents POST /wash/list
[08/08/2026 18:07:00] Parents GET /mbtoday
[08/08/2026 18:07:00] Parents GET /temptoday
[08/08/2026 18:07:00] Parents GET /miele/token
[08/08/2026 18:07:00] Parents GET /miele/devices
[08/08/2026 18:17:28] Parents GET /temptoday
[08/08/2026 18:17:28] Parents GET /mbtoday
[08/08/2026 18:17:28] Parents POST /wash/list
[08/08/2026 18:17:28] Parents GET /miele/token
[08/08/2026 18:17:29] Parents GET /miele/devices
[08/08/2026 18:22:00] Parents GET /miele/token
[08/08/2026 18:22:00] Parents POST /wash/list
[08/08/2026 18:22:00] Parents GET /mbtoday
[08/08/2026 18:22:00] Parents GET /temptoday
[08/08/2026 18:22:00] Parents GET /miele/devices
[08/08/2026 18:35:28] Parents POST /wash/list
[08/08/2026 18:35:28] Parents GET /mbtoday
[08/08/2026 18:35:29] Parents GET /temptoday
[08/08/2026 18:35:29] Parents GET /miele/token
[08/08/2026 18:35:29] Parents GET /miele/devices
[08/08/2026 18:40:00] Parents POST /wash/list
[08/08/2026 18:40:00] Parents GET /mbtoday
[08/08/2026 18:40:00] Parents GET /temptoday
[08/08/2026 18:40:00] Parents GET /miele/token
[08/08/2026 18:40:00] Parents GET /miele/devices
[08/08/2026 18:43:25] Parents GET /temptoday
[08/08/2026 18:43:25] Parents GET /clim/status
[08/08/2026 18:43:35] Parents GET /clim/status
[08/08/2026 18:43:40] Parents PUT /clim/set
[08/08/2026 18:43:45] Parents GET /clim/status
[08/08/2026 18:43:47] Parents GET /clim/status
[08/08/2026 18:43:55] Parents GET /clim/status
[08/08/2026 18:44:05] Parents GET /clim/status
[08/08/2026 18:44:16] Parents GET /clim/status
[08/08/2026 18:44:25] Parents GET /clim/status
[08/08/2026 18:44:35] Parents GET /clim/status
[08/08/2026 18:44:45] Parents GET /clim/status
[08/08/2026 18:44:55] Parents GET /clim/status
[08/08/2026 18:45:05] Parents GET /clim/status
[08/08/2026 18:45:28] Parents POST /wash/list
[08/08/2026 18:45:28] Parents GET /mbtoday
[08/08/2026 18:45:28] Parents GET /temptoday
[08/08/2026 18:45:28] Parents GET /miele/token
[08/08/2026 18:45:28] Parents GET /miele/devices
[08/08/2026 18:50:00] Parents POST /wash/list
[08/08/2026 18:50:00] Parents GET /mbtoday
[08/08/2026 18:50:00] Parents GET /temptoday
[08/08/2026 18:50:00] Parents GET /miele/token
[08/08/2026 18:50:00] Parents GET /miele/devices
[08/08/2026 19:04:28] Parents POST /wash/list
[08/08/2026 19:04:28] Parents GET /mbtoday
[08/08/2026 19:04:28] Parents GET /temptoday
[08/08/2026 19:04:28] Parents GET /miele/token
[08/08/2026 19:04:28] Parents GET /miele/devices
[08/08/2026 19:09:00] Parents POST /wash/list
[08/08/2026 19:09:00] Parents GET /mbtoday
[08/08/2026 19:09:00] Parents GET /temptoday
[08/08/2026 19:09:00] Parents GET /miele/token
[08/08/2026 19:09:00] Parents GET /miele/devices
[08/08/2026 19:16:28] Parents POST /wash/list
[08/08/2026 19:16:28] Parents GET /mbtoday
[08/08/2026 19:16:28] Parents GET /temptoday
[08/08/2026 19:16:28] Parents GET /miele/token
[08/08/2026 19:16:28] Parents GET /miele/devices
[08/08/2026 19:21:00] Parents POST /wash/list
[08/08/2026 19:21:00] Parents GET /mbtoday
[08/08/2026 19:21:00] Parents GET /temptoday
[08/08/2026 19:21:00] Parents GET /miele/token
[08/08/2026 19:21:00] Parents GET /miele/devices
[08/08/2026 19:33:02] Parents POST /wash/list
[08/08/2026 19:33:02] Parents GET /mbtoday
[08/08/2026 19:33:02] Parents GET /temptoday
[08/08/2026 19:33:02] Parents GET /miele/token
[08/08/2026 19:33:03] Parents GET /miele/devices
[08/08/2026 19:39:31] Parents GET /mbtoday
[08/08/2026 19:39:31] Parents GET /temptoday
[08/08/2026 19:39:31] Parents POST /wash/list
[08/08/2026 19:39:31] Parents GET /miele/token
[08/08/2026 19:39:32] Parents GET /miele/devices
[08/08/2026 19:44:01] Parents POST /wash/list
[08/08/2026 19:44:01] Parents GET /mbtoday
[08/08/2026 19:44:01] Parents GET /temptoday
[08/08/2026 19:44:01] Parents GET /miele/token
[08/08/2026 19:44:01] Parents GET /miele/devices
[08/08/2026 19:52:28] Parents POST /wash/list
[08/08/2026 19:52:28] Parents GET /mbtoday
[08/08/2026 19:52:28] Parents GET /temptoday
[08/08/2026 19:52:28] Parents GET /miele/token
[08/08/2026 19:52:28] Parents GET /miele/devices
[08/08/2026 19:57:00] Parents POST /wash/list
[08/08/2026 19:57:00] Parents GET /mbtoday
[08/08/2026 19:57:00] Parents GET /temptoday
[08/08/2026 19:57:00] Parents GET /miele/token
[08/08/2026 19:57:00] Parents GET /miele/devices
[08/08/2026 19:57:32] Parents GET /clim/status
[08/08/2026 19:57:32] Parents GET /temptoday
[08/08/2026 19:57:43] Parents GET /clim/status
[08/08/2026 19:57:53] Parents GET /clim/status
[08/08/2026 19:58:03] Parents GET /clim/status
[08/08/2026 19:58:13] Parents GET /clim/status
[08/08/2026 19:58:23] Parents GET /clim/status
[08/08/2026 19:58:33] Parents GET /clim/status
[08/08/2026 19:58:43] Parents GET /clim/status
[08/08/2026 19:59:27] Parents GET /clim/status
[08/08/2026 20:00:27] Parents GET /clim/status
[08/08/2026 20:01:27] Parents GET /clim/status
[08/08/2026 20:02:27] Parents GET /clim/status
[08/08/2026 20:03:27] Parents GET /clim/status
[08/08/2026 20:04:26] Parents GET /temptoday
[08/08/2026 20:04:26] Parents GET /clim/status
[08/08/2026 20:04:36] Parents GET /clim/status
[08/08/2026 20:04:46] Parents GET /clim/status
[08/08/2026 20:04:56] Parents GET /clim/status
[08/08/2026 20:05:06] Parents GET /clim/status
[08/08/2026 20:05:16] Parents GET /clim/status
[08/08/2026 20:05:26] Parents GET /clim/status
[08/08/2026 20:05:36] Parents GET /clim/status
[08/08/2026 20:05:46] Parents GET /clim/status
[08/08/2026 20:05:56] Parents GET /clim/status
[08/08/2026 20:06:06] Parents GET /clim/status
[08/08/2026 20:06:16] Parents GET /clim/status
[08/08/2026 20:06:26] Parents GET /clim/status
[08/08/2026 20:06:36] Parents GET /clim/status
[08/08/2026 20:06:47] Parents GET /clim/status
[08/08/2026 20:06:57] Parents GET /clim/status
[08/08/2026 20:07:07] Parents GET /clim/status
[08/08/2026 20:07:17] Parents GET /clim/status
[08/08/2026 20:07:27] Parents GET /clim/status
[08/08/2026 20:07:37] Parents GET /clim/status
[08/08/2026 20:08:27] Parents GET /clim/status
[08/08/2026 20:09:27] Parents GET /clim/status
[08/08/2026 20:09:28] Parents GET /temptoday
[08/08/2026 20:09:28] Parents GET /clim/status
[08/08/2026 20:09:39] Parents GET /clim/status
[08/08/2026 20:09:49] Parents GET /clim/status
[08/08/2026 20:09:59] Parents GET /clim/status
[08/08/2026 20:10:09] Parents GET /clim/status
[08/08/2026 20:10:19] Parents GET /clim/status
[08/08/2026 20:10:29] Parents GET /clim/status
[08/08/2026 20:10:39] Parents GET /clim/status
[08/08/2026 20:10:51] Parents GET /clim/status
[08/08/2026 20:10:59] Parents GET /clim/status
[08/08/2026 20:11:09] Parents GET /clim/status
[08/08/2026 20:11:19] Parents GET /clim/status
[08/08/2026 20:11:29] Parents GET /clim/status
[08/08/2026 20:11:39] Parents GET /clim/status
[08/08/2026 20:11:49] Parents GET /clim/status
[08/08/2026 20:11:59] Parents GET /clim/status
[08/08/2026 20:12:09] Parents GET /clim/status
[08/08/2026 20:12:19] Parents GET /clim/status
[08/08/2026 20:12:29] Parents GET /clim/status
[08/08/2026 20:12:39] Parents GET /clim/status
[08/08/2026 20:12:49] Parents GET /clim/status
[08/08/2026 20:12:59] Parents GET /clim/status
[08/08/2026 20:13:09] Parents GET /clim/status
[08/08/2026 20:13:19] Parents GET /clim/status
[08/08/2026 20:13:29] Parents GET /clim/status
[08/08/2026 20:13:39] Parents GET /clim/status
[08/08/2026 20:13:49] Parents GET /clim/status
[08/08/2026 20:13:59] Parents GET /clim/status
[08/08/2026 20:14:09] Parents GET /clim/status
[08/08/2026 20:14:19] Parents GET /clim/status
[08/08/2026 20:14:29] Parents GET /clim/status
[08/08/2026 20:14:39] Parents GET /clim/status
[08/08/2026 20:15:27] Parents GET /clim/status
[08/08/2026 20:16:27] Parents GET /clim/status
[08/08/2026 20:17:27] Parents GET /clim/status
[08/08/2026 20:18:27] Parents GET /clim/status
[08/08/2026 20:19:27] Parents GET /clim/status
[08/08/2026 20:20:27] Parents GET /clim/status
[08/08/2026 20:21:27] Parents GET /clim/status
[08/08/2026 20:22:27] Parents GET /clim/status
[08/08/2026 20:23:27] Parents GET /clim/status
[08/08/2026 20:24:27] Parents GET /clim/status
[08/08/2026 20:25:27] Parents GET /clim/status
[08/08/2026 20:26:27] Parents GET /clim/status
[08/08/2026 20:27:27] Parents GET /clim/status
[08/08/2026 20:28:27] Parents GET /clim/status
[08/08/2026 20:29:27] Parents GET /clim/status
[08/08/2026 20:30:27] Parents GET /clim/status
[08/08/2026 20:30:29] Parents GET /temptoday
[08/08/2026 20:30:29] Parents GET /clim/status
[08/08/2026 20:30:39] Parents GET /clim/status
[08/08/2026 20:30:49] Parents GET /clim/status
[08/08/2026 20:30:59] Parents GET /clim/status
[08/08/2026 20:31:09] Parents GET /clim/status
[08/08/2026 20:31:19] Parents GET /clim/status
[08/08/2026 20:31:29] Parents GET /clim/status
[08/08/2026 20:31:39] Parents GET /clim/status
[08/08/2026 20:32:27] Parents GET /clim/status
[08/08/2026 20:33:27] Parents GET /clim/status
[08/08/2026 20:34:27] Parents GET /clim/status
[08/08/2026 20:35:27] Parents GET /clim/status
[08/08/2026 20:36:27] Parents GET /clim/status
[08/08/2026 20:37:27] Parents GET /clim/status
[08/08/2026 20:38:27] Parents GET /clim/status
[08/08/2026 20:39:27] Parents GET /clim/status
[08/08/2026 20:39:28] Parents GET /temptoday
[08/08/2026 20:39:28] Parents GET /clim/status
[08/08/2026 20:39:39] Parents GET /clim/status
[08/08/2026 20:39:49] Parents GET /clim/status
[08/08/2026 20:39:59] Parents GET /clim/status
[08/08/2026 20:40:09] Parents GET /clim/status
[08/08/2026 20:40:19] Parents GET /clim/status
[08/08/2026 20:40:29] Parents GET /clim/status
[08/08/2026 20:40:39] Parents GET /clim/status
[08/08/2026 20:41:27] Parents GET /clim/status
[08/08/2026 20:42:27] Parents GET /clim/status
[08/08/2026 20:43:27] Parents GET /clim/status
[08/08/2026 20:44:27] Parents GET /clim/status
[08/08/2026 20:45:27] Parents GET /clim/status
[08/08/2026 20:46:27] Parents GET /clim/status
[08/08/2026 20:47:27] Parents GET /clim/status
[08/08/2026 20:48:27] Parents GET /clim/status
[08/08/2026 20:49:27] Parents GET /clim/status
[08/08/2026 20:50:27] Parents GET /clim/status
[08/08/2026 20:51:27] Parents GET /clim/status
[08/08/2026 20:52:27] Parents GET /clim/status
[08/08/2026 20:53:27] Parents GET /clim/status
[08/08/2026 20:54:27] Parents GET /clim/status
[08/08/2026 20:55:27] Parents GET /clim/status
[08/08/2026 20:56:27] Parents GET /clim/status
[08/08/2026 20:57:27] Parents GET /clim/status
[08/08/2026 20:57:29] Parents GET /temptoday
[08/08/2026 20:57:29] Parents GET /clim/status
[08/08/2026 20:57:39] Parents GET /clim/status
[08/08/2026 20:57:49] Parents GET /clim/status
[08/08/2026 20:57:59] Parents GET /clim/status
[08/08/2026 20:58:09] Parents GET /clim/status
[08/08/2026 20:58:19] Parents GET /clim/status
[08/08/2026 20:58:29] Parents GET /clim/status
[08/08/2026 20:58:39] Parents GET /clim/status
[08/08/2026 20:59:27] Parents GET /clim/status
[08/08/2026 21:00:27] Parents GET /clim/status
[08/08/2026 21:01:15] Parents GET /clim/status
[08/08/2026 21:01:19] Parents GET /temptoday
[08/08/2026 21:01:19] Parents GET /mbtoday
[08/08/2026 21:01:19] Parents POST /wash/list
[08/08/2026 21:01:19] Parents GET /miele/token
[08/08/2026 21:01:19] Parents GET /miele/devices
[08/08/2026 21:01:23] Parents GET /miele/devices/:deviceId
[08/08/2026 21:01:23] Parents GET /miele/devices/:deviceId/programs
[08/08/2026 21:13:51] Parents POST /wash/list
[08/08/2026 21:13:51] Parents GET /mbtoday
[08/08/2026 21:13:51] Parents GET /temptoday
[08/08/2026 21:13:51] Parents GET /miele/token
[08/08/2026 21:15:16] Parents GET /temptoday
[08/08/2026 21:15:16] Parents GET /mbtoday
[08/08/2026 21:15:16] Parents POST /wash/list
[08/08/2026 21:15:16] Parents GET /miele/token
[08/08/2026 21:15:27] Parents GET /temptoday
[08/08/2026 21:15:27] Parents GET /mbtoday
[08/08/2026 21:15:27] Parents POST /wash/list
[08/08/2026 21:15:27] Parents GET /miele/token
[08/08/2026 21:15:33] Parents GET /temptoday
[08/08/2026 21:15:33] Parents GET /mbtoday
[08/08/2026 21:15:33] Parents POST /wash/list
[08/08/2026 21:15:33] Parents GET /miele/token
[08/08/2026 21:16:49] Parents GET /miele/token
[08/08/2026 21:16:49] Parents POST /wash/list
[08/08/2026 21:16:49] Parents GET /mbtoday
[08/08/2026 21:16:49] Parents GET /temptoday
[08/08/2026 21:21:20] Parents GET /temptoday
[08/08/2026 21:21:20] Parents GET /mbtoday
[08/08/2026 21:21:20] Parents POST /wash/list
[08/08/2026 21:21:20] Parents GET /miele/token
[08/08/2026 21:27:28] Parents POST /wash/list
[08/08/2026 21:27:28] Parents GET /mbtoday
[08/08/2026 21:27:28] Parents GET /temptoday
[08/08/2026 21:27:28] Parents GET /miele/token
[08/08/2026 21:32:00] Parents GET /miele/token
[08/08/2026 21:32:00] Parents POST /wash/list
[08/08/2026 21:32:00] Parents GET /mbtoday
[08/08/2026 21:32:00] Parents GET /temptoday
[08/08/2026 21:40:28] Parents POST /wash/list
[08/08/2026 21:40:28] Parents GET /mbtoday
[08/08/2026 21:40:28] Parents GET /temptoday
[08/08/2026 21:40:28] Parents GET /miele/token
[08/08/2026 21:42:51] Parents GET /temptoday
[08/08/2026 21:42:51] Parents GET /clim/status
[08/08/2026 21:42:51] Parents GET /temptoday
[08/08/2026 21:42:51] Parents GET /mbtoday
[08/08/2026 21:42:51] Parents POST /wash/list
[08/08/2026 21:42:51] Parents GET /miele/token
[08/08/2026 21:42:52] Parents GET /temptoday
[08/08/2026 21:42:52] Parents GET /temptoday
[08/08/2026 21:42:52] Parents GET /mbtoday
[08/08/2026 21:42:52] Parents POST /wash/list
[08/08/2026 21:42:52] Parents GET /miele/token
[08/08/2026 21:42:53] Parents GET /temptoday
[08/08/2026 21:42:53] Parents GET /temptoday
[08/08/2026 21:42:53] Parents GET /mbtoday
[08/08/2026 21:42:53] Parents POST /wash/list
[08/08/2026 21:42:53] Parents GET /miele/token
[08/08/2026 21:42:53] Parents GET /clim/status
[08/08/2026 21:42:55] Parents GET /miele/connect
[08/08/2026 21:43:16] Parents POST /wash/list
[08/08/2026 21:43:21] Parents GET /temptoday
[08/08/2026 21:43:21] Parents GET /mbtoday
[08/08/2026 21:43:21] Parents POST /wash/list
[08/08/2026 21:43:21] Parents GET /miele/token
[08/08/2026 21:43:22] Parents GET /miele/connect
[08/08/2026 21:44:19] Parents POST /wash/list
[08/08/2026 21:44:39] Parents GET /miele/connect
[08/08/2026 21:44:53] Parents POST /wash/list
[08/08/2026 21:44:59] Parents GET /miele/connect
[08/08/2026 21:45:17] Parents POST /wash/list
[08/08/2026 21:47:19] POST /login
[08/08/2026 21:47:19] Parents GET /temptoday
[08/08/2026 21:47:19] Parents GET /clim/status
[08/08/2026 21:47:24] Parents GET /temptoday
[08/08/2026 21:47:24] Parents GET /mbtoday
[08/08/2026 21:47:24] Parents POST /wash/list
[08/08/2026 21:47:24] Parents GET /miele/token
[08/08/2026 21:47:25] Parents GET /miele/connect
[08/08/2026 21:49:41] Parents GET /temptoday
[08/08/2026 21:49:41] Parents GET /mbtoday
[08/08/2026 21:49:41] Parents POST /wash/list
[08/08/2026 21:49:41] Parents GET /miele/token
[08/08/2026 21:49:48] Parents GET /miele/connect
[08/08/2026 21:50:27] Parents GET /temptoday
[08/08/2026 21:50:27] Parents GET /mbtoday
[08/08/2026 21:50:27] Parents POST /wash/list
[08/08/2026 21:50:27] Parents GET /miele/token
[08/08/2026 21:50:27] Parents GET /temptoday
[08/08/2026 21:50:27] Parents GET /mbtoday
[08/08/2026 21:50:27] Parents POST /wash/list
[08/08/2026 21:50:27] Parents GET /miele/token
[08/08/2026 21:50:28] Parents GET /miele/connect
[08/08/2026 21:53:28] Parents GET /miele/token
[08/08/2026 21:53:28] Parents POST /wash/list
[08/08/2026 21:53:28] Parents GET /mbtoday
[08/08/2026 21:53:28] Parents GET /temptoday
[08/08/2026 21:53:32] Parents GET /temptoday
[08/08/2026 21:53:32] Parents GET /clim/status
[08/08/2026 21:53:34] Parents GET /temptoday
[08/08/2026 21:53:34] Parents GET /mbtoday
[08/08/2026 21:53:34] Parents POST /wash/list
[08/08/2026 21:53:34] Parents GET /miele/token
[08/08/2026 21:53:44] Parents GET /temptoday
[08/08/2026 21:53:44] Parents GET /clim/status
[08/08/2026 21:53:52] Parents GET /temptoday
[08/08/2026 21:53:52] Parents GET /mbtoday
[08/08/2026 21:53:52] Parents POST /wash/list
[08/08/2026 21:53:52] Parents GET /miele/token
[08/08/2026 21:53:53] Parents GET /miele/connect
[08/08/2026 21:53:55] Parents GET /temptoday
[08/08/2026 21:53:55] Parents GET /mbtoday
[08/08/2026 21:53:55] Parents POST /wash/list
[08/08/2026 21:53:55] Parents GET /miele/token
[08/08/2026 21:54:37] Parents GET /miele/token
[08/08/2026 21:54:37] Parents POST /wash/list
[08/08/2026 21:54:37] Parents GET /mbtoday
[08/08/2026 21:54:37] Parents GET /temptoday
[08/08/2026 21:54:53] Parents GET /temptoday
[08/08/2026 21:54:53] Parents GET /mbtoday
[08/08/2026 21:54:53] Parents POST /wash/list
[08/08/2026 21:54:53] Parents GET /miele/token
[08/08/2026 21:54:57] Parents GET /miele/connect
[08/08/2026 21:55:50] Parents POST /wash/list
[08/08/2026 21:56:09] Parents GET /temptoday
[08/08/2026 21:56:09] Parents GET /mbtoday
[08/08/2026 21:56:09] Parents POST /wash/list
[08/08/2026 21:56:09] Parents GET /miele/token
[08/08/2026 21:56:10] Parents GET /miele/connect
[08/08/2026 21:56:40] Parents POST /wash/list
[08/08/2026 21:56:42] Parents GET /temptoday
[08/08/2026 21:56:42] Parents GET /mbtoday
[08/08/2026 21:56:42] Parents POST /wash/list
[08/08/2026 21:56:42] Parents GET /miele/token
[08/08/2026 21:56:42] Parents GET /miele/connect
[08/08/2026 22:01:26] POST /login
[08/08/2026 22:01:26] Parents GET /temptoday
[08/08/2026 22:01:26] Parents GET /clim/status
[08/08/2026 22:01:37] Parents GET /clim/status
[08/08/2026 22:01:47] Parents GET /clim/status
[08/08/2026 22:01:57] Parents GET /clim/status
[08/08/2026 22:02:07] Parents GET /clim/status
[08/08/2026 22:02:13] Parents GET /temptoday
[08/08/2026 22:02:13] Parents GET /mbtoday
[08/08/2026 22:02:13] Parents GET /miele/token
[08/08/2026 22:02:13] Parents POST /wash/list
[08/08/2026 22:02:19] Parents POST /wash/list
[08/08/2026 22:02:20] Parents GET /temptoday
[08/08/2026 22:02:20] Parents GET /mbtoday
[08/08/2026 22:02:20] Parents POST /wash/list
[08/08/2026 22:02:20] Parents GET /miele/token
[08/08/2026 22:02:27] POST /login
[08/08/2026 22:02:27] Parents GET /temptoday
[08/08/2026 22:02:27] Parents GET /clim/status
[08/08/2026 22:02:33] Parents POST /wash/list
[08/08/2026 22:02:33] Parents GET /mbtoday
[08/08/2026 22:02:33] Parents GET /temptoday
[08/08/2026 22:02:34] Parents GET /miele/token
[08/08/2026 22:02:35] Parents GET /miele/connect
[08/08/2026 22:02:42] Parents POST /wash/list
[08/08/2026 22:07:12] Parents POST /wash/list
[08/08/2026 22:07:12] Parents GET /mbtoday
[08/08/2026 22:07:12] Parents GET /temptoday
[08/08/2026 22:07:12] Parents GET /miele/token
[08/08/2026 22:10:40] Parents GET /temptoday
[08/08/2026 22:10:40] Parents GET /mbtoday
[08/08/2026 22:10:40] Parents POST /wash/list
[08/08/2026 22:10:40] Parents GET /miele/token
[08/08/2026 22:12:16] Parents GET /temptoday
[08/08/2026 22:12:16] Parents GET /mbtoday
[08/08/2026 22:12:16] Parents POST /wash/list
[08/08/2026 22:12:16] Parents GET /miele/token
[08/08/2026 22:12:19] Parents GET /temptoday
[08/08/2026 22:12:19] Parents GET /mbtoday
[08/08/2026 22:12:19] Parents POST /wash/list
[08/08/2026 22:12:19] Parents GET /miele/token
[08/08/2026 22:12:19] Parents GET /miele/connect
[08/08/2026 22:17:27] GET /miele/callback
[08/08/2026 22:17:27] Parents GET /temptoday
[08/08/2026 22:17:27] Parents GET /mbtoday
[08/08/2026 22:17:27] Parents POST /wash/list
[08/08/2026 22:17:27] Parents GET /miele/token
[08/08/2026 22:17:28] Parents GET /miele/devices
[08/08/2026 22:17:30] Parents GET /miele/devices/:deviceId/programs
[08/08/2026 22:17:30] Parents GET /miele/devices/:deviceId
[08/08/2026 22:17:41] Parents PUT /miele/devices/:deviceId/programs
[08/08/2026 22:17:41] Parents GET /miele/devices/:deviceId
[08/08/2026 22:17:41] Parents GET /miele/devices/:deviceId/programs
[08/08/2026 22:18:01] Parents GET /miele/devices/:deviceId/programs
[08/08/2026 22:18:01] Parents GET /miele/devices/:deviceId
[08/08/2026 22:19:31] Parents GET /miele/devices/:deviceId
[08/08/2026 22:19:31] Parents GET /miele/devices/:deviceId/programs
[08/08/2026 22:20:01] Parents GET /miele/devices/:deviceId/programs
[08/08/2026 22:20:01] Parents GET /miele/devices/:deviceId
[08/08/2026 22:20:10] Parents GET /temptoday
[08/08/2026 22:20:10] Parents GET /mbtoday
[08/08/2026 22:20:10] Parents POST /wash/list
[08/08/2026 22:20:10] Parents GET /miele/token
[08/08/2026 22:20:12] Parents GET /temptoday
[08/08/2026 22:20:12] Parents GET /mbtoday
[08/08/2026 22:20:12] Parents POST /wash/list
[08/08/2026 22:20:12] Parents GET /miele/token
[08/08/2026 22:20:13] Parents GET /miele/connect
[08/08/2026 22:20:17] GET /miele/callback
[08/08/2026 22:20:17] Parents GET /temptoday
[08/08/2026 22:20:17] Parents GET /mbtoday
[08/08/2026 22:20:17] Parents POST /wash/list
[08/08/2026 22:20:17] Parents GET /miele/token
[08/08/2026 22:20:17] Parents GET /miele/devices
[08/08/2026 22:20:20] Parents GET /miele/devices/:deviceId
[08/08/2026 22:20:20] Parents GET /miele/devices/:deviceId/programs
[08/08/2026 22:20:51] Parents GET /miele/devices/:deviceId/programs
[08/08/2026 22:20:51] Parents GET /miele/devices/:deviceId
[08/08/2026 22:21:21] Parents GET /miele/devices/:deviceId
[08/08/2026 22:21:21] Parents GET /miele/devices/:deviceId/programs
[08/08/2026 22:21:51] Parents GET /miele/devices/:deviceId/programs
[08/08/2026 22:21:51] Parents GET /miele/devices/:deviceId
[08/08/2026 22:22:21] Parents GET /miele/devices/:deviceId
[08/08/2026 22:22:21] Parents GET /miele/devices/:deviceId/programs
[08/08/2026 22:22:51] Parents GET /miele/devices/:deviceId/programs
[08/08/2026 22:22:51] Parents GET /miele/devices/:deviceId
[08/08/2026 22:23:09] Parents PUT /miele/devices/:deviceId/programs
[08/08/2026 22:23:09] Parents GET /miele/devices/:deviceId
[08/08/2026 22:23:09] Parents GET /miele/devices/:deviceId/programs
[08/08/2026 22:23:21] Parents GET /miele/devices/:deviceId
[08/08/2026 22:23:21] Parents GET /miele/devices/:deviceId/programs
[08/08/2026 22:23:51] Parents GET /miele/devices/:deviceId/programs
[08/08/2026 22:23:51] Parents GET /miele/devices/:deviceId
[08/08/2026 22:24:10] Parents PUT /miele/devices/:deviceId/programs
[08/08/2026 22:24:10] Parents GET /miele/devices/:deviceId
[08/08/2026 22:24:10] Parents GET /miele/devices/:deviceId/programs
[08/08/2026 22:24:21] Parents GET /miele/devices/:deviceId
[08/08/2026 22:24:21] Parents GET /miele/devices/:deviceId/programs
[08/08/2026 22:24:51] Parents GET /miele/devices/:deviceId/programs
[08/08/2026 22:24:51] Parents GET /miele/devices/:deviceId
[08/08/2026 22:25:27] Parents GET /miele/devices/:deviceId/programs
[08/08/2026 22:25:27] Parents GET /miele/devices/:deviceId
[08/08/2026 22:26:27] Parents GET /miele/devices/:deviceId/programs
[08/08/2026 22:26:27] Parents GET /miele/devices/:deviceId
[08/08/2026 22:27:27] Parents GET /miele/devices/:deviceId/programs
[08/08/2026 22:27:27] Parents GET /miele/devices/:deviceId
[08/08/2026 22:28:27] Parents GET /miele/devices/:deviceId/programs
[08/08/2026 22:28:27] Parents GET /miele/devices/:deviceId
[08/08/2026 22:29:27] Parents GET /miele/devices/:deviceId/programs
[08/08/2026 22:29:27] Parents GET /miele/devices/:deviceId
[08/08/2026 22:30:27] Parents GET /miele/devices/:deviceId/programs
[08/08/2026 22:30:27] Parents GET /miele/devices/:deviceId
[08/08/2026 22:30:28] Parents GET /temptoday
[08/08/2026 22:30:28] Parents GET /mbtoday
[08/08/2026 22:30:28] Parents POST /wash/list
[08/08/2026 22:30:28] Parents GET /miele/token
[08/08/2026 22:30:28] Parents GET /miele/devices
[08/08/2026 22:34:58] Parents POST /wash/list
[08/08/2026 22:34:58] Parents GET /mbtoday
[08/08/2026 22:34:58] Parents GET /temptoday
[08/08/2026 22:34:58] Parents GET /miele/token
[08/08/2026 22:34:58] Parents GET /miele/devices
[08/08/2026 22:40:27] Parents POST /wash/list
[08/08/2026 22:40:27] Parents GET /mbtoday
[08/08/2026 22:40:27] Parents GET /temptoday
[08/08/2026 22:40:27] Parents GET /miele/token
[08/08/2026 22:40:27] Parents GET /miele/devices
[08/08/2026 22:40:47] Parents GET /temptoday
[08/08/2026 22:40:47] Parents GET /clim/status
[08/08/2026 22:40:57] Parents GET /clim/status
[08/08/2026 22:41:07] Parents GET /clim/status
[08/08/2026 22:41:17] Parents GET /clim/status
[08/08/2026 22:41:24] Parents GET /temptoday
[08/08/2026 22:41:24] Parents GET /clim/status
[08/08/2026 22:41:29] Parents GET /temptoday
[08/08/2026 22:41:29] Parents POST /wash/list
[08/08/2026 22:41:29] Parents GET /mbtoday
[08/08/2026 22:41:29] Parents GET /miele/token
[08/08/2026 22:41:29] Parents GET /miele/devices
[08/08/2026 22:41:32] Parents GET /miele/devices/:deviceId
[08/08/2026 22:41:32] Parents GET /miele/devices/:deviceId/programs
[08/08/2026 22:42:18] Parents GET /miele/devices/:deviceId/programs
[08/08/2026 22:42:18] Parents GET /miele/devices/:deviceId
[08/08/2026 22:42:56] Parents GET /temptoday
[08/08/2026 22:42:56] Parents POST /wash/list
[08/08/2026 22:42:56] Parents GET /mbtoday
[08/08/2026 22:42:56] Parents GET /miele/token
[08/08/2026 22:42:57] Parents GET /miele/devices
[08/08/2026 22:43:57] Parents GET /temptoday
[08/08/2026 22:43:57] Parents POST /wash/list
[08/08/2026 22:43:57] Parents GET /mbtoday
[08/08/2026 22:43:57] Parents GET /miele/token
[08/08/2026 22:44:03] Parents GET /miele/devices
[08/08/2026 22:44:58] Parents POST /wash/list
[08/08/2026 22:44:58] Parents GET /mbtoday
[08/08/2026 22:44:58] Parents GET /temptoday
[08/08/2026 22:44:58] Parents GET /miele/token
[08/08/2026 22:44:58] Parents GET /miele/devices
[08/08/2026 22:45:03] Parents GET /temptoday
[08/08/2026 22:45:03] Parents POST /wash/list
[08/08/2026 22:45:03] Parents GET /mbtoday
[08/08/2026 22:45:03] Parents GET /miele/token
[08/08/2026 22:45:06] Parents GET /miele/devices
[08/08/2026 22:45:58] Parents GET /temptoday
[08/08/2026 22:45:58] Parents POST /wash/list
[08/08/2026 22:45:58] Parents GET /mbtoday
[08/08/2026 22:45:58] Parents GET /miele/token
[08/08/2026 22:45:59] Parents GET /miele/devices
[08/08/2026 22:53:23] Parents GET /temptoday
[08/08/2026 22:53:23] Parents POST /wash/list
[08/08/2026 22:53:23] Parents GET /mbtoday
[08/08/2026 22:53:23] Parents GET /miele/token
[08/08/2026 22:53:24] Parents GET /miele/devices
[08/08/2026 22:54:28] Parents GET /miele/token
[08/08/2026 22:54:28] Parents POST /wash/list
[08/08/2026 22:54:28] Parents GET /mbtoday
[08/08/2026 22:54:28] Parents GET /temptoday
[08/08/2026 22:54:28] Parents GET /miele/devices
[08/08/2026 22:58:58] Parents POST /wash/list
[08/08/2026 22:58:58] Parents GET /mbtoday
[08/08/2026 22:58:58] Parents GET /temptoday
[08/08/2026 22:58:58] Parents GET /miele/token
[08/08/2026 22:58:58] Parents GET /miele/devices
[08/08/2026 22:59:31] Parents GET /temptoday
[08/08/2026 22:59:31] Parents POST /wash/list
[08/08/2026 22:59:31] Parents GET /mbtoday
[08/08/2026 22:59:32] Parents GET /miele/token
[08/08/2026 22:59:36] Parents GET /miele/devices
[08/08/2026 23:00:32] Parents GET /temptoday
[08/08/2026 23:00:32] Parents POST /wash/list
[08/08/2026 23:00:32] Parents GET /mbtoday
[08/08/2026 23:00:32] Parents GET /miele/token
[08/08/2026 23:00:43] Parents GET /miele/devices
[08/08/2026 23:07:25] Parents GET /miele/devices/:deviceId/programs
[08/08/2026 23:07:25] Parents GET /miele/devices/:deviceId
[08/08/2026 23:07:56] Parents GET /miele/devices/:deviceId/programs
[08/08/2026 23:07:56] Parents GET /miele/devices/:deviceId
[08/08/2026 23:09:56] Parents GET /miele/devices/:deviceId
[08/08/2026 23:09:56] Parents GET /miele/devices/:deviceId/programs
[08/08/2026 23:10:26] Parents GET /miele/devices/:deviceId/programs
[08/08/2026 23:10:26] Parents GET /miele/devices/:deviceId
[08/08/2026 23:10:56] Parents GET /miele/devices/:deviceId
[08/08/2026 23:10:56] Parents GET /miele/devices/:deviceId/programs
[08/08/2026 23:11:10] Parents GET /temptoday
[08/08/2026 23:11:10] Parents GET /mbtoday
[08/08/2026 23:11:10] Parents POST /wash/list
[08/08/2026 23:11:10] Parents GET /miele/token
[08/08/2026 23:11:12] Parents GET /miele/connect
[08/08/2026 23:11:16] GET /miele/callback
[08/08/2026 23:11:17] Parents GET /temptoday
[08/08/2026 23:11:17] Parents GET /mbtoday
[08/08/2026 23:11:17] Parents POST /wash/list
[08/08/2026 23:11:17] Parents GET /miele/token
[08/08/2026 23:11:17] Parents GET /miele/devices
[08/08/2026 23:11:23] Parents GET /miele/devices/:deviceId
[08/08/2026 23:11:23] Parents GET /miele/devices/:deviceId/programs
[08/08/2026 23:11:43] Parents PUT /miele/devices/:deviceId/programs
[08/08/2026 23:11:43] Parents GET /miele/devices/:deviceId
[08/08/2026 23:11:43] Parents GET /miele/devices/:deviceId/programs
[08/08/2026 23:11:54] Parents GET /miele/devices/:deviceId
[08/08/2026 23:11:54] Parents GET /miele/devices/:deviceId/programs
[08/08/2026 23:12:24] Parents GET /miele/devices/:deviceId/programs
[08/08/2026 23:12:24] Parents GET /miele/devices/:deviceId
[08/08/2026 23:12:54] Parents GET /miele/devices/:deviceId
[08/08/2026 23:12:54] Parents GET /miele/devices/:deviceId/programs
[08/08/2026 23:13:24] Parents GET /miele/devices/:deviceId/programs
[08/08/2026 23:13:24] Parents GET /miele/devices/:deviceId
[08/08/2026 23:13:54] Parents GET /miele/devices/:deviceId
[08/08/2026 23:13:54] Parents GET /miele/devices/:deviceId/programs
[08/08/2026 23:14:24] Parents GET /miele/devices/:deviceId/programs
[08/08/2026 23:14:24] Parents GET /miele/devices/:deviceId
[08/08/2026 23:15:27] Parents GET /miele/devices/:deviceId/programs
[08/08/2026 23:15:27] Parents GET /miele/devices/:deviceId
[08/08/2026 23:16:27] Parents GET /miele/devices/:deviceId/programs
[08/08/2026 23:16:27] Parents GET /miele/devices/:deviceId
[08/08/2026 23:17:27] Parents GET /miele/devices/:deviceId/programs
[08/08/2026 23:17:27] Parents GET /miele/devices/:deviceId
[08/08/2026 23:17:53] Parents GET /temptoday
[08/08/2026 23:17:53] Parents POST /wash/list
[08/08/2026 23:17:53] Parents GET /mbtoday
[08/08/2026 23:17:53] Parents GET /miele/token
[08/08/2026 23:17:54] Parents GET /miele/devices
[08/08/2026 23:17:57] Parents GET /temptoday
[08/08/2026 23:17:57] Parents GET /clim/status
[08/08/2026 23:17:58] POST /subscribe (Push)
[08/08/2026 23:18:06] Parents GET /clim/status
[08/08/2026 23:18:17] Parents GET /clim/status
[08/08/2026 23:18:27] Parents GET /clim/status
[08/08/2026 23:18:27] Parents GET /miele/devices/:deviceId
[08/08/2026 23:18:27] Parents GET /miele/devices/:deviceId/programs
[08/08/2026 23:18:27] Parents GET /temptoday
[08/08/2026 23:18:27] Parents GET /mbtoday
[08/08/2026 23:18:27] Parents POST /wash/list
[08/08/2026 23:18:27] Parents GET /miele/token
[08/08/2026 23:18:27] Parents GET /miele/devices
[08/08/2026 23:18:36] Parents GET /clim/status
[08/08/2026 23:18:47] Parents GET /clim/status
[08/08/2026 23:18:57] Parents GET /clim/status
[08/08/2026 23:19:07] Parents GET /clim/status
[08/08/2026 23:19:17] Parents GET /clim/status
[08/08/2026 23:19:26] Parents GET /temptoday
[08/08/2026 23:19:26] Parents GET /mbtoday
[08/08/2026 23:19:26] Parents POST /wash/list
[08/08/2026 23:19:26] Parents GET /miele/token
[08/08/2026 23:19:26] Parents GET /miele/devices
[08/08/2026 23:22:58] Parents GET /temptoday
[08/08/2026 23:22:58] Parents GET /mbtoday
[08/08/2026 23:22:58] Parents POST /wash/list
[08/08/2026 23:22:58] Parents GET /miele/token
[08/08/2026 23:22:58] Parents GET /miele/devices
[08/08/2026 23:25:29] Parents GET /mbtoday
[08/08/2026 23:25:29] Parents POST /wash/list
[08/08/2026 23:25:29] Parents GET /temptoday
[08/08/2026 23:25:30] Parents GET /miele/token
[08/08/2026 23:25:37] Parents GET /miele/devices
[08/08/2026 23:30:27] Parents POST /wash/list
[08/08/2026 23:30:28] Parents GET /mbtoday
[08/08/2026 23:30:28] Parents GET /temptoday
[08/08/2026 23:30:28] Parents GET /miele/token
[08/08/2026 23:30:28] Parents GET /miele/devices
[08/08/2026 23:34:58] Parents POST /wash/list
[08/08/2026 23:34:58] Parents GET /mbtoday
[08/08/2026 23:34:58] Parents GET /temptoday
[08/08/2026 23:34:58] Parents GET /miele/token
[08/08/2026 23:34:58] Parents GET /miele/devices
[08/08/2026 23:49:58] Parents GET /miele/token
[08/08/2026 23:49:58] Parents POST /wash/list
[08/08/2026 23:49:58] Parents GET /mbtoday
[08/08/2026 23:49:58] Parents GET /temptoday
[08/08/2026 23:49:59] Parents GET /miele/connect
[08/08/2026 23:50:03] GET /miele/callback
[08/08/2026 23:50:04] Parents GET /temptoday
[08/08/2026 23:50:04] Parents GET /mbtoday
[08/08/2026 23:50:04] Parents POST /wash/list
[08/08/2026 23:50:04] Parents GET /miele/token
[08/08/2026 23:50:04] Parents GET /miele/devices
[08/08/2026 23:50:07] Parents GET /miele/devices/:deviceId
[08/08/2026 23:50:07] Parents GET /miele/devices/:deviceId/programs
[08/08/2026 23:50:37] Parents GET /miele/devices/:deviceId/programs
[08/08/2026 23:50:37] Parents GET /miele/devices/:deviceId
[08/08/2026 23:50:58] Parents PUT /miele/devices/:deviceId/programs
[08/08/2026 23:50:58] Parents GET /miele/devices/:deviceId
[08/08/2026 23:50:58] Parents GET /miele/devices/:deviceId/programs
[08/08/2026 23:51:08] Parents GET /miele/devices/:deviceId/programs
[08/08/2026 23:51:08] Parents GET /miele/devices/:deviceId
[08/08/2026 23:51:14] Parents GET /temptoday
[08/08/2026 23:51:14] Parents POST /wash/list
[08/08/2026 23:51:14] Parents GET /mbtoday
[08/08/2026 23:51:14] Parents GET /miele/token
[08/08/2026 23:51:15] Parents GET /miele/devices
[08/08/2026 23:51:15] Parents GET /temptoday
[08/08/2026 23:51:15] Parents POST /wash/list
[08/08/2026 23:51:15] Parents GET /mbtoday
[08/08/2026 23:51:15] Parents GET /miele/token
[08/08/2026 23:51:15] Parents GET /miele/devices
[08/08/2026 23:51:18] Parents GET /temptoday
[08/08/2026 23:51:18] Parents GET /clim/status
[08/08/2026 23:51:19] POST /subscribe (Push)
[08/08/2026 23:51:28] Parents GET /clim/status
[08/08/2026 23:51:38] Parents GET /clim/status
[08/08/2026 23:51:38] Parents GET /miele/devices/:deviceId
[08/08/2026 23:51:38] Parents GET /miele/devices/:deviceId/programs
[08/08/2026 23:51:48] Parents GET /clim/status
[08/08/2026 23:51:58] Parents GET /clim/status
[08/08/2026 23:52:08] Parents GET /clim/status
[08/08/2026 23:52:08] Parents GET /miele/devices/:deviceId
[08/08/2026 23:52:08] Parents GET /miele/devices/:deviceId/programs
[08/08/2026 23:52:18] Parents GET /clim/status
[08/08/2026 23:52:28] Parents GET /clim/status
[08/08/2026 23:52:38] Parents GET /clim/status
[08/08/2026 23:52:38] Parents GET /miele/devices/:deviceId
[08/08/2026 23:52:38] Parents GET /miele/devices/:deviceId/programs
[08/08/2026 23:52:48] Parents GET /clim/status
[08/08/2026 23:52:58] Parents GET /clim/status
[08/08/2026 23:53:08] Parents GET /clim/status
[08/08/2026 23:53:08] Parents GET /miele/devices/:deviceId
[08/08/2026 23:53:08] Parents GET /miele/devices/:deviceId/programs
[08/08/2026 23:53:18] Parents GET /clim/status
[08/08/2026 23:53:28] Parents GET /clim/status
[08/08/2026 23:53:38] Parents GET /clim/status
[08/08/2026 23:53:48] Parents GET /clim/status
[08/08/2026 23:53:58] Parents GET /clim/status
[08/08/2026 23:54:08] Parents GET /clim/status
[08/08/2026 23:54:18] Parents GET /clim/status
[08/08/2026 23:54:27] Parents GET /miele/devices/:deviceId/programs
[08/08/2026 23:54:27] Parents GET /miele/devices/:deviceId
[08/08/2026 23:55:27] Parents GET /miele/devices/:deviceId/programs
[08/08/2026 23:55:27] Parents GET /miele/devices/:deviceId
[08/08/2026 23:56:27] Parents GET /miele/devices/:deviceId/programs
[08/08/2026 23:56:27] Parents GET /miele/devices/:deviceId
[08/08/2026 23:57:27] Parents GET /miele/devices/:deviceId/programs
[08/08/2026 23:57:27] Parents GET /miele/devices/:deviceId
[08/08/2026 23:58:27] Parents GET /miele/devices/:deviceId/programs
[08/08/2026 23:58:27] Parents GET /miele/devices/:deviceId
[08/08/2026 23:59:27] Parents GET /miele/devices/:deviceId/programs
[08/08/2026 23:59:27] Parents GET /miele/devices/:deviceId
[09/08/2026 00:00:27] Parents GET /miele/devices/:deviceId/programs
[09/08/2026 00:00:27] Parents GET /miele/devices/:deviceId
[09/08/2026 00:01:27] Parents GET /miele/devices/:deviceId/programs
[09/08/2026 00:01:27] Parents GET /miele/devices/:deviceId
[09/08/2026 00:02:27] Parents GET /miele/devices/:deviceId/programs
[09/08/2026 00:02:27] Parents GET /miele/devices/:deviceId
[09/08/2026 00:03:27] Parents GET /miele/devices/:deviceId/programs
[09/08/2026 00:03:27] Parents GET /miele/devices/:deviceId
[09/08/2026 00:04:27] Parents GET /miele/devices/:deviceId/programs
[09/08/2026 00:04:27] Parents GET /miele/devices/:deviceId
[09/08/2026 00:05:27] Parents GET /miele/devices/:deviceId/programs
[09/08/2026 00:05:27] Parents GET /miele/devices/:deviceId
[09/08/2026 00:05:39] Parents GET /clim/status
[09/08/2026 00:05:41] Parents GET /temptoday
[09/08/2026 00:05:41] Parents GET /clim/status
[09/08/2026 00:05:42] POST /subscribe (Push)
[09/08/2026 00:05:51] Parents GET /clim/status
[09/08/2026 00:06:01] Parents GET /clim/status
[09/08/2026 00:06:11] Parents GET /clim/status
[09/08/2026 00:06:21] Parents GET /clim/status
[09/08/2026 00:06:27] Parents GET /temptoday
[09/08/2026 00:06:27] Parents GET /clim/status
[09/08/2026 00:06:27] Parents GET /miele/devices/:deviceId
[09/08/2026 00:06:27] Parents GET /miele/devices/:deviceId/programs
[09/08/2026 00:06:34] POST /subscribe (Push)
[09/08/2026 00:06:37] Parents GET /clim/status
[09/08/2026 00:06:47] Parents GET /clim/status
[09/08/2026 00:06:57] Parents GET /clim/status
[09/08/2026 00:07:07] Parents GET /clim/status
[09/08/2026 00:07:17] Parents GET /clim/status
[09/08/2026 00:07:27] Parents GET /clim/status
[09/08/2026 00:07:27] Parents GET /miele/devices/:deviceId
[09/08/2026 00:07:27] Parents GET /miele/devices/:deviceId/programs
[09/08/2026 00:07:27] Parents GET /temptoday
[09/08/2026 00:07:27] Parents GET /mbtoday
[09/08/2026 00:07:27] Parents POST /wash/list
[09/08/2026 00:07:27] Parents GET /miele/token
[09/08/2026 00:07:27] Parents GET /miele/devices
[09/08/2026 00:07:37] Parents GET /clim/status
[09/08/2026 00:07:47] Parents GET /clim/status
[09/08/2026 00:07:57] Parents GET /clim/status
[09/08/2026 00:08:07] Parents GET /clim/status
[09/08/2026 00:08:17] Parents GET /clim/status
[09/08/2026 00:08:27] Parents GET /clim/status
[09/08/2026 00:08:37] Parents GET /clim/status
[09/08/2026 00:08:47] Parents GET /clim/status
[09/08/2026 00:08:57] Parents GET /clim/status
[09/08/2026 00:09:07] Parents GET /clim/status
[09/08/2026 00:22:26] Parents GET /miele/token
[09/08/2026 00:22:26] Parents POST /wash/list
[09/08/2026 00:22:26] Parents GET /mbtoday
[09/08/2026 00:22:26] Parents GET /temptoday
[09/08/2026 00:22:26] Parents GET /miele/devices
[09/08/2026 00:23:11] Parents GET /miele/token
[09/08/2026 00:23:11] Parents POST /wash/list
[09/08/2026 00:23:11] Parents GET /mbtoday
[09/08/2026 00:23:11] Parents GET /temptoday
[09/08/2026 00:23:11] Parents GET /miele/devices
[09/08/2026 00:23:50] Parents GET /miele/token
[09/08/2026 00:23:50] Parents POST /wash/list
[09/08/2026 00:23:50] Parents GET /mbtoday
[09/08/2026 00:23:50] Parents GET /temptoday
[09/08/2026 00:23:50] Parents GET /miele/devices
[09/08/2026 00:24:05] Parents GET /temptoday
[09/08/2026 00:24:05] Parents GET /mbtoday
[09/08/2026 00:24:05] Parents POST /wash/list
[09/08/2026 00:24:05] Parents GET /miele/token
[09/08/2026 00:24:05] Parents GET /miele/devices
[09/08/2026 00:24:20] Parents GET /temptoday
[09/08/2026 00:24:20] Parents GET /mbtoday
[09/08/2026 00:24:20] Parents POST /wash/list
[09/08/2026 00:24:20] Parents GET /miele/token
[09/08/2026 00:24:20] Parents GET /miele/devices
[09/08/2026 00:24:48] Parents GET /clim/status
[09/08/2026 00:24:48] Parents GET /temptoday
[09/08/2026 00:24:59] Parents GET /clim/status
[09/08/2026 00:25:09] Parents GET /clim/status
[09/08/2026 00:25:19] Parents GET /clim/status
[09/08/2026 00:25:29] Parents GET /clim/status
[09/08/2026 00:25:39] Parents GET /clim/status
[09/08/2026 00:25:49] Parents GET /clim/status
[09/08/2026 00:25:59] Parents GET /clim/status
[09/08/2026 00:26:27] Parents GET /clim/status
[09/08/2026 00:27:18] Parents GET /clim/status
[09/08/2026 00:27:29] Parents GET /clim/status
[09/08/2026 00:27:39] Parents GET /clim/status
[09/08/2026 00:27:49] Parents GET /clim/status
[09/08/2026 00:27:59] Parents GET /clim/status
[09/08/2026 00:28:09] Parents GET /clim/status
[09/08/2026 00:28:19] Parents GET /clim/status
[09/08/2026 00:29:27] Parents GET /clim/status
[09/08/2026 00:29:27] Parents GET /temptoday
[09/08/2026 00:29:27] Parents GET /clim/status
[09/08/2026 00:29:38] Parents GET /clim/status
[09/08/2026 00:29:48] Parents GET /clim/status
[09/08/2026 00:29:58] Parents GET /clim/status
[09/08/2026 00:30:08] Parents GET /clim/status
[09/08/2026 00:30:18] Parents GET /clim/status
[09/08/2026 00:30:28] Parents GET /clim/status
[09/08/2026 00:30:38] Parents GET /clim/status
[09/08/2026 00:31:27] Parents GET /clim/status
[09/08/2026 00:32:27] Parents GET /clim/status
[09/08/2026 00:34:28] Parents GET /clim/status
[09/08/2026 00:34:28] Parents GET /temptoday
[09/08/2026 00:34:34] Parents GET /temptoday
[09/08/2026 00:34:34] Parents GET /clim/status
[09/08/2026 00:34:45] Parents GET /clim/status
[09/08/2026 00:34:55] Parents GET /clim/status
[09/08/2026 00:35:05] Parents GET /clim/status
[09/08/2026 00:35:15] Parents GET /clim/status
[09/08/2026 00:35:25] Parents GET /clim/status
[09/08/2026 00:35:35] Parents GET /clim/status
[09/08/2026 00:35:45] Parents GET /clim/status
[09/08/2026 00:35:54] Parents GET /clim/status
[09/08/2026 00:35:54] Parents GET /clim/status
[09/08/2026 00:35:56] Parents GET /temptoday
[09/08/2026 00:35:56] Parents GET /clim/status
[09/08/2026 00:35:59] Parents GET /temptoday
[09/08/2026 00:35:59] Parents GET /clim/status
[09/08/2026 00:36:04] Parents GET /clim/status
[09/08/2026 00:36:09] Parents GET /clim/status
[09/08/2026 00:36:15] Parents GET /clim/status
[09/08/2026 00:36:25] Parents GET /clim/status
[09/08/2026 00:36:31] Parents GET /clim/status
[09/08/2026 00:36:32] Parents GET /temptoday
[09/08/2026 00:36:32] Parents GET /clim/status
[09/08/2026 00:36:33] Parents GET /temptoday
[09/08/2026 00:36:34] Parents GET /clim/status
[09/08/2026 00:36:42] Parents GET /clim/status
[09/08/2026 00:36:43] Parents GET /clim/status
[09/08/2026 00:36:52] Parents GET /clim/status
[09/08/2026 00:37:02] Parents GET /clim/status
[09/08/2026 00:37:07] Parents GET /clim/status
[09/08/2026 00:37:12] Parents GET /clim/status
[09/08/2026 00:37:22] Parents GET /clim/status
[09/08/2026 00:37:32] Parents GET /clim/status
[09/08/2026 00:37:42] Parents GET /clim/status
[09/08/2026 00:37:43] Parents GET /temptoday
[09/08/2026 00:37:43] Parents GET /clim/status
[09/08/2026 00:37:52] Parents GET /clim/status
[09/08/2026 00:38:02] Parents GET /clim/status
[09/08/2026 00:38:12] Parents GET /clim/status
[09/08/2026 00:38:22] Parents GET /clim/status
[09/08/2026 00:38:25] Parents GET /clim/status
[09/08/2026 00:38:43] Parents GET /temptoday
[09/08/2026 00:38:43] Parents GET /clim/status
[09/08/2026 00:39:05] Parents GET /clim/status
[09/08/2026 00:39:05] Parents GET /temptoday
[09/08/2026 00:39:16] Parents GET /clim/status
[09/08/2026 00:39:20] Parents GET /clim/status
[09/08/2026 00:39:26] Parents GET /clim/status
[09/08/2026 00:39:36] Parents GET /clim/status
[09/08/2026 00:39:44] Parents GET /temptoday
[09/08/2026 00:39:44] Parents GET /clim/status
[09/08/2026 00:39:46] Parents GET /clim/status
[09/08/2026 00:40:19] Parents GET /clim/status
[09/08/2026 00:40:46] Parents GET /temptoday
[09/08/2026 00:40:46] Parents GET /clim/status
[09/08/2026 00:40:57] Parents GET /clim/status
[09/08/2026 00:46:13] Parents GET /clim/status
[09/08/2026 00:46:13] Parents GET /temptoday
[09/08/2026 00:46:30] Parents GET /temptoday
[09/08/2026 00:46:30] Parents GET /clim/status
[09/08/2026 00:46:41] Parents GET /clim/status
[09/08/2026 00:46:51] Parents GET /clim/status
[09/08/2026 00:47:01] Parents GET /clim/status
[09/08/2026 00:47:07] Parents GET /temptoday
[09/08/2026 00:47:07] Parents GET /clim/status
[09/08/2026 00:47:18] Parents GET /clim/status
[09/08/2026 00:47:25] Parents GET /mbtoday
[09/08/2026 00:47:25] Parents GET /temptoday
[09/08/2026 00:47:48] Parents GET /temptoday
[09/08/2026 00:47:48] Parents GET /clim/status
[09/08/2026 00:47:59] Parents GET /clim/status
[09/08/2026 00:48:09] Parents GET /clim/status
[09/08/2026 00:48:19] Parents GET /clim/status
[09/08/2026 00:48:21] Parents GET /clim/status
[09/08/2026 00:48:22] Parents GET /temptoday
[09/08/2026 00:48:22] Parents GET /clim/status
[09/08/2026 00:48:29] Parents GET /clim/status
[09/08/2026 00:48:33] Parents GET /clim/status
[09/08/2026 00:48:39] Parents GET /clim/status
[09/08/2026 00:48:43] Parents GET /clim/status
[09/08/2026 00:48:49] Parents GET /clim/status
[09/08/2026 00:48:53] Parents GET /clim/status
[09/08/2026 00:48:59] Parents GET /clim/status
[09/08/2026 00:49:03] Parents GET /clim/status
[09/08/2026 00:49:13] Parents GET /clim/status
[09/08/2026 00:49:23] Parents GET /clim/status
[09/08/2026 00:49:27] Parents GET /clim/status
[09/08/2026 00:50:27] Parents GET /clim/status
[09/08/2026 00:51:08] Parents GET /temptoday
[09/08/2026 00:51:08] Parents GET /clim/status
[09/08/2026 00:51:19] Parents GET /clim/status
[09/08/2026 00:51:29] Parents GET /clim/status
[09/08/2026 00:51:39] Parents GET /clim/status
[09/08/2026 00:51:49] Parents GET /clim/status
[09/08/2026 00:51:59] Parents GET /clim/status
[09/08/2026 00:52:09] Parents GET /clim/status
[09/08/2026 00:52:19] Parents GET /clim/status
[09/08/2026 00:53:20] Parents GET /clim/status
[09/08/2026 00:54:21] Parents GET /clim/status
[09/08/2026 00:55:09] Parents GET /clim/status
[09/08/2026 00:55:09] Parents GET /temptoday
[09/08/2026 00:55:20] Parents GET /clim/status
[09/08/2026 00:55:30] Parents GET /clim/status
[09/08/2026 00:55:40] Parents GET /clim/status
[09/08/2026 00:55:50] Parents GET /clim/status
[09/08/2026 00:56:00] Parents GET /clim/status
[09/08/2026 00:56:10] Parents GET /clim/status
[09/08/2026 00:56:20] Parents GET /clim/status
[09/08/2026 00:57:21] Parents GET /clim/status
[09/08/2026 00:58:22] Parents GET /clim/status
[09/08/2026 00:59:10] Parents GET /clim/status
[09/08/2026 00:59:10] Parents GET /temptoday
[09/08/2026 00:59:21] Parents GET /clim/status
[09/08/2026 00:59:31] Parents GET /clim/status
[09/08/2026 00:59:41] Parents GET /clim/status
[09/08/2026 00:59:51] Parents GET /clim/status
[09/08/2026 01:00:01] Parents GET /clim/status
[09/08/2026 01:00:11] Parents GET /clim/status
[09/08/2026 01:00:21] Parents GET /clim/status
[09/08/2026 01:01:22] Parents GET /clim/status
[09/08/2026 01:02:23] Parents GET /clim/status
[09/08/2026 01:03:11] Parents GET /clim/status
[09/08/2026 01:03:11] Parents GET /temptoday
[09/08/2026 01:03:22] Parents GET /clim/status
[09/08/2026 01:03:32] Parents GET /clim/status
[09/08/2026 01:03:42] Parents GET /clim/status
[09/08/2026 01:03:52] Parents GET /clim/status
[09/08/2026 01:04:02] Parents GET /clim/status
[09/08/2026 01:04:12] Parents GET /clim/status
[09/08/2026 01:04:22] Parents GET /clim/status
[09/08/2026 01:05:23] Parents GET /clim/status
[09/08/2026 01:06:24] Parents GET /clim/status
[09/08/2026 01:07:12] Parents GET /clim/status
[09/08/2026 01:07:12] Parents GET /temptoday
[09/08/2026 01:07:23] Parents GET /clim/status
[09/08/2026 01:07:33] Parents GET /clim/status
[09/08/2026 01:07:43] Parents GET /clim/status
[09/08/2026 01:07:53] Parents GET /clim/status
[09/08/2026 01:08:03] Parents GET /clim/status
[09/08/2026 01:08:13] Parents GET /clim/status
[09/08/2026 01:08:23] Parents GET /clim/status
[09/08/2026 01:08:27] Parents GET /temptoday
[09/08/2026 01:08:27] Parents GET /clim/status
[09/08/2026 01:25:13] Parents GET /clim/status
[09/08/2026 01:25:23] Parents GET /clim/status
[09/08/2026 01:25:33] Parents GET /clim/status
[09/08/2026 02:04:31] Parents GET /clim/status
[09/08/2026 02:04:41] Parents GET /clim/status
[09/08/2026 02:04:51] Parents GET /clim/status
[09/08/2026 02:05:52] Parents GET /clim/status
[09/08/2026 02:06:51] Parents GET /clim/status
[09/08/2026 02:07:52] Parents GET /clim/status
[09/08/2026 02:07:52] Parents GET /temptoday
[09/08/2026 02:07:52] Parents GET /clim/status
[09/08/2026 02:08:02] Parents GET /clim/status
[09/08/2026 02:08:12] Parents GET /clim/status
[09/08/2026 02:08:22] Parents GET /clim/status
[09/08/2026 02:08:32] Parents GET /clim/status
[09/08/2026 02:08:42] Parents GET /clim/status
[09/08/2026 02:08:52] Parents GET /clim/status
[09/08/2026 02:09:02] Parents GET /clim/status
[09/08/2026 02:09:51] Parents GET /clim/status
[09/08/2026 02:10:51] Parents GET /clim/status
[09/08/2026 02:11:51] Parents GET /clim/status
[09/08/2026 02:12:51] Parents GET /clim/status
[09/08/2026 02:13:51] Parents GET /clim/status
[09/08/2026 02:13:52] Parents GET /temptoday
[09/08/2026 02:13:52] Parents GET /clim/status
[09/08/2026 02:14:02] Parents GET /clim/status
[09/08/2026 02:14:12] Parents GET /clim/status
[09/08/2026 02:14:23] Parents GET /clim/status
[09/08/2026 02:14:32] Parents GET /clim/status
[09/08/2026 02:14:42] Parents GET /clim/status
[09/08/2026 02:14:52] Parents GET /clim/status
[09/08/2026 02:15:02] Parents GET /clim/status
[09/08/2026 02:15:51] Parents GET /clim/status
[09/08/2026 02:16:51] Parents GET /clim/status
[09/08/2026 02:18:52] Parents GET /clim/status
[09/08/2026 02:18:52] Parents GET /temptoday
[09/08/2026 02:18:52] Parents GET /clim/status
[09/08/2026 02:19:02] Parents GET /clim/status
[09/08/2026 02:19:12] Parents GET /clim/status
[09/08/2026 02:19:22] Parents GET /clim/status
[09/08/2026 02:19:32] Parents GET /clim/status
[09/08/2026 02:19:42] Parents GET /clim/status
[09/08/2026 02:19:52] Parents GET /clim/status
[09/08/2026 02:20:03] Parents GET /clim/status
[09/08/2026 02:20:51] Parents GET /clim/status
[09/08/2026 02:21:21] Parents GET /clim/status
[09/08/2026 02:21:24] Parents GET /clim/status
[09/08/2026 02:21:32] Parents GET /clim/status
[09/08/2026 02:21:42] Parents GET /clim/status
[09/08/2026 02:21:53] Parents GET /clim/status
[09/08/2026 02:22:02] Parents GET /clim/status
[09/08/2026 02:22:12] Parents GET /clim/status
[09/08/2026 02:22:22] Parents GET /clim/status
[09/08/2026 02:22:32] Parents GET /clim/status
[09/08/2026 02:22:42] Parents GET /clim/status
[09/08/2026 02:22:52] Parents GET /clim/status
[09/08/2026 02:23:02] Parents GET /clim/status
[09/08/2026 02:23:12] Parents GET /clim/status
[09/08/2026 02:23:22] Parents GET /clim/status
[09/08/2026 02:23:32] Parents GET /clim/status
[09/08/2026 02:23:42] Parents GET /clim/status
[09/08/2026 02:23:52] Parents GET /clim/status
[09/08/2026 02:24:02] Parents GET /clim/status
[09/08/2026 02:24:12] Parents GET /clim/status
[09/08/2026 02:24:23] Parents GET /clim/status
[09/08/2026 02:24:32] Parents GET /clim/status
[09/08/2026 02:25:22] Parents GET /clim/status
[09/08/2026 02:25:32] Parents GET /clim/status
[09/08/2026 02:25:42] Parents GET /clim/status
[09/08/2026 02:25:52] Parents GET /clim/status
[09/08/2026 02:26:02] Parents GET /clim/status
[09/08/2026 02:26:12] Parents GET /clim/status
[09/08/2026 02:26:22] Parents GET /clim/status
[09/08/2026 02:26:52] Parents GET /clim/status
[09/08/2026 02:27:23] Parents GET /clim/status
[09/08/2026 02:27:23] Parents GET /temptoday
[09/08/2026 02:27:33] Parents GET /clim/status
[09/08/2026 02:27:43] Parents GET /clim/status
[09/08/2026 02:27:53] Parents GET /clim/status
[09/08/2026 02:28:03] Parents GET /clim/status
[09/08/2026 02:28:13] Parents GET /clim/status
[09/08/2026 02:28:23] Parents GET /clim/status
[09/08/2026 02:28:33] Parents GET /clim/status
[09/08/2026 02:28:51] Parents GET /clim/status
[09/08/2026 02:29:51] Parents GET /clim/status
[09/08/2026 02:30:51] Parents GET /clim/status
[09/08/2026 02:31:24] Parents GET /clim/status
[09/08/2026 02:31:24] Parents GET /temptoday
[09/08/2026 02:31:35] Parents GET /clim/status
[09/08/2026 02:31:44] Parents GET /clim/status
[09/08/2026 02:31:54] Parents GET /clim/status
[09/08/2026 02:32:04] Parents GET /clim/status
[09/08/2026 02:32:14] Parents GET /clim/status
[09/08/2026 02:32:24] Parents GET /clim/status
[09/08/2026 02:32:34] Parents GET /clim/status
[09/08/2026 02:32:51] Parents GET /clim/status
[09/08/2026 02:33:51] Parents GET /clim/status
[09/08/2026 02:34:51] Parents GET /clim/status
[09/08/2026 02:35:35] Parents GET /clim/status
[09/08/2026 02:35:45] Parents GET /clim/status
[09/08/2026 02:35:55] Parents GET /clim/status
[09/08/2026 02:36:05] Parents GET /clim/status
[09/08/2026 02:36:15] Parents GET /clim/status
[09/08/2026 02:36:25] Parents GET /clim/status
[09/08/2026 02:36:35] Parents GET /clim/status
[09/08/2026 02:36:51] Parents GET /clim/status
[09/08/2026 02:37:51] Parents GET /clim/status
[09/08/2026 02:38:52] Parents GET /clim/status
[09/08/2026 02:39:26] Parents GET /clim/status
[09/08/2026 02:39:26] Parents GET /temptoday
[09/08/2026 02:39:36] Parents GET /clim/status
[09/08/2026 02:39:46] Parents GET /clim/status
[09/08/2026 02:39:56] Parents GET /clim/status
[09/08/2026 02:40:06] Parents GET /clim/status
[09/08/2026 02:40:16] Parents GET /clim/status
[09/08/2026 02:40:26] Parents GET /clim/status
[09/08/2026 02:40:36] Parents GET /clim/status
[09/08/2026 02:40:51] Parents GET /clim/status
[09/08/2026 02:41:52] Parents GET /clim/status
[09/08/2026 02:42:51] Parents GET /clim/status
[09/08/2026 02:43:00] Parents GET /clim/status
[09/08/2026 03:20:31] POST /login
[09/08/2026 03:20:32] Xayling GET /temptoday
[09/08/2026 03:20:32] Xayling GET /clim/status
[09/08/2026 03:20:42] Xayling GET /clim/status
[09/08/2026 03:20:52] Xayling GET /clim/status
[09/08/2026 03:21:02] Xayling GET /clim/status
[09/08/2026 03:21:12] Xayling GET /clim/status
[09/08/2026 03:21:22] Xayling GET /clim/status
[09/08/2026 03:21:32] Xayling GET /clim/status
[09/08/2026 03:21:42] Xayling GET /clim/status
[09/08/2026 03:21:52] Xayling GET /clim/status
[09/08/2026 03:22:02] Xayling GET /clim/status
[09/08/2026 03:22:12] Xayling GET /clim/status
[09/08/2026 03:22:22] Xayling GET /clim/status
[09/08/2026 03:22:32] Xayling GET /clim/status
[09/08/2026 03:22:42] Xayling GET /clim/status
[09/08/2026 03:23:27] Xayling GET /clim/status
[09/08/2026 03:23:27] Xayling GET /temptoday
[09/08/2026 03:23:37] Xayling GET /clim/status
[09/08/2026 03:23:47] Xayling GET /clim/status
[09/08/2026 03:23:57] Xayling GET /clim/status
[09/08/2026 03:24:07] Xayling GET /clim/status
[09/08/2026 03:24:17] Xayling GET /clim/status
[09/08/2026 03:24:27] Xayling GET /clim/status
[09/08/2026 03:24:37] Xayling GET /clim/status
[09/08/2026 03:24:51] Xayling GET /clim/status
[09/08/2026 03:25:51] Xayling GET /clim/status
[09/08/2026 03:26:24] Parents GET /clim/status
[09/08/2026 03:26:24] Parents GET /temptoday
[09/08/2026 03:26:34] Parents GET /clim/status
[09/08/2026 03:26:44] Parents GET /clim/status
[09/08/2026 03:26:51] Xayling GET /clim/status
[09/08/2026 03:26:54] Parents GET /clim/status
[09/08/2026 03:27:04] Parents GET /clim/status
[09/08/2026 03:27:14] Parents GET /clim/status
[09/08/2026 03:27:24] Parents GET /clim/status
[09/08/2026 03:27:28] Xayling GET /temptoday
[09/08/2026 03:27:28] Xayling GET /clim/status
[09/08/2026 03:27:34] Parents GET /clim/status
[09/08/2026 03:27:39] Xayling GET /clim/status
[09/08/2026 03:27:44] Parents GET /clim/status
[09/08/2026 03:27:48] Xayling GET /clim/status
[09/08/2026 03:27:58] Xayling GET /clim/status
[09/08/2026 03:28:08] Xayling GET /clim/status
[09/08/2026 03:28:18] Xayling GET /clim/status
[09/08/2026 03:28:28] Xayling GET /clim/status
[09/08/2026 03:28:38] Xayling GET /clim/status
[09/08/2026 03:28:51] Xayling GET /clim/status
[09/08/2026 03:29:52] Xayling GET /clim/status
[09/08/2026 03:30:51] Xayling GET /clim/status
[09/08/2026 03:31:29] Xayling GET /clim/status
[09/08/2026 03:31:29] Xayling GET /temptoday
[09/08/2026 03:31:39] Xayling GET /clim/status
[09/08/2026 03:31:49] Xayling GET /clim/status
[09/08/2026 03:31:59] Xayling GET /clim/status
[09/08/2026 03:32:09] Xayling GET /clim/status
[09/08/2026 03:32:19] Xayling GET /clim/status
[09/08/2026 03:32:29] Xayling GET /clim/status
[09/08/2026 03:32:39] Xayling GET /clim/status
[09/08/2026 03:32:51] Xayling GET /clim/status
[09/08/2026 03:33:51] Xayling GET /clim/status
[09/08/2026 03:34:51] Xayling GET /clim/status
[09/08/2026 03:35:30] Xayling GET /clim/status
[09/08/2026 03:35:30] Xayling GET /temptoday
[09/08/2026 03:35:40] Xayling GET /clim/status
[09/08/2026 03:35:50] Xayling GET /clim/status
[09/08/2026 03:36:00] Xayling GET /clim/status
[09/08/2026 03:36:10] Xayling GET /clim/status
[09/08/2026 03:36:20] Xayling GET /clim/status
[09/08/2026 03:36:30] Xayling GET /clim/status
[09/08/2026 03:36:40] Xayling GET /clim/status
[09/08/2026 03:36:51] Xayling GET /clim/status
[09/08/2026 03:37:51] Xayling GET /clim/status
[09/08/2026 03:38:51] Xayling GET /clim/status
[09/08/2026 03:39:31] Xayling GET /clim/status
[09/08/2026 03:39:31] Xayling GET /temptoday
[09/08/2026 03:39:41] Xayling GET /clim/status
[09/08/2026 03:39:52] Xayling GET /clim/status
[09/08/2026 03:40:01] Xayling GET /clim/status
[09/08/2026 03:40:11] Xayling GET /clim/status
[09/08/2026 03:40:21] Xayling GET /clim/status
[09/08/2026 03:40:31] Xayling GET /clim/status
[09/08/2026 03:40:41] Xayling GET /clim/status
[09/08/2026 03:40:51] Xayling GET /clim/status
[09/08/2026 03:41:51] Xayling GET /clim/status
[09/08/2026 03:42:51] Xayling GET /clim/status
[09/08/2026 03:43:32] Xayling GET /clim/status
[09/08/2026 03:43:32] Xayling GET /temptoday
[09/08/2026 03:43:42] Xayling GET /clim/status
[09/08/2026 03:43:52] Xayling GET /clim/status
[09/08/2026 03:44:02] Xayling GET /clim/status
[09/08/2026 03:44:12] Xayling GET /clim/status
[09/08/2026 03:44:23] Xayling GET /clim/status
[09/08/2026 03:44:32] Xayling GET /clim/status
[09/08/2026 03:44:42] Xayling GET /clim/status
[09/08/2026 03:45:43] Xayling GET /clim/status
[09/08/2026 03:46:44] Xayling GET /clim/status
[09/08/2026 03:47:33] Xayling GET /clim/status
[09/08/2026 03:47:33] Xayling GET /temptoday
[09/08/2026 03:47:43] Xayling GET /clim/status
[09/08/2026 03:47:53] Xayling GET /clim/status
[09/08/2026 03:48:03] Xayling GET /clim/status
[09/08/2026 03:48:13] Xayling GET /clim/status
[09/08/2026 03:48:23] Xayling GET /clim/status
[09/08/2026 03:48:33] Xayling GET /clim/status
[09/08/2026 03:48:43] Xayling GET /clim/status
[09/08/2026 03:49:44] Xayling GET /clim/status
[09/08/2026 03:50:45] Xayling GET /clim/status
[09/08/2026 03:51:34] Xayling GET /clim/status
[09/08/2026 03:51:34] Xayling GET /temptoday
[09/08/2026 03:51:44] Xayling GET /clim/status
[09/08/2026 03:51:54] Xayling GET /clim/status
[09/08/2026 03:52:04] Xayling GET /clim/status
[09/08/2026 03:52:14] Xayling GET /clim/status
[09/08/2026 03:52:24] Xayling GET /clim/status
[09/08/2026 03:52:34] Xayling GET /clim/status
[09/08/2026 03:52:44] Xayling GET /clim/status
[09/08/2026 03:53:45] Xayling GET /clim/status
[09/08/2026 03:54:46] Xayling GET /clim/status
[09/08/2026 03:55:35] Xayling GET /clim/status
[09/08/2026 03:55:35] Xayling GET /temptoday
[09/08/2026 03:55:45] Xayling GET /clim/status
[09/08/2026 03:55:55] Xayling GET /clim/status
[09/08/2026 03:56:05] Xayling GET /clim/status
[09/08/2026 03:56:15] Xayling GET /clim/status
[09/08/2026 03:56:25] Xayling GET /clim/status
[09/08/2026 03:56:35] Xayling GET /clim/status
[09/08/2026 03:56:45] Xayling GET /clim/status
[09/08/2026 03:57:46] Xayling GET /clim/status
[09/08/2026 03:58:47] Xayling GET /clim/status
[09/08/2026 03:59:36] Xayling GET /clim/status
[09/08/2026 03:59:36] Xayling GET /temptoday
[09/08/2026 03:59:46] Xayling GET /clim/status
[09/08/2026 03:59:56] Xayling GET /clim/status
[09/08/2026 04:00:06] Xayling GET /clim/status
[09/08/2026 04:00:16] Xayling GET /clim/status
[09/08/2026 04:00:26] Xayling GET /clim/status
[09/08/2026 04:00:38] Xayling GET /clim/status
[09/08/2026 04:00:46] Xayling GET /clim/status
[09/08/2026 04:01:47] Xayling GET /clim/status
[09/08/2026 04:02:48] Xayling GET /clim/status
[09/08/2026 04:03:37] Xayling GET /clim/status
[09/08/2026 04:03:37] Xayling GET /temptoday
[09/08/2026 04:03:47] Xayling GET /clim/status
[09/08/2026 04:03:57] Xayling GET /clim/status
[09/08/2026 04:04:07] Xayling GET /clim/status
[09/08/2026 04:04:17] Xayling GET /clim/status
[09/08/2026 04:04:27] Xayling GET /clim/status
[09/08/2026 04:04:37] Xayling GET /clim/status
[09/08/2026 04:04:47] Xayling GET /clim/status
[09/08/2026 04:05:48] Xayling GET /clim/status
[09/08/2026 04:06:49] Xayling GET /clim/status
[09/08/2026 04:07:38] Xayling GET /clim/status
[09/08/2026 04:07:38] Xayling GET /temptoday
[09/08/2026 04:07:48] Xayling GET /clim/status
[09/08/2026 04:07:58] Xayling GET /clim/status
[09/08/2026 04:08:08] Xayling GET /clim/status
[09/08/2026 04:08:18] Xayling GET /clim/status
[09/08/2026 04:08:28] Xayling GET /clim/status
[09/08/2026 04:08:38] Xayling GET /clim/status
[09/08/2026 04:08:48] Xayling GET /clim/status
[09/08/2026 04:09:49] Xayling GET /clim/status
[09/08/2026 04:10:50] Xayling GET /clim/status
[09/08/2026 04:11:39] Xayling GET /clim/status
[09/08/2026 04:11:39] Xayling GET /temptoday
[09/08/2026 04:11:49] Xayling GET /clim/status
[09/08/2026 04:11:59] Xayling GET /clim/status
[09/08/2026 04:12:09] Xayling GET /clim/status
[09/08/2026 04:12:19] Xayling GET /clim/status
[09/08/2026 04:12:29] Xayling GET /clim/status
[09/08/2026 04:12:39] Xayling GET /clim/status
[09/08/2026 04:12:49] Xayling GET /clim/status
[09/08/2026 04:13:50] Xayling GET /clim/status
[09/08/2026 04:14:51] Xayling GET /clim/status
[09/08/2026 04:15:40] Xayling GET /clim/status
[09/08/2026 04:15:40] Xayling GET /temptoday
[09/08/2026 04:15:50] Xayling GET /clim/status
[09/08/2026 04:16:00] Xayling GET /clim/status
[09/08/2026 04:16:10] Xayling GET /clim/status
[09/08/2026 04:16:20] Xayling GET /clim/status
[09/08/2026 04:16:30] Xayling GET /clim/status
[09/08/2026 04:16:40] Xayling GET /clim/status
[09/08/2026 04:16:50] Xayling GET /clim/status
[09/08/2026 04:17:51] Xayling GET /clim/status
[09/08/2026 04:18:51] Xayling GET /clim/status
[09/08/2026 04:19:41] Xayling GET /clim/status
[09/08/2026 04:19:41] Xayling GET /temptoday
[09/08/2026 04:19:51] Xayling GET /clim/status
[09/08/2026 04:20:01] Xayling GET /clim/status
[09/08/2026 04:20:11] Xayling GET /clim/status
[09/08/2026 04:20:21] Xayling GET /clim/status
[09/08/2026 04:20:31] Xayling GET /clim/status
[09/08/2026 04:20:41] Xayling GET /clim/status
[09/08/2026 04:20:54] Xayling GET /clim/status
[09/08/2026 04:21:51] Xayling GET /clim/status
[09/08/2026 04:22:51] Xayling GET /clim/status
[09/08/2026 04:23:42] Xayling GET /clim/status
[09/08/2026 04:23:42] Xayling GET /temptoday
[09/08/2026 04:23:52] Xayling GET /clim/status
[09/08/2026 04:24:02] Xayling GET /clim/status
[09/08/2026 04:24:12] Xayling GET /clim/status
[09/08/2026 04:24:22] Xayling GET /clim/status
[09/08/2026 04:24:32] Xayling GET /clim/status
[09/08/2026 04:24:42] Xayling GET /clim/status
[09/08/2026 04:24:52] Xayling GET /clim/status
[09/08/2026 04:25:51] Xayling GET /clim/status
[09/08/2026 04:26:51] Xayling GET /clim/status
[09/08/2026 04:27:43] Xayling GET /clim/status
[09/08/2026 04:27:43] Xayling GET /temptoday
[09/08/2026 04:27:53] Xayling GET /clim/status
[09/08/2026 04:28:03] Xayling GET /clim/status
[09/08/2026 04:28:13] Xayling GET /clim/status
[09/08/2026 04:28:23] Xayling GET /clim/status
[09/08/2026 04:28:33] Xayling GET /clim/status
[09/08/2026 04:28:43] Xayling GET /clim/status
[09/08/2026 04:28:53] Xayling GET /clim/status
[09/08/2026 04:29:51] Xayling GET /clim/status
[09/08/2026 04:30:51] Xayling GET /clim/status
[09/08/2026 04:31:44] Xayling GET /clim/status
[09/08/2026 04:31:44] Xayling GET /temptoday
[09/08/2026 04:31:54] Xayling GET /clim/status
[09/08/2026 04:32:04] Xayling GET /clim/status
[09/08/2026 04:32:14] Xayling GET /clim/status
[09/08/2026 04:32:24] Xayling GET /clim/status
[09/08/2026 04:32:34] Xayling GET /clim/status
[09/08/2026 04:32:44] Xayling GET /clim/status
[09/08/2026 04:32:54] Xayling GET /clim/status
[09/08/2026 04:33:51] Xayling GET /clim/status
[09/08/2026 04:34:51] Xayling GET /clim/status
[09/08/2026 04:35:45] Xayling GET /clim/status
[09/08/2026 04:35:45] Xayling GET /temptoday
[09/08/2026 04:35:55] Xayling GET /clim/status
[09/08/2026 04:36:05] Xayling GET /clim/status
[09/08/2026 04:36:15] Xayling GET /clim/status
[09/08/2026 04:36:25] Xayling GET /clim/status
[09/08/2026 04:36:35] Xayling GET /clim/status
[09/08/2026 04:36:45] Xayling GET /clim/status
[09/08/2026 04:36:55] Xayling GET /clim/status
[09/08/2026 04:37:51] Xayling GET /clim/status
[09/08/2026 04:38:51] Xayling GET /clim/status
[09/08/2026 04:39:03] Parents GET /temptoday
[09/08/2026 04:39:03] Parents GET /clim/status
[09/08/2026 04:39:07] Parents PUT /clim/set
[09/08/2026 04:39:13] Parents GET /clim/status
[09/08/2026 04:39:19] Parents GET /clim/status
[09/08/2026 04:39:26] Parents GET /clim/status
[09/08/2026 04:39:33] Parents GET /clim/status
[09/08/2026 04:39:43] Parents GET /clim/status
[09/08/2026 04:39:46] Xayling GET /temptoday
[09/08/2026 04:39:46] Xayling GET /clim/status
[09/08/2026 04:39:53] Parents GET /clim/status
[09/08/2026 04:39:56] Xayling GET /clim/status
[09/08/2026 04:40:03] Parents GET /clim/status
[09/08/2026 04:40:06] Xayling GET /clim/status
[09/08/2026 04:40:13] Parents GET /clim/status
[09/08/2026 04:40:16] Xayling GET /clim/status
[09/08/2026 04:40:23] Parents GET /clim/status
[09/08/2026 04:40:26] Xayling GET /clim/status
[09/08/2026 04:40:36] Xayling GET /clim/status
[09/08/2026 04:40:46] Xayling GET /clim/status
[09/08/2026 04:40:56] Xayling GET /clim/status
[09/08/2026 04:41:51] Xayling GET /clim/status
[09/08/2026 04:42:51] Xayling GET /clim/status
[09/08/2026 04:43:47] Xayling GET /clim/status
[09/08/2026 04:43:47] Xayling GET /temptoday
[09/08/2026 04:43:57] Xayling GET /clim/status
[09/08/2026 04:44:07] Xayling GET /clim/status
[09/08/2026 04:44:17] Xayling GET /clim/status
[09/08/2026 04:44:27] Xayling GET /clim/status
[09/08/2026 04:44:37] Xayling GET /clim/status
[09/08/2026 04:44:47] Xayling GET /clim/status
[09/08/2026 04:44:57] Xayling GET /clim/status
[09/08/2026 04:45:51] Xayling GET /clim/status
[09/08/2026 04:46:51] Xayling GET /clim/status
[09/08/2026 04:47:48] Xayling GET /clim/status
[09/08/2026 04:47:48] Xayling GET /temptoday
[09/08/2026 04:47:58] Xayling GET /clim/status
[09/08/2026 04:48:08] Xayling GET /clim/status
[09/08/2026 04:48:18] Xayling GET /clim/status
[09/08/2026 04:48:28] Xayling GET /clim/status
[09/08/2026 04:48:38] Xayling GET /clim/status
[09/08/2026 04:48:48] Xayling GET /clim/status
[09/08/2026 04:48:58] Xayling GET /clim/status
[09/08/2026 04:49:51] Xayling GET /clim/status
[09/08/2026 04:50:51] Xayling GET /clim/status
[09/08/2026 04:51:49] Xayling GET /clim/status
[09/08/2026 04:51:49] Xayling GET /temptoday
[09/08/2026 04:51:59] Xayling GET /clim/status
[09/08/2026 04:52:09] Xayling GET /clim/status
[09/08/2026 04:52:19] Xayling GET /clim/status
[09/08/2026 04:52:29] Xayling GET /clim/status
[09/08/2026 04:52:39] Xayling GET /clim/status
[09/08/2026 04:52:51] Xayling GET /clim/status
[09/08/2026 04:52:59] Xayling GET /clim/status
[09/08/2026 04:53:51] Xayling GET /clim/status
[09/08/2026 04:54:51] Xayling GET /clim/status
[09/08/2026 04:55:50] Xayling GET /clim/status
[09/08/2026 04:55:50] Xayling GET /temptoday
[09/08/2026 04:56:00] Xayling GET /clim/status
[09/08/2026 04:56:10] Xayling GET /clim/status
[09/08/2026 04:56:20] Xayling GET /clim/status
[09/08/2026 04:56:30] Xayling GET /clim/status
[09/08/2026 04:56:40] Xayling GET /clim/status
[09/08/2026 04:56:50] Xayling GET /clim/status
[09/08/2026 04:57:01] Xayling GET /clim/status
[09/08/2026 04:57:51] Xayling GET /clim/status
[09/08/2026 04:58:51] Xayling GET /clim/status
[09/08/2026 04:59:51] Xayling GET /clim/status
[09/08/2026 04:59:51] Xayling GET /temptoday
[09/08/2026 05:00:01] Xayling GET /clim/status
[09/08/2026 05:00:11] Xayling GET /clim/status
[09/08/2026 05:00:21] Xayling GET /clim/status
[09/08/2026 05:00:31] Xayling GET /clim/status
[09/08/2026 05:00:41] Xayling GET /clim/status
[09/08/2026 05:00:51] Xayling GET /clim/status
[09/08/2026 05:01:01] Xayling GET /clim/status
[09/08/2026 05:01:51] Xayling GET /clim/status
[09/08/2026 05:02:51] Xayling GET /clim/status
[09/08/2026 05:03:51] Xayling GET /clim/status
[09/08/2026 05:04:51] Xayling GET /clim/status
[09/08/2026 05:04:52] Xayling GET /temptoday
[09/08/2026 05:04:52] Xayling GET /clim/status
[09/08/2026 05:05:02] Xayling GET /clim/status
[09/08/2026 05:05:12] Xayling GET /clim/status
[09/08/2026 05:05:22] Xayling GET /clim/status
[09/08/2026 05:05:32] Xayling GET /clim/status
[09/08/2026 05:05:42] Xayling GET /clim/status
[09/08/2026 05:05:52] Xayling GET /clim/status
[09/08/2026 05:06:02] Xayling GET /clim/status
[09/08/2026 05:06:51] Xayling GET /clim/status
[09/08/2026 05:07:51] Xayling GET /clim/status
[09/08/2026 05:08:51] Xayling GET /clim/status
[09/08/2026 05:09:51] Xayling GET /clim/status
[09/08/2026 05:10:52] Xayling GET /clim/status
[09/08/2026 05:10:52] Xayling GET /temptoday
[09/08/2026 05:10:52] Xayling GET /clim/status
[09/08/2026 05:11:02] Xayling GET /clim/status
[09/08/2026 05:11:12] Xayling GET /clim/status
[09/08/2026 05:11:22] Xayling GET /clim/status
[09/08/2026 05:11:32] Xayling GET /clim/status
[09/08/2026 05:11:42] Xayling GET /clim/status
[09/08/2026 05:11:52] Xayling GET /clim/status
[09/08/2026 05:12:02] Xayling GET /clim/status
[09/08/2026 05:12:51] Xayling GET /clim/status
[09/08/2026 05:13:51] Xayling GET /clim/status
[09/08/2026 05:14:51] Xayling GET /clim/status
[09/08/2026 05:15:51] Xayling GET /clim/status
[09/08/2026 05:16:51] Xayling GET /clim/status
[09/08/2026 05:16:52] Xayling GET /temptoday
[09/08/2026 05:16:52] Xayling GET /clim/status
[09/08/2026 05:17:02] Xayling GET /clim/status
[09/08/2026 05:17:12] Xayling GET /clim/status
[09/08/2026 05:17:22] Xayling GET /clim/status
[09/08/2026 05:17:32] Xayling GET /clim/status
[09/08/2026 05:17:42] Xayling GET /clim/status
[09/08/2026 05:17:52] Xayling GET /clim/status
[09/08/2026 05:18:02] Xayling GET /clim/status
[09/08/2026 05:18:51] Xayling GET /clim/status
[09/08/2026 05:19:51] Xayling GET /clim/status
[09/08/2026 05:20:51] Xayling GET /clim/status
[09/08/2026 05:21:51] Xayling GET /clim/status
[09/08/2026 05:21:52] Xayling GET /temptoday
[09/08/2026 05:21:52] Xayling GET /clim/status
[09/08/2026 05:22:02] Xayling GET /clim/status
[09/08/2026 05:22:12] Xayling GET /clim/status
[09/08/2026 05:22:22] Xayling GET /clim/status
[09/08/2026 05:22:32] Xayling GET /clim/status
[09/08/2026 05:22:42] Xayling GET /clim/status
[09/08/2026 05:22:52] Xayling GET /clim/status
[09/08/2026 05:23:02] Xayling GET /clim/status
[09/08/2026 05:23:51] Xayling GET /clim/status
[09/08/2026 05:24:51] Xayling GET /clim/status
[09/08/2026 05:25:51] Xayling GET /clim/status
[09/08/2026 05:26:51] Xayling GET /clim/status
[09/08/2026 05:27:51] Xayling GET /clim/status
[09/08/2026 05:28:51] Xayling GET /clim/status
[09/08/2026 05:29:51] Xayling GET /clim/status
[09/08/2026 05:30:52] Xayling GET /clim/status
[09/08/2026 05:30:52] Xayling GET /temptoday
[09/08/2026 05:30:52] Xayling GET /clim/status
[09/08/2026 05:31:02] Xayling GET /clim/status
[09/08/2026 05:31:12] Xayling GET /clim/status
[09/08/2026 05:31:22] Xayling GET /clim/status
[09/08/2026 05:31:32] Xayling GET /clim/status
[09/08/2026 05:31:42] Xayling GET /clim/status
[09/08/2026 05:31:52] Xayling GET /clim/status
[09/08/2026 05:32:02] Xayling GET /clim/status
[09/08/2026 05:32:51] Xayling GET /clim/status
[09/08/2026 05:33:51] Xayling GET /clim/status
[09/08/2026 05:34:52] Xayling GET /clim/status
[09/08/2026 05:35:51] Xayling GET /clim/status
[09/08/2026 05:36:51] Xayling GET /clim/status
[09/08/2026 05:37:51] Xayling GET /clim/status
[09/08/2026 05:38:52] Xayling GET /clim/status
[09/08/2026 05:39:51] Xayling GET /clim/status
[09/08/2026 05:40:51] Xayling GET /clim/status
[09/08/2026 05:41:52] Xayling GET /clim/status
[09/08/2026 05:41:52] Xayling GET /temptoday
[09/08/2026 05:41:52] Xayling GET /clim/status
[09/08/2026 05:42:02] Xayling GET /clim/status
[09/08/2026 05:42:12] Xayling GET /clim/status
[09/08/2026 05:42:22] Xayling GET /clim/status
[09/08/2026 05:42:32] Xayling GET /clim/status
[09/08/2026 05:42:42] Xayling GET /clim/status
[09/08/2026 05:42:52] Xayling GET /clim/status
[09/08/2026 05:43:02] Xayling GET /clim/status
[09/08/2026 05:43:51] Xayling GET /clim/status
[09/08/2026 05:44:51] Xayling GET /clim/status
[09/08/2026 05:45:51] Xayling GET /clim/status
[09/08/2026 05:46:51] Xayling GET /clim/status
[09/08/2026 05:47:52] Xayling GET /clim/status
[09/08/2026 05:47:52] Xayling GET /temptoday
[09/08/2026 05:47:52] Xayling GET /clim/status
[09/08/2026 05:48:02] Xayling GET /clim/status
[09/08/2026 05:48:12] Xayling GET /clim/status
[09/08/2026 05:48:22] Xayling GET /clim/status
[09/08/2026 05:48:32] Xayling GET /clim/status
[09/08/2026 05:48:42] Xayling GET /clim/status
[09/08/2026 05:48:52] Xayling GET /clim/status
[09/08/2026 05:49:02] Xayling GET /clim/status
[09/08/2026 05:49:51] Xayling GET /clim/status
[09/08/2026 05:50:51] Xayling GET /clim/status
[09/08/2026 05:51:51] Xayling GET /clim/status
[09/08/2026 05:52:51] Xayling GET /clim/status
[09/08/2026 05:52:52] Xayling GET /temptoday
[09/08/2026 05:52:52] Xayling GET /clim/status
[09/08/2026 05:53:02] Xayling GET /clim/status
[09/08/2026 05:53:12] Xayling GET /clim/status
[09/08/2026 05:53:22] Xayling GET /clim/status
[09/08/2026 05:53:32] Xayling GET /clim/status
[09/08/2026 05:53:42] Xayling GET /clim/status
[09/08/2026 05:53:52] Xayling GET /clim/status
[09/08/2026 05:54:02] Xayling GET /clim/status
[09/08/2026 05:54:51] Xayling GET /clim/status
[09/08/2026 05:55:51] Xayling GET /clim/status
[09/08/2026 05:56:51] Xayling GET /clim/status
[09/08/2026 05:57:52] Xayling GET /clim/status
[09/08/2026 05:58:51] Xayling GET /clim/status
[09/08/2026 05:59:51] Xayling GET /clim/status
[09/08/2026 05:59:52] Xayling GET /temptoday
[09/08/2026 05:59:52] Xayling GET /clim/status
[09/08/2026 06:00:02] Xayling GET /clim/status
[09/08/2026 06:00:12] Xayling GET /clim/status
[09/08/2026 06:00:22] Xayling GET /clim/status
[09/08/2026 06:00:32] Xayling GET /clim/status
[09/08/2026 06:00:42] Xayling GET /clim/status
[09/08/2026 06:00:52] Xayling GET /clim/status
[09/08/2026 06:01:02] Xayling GET /clim/status
[09/08/2026 06:01:51] Xayling GET /clim/status
[09/08/2026 06:02:51] Xayling GET /clim/status
[09/08/2026 06:03:51] Xayling GET /clim/status
[09/08/2026 06:04:51] Xayling GET /clim/status
[09/08/2026 06:05:52] Xayling GET /clim/status
[09/08/2026 06:05:52] Xayling GET /temptoday
[09/08/2026 06:05:52] Xayling GET /clim/status
[09/08/2026 06:06:02] Xayling GET /clim/status
[09/08/2026 06:06:12] Xayling GET /clim/status
[09/08/2026 06:06:22] Xayling GET /clim/status
[09/08/2026 06:06:32] Xayling GET /clim/status
[09/08/2026 06:06:42] Xayling GET /clim/status
[09/08/2026 06:06:52] Xayling GET /clim/status
[09/08/2026 06:07:02] Xayling GET /clim/status
[09/08/2026 06:07:51] Xayling GET /clim/status
[09/08/2026 06:08:51] Xayling GET /clim/status
[09/08/2026 06:09:51] Xayling GET /clim/status
[09/08/2026 06:10:51] Xayling GET /clim/status
[09/08/2026 06:11:52] Xayling GET /clim/status
[09/08/2026 06:11:52] Xayling GET /temptoday
[09/08/2026 06:11:52] Xayling GET /clim/status
[09/08/2026 06:12:02] Xayling GET /clim/status
[09/08/2026 06:12:12] Xayling GET /clim/status
[09/08/2026 06:12:22] Xayling GET /clim/status
[09/08/2026 06:12:32] Xayling GET /clim/status
[09/08/2026 06:12:42] Xayling GET /clim/status
[09/08/2026 06:12:52] Xayling GET /clim/status
[09/08/2026 06:13:02] Xayling GET /clim/status
[09/08/2026 06:13:51] Xayling GET /clim/status
[09/08/2026 06:14:51] Xayling GET /clim/status
[09/08/2026 06:15:51] Xayling GET /clim/status
[09/08/2026 06:16:51] Xayling GET /clim/status
[09/08/2026 06:17:51] Xayling GET /clim/status
[09/08/2026 06:18:52] Xayling GET /clim/status
[09/08/2026 06:18:52] Xayling GET /temptoday
[09/08/2026 06:18:52] Xayling GET /clim/status
[09/08/2026 06:19:02] Xayling GET /clim/status
[09/08/2026 06:19:12] Xayling GET /clim/status
[09/08/2026 06:19:22] Xayling GET /clim/status
[09/08/2026 06:19:32] Xayling GET /clim/status
[09/08/2026 06:19:42] Xayling GET /clim/status
[09/08/2026 06:19:52] Xayling GET /clim/status
[09/08/2026 06:20:02] Xayling GET /clim/status
[09/08/2026 06:20:51] Xayling GET /clim/status
[09/08/2026 06:21:51] Xayling GET /clim/status
[09/08/2026 06:22:51] Xayling GET /clim/status
[09/08/2026 06:23:51] Xayling GET /clim/status
[09/08/2026 06:24:51] Xayling GET /clim/status
[09/08/2026 06:25:51] Xayling GET /clim/status
[09/08/2026 06:25:52] Xayling GET /temptoday
[09/08/2026 06:25:52] Xayling GET /clim/status
[09/08/2026 06:26:02] Xayling GET /clim/status
[09/08/2026 06:26:12] Xayling GET /clim/status
[09/08/2026 06:26:23] Xayling GET /clim/status
[09/08/2026 06:26:32] Xayling GET /clim/status
[09/08/2026 06:26:42] Xayling GET /clim/status
[09/08/2026 06:26:52] Xayling GET /clim/status
[09/08/2026 06:27:02] Xayling GET /clim/status
[09/08/2026 06:27:51] Xayling GET /clim/status
[09/08/2026 06:28:51] Xayling GET /clim/status
[09/08/2026 06:29:51] Xayling GET /clim/status
[09/08/2026 06:30:51] Xayling GET /clim/status
[09/08/2026 06:30:52] Xayling GET /temptoday
[09/08/2026 06:30:52] Xayling GET /clim/status
[09/08/2026 06:31:02] Xayling GET /clim/status
[09/08/2026 06:31:12] Xayling GET /clim/status
[09/08/2026 06:31:22] Xayling GET /clim/status
[09/08/2026 06:31:32] Xayling GET /clim/status
[09/08/2026 06:31:42] Xayling GET /clim/status
[09/08/2026 06:31:52] Xayling GET /clim/status
[09/08/2026 06:32:02] Xayling GET /clim/status
[09/08/2026 06:32:51] Xayling GET /clim/status
[09/08/2026 06:33:51] Xayling GET /clim/status
[09/08/2026 06:34:51] Xayling GET /clim/status
[09/08/2026 06:35:51] Xayling GET /clim/status
[09/08/2026 06:36:51] Xayling GET /clim/status
[09/08/2026 06:36:52] Xayling GET /temptoday
[09/08/2026 06:36:52] Xayling GET /clim/status
[09/08/2026 06:37:02] Xayling GET /clim/status
[09/08/2026 06:37:12] Xayling GET /clim/status
[09/08/2026 06:37:22] Xayling GET /clim/status
[09/08/2026 06:37:32] Xayling GET /clim/status
[09/08/2026 06:37:42] Xayling GET /clim/status
[09/08/2026 06:37:52] Xayling GET /clim/status
[09/08/2026 06:38:02] Xayling GET /clim/status
[09/08/2026 06:38:51] Xayling GET /clim/status
[09/08/2026 06:39:51] Xayling GET /clim/status
[09/08/2026 06:40:51] Xayling GET /clim/status
[09/08/2026 06:41:51] Xayling GET /clim/status
[09/08/2026 06:42:51] Xayling GET /clim/status
[09/08/2026 06:43:51] Xayling GET /clim/status
[09/08/2026 06:44:51] Xayling GET /clim/status
[09/08/2026 06:45:51] Xayling GET /clim/status
[09/08/2026 06:46:51] Xayling GET /clim/status
[09/08/2026 06:46:52] Xayling GET /temptoday
[09/08/2026 06:46:52] Xayling GET /clim/status
[09/08/2026 06:47:02] Xayling GET /clim/status
[09/08/2026 06:47:12] Xayling GET /clim/status
[09/08/2026 06:47:22] Xayling GET /clim/status
[09/08/2026 06:47:32] Xayling GET /clim/status
[09/08/2026 06:47:42] Xayling GET /clim/status
[09/08/2026 06:47:52] Xayling GET /clim/status
[09/08/2026 06:48:02] Xayling GET /clim/status
[09/08/2026 06:48:51] Xayling GET /clim/status
[09/08/2026 06:49:51] Xayling GET /clim/status
[09/08/2026 06:50:51] Xayling GET /clim/status
[09/08/2026 06:51:51] Xayling GET /clim/status
[09/08/2026 06:51:52] Xayling GET /temptoday
[09/08/2026 06:51:52] Xayling GET /clim/status
[09/08/2026 06:52:02] Xayling GET /clim/status
[09/08/2026 06:52:12] Xayling GET /clim/status
[09/08/2026 06:52:22] Xayling GET /clim/status
[09/08/2026 06:52:32] Xayling GET /clim/status
[09/08/2026 06:52:42] Xayling GET /clim/status
[09/08/2026 06:52:52] Xayling GET /clim/status
[09/08/2026 06:53:02] Xayling GET /clim/status
[09/08/2026 06:53:51] Xayling GET /clim/status
[09/08/2026 06:54:51] Xayling GET /clim/status
[09/08/2026 06:55:51] Xayling GET /clim/status
[09/08/2026 06:56:51] Xayling GET /clim/status
[09/08/2026 06:57:51] Xayling GET /clim/status
[09/08/2026 06:58:51] Xayling GET /clim/status
[09/08/2026 06:59:51] Xayling GET /clim/status
[09/08/2026 07:00:51] Xayling GET /clim/status
[09/08/2026 07:01:51] Xayling GET /clim/status
[09/08/2026 07:02:51] Xayling GET /clim/status
[09/08/2026 07:03:51] Xayling GET /clim/status
[09/08/2026 07:04:51] Xayling GET /clim/status
[09/08/2026 07:05:51] Xayling GET /clim/status
[09/08/2026 07:06:51] Xayling GET /clim/status
[09/08/2026 07:06:52] Xayling GET /temptoday
[09/08/2026 07:06:52] Xayling GET /clim/status
[09/08/2026 07:07:02] Xayling GET /clim/status
[09/08/2026 07:07:12] Xayling GET /clim/status
[09/08/2026 07:07:22] Xayling GET /clim/status
[09/08/2026 07:07:32] Xayling GET /clim/status
[09/08/2026 07:07:42] Xayling GET /clim/status
[09/08/2026 07:07:52] Xayling GET /clim/status
[09/08/2026 07:08:02] Xayling GET /clim/status
[09/08/2026 07:08:51] Xayling GET /clim/status
[09/08/2026 07:09:51] Xayling GET /clim/status
[09/08/2026 07:10:51] Xayling GET /clim/status
[09/08/2026 07:11:51] Xayling GET /clim/status
[09/08/2026 07:12:51] Xayling GET /clim/status
[09/08/2026 07:12:52] Xayling GET /temptoday
[09/08/2026 07:12:52] Xayling GET /clim/status
[09/08/2026 07:13:02] Xayling GET /clim/status
[09/08/2026 07:13:12] Xayling GET /clim/status
[09/08/2026 07:13:22] Xayling GET /clim/status
[09/08/2026 07:13:32] Xayling GET /clim/status
[09/08/2026 07:13:42] Xayling GET /clim/status
[09/08/2026 07:13:52] Xayling GET /clim/status
[09/08/2026 07:14:02] Xayling GET /clim/status
[09/08/2026 07:14:51] Xayling GET /clim/status
[09/08/2026 07:15:51] Xayling GET /clim/status
[09/08/2026 07:16:51] Xayling GET /clim/status
[09/08/2026 07:17:51] Xayling GET /clim/status
[09/08/2026 07:18:51] Xayling GET /clim/status
[09/08/2026 07:18:52] Xayling GET /temptoday
[09/08/2026 07:18:52] Xayling GET /clim/status
[09/08/2026 07:19:02] Xayling GET /clim/status
[09/08/2026 07:19:12] Xayling GET /clim/status
[09/08/2026 07:19:22] Xayling GET /clim/status
[09/08/2026 07:19:32] Xayling GET /clim/status
[09/08/2026 07:19:42] Xayling GET /clim/status
[09/08/2026 07:19:52] Xayling GET /clim/status
[09/08/2026 07:20:02] Xayling GET /clim/status
[09/08/2026 07:20:51] Xayling GET /clim/status
[09/08/2026 07:21:51] Xayling GET /clim/status
[09/08/2026 07:22:51] Xayling GET /clim/status
[09/08/2026 07:23:51] Xayling GET /clim/status
[09/08/2026 07:23:52] Xayling GET /temptoday
[09/08/2026 07:23:52] Xayling GET /clim/status
[09/08/2026 07:24:02] Xayling GET /clim/status
[09/08/2026 07:24:12] Xayling GET /clim/status
[09/08/2026 07:24:22] Xayling GET /clim/status
[09/08/2026 07:24:32] Xayling GET /clim/status
[09/08/2026 07:24:42] Xayling GET /clim/status
[09/08/2026 07:24:52] Xayling GET /clim/status
[09/08/2026 07:25:02] Xayling GET /clim/status
[09/08/2026 07:25:51] Xayling GET /clim/status
[09/08/2026 07:26:51] Xayling GET /clim/status
[09/08/2026 07:27:51] Xayling GET /clim/status
[09/08/2026 07:28:51] Xayling GET /clim/status
[09/08/2026 07:29:51] Xayling GET /clim/status
[09/08/2026 07:30:51] Xayling GET /clim/status
[09/08/2026 07:31:51] Xayling GET /clim/status
[09/08/2026 07:32:51] Xayling GET /clim/status
[09/08/2026 07:33:51] Xayling GET /clim/status
[09/08/2026 07:33:52] Xayling GET /temptoday
[09/08/2026 07:33:52] Xayling GET /clim/status
[09/08/2026 07:34:02] Xayling GET /clim/status
[09/08/2026 07:34:12] Xayling GET /clim/status
[09/08/2026 07:34:22] Xayling GET /clim/status
[09/08/2026 07:34:32] Xayling GET /clim/status
[09/08/2026 07:34:42] Xayling GET /clim/status
[09/08/2026 07:34:52] Xayling GET /clim/status
[09/08/2026 07:35:02] Xayling GET /clim/status
[09/08/2026 07:35:51] Xayling GET /clim/status
[09/08/2026 07:36:51] Xayling GET /clim/status
[09/08/2026 07:37:51] Xayling GET /clim/status
[09/08/2026 07:38:51] Xayling GET /clim/status
[09/08/2026 07:39:51] Xayling GET /clim/status
[09/08/2026 07:39:52] Xayling GET /temptoday
[09/08/2026 07:39:52] Xayling GET /clim/status
[09/08/2026 07:40:02] Xayling GET /clim/status
[09/08/2026 07:40:12] Xayling GET /clim/status
[09/08/2026 07:40:22] Xayling GET /clim/status
[09/08/2026 07:40:32] Xayling GET /clim/status
[09/08/2026 07:40:42] Xayling GET /clim/status
[09/08/2026 07:40:52] Xayling GET /clim/status
[09/08/2026 07:41:02] Xayling GET /clim/status
[09/08/2026 07:41:51] Xayling GET /clim/status
[09/08/2026 07:42:51] Xayling GET /clim/status
[09/08/2026 07:43:51] Xayling GET /clim/status
[09/08/2026 07:44:51] Xayling GET /clim/status
[09/08/2026 07:45:51] Xayling GET /clim/status
[09/08/2026 07:45:52] Xayling GET /temptoday
[09/08/2026 07:45:52] Xayling GET /clim/status
[09/08/2026 07:46:02] Xayling GET /clim/status
[09/08/2026 07:46:12] Xayling GET /clim/status
[09/08/2026 07:46:22] Xayling GET /clim/status
[09/08/2026 07:46:32] Xayling GET /clim/status
[09/08/2026 07:46:42] Xayling GET /clim/status
[09/08/2026 07:46:52] Xayling GET /clim/status
[09/08/2026 07:47:02] Xayling GET /clim/status
[09/08/2026 07:47:51] Xayling GET /clim/status
[09/08/2026 07:48:51] Xayling GET /clim/status
[09/08/2026 07:49:51] Xayling GET /clim/status
[09/08/2026 07:50:51] Xayling GET /clim/status
[09/08/2026 07:51:51] Xayling GET /clim/status
[09/08/2026 07:52:51] Xayling GET /clim/status
[09/08/2026 07:53:51] Xayling GET /clim/status
[09/08/2026 07:54:51] Xayling GET /clim/status
[09/08/2026 07:54:52] Xayling GET /temptoday
[09/08/2026 07:54:52] Xayling GET /clim/status
[09/08/2026 07:55:02] Xayling GET /clim/status
[09/08/2026 07:55:12] Xayling GET /clim/status
[09/08/2026 07:55:22] Xayling GET /clim/status
[09/08/2026 07:55:32] Xayling GET /clim/status
[09/08/2026 07:55:42] Xayling GET /clim/status
[09/08/2026 07:55:52] Xayling GET /clim/status
[09/08/2026 07:56:02] Xayling GET /clim/status
[09/08/2026 07:56:51] Xayling GET /clim/status
[09/08/2026 07:57:51] Xayling GET /clim/status
[09/08/2026 07:58:51] Xayling GET /clim/status
[09/08/2026 07:59:51] Xayling GET /clim/status
[09/08/2026 08:00:51] Xayling GET /clim/status
[09/08/2026 08:01:51] Xayling GET /clim/status
[09/08/2026 08:02:51] Xayling GET /clim/status
[09/08/2026 08:02:51] Xayling GET /temptoday
[09/08/2026 08:02:51] Xayling GET /clim/status
[09/08/2026 08:03:02] Xayling GET /clim/status
[09/08/2026 08:03:12] Xayling GET /clim/status
[09/08/2026 08:03:22] Xayling GET /clim/status
[09/08/2026 08:03:32] Xayling GET /clim/status
[09/08/2026 08:03:42] Xayling GET /clim/status
[09/08/2026 08:03:52] Xayling GET /clim/status
[09/08/2026 08:04:02] Xayling GET /clim/status
[09/08/2026 08:04:51] Xayling GET /clim/status
[09/08/2026 08:05:51] Xayling GET /clim/status
[09/08/2026 08:06:51] Xayling GET /clim/status
[09/08/2026 08:07:51] Xayling GET /clim/status
[09/08/2026 08:08:51] Xayling GET /clim/status
[09/08/2026 08:08:52] Xayling GET /temptoday
[09/08/2026 08:08:52] Xayling GET /clim/status
[09/08/2026 08:09:02] Xayling GET /clim/status
[09/08/2026 08:09:12] Xayling GET /clim/status
[09/08/2026 08:09:22] Xayling GET /clim/status
[09/08/2026 08:09:32] Xayling GET /clim/status
[09/08/2026 08:09:42] Xayling GET /clim/status
[09/08/2026 08:09:52] Xayling GET /clim/status
[09/08/2026 08:10:02] Xayling GET /clim/status
[09/08/2026 08:10:51] Xayling GET /clim/status
[09/08/2026 08:11:51] Xayling GET /clim/status
[09/08/2026 08:12:51] Xayling GET /clim/status
[09/08/2026 08:13:51] Xayling GET /clim/status
[09/08/2026 08:14:51] Xayling GET /clim/status
[09/08/2026 08:15:51] Xayling GET /clim/status
[09/08/2026 08:16:51] Xayling GET /clim/status
[09/08/2026 08:16:52] Xayling GET /temptoday
[09/08/2026 08:16:52] Xayling GET /clim/status
[09/08/2026 08:17:02] Xayling GET /clim/status
[09/08/2026 08:17:12] Xayling GET /clim/status
[09/08/2026 08:17:22] Xayling GET /clim/status
[09/08/2026 08:17:32] Xayling GET /clim/status
[09/08/2026 08:17:42] Xayling GET /clim/status
[09/08/2026 08:17:52] Xayling GET /clim/status
[09/08/2026 08:18:02] Xayling GET /clim/status
[09/08/2026 08:18:51] Xayling GET /clim/status
[09/08/2026 08:19:51] Xayling GET /clim/status
[09/08/2026 08:20:51] Xayling GET /clim/status
[09/08/2026 08:21:51] Xayling GET /clim/status
[09/08/2026 08:21:52] Xayling GET /temptoday
[09/08/2026 08:21:52] Xayling GET /clim/status
[09/08/2026 08:22:02] Xayling GET /clim/status
[09/08/2026 08:22:12] Xayling GET /clim/status
[09/08/2026 08:22:22] Xayling GET /clim/status
[09/08/2026 08:22:32] Xayling GET /clim/status
[09/08/2026 08:22:42] Xayling GET /clim/status
[09/08/2026 08:22:52] Xayling GET /clim/status
[09/08/2026 08:23:02] Xayling GET /clim/status
[09/08/2026 08:23:51] Xayling GET /clim/status
[09/08/2026 08:24:51] Xayling GET /clim/status
[09/08/2026 08:25:51] Xayling GET /clim/status
[09/08/2026 08:26:51] Xayling GET /clim/status
[09/08/2026 08:27:51] Xayling GET /clim/status
[09/08/2026 08:27:52] Xayling GET /temptoday
[09/08/2026 08:27:52] Xayling GET /clim/status
[09/08/2026 08:28:02] Xayling GET /clim/status
[09/08/2026 08:28:12] Xayling GET /clim/status
[09/08/2026 08:28:22] Xayling GET /clim/status
[09/08/2026 08:28:32] Xayling GET /clim/status
[09/08/2026 08:28:42] Xayling GET /clim/status
[09/08/2026 08:28:52] Xayling GET /clim/status
[09/08/2026 08:29:02] Xayling GET /clim/status
[09/08/2026 08:29:51] Xayling GET /clim/status
[09/08/2026 08:30:51] Xayling GET /clim/status
[09/08/2026 08:31:51] Xayling GET /clim/status
[09/08/2026 08:32:51] Xayling GET /clim/status
[09/08/2026 08:32:51] Xayling GET /temptoday
[09/08/2026 08:32:51] Xayling GET /clim/status
[09/08/2026 08:33:02] Xayling GET /clim/status
[09/08/2026 08:33:12] Xayling GET /clim/status
[09/08/2026 08:33:22] Xayling GET /clim/status
[09/08/2026 08:33:32] Xayling GET /clim/status
[09/08/2026 08:33:42] Xayling GET /clim/status
[09/08/2026 08:33:52] Xayling GET /clim/status
[09/08/2026 08:34:02] Xayling GET /clim/status
[09/08/2026 08:34:51] Xayling GET /clim/status
[09/08/2026 08:35:51] Xayling GET /clim/status
[09/08/2026 08:36:51] Xayling GET /clim/status
[09/08/2026 08:37:51] Xayling GET /clim/status
[09/08/2026 08:38:51] Xayling GET /clim/status
[09/08/2026 08:39:51] Xayling GET /clim/status
[09/08/2026 08:39:52] Xayling GET /temptoday
[09/08/2026 08:39:52] Xayling GET /clim/status
[09/08/2026 08:40:02] Xayling GET /clim/status
[09/08/2026 08:40:12] Xayling GET /clim/status
[09/08/2026 08:40:22] Xayling GET /clim/status
[09/08/2026 08:40:32] Xayling GET /clim/status
[09/08/2026 08:40:42] Xayling GET /clim/status
[09/08/2026 08:40:52] Xayling GET /clim/status
[09/08/2026 08:41:02] Xayling GET /clim/status
[09/08/2026 08:41:51] Xayling GET /clim/status
[09/08/2026 08:42:51] Xayling GET /clim/status
[09/08/2026 08:43:51] Xayling GET /clim/status
[09/08/2026 08:44:51] Xayling GET /clim/status
[09/08/2026 08:45:51] Xayling GET /clim/status
[09/08/2026 08:45:52] Xayling GET /temptoday
[09/08/2026 08:45:52] Xayling GET /clim/status
[09/08/2026 08:46:02] Xayling GET /clim/status
[09/08/2026 08:46:12] Xayling GET /clim/status
[09/08/2026 08:46:22] Xayling GET /clim/status
[09/08/2026 08:46:32] Xayling GET /clim/status
[09/08/2026 08:46:42] Xayling GET /clim/status
[09/08/2026 08:46:52] Xayling GET /clim/status
[09/08/2026 08:47:02] Xayling GET /clim/status
[09/08/2026 08:47:51] Xayling GET /clim/status
[09/08/2026 08:48:51] Xayling GET /clim/status
[09/08/2026 08:49:51] Xayling GET /clim/status
[09/08/2026 08:50:51] Xayling GET /clim/status
[09/08/2026 08:51:51] Xayling GET /clim/status
[09/08/2026 08:51:52] Xayling GET /temptoday
[09/08/2026 08:51:52] Xayling GET /clim/status
[09/08/2026 08:52:02] Xayling GET /clim/status
[09/08/2026 08:52:12] Xayling GET /clim/status
[09/08/2026 08:52:22] Xayling GET /clim/status
[09/08/2026 08:52:32] Xayling GET /clim/status
[09/08/2026 08:52:42] Xayling GET /clim/status
[09/08/2026 08:52:52] Xayling GET /clim/status
[09/08/2026 08:53:02] Xayling GET /clim/status
[09/08/2026 08:53:51] Xayling GET /clim/status
[09/08/2026 08:54:51] Xayling GET /clim/status
[09/08/2026 08:55:51] Xayling GET /clim/status
[09/08/2026 08:56:51] Xayling GET /clim/status
[09/08/2026 08:57:51] Xayling GET /clim/status
[09/08/2026 08:58:51] Xayling GET /clim/status
[09/08/2026 08:58:52] Xayling GET /temptoday
[09/08/2026 08:58:52] Xayling GET /clim/status
[09/08/2026 08:59:02] Xayling GET /clim/status
[09/08/2026 08:59:12] Xayling GET /clim/status
[09/08/2026 08:59:22] Xayling GET /clim/status
[09/08/2026 08:59:32] Xayling GET /clim/status
[09/08/2026 08:59:42] Xayling GET /clim/status
[09/08/2026 08:59:52] Xayling GET /clim/status
[09/08/2026 09:00:02] Xayling GET /clim/status
[09/08/2026 09:00:51] Xayling GET /clim/status
[09/08/2026 09:01:51] Xayling GET /clim/status
[09/08/2026 09:02:51] Xayling GET /clim/status
[09/08/2026 09:03:51] Xayling GET /clim/status
[09/08/2026 09:04:51] Xayling GET /clim/status
[09/08/2026 09:05:51] Xayling GET /clim/status
[09/08/2026 09:05:52] Xayling GET /temptoday
[09/08/2026 09:05:52] Xayling GET /clim/status
[09/08/2026 09:06:02] Xayling GET /clim/status
[09/08/2026 09:06:12] Xayling GET /clim/status
[09/08/2026 09:06:22] Xayling GET /clim/status
[09/08/2026 09:06:32] Xayling GET /clim/status
[09/08/2026 09:06:42] Xayling GET /clim/status
[09/08/2026 09:06:52] Xayling GET /clim/status
[09/08/2026 09:07:02] Xayling GET /clim/status
[09/08/2026 09:07:51] Xayling GET /clim/status
[09/08/2026 09:08:51] Xayling GET /clim/status
[09/08/2026 09:09:51] Xayling GET /clim/status
[09/08/2026 09:10:51] Xayling GET /clim/status
[09/08/2026 09:10:52] Xayling GET /temptoday
[09/08/2026 09:10:52] Xayling GET /clim/status
[09/08/2026 09:11:02] Xayling GET /clim/status
[09/08/2026 09:11:12] Xayling GET /clim/status
[09/08/2026 09:11:22] Xayling GET /clim/status
[09/08/2026 09:11:32] Xayling GET /clim/status
[09/08/2026 09:11:42] Xayling GET /clim/status
[09/08/2026 09:11:52] Xayling GET /clim/status
[09/08/2026 09:12:02] Xayling GET /clim/status
[09/08/2026 09:12:51] Xayling GET /clim/status
[09/08/2026 09:13:51] Xayling GET /clim/status
[09/08/2026 09:14:51] Xayling GET /clim/status
[09/08/2026 09:15:51] Xayling GET /clim/status
[09/08/2026 09:16:51] Xayling GET /clim/status
[09/08/2026 09:17:51] Xayling GET /clim/status
[09/08/2026 09:17:52] Xayling GET /temptoday
[09/08/2026 09:17:52] Xayling GET /clim/status
[09/08/2026 09:18:02] Xayling GET /clim/status
[09/08/2026 09:18:12] Xayling GET /clim/status
[09/08/2026 09:18:22] Xayling GET /clim/status
[09/08/2026 09:18:32] Xayling GET /clim/status
[09/08/2026 09:18:42] Xayling GET /clim/status
[09/08/2026 09:18:52] Xayling GET /clim/status
[09/08/2026 09:19:02] Xayling GET /clim/status
[09/08/2026 09:19:51] Xayling GET /clim/status
[09/08/2026 09:20:51] Xayling GET /clim/status
[09/08/2026 09:21:51] Xayling GET /clim/status
[09/08/2026 09:22:51] Xayling GET /clim/status
[09/08/2026 09:23:51] Xayling GET /clim/status
[09/08/2026 09:24:51] Xayling GET /clim/status
[09/08/2026 09:25:52] Xayling GET /clim/status
[09/08/2026 09:25:52] Xayling GET /temptoday
[09/08/2026 09:25:52] Xayling GET /clim/status
[09/08/2026 09:26:02] Xayling GET /clim/status
[09/08/2026 09:26:12] Xayling GET /clim/status
[09/08/2026 09:26:22] Xayling GET /clim/status
[09/08/2026 09:26:32] Xayling GET /clim/status
[09/08/2026 09:26:42] Xayling GET /clim/status
[09/08/2026 09:26:52] Xayling GET /clim/status
[09/08/2026 09:27:02] Xayling GET /clim/status
[09/08/2026 09:27:51] Xayling GET /clim/status
[09/08/2026 09:28:51] Xayling GET /clim/status
[09/08/2026 09:29:51] Xayling GET /clim/status
[09/08/2026 09:30:52] Xayling GET /clim/status
[09/08/2026 09:30:52] Xayling GET /temptoday
[09/08/2026 09:30:52] Xayling GET /clim/status
[09/08/2026 09:31:02] Xayling GET /clim/status
[09/08/2026 09:31:12] Xayling GET /clim/status
[09/08/2026 09:31:22] Xayling GET /clim/status
[09/08/2026 09:31:32] Xayling GET /clim/status
[09/08/2026 09:31:42] Xayling GET /clim/status
[09/08/2026 09:31:52] Xayling GET /clim/status
[09/08/2026 09:32:02] Xayling GET /clim/status
[09/08/2026 09:32:51] Xayling GET /clim/status
[09/08/2026 09:33:51] Xayling GET /clim/status
[09/08/2026 09:34:51] Xayling GET /clim/status
[09/08/2026 09:35:51] Xayling GET /clim/status
[09/08/2026 09:36:52] Xayling GET /clim/status
[09/08/2026 09:36:52] Xayling GET /temptoday
[09/08/2026 09:36:52] Xayling GET /clim/status
[09/08/2026 09:37:02] Xayling GET /clim/status
[09/08/2026 09:37:12] Xayling GET /clim/status
[09/08/2026 09:37:22] Xayling GET /clim/status
[09/08/2026 09:37:32] Xayling GET /clim/status
[09/08/2026 09:37:42] Xayling GET /clim/status
[09/08/2026 09:37:52] Xayling GET /clim/status
[09/08/2026 09:38:02] Xayling GET /clim/status
[09/08/2026 09:38:51] Xayling GET /clim/status
[09/08/2026 09:39:51] Xayling GET /clim/status
[09/08/2026 09:40:51] Xayling GET /clim/status
[09/08/2026 09:41:52] Xayling GET /clim/status
[09/08/2026 09:41:52] Xayling GET /temptoday
[09/08/2026 09:41:52] Xayling GET /clim/status
[09/08/2026 09:42:02] Xayling GET /clim/status
[09/08/2026 09:42:12] Xayling GET /clim/status
[09/08/2026 09:42:22] Xayling GET /clim/status
[09/08/2026 09:42:32] Xayling GET /clim/status
[09/08/2026 09:42:42] Xayling GET /clim/status
[09/08/2026 09:42:52] Xayling GET /clim/status
[09/08/2026 09:43:02] Xayling GET /clim/status
[09/08/2026 09:43:51] Xayling GET /clim/status
[09/08/2026 09:44:51] Xayling GET /clim/status
[09/08/2026 09:45:51] Xayling GET /clim/status
[09/08/2026 09:46:51] Xayling GET /clim/status
[09/08/2026 09:46:52] Xayling GET /temptoday
[09/08/2026 09:46:52] Xayling GET /clim/status
[09/08/2026 09:47:02] Xayling GET /clim/status
[09/08/2026 09:47:12] Xayling GET /clim/status
[09/08/2026 09:47:22] Xayling GET /clim/status
[09/08/2026 09:47:32] Xayling GET /clim/status
[09/08/2026 09:47:42] Xayling GET /clim/status
[09/08/2026 09:47:52] Xayling GET /clim/status
[09/08/2026 09:48:02] Xayling GET /clim/status
[09/08/2026 09:48:51] Xayling GET /clim/status
[09/08/2026 09:49:51] Xayling GET /clim/status
[09/08/2026 09:50:51] Xayling GET /clim/status
[09/08/2026 09:51:52] Xayling GET /clim/status
[09/08/2026 09:51:52] Xayling GET /temptoday
[09/08/2026 09:51:52] Xayling GET /clim/status
[09/08/2026 09:52:02] Xayling GET /clim/status
[09/08/2026 09:52:12] Xayling GET /clim/status
[09/08/2026 09:52:22] Xayling GET /clim/status
[09/08/2026 09:52:32] Xayling GET /clim/status
[09/08/2026 09:52:42] Xayling GET /clim/status
[09/08/2026 09:52:52] Xayling GET /clim/status
[09/08/2026 09:53:02] Xayling GET /clim/status
[09/08/2026 09:53:51] Xayling GET /clim/status
[09/08/2026 09:54:51] Xayling GET /clim/status
[09/08/2026 09:55:51] Xayling GET /clim/status
[09/08/2026 09:56:51] Xayling GET /clim/status
[09/08/2026 09:57:52] Xayling GET /clim/status
[09/08/2026 09:57:52] Xayling GET /temptoday
[09/08/2026 09:57:52] Xayling GET /clim/status
[09/08/2026 09:58:02] Xayling GET /clim/status
[09/08/2026 09:58:12] Xayling GET /clim/status
[09/08/2026 09:58:22] Xayling GET /clim/status
[09/08/2026 09:58:32] Xayling GET /clim/status
[09/08/2026 09:58:42] Xayling GET /clim/status
[09/08/2026 09:58:52] Xayling GET /clim/status
[09/08/2026 09:59:02] Xayling GET /clim/status
[09/08/2026 09:59:52] Xayling GET /clim/status
[09/08/2026 10:00:51] Xayling GET /clim/status
[09/08/2026 10:01:51] Xayling GET /clim/status
[09/08/2026 10:02:52] Xayling GET /clim/status
[09/08/2026 10:03:52] Xayling GET /clim/status
[09/08/2026 10:04:52] Xayling GET /clim/status
[09/08/2026 10:04:52] Xayling GET /temptoday
[09/08/2026 10:04:52] Xayling GET /clim/status
[09/08/2026 10:05:02] Xayling GET /clim/status
[09/08/2026 10:05:12] Xayling GET /clim/status
[09/08/2026 10:05:22] Xayling GET /clim/status
[09/08/2026 10:05:32] Xayling GET /clim/status
[09/08/2026 10:05:42] Xayling GET /clim/status
[09/08/2026 10:05:52] Xayling GET /clim/status
[09/08/2026 10:06:02] Xayling GET /clim/status
[09/08/2026 10:06:52] Xayling GET /clim/status
[09/08/2026 10:07:52] Xayling GET /clim/status
[09/08/2026 10:08:52] Xayling GET /clim/status
[09/08/2026 10:09:52] Xayling GET /clim/status
[09/08/2026 10:09:52] Xayling GET /temptoday
[09/08/2026 10:09:52] Xayling GET /clim/status
[09/08/2026 10:10:02] Xayling GET /clim/status
[09/08/2026 10:10:12] Xayling GET /clim/status
[09/08/2026 10:10:22] Xayling GET /clim/status
[09/08/2026 10:10:32] Xayling GET /clim/status
[09/08/2026 10:10:42] Xayling GET /clim/status
[09/08/2026 10:10:52] Xayling GET /clim/status
[09/08/2026 10:11:02] Xayling GET /clim/status
[09/08/2026 10:11:52] Xayling GET /clim/status
[09/08/2026 10:12:52] Xayling GET /clim/status
[09/08/2026 10:13:52] Xayling GET /clim/status
[09/08/2026 10:14:52] Xayling GET /clim/status
[09/08/2026 10:14:52] Xayling GET /temptoday
[09/08/2026 10:14:52] Xayling GET /clim/status
[09/08/2026 10:15:02] Xayling GET /clim/status
[09/08/2026 10:15:12] Xayling GET /clim/status
[09/08/2026 10:15:22] Xayling GET /clim/status
[09/08/2026 10:15:32] Xayling GET /clim/status
[09/08/2026 10:15:42] Xayling GET /clim/status
[09/08/2026 10:15:52] Xayling GET /clim/status
[09/08/2026 10:16:02] Xayling GET /clim/status
[09/08/2026 10:16:52] Xayling GET /clim/status
[09/08/2026 10:17:52] Xayling GET /clim/status
[09/08/2026 10:18:52] Xayling GET /clim/status
[09/08/2026 10:19:52] Xayling GET /clim/status
[09/08/2026 10:19:52] Xayling GET /temptoday
[09/08/2026 10:19:52] Xayling GET /clim/status
[09/08/2026 10:20:02] Xayling GET /clim/status
[09/08/2026 10:20:12] Xayling GET /clim/status
[09/08/2026 10:20:22] Xayling GET /clim/status
[09/08/2026 10:20:32] Xayling GET /clim/status
[09/08/2026 10:20:42] Xayling GET /clim/status
[09/08/2026 10:20:52] Xayling GET /clim/status
[09/08/2026 10:21:02] Xayling GET /clim/status
[09/08/2026 10:21:52] Xayling GET /clim/status
[09/08/2026 10:22:52] Xayling GET /clim/status
[09/08/2026 10:23:52] Xayling GET /clim/status
[09/08/2026 10:24:52] Xayling GET /clim/status
[09/08/2026 10:24:52] Xayling GET /temptoday
[09/08/2026 10:24:52] Xayling GET /clim/status
[09/08/2026 10:25:02] Xayling GET /clim/status
[09/08/2026 10:25:12] Xayling GET /clim/status
[09/08/2026 10:25:22] Xayling GET /clim/status
[09/08/2026 10:25:32] Xayling GET /clim/status
[09/08/2026 10:25:42] Xayling GET /clim/status
[09/08/2026 10:25:52] Xayling GET /clim/status
[09/08/2026 10:26:02] Xayling GET /clim/status
[09/08/2026 10:26:52] Xayling GET /clim/status
[09/08/2026 10:27:52] Xayling GET /clim/status
[09/08/2026 10:28:52] Xayling GET /clim/status
[09/08/2026 10:29:52] Xayling GET /clim/status
[09/08/2026 10:29:52] Xayling GET /temptoday
[09/08/2026 10:29:52] Xayling GET /clim/status
[09/08/2026 10:30:02] Xayling GET /clim/status
[09/08/2026 10:30:12] Xayling GET /clim/status
[09/08/2026 10:30:22] Xayling GET /clim/status
[09/08/2026 10:30:32] Xayling GET /clim/status
[09/08/2026 10:30:42] Xayling GET /clim/status
[09/08/2026 10:30:52] Xayling GET /clim/status
[09/08/2026 10:31:02] Xayling GET /clim/status
[09/08/2026 10:31:52] Xayling GET /clim/status
[09/08/2026 10:32:52] Xayling GET /clim/status
[09/08/2026 10:33:52] Xayling GET /clim/status
[09/08/2026 10:34:52] Xayling GET /clim/status
[09/08/2026 10:34:52] Xayling GET /temptoday
[09/08/2026 10:34:52] Xayling GET /clim/status
[09/08/2026 10:35:02] Xayling GET /clim/status
[09/08/2026 10:35:12] Xayling GET /clim/status
[09/08/2026 10:35:22] Xayling GET /clim/status
[09/08/2026 10:35:32] Xayling GET /clim/status
[09/08/2026 10:35:42] Xayling GET /clim/status
[09/08/2026 10:35:52] Xayling GET /clim/status
[09/08/2026 10:36:02] Xayling GET /clim/status
[09/08/2026 10:36:52] Xayling GET /clim/status
[09/08/2026 10:37:52] Xayling GET /clim/status
[09/08/2026 10:38:52] Xayling GET /clim/status
[09/08/2026 10:39:52] Xayling GET /clim/status
[09/08/2026 10:39:52] Xayling GET /temptoday
[09/08/2026 10:39:52] Xayling GET /clim/status
[09/08/2026 10:40:02] Xayling GET /clim/status
[09/08/2026 10:40:12] Xayling GET /clim/status
[09/08/2026 10:40:22] Xayling GET /clim/status
[09/08/2026 10:40:32] Xayling GET /clim/status
[09/08/2026 10:40:42] Xayling GET /clim/status
[09/08/2026 10:40:52] Xayling GET /clim/status
[09/08/2026 10:41:02] Xayling GET /clim/status
[09/08/2026 10:41:52] Xayling GET /clim/status
[09/08/2026 10:42:52] Xayling GET /clim/status
[09/08/2026 10:43:52] Xayling GET /clim/status
[09/08/2026 10:44:52] Xayling GET /clim/status
[09/08/2026 10:44:52] Xayling GET /temptoday
[09/08/2026 10:44:52] Xayling GET /clim/status
[09/08/2026 10:45:02] Xayling GET /clim/status
[09/08/2026 10:45:12] Xayling GET /clim/status
[09/08/2026 10:45:22] Xayling GET /clim/status
[09/08/2026 10:45:32] Xayling GET /clim/status
[09/08/2026 10:45:42] Xayling GET /clim/status
[09/08/2026 10:45:52] Xayling GET /clim/status
[09/08/2026 10:46:02] Xayling GET /clim/status
[09/08/2026 10:46:52] Xayling GET /clim/status
[09/08/2026 10:47:52] Xayling GET /clim/status
[09/08/2026 10:48:52] Xayling GET /clim/status
[09/08/2026 10:49:51] Xayling GET /clim/status
[09/08/2026 10:50:52] Xayling GET /clim/status
[09/08/2026 10:50:52] Xayling GET /temptoday
[09/08/2026 10:50:52] Xayling GET /clim/status
[09/08/2026 10:51:02] Xayling GET /clim/status
[09/08/2026 10:51:12] Xayling GET /clim/status
[09/08/2026 10:51:22] Xayling GET /clim/status
[09/08/2026 10:51:32] Xayling GET /clim/status
[09/08/2026 10:51:42] Xayling GET /clim/status
[09/08/2026 10:51:52] Xayling GET /clim/status
[09/08/2026 10:52:02] Xayling GET /clim/status
[09/08/2026 10:52:52] Xayling GET /clim/status
[09/08/2026 10:53:52] Xayling GET /clim/status
[09/08/2026 10:54:52] Xayling GET /clim/status
[09/08/2026 10:55:52] Xayling GET /clim/status
[09/08/2026 10:56:52] Xayling GET /clim/status
[09/08/2026 10:57:52] Xayling GET /clim/status
[09/08/2026 10:58:52] Xayling GET /clim/status
[09/08/2026 10:59:52] Xayling GET /clim/status
[09/08/2026 11:00:52] Xayling GET /clim/status
[09/08/2026 11:01:52] Xayling GET /clim/status
[09/08/2026 11:02:52] Xayling GET /clim/status
[09/08/2026 11:03:52] Xayling GET /clim/status
[09/08/2026 11:04:52] Xayling GET /clim/status
[09/08/2026 11:05:52] Xayling GET /clim/status
[09/08/2026 11:06:52] Xayling GET /clim/status
[09/08/2026 11:07:52] Xayling GET /clim/status
[09/08/2026 11:08:52] Xayling GET /clim/status
[09/08/2026 11:09:52] Xayling GET /clim/status
[09/08/2026 11:10:52] Xayling GET /clim/status
[09/08/2026 11:11:52] Xayling GET /clim/status
[09/08/2026 11:12:52] Xayling GET /clim/status
[09/08/2026 11:13:51] Xayling GET /clim/status
[09/08/2026 11:14:52] Xayling GET /clim/status
[09/08/2026 11:15:52] Xayling GET /clim/status
[09/08/2026 11:15:52] Xayling GET /temptoday
[09/08/2026 11:15:52] Xayling GET /clim/status
[09/08/2026 11:16:02] Xayling GET /clim/status
[09/08/2026 11:16:12] Xayling GET /clim/status
[09/08/2026 11:16:22] Xayling GET /clim/status
[09/08/2026 11:16:32] Xayling GET /clim/status
[09/08/2026 11:16:42] Xayling GET /clim/status
[09/08/2026 11:16:52] Xayling GET /clim/status
[09/08/2026 11:17:02] Xayling GET /clim/status
[09/08/2026 11:17:52] Xayling GET /clim/status
[09/08/2026 11:18:52] Xayling GET /clim/status
[09/08/2026 11:19:52] Xayling GET /clim/status
[09/08/2026 11:20:52] Xayling GET /clim/status
[09/08/2026 11:21:52] Xayling GET /clim/status
[09/08/2026 11:22:52] Xayling GET /clim/status
[09/08/2026 11:23:52] Xayling GET /clim/status
[09/08/2026 11:24:52] Xayling GET /clim/status
[09/08/2026 11:25:52] Xayling GET /clim/status
[09/08/2026 11:26:52] Xayling GET /clim/status
[09/08/2026 11:26:52] Xayling GET /temptoday
[09/08/2026 11:26:52] Xayling GET /clim/status
[09/08/2026 11:27:02] Xayling GET /clim/status
[09/08/2026 11:27:12] Xayling GET /clim/status
[09/08/2026 11:27:22] Xayling GET /clim/status
[09/08/2026 11:27:32] Xayling GET /clim/status
[09/08/2026 11:27:42] Xayling GET /clim/status
[09/08/2026 11:27:52] Xayling GET /clim/status
[09/08/2026 11:28:02] Xayling GET /clim/status
[09/08/2026 11:28:52] Xayling GET /clim/status
[09/08/2026 11:29:52] Xayling GET /clim/status
[09/08/2026 11:30:52] Xayling GET /clim/status
[09/08/2026 11:31:52] Xayling GET /clim/status
[09/08/2026 11:31:52] Xayling GET /temptoday
[09/08/2026 11:31:52] Xayling GET /clim/status
[09/08/2026 11:32:02] Xayling GET /clim/status
[09/08/2026 11:32:12] Xayling GET /clim/status
[09/08/2026 11:32:22] Xayling GET /clim/status
[09/08/2026 11:32:32] Xayling GET /clim/status
[09/08/2026 11:32:42] Xayling GET /clim/status
[09/08/2026 11:32:52] Xayling GET /clim/status
[09/08/2026 11:33:02] Xayling GET /clim/status
[09/08/2026 11:33:52] Xayling GET /clim/status
[09/08/2026 11:34:52] Xayling GET /clim/status
[09/08/2026 11:35:52] Xayling GET /clim/status
[09/08/2026 11:36:52] Xayling GET /clim/status
[09/08/2026 11:37:52] Xayling GET /clim/status
[09/08/2026 11:38:52] Xayling GET /clim/status
[09/08/2026 11:39:52] Xayling GET /clim/status
[09/08/2026 11:39:52] Xayling GET /temptoday
[09/08/2026 11:39:52] Xayling GET /clim/status
[09/08/2026 11:40:02] Xayling GET /clim/status
[09/08/2026 11:40:12] Xayling GET /clim/status
[09/08/2026 11:40:22] Xayling GET /clim/status
[09/08/2026 11:40:33] Xayling GET /clim/status
[09/08/2026 11:40:43] Xayling GET /clim/status
[09/08/2026 11:40:53] Xayling GET /clim/status
[09/08/2026 11:41:02] Xayling GET /clim/status
[09/08/2026 11:41:52] Xayling GET /clim/status
[09/08/2026 11:42:52] Xayling GET /clim/status
[09/08/2026 11:43:52] Xayling GET /clim/status
[09/08/2026 11:44:52] Xayling GET /clim/status
[09/08/2026 11:45:52] Xayling GET /clim/status
[09/08/2026 11:45:52] Xayling GET /temptoday
[09/08/2026 11:45:52] Xayling GET /clim/status
[09/08/2026 11:46:02] Xayling GET /clim/status
[09/08/2026 11:46:12] Xayling GET /clim/status
[09/08/2026 11:46:22] Xayling GET /clim/status
[09/08/2026 11:46:32] Xayling GET /clim/status
[09/08/2026 11:46:42] Xayling GET /clim/status
[09/08/2026 11:46:52] Xayling GET /clim/status
[09/08/2026 11:47:02] Xayling GET /clim/status
[09/08/2026 11:47:52] Xayling GET /clim/status
[09/08/2026 11:48:52] Xayling GET /clim/status
[09/08/2026 11:49:52] Xayling GET /clim/status
[09/08/2026 11:50:52] Xayling GET /clim/status
[09/08/2026 11:51:52] Xayling GET /clim/status
[09/08/2026 11:52:52] Xayling GET /clim/status
[09/08/2026 11:53:52] Xayling GET /clim/status
[09/08/2026 11:54:51] Xayling GET /clim/status
[09/08/2026 11:55:52] Xayling GET /clim/status
[09/08/2026 11:55:52] Xayling GET /temptoday
[09/08/2026 11:55:52] Xayling GET /clim/status
[09/08/2026 11:56:02] Xayling GET /clim/status
[09/08/2026 11:56:12] Xayling GET /clim/status
[09/08/2026 11:56:22] Xayling GET /clim/status
[09/08/2026 11:56:32] Xayling GET /clim/status
[09/08/2026 11:56:42] Xayling GET /clim/status
[09/08/2026 11:56:52] Xayling GET /clim/status
[09/08/2026 11:57:02] Xayling GET /clim/status
[09/08/2026 11:57:51] Xayling GET /clim/status
[09/08/2026 11:58:51] Xayling GET /clim/status
[09/08/2026 11:59:52] Xayling GET /clim/status
[09/08/2026 12:00:52] Xayling GET /clim/status
[09/08/2026 12:00:52] Xayling GET /temptoday
[09/08/2026 12:00:52] Xayling GET /clim/status
[09/08/2026 12:01:02] Xayling GET /clim/status
[09/08/2026 12:01:12] Xayling GET /clim/status
[09/08/2026 12:01:22] Xayling GET /clim/status
[09/08/2026 12:01:32] Xayling GET /clim/status
[09/08/2026 12:01:42] Xayling GET /clim/status
[09/08/2026 12:01:52] Xayling GET /clim/status
[09/08/2026 12:02:02] Xayling GET /clim/status
[09/08/2026 12:02:51] Xayling GET /clim/status
[09/08/2026 12:03:52] Xayling GET /clim/status
[09/08/2026 12:04:51] Xayling GET /clim/status
[09/08/2026 12:05:52] Xayling GET /clim/status
[09/08/2026 12:06:52] Xayling GET /clim/status
[09/08/2026 12:07:52] Xayling GET /clim/status
[09/08/2026 12:08:52] Xayling GET /clim/status
[09/08/2026 12:09:52] Xayling GET /clim/status
[09/08/2026 12:10:52] Xayling GET /clim/status
[09/08/2026 12:11:52] Xayling GET /clim/status
[09/08/2026 12:12:52] Xayling GET /clim/status
[09/08/2026 12:12:52] Xayling GET /temptoday
[09/08/2026 12:12:52] Xayling GET /clim/status
[09/08/2026 12:13:02] Xayling GET /clim/status
[09/08/2026 12:13:12] Xayling GET /clim/status
[09/08/2026 12:13:22] Xayling GET /clim/status
[09/08/2026 12:13:33] Xayling GET /clim/status
[09/08/2026 12:13:42] Xayling GET /clim/status
[09/08/2026 12:13:52] Xayling GET /clim/status
[09/08/2026 12:14:02] Xayling GET /clim/status
[09/08/2026 12:14:52] Xayling GET /clim/status
[09/08/2026 12:15:52] Xayling GET /clim/status
[09/08/2026 12:16:51] Xayling GET /clim/status
[09/08/2026 12:17:52] Xayling GET /clim/status
[09/08/2026 12:17:52] Xayling GET /temptoday
[09/08/2026 12:17:52] Xayling GET /clim/status
[09/08/2026 12:18:02] Xayling GET /clim/status
[09/08/2026 12:18:12] Xayling GET /clim/status
[09/08/2026 12:18:22] Xayling GET /clim/status
[09/08/2026 12:18:32] Xayling GET /clim/status
[09/08/2026 12:18:42] Xayling GET /clim/status
[09/08/2026 12:18:52] Xayling GET /clim/status
[09/08/2026 12:19:02] Xayling GET /clim/status
[09/08/2026 12:19:52] Xayling GET /clim/status
[09/08/2026 12:20:52] Xayling GET /clim/status
[09/08/2026 12:21:52] Xayling GET /clim/status
[09/08/2026 12:22:52] Xayling GET /clim/status
[09/08/2026 12:23:52] Xayling GET /clim/status
[09/08/2026 12:24:52] Xayling GET /clim/status
[09/08/2026 12:25:52] Xayling GET /clim/status
[09/08/2026 12:25:52] Xayling GET /temptoday
[09/08/2026 12:25:52] Xayling GET /clim/status
[09/08/2026 12:26:02] Xayling GET /clim/status
[09/08/2026 12:26:12] Xayling GET /clim/status
[09/08/2026 12:26:22] Xayling GET /clim/status
[09/08/2026 12:26:32] Xayling GET /clim/status
[09/08/2026 12:26:42] Xayling GET /clim/status
[09/08/2026 12:26:52] Xayling GET /clim/status
[09/08/2026 12:27:02] Xayling GET /clim/status
[09/08/2026 12:27:52] Xayling GET /clim/status
[09/08/2026 12:28:52] Xayling GET /clim/status
[09/08/2026 12:29:52] Xayling GET /clim/status
[09/08/2026 12:30:52] Xayling GET /clim/status
[09/08/2026 12:31:52] Xayling GET /clim/status
[09/08/2026 12:32:52] Xayling GET /clim/status
[09/08/2026 12:33:52] Xayling GET /clim/status
[09/08/2026 12:34:52] Xayling GET /clim/status
[09/08/2026 12:34:52] Xayling GET /temptoday
[09/08/2026 12:34:52] Xayling GET /clim/status
[09/08/2026 12:35:02] Xayling GET /clim/status
[09/08/2026 12:35:12] Xayling GET /clim/status
[09/08/2026 12:35:22] Xayling GET /clim/status
[09/08/2026 12:35:32] Xayling GET /clim/status
[09/08/2026 12:35:42] Xayling GET /clim/status
[09/08/2026 12:35:52] Xayling GET /clim/status
[09/08/2026 12:36:02] Xayling GET /clim/status
[09/08/2026 12:36:52] Xayling GET /clim/status
[09/08/2026 12:37:52] Xayling GET /clim/status
[09/08/2026 12:38:52] Xayling GET /clim/status
[09/08/2026 12:39:52] Xayling GET /clim/status
[09/08/2026 12:40:52] Xayling GET /clim/status
[09/08/2026 12:40:52] Xayling GET /temptoday
[09/08/2026 12:40:52] Xayling GET /clim/status
[09/08/2026 12:41:02] Xayling GET /clim/status
[09/08/2026 12:41:12] Xayling GET /clim/status
[09/08/2026 12:41:22] Xayling GET /clim/status
[09/08/2026 12:41:32] Xayling GET /clim/status
[09/08/2026 12:41:43] Xayling GET /clim/status
[09/08/2026 12:41:52] Xayling GET /clim/status
[09/08/2026 12:42:02] Xayling GET /clim/status
[09/08/2026 12:42:52] Xayling GET /clim/status
[09/08/2026 12:43:52] Xayling GET /clim/status
[09/08/2026 12:44:51] Xayling GET /clim/status
[09/08/2026 12:45:52] Xayling GET /clim/status
[09/08/2026 12:46:52] Xayling GET /clim/status
[09/08/2026 12:46:52] Xayling GET /temptoday
[09/08/2026 12:46:52] Xayling GET /clim/status
[09/08/2026 12:47:02] Xayling GET /clim/status
[09/08/2026 12:47:12] Xayling GET /clim/status
[09/08/2026 12:47:22] Xayling GET /clim/status
[09/08/2026 12:47:32] Xayling GET /clim/status
[09/08/2026 12:47:42] Xayling GET /clim/status
[09/08/2026 12:47:52] Xayling GET /clim/status
[09/08/2026 12:48:02] Xayling GET /clim/status
[09/08/2026 12:48:51] Xayling GET /clim/status
[09/08/2026 12:49:52] Xayling GET /clim/status
[09/08/2026 12:50:52] Xayling GET /clim/status
[09/08/2026 12:51:52] Xayling GET /clim/status
[09/08/2026 12:51:52] Xayling GET /temptoday
[09/08/2026 12:51:52] Xayling GET /clim/status
[09/08/2026 12:52:02] Xayling GET /clim/status
[09/08/2026 12:52:12] Xayling GET /clim/status
[09/08/2026 12:52:22] Xayling GET /clim/status
[09/08/2026 12:52:32] Xayling GET /clim/status
[09/08/2026 12:52:42] Xayling GET /clim/status
[09/08/2026 12:52:52] Xayling GET /clim/status
[09/08/2026 12:53:02] Xayling GET /clim/status
[09/08/2026 12:53:52] Xayling GET /clim/status
[09/08/2026 12:54:52] Xayling GET /clim/status
[09/08/2026 12:55:52] Xayling GET /clim/status
[09/08/2026 12:56:52] Xayling GET /clim/status
[09/08/2026 12:57:51] Xayling GET /clim/status
[09/08/2026 12:58:52] Xayling GET /clim/status
[09/08/2026 12:58:52] Xayling GET /temptoday
[09/08/2026 12:58:52] Xayling GET /clim/status
[09/08/2026 12:59:02] Xayling GET /clim/status
[09/08/2026 12:59:12] Xayling GET /clim/status
[09/08/2026 12:59:22] Xayling GET /clim/status
[09/08/2026 12:59:32] Xayling GET /clim/status
[09/08/2026 12:59:42] Xayling GET /clim/status
[09/08/2026 12:59:52] Xayling GET /clim/status
[09/08/2026 13:00:02] Xayling GET /clim/status
[09/08/2026 13:00:52] Xayling GET /clim/status
[09/08/2026 13:01:51] Xayling GET /clim/status
[09/08/2026 13:02:52] Xayling GET /clim/status
[09/08/2026 13:03:51] Xayling GET /clim/status
[09/08/2026 13:04:52] Xayling GET /clim/status
[09/08/2026 13:04:52] Xayling GET /temptoday
[09/08/2026 13:04:52] Xayling GET /clim/status
[09/08/2026 13:05:02] Xayling GET /clim/status
[09/08/2026 13:05:12] Xayling GET /clim/status
[09/08/2026 13:05:22] Xayling GET /clim/status
[09/08/2026 13:05:32] Xayling GET /clim/status
[09/08/2026 13:05:42] Xayling GET /clim/status
[09/08/2026 13:05:52] Xayling GET /clim/status
[09/08/2026 13:06:02] Xayling GET /clim/status
[09/08/2026 13:06:51] Xayling GET /clim/status
[09/08/2026 13:07:51] Xayling GET /clim/status
[09/08/2026 13:08:52] Xayling GET /clim/status
[09/08/2026 13:09:52] Xayling GET /clim/status
[09/08/2026 13:10:52] Xayling GET /clim/status
[09/08/2026 13:11:51] Xayling GET /clim/status
[09/08/2026 13:12:52] Xayling GET /clim/status
[09/08/2026 13:12:52] Xayling GET /temptoday
[09/08/2026 13:12:52] Xayling GET /clim/status
[09/08/2026 13:13:02] Xayling GET /clim/status
[09/08/2026 13:13:12] Xayling GET /clim/status
[09/08/2026 13:13:22] Xayling GET /clim/status
[09/08/2026 13:13:32] Xayling GET /clim/status
[09/08/2026 13:13:42] Xayling GET /clim/status
[09/08/2026 13:13:52] Xayling GET /clim/status
[09/08/2026 13:14:02] Xayling GET /clim/status
[09/08/2026 13:14:52] Xayling GET /clim/status
[09/08/2026 13:15:52] Xayling GET /clim/status
[09/08/2026 13:16:51] Xayling GET /clim/status
[09/08/2026 13:17:51] Xayling GET /clim/status
[09/08/2026 13:18:52] Xayling GET /clim/status
[09/08/2026 13:19:51] Xayling GET /clim/status
[09/08/2026 13:20:52] Xayling GET /clim/status
[09/08/2026 13:20:52] Xayling GET /temptoday
[09/08/2026 13:20:52] Xayling GET /clim/status
[09/08/2026 13:21:02] Xayling GET /clim/status
[09/08/2026 13:21:12] Xayling GET /clim/status
[09/08/2026 13:21:22] Xayling GET /clim/status
[09/08/2026 13:21:32] Xayling GET /clim/status
[09/08/2026 13:21:42] Xayling GET /clim/status
[09/08/2026 13:21:52] Xayling GET /clim/status
[09/08/2026 13:22:02] Xayling GET /clim/status
[09/08/2026 13:22:51] Xayling GET /clim/status
[09/08/2026 13:23:52] Xayling GET /clim/status
[09/08/2026 13:24:51] Xayling GET /clim/status
[09/08/2026 13:25:51] Xayling GET /clim/status
[09/08/2026 13:26:52] Xayling GET /clim/status
[09/08/2026 13:26:52] Xayling GET /temptoday
[09/08/2026 13:26:52] Xayling GET /clim/status
[09/08/2026 13:27:02] Xayling GET /clim/status
[09/08/2026 13:27:12] Xayling GET /clim/status
[09/08/2026 13:27:22] Xayling GET /clim/status
[09/08/2026 13:27:32] Xayling GET /clim/status
[09/08/2026 13:27:42] Xayling GET /clim/status
[09/08/2026 13:27:52] Xayling GET /clim/status
[09/08/2026 13:28:02] Xayling GET /clim/status
[09/08/2026 13:28:52] Xayling GET /clim/status
[09/08/2026 13:29:51] Xayling GET /clim/status
[09/08/2026 13:30:52] Xayling GET /clim/status
[09/08/2026 13:31:52] Xayling GET /clim/status
[09/08/2026 13:31:52] Xayling GET /temptoday
[09/08/2026 13:31:52] Xayling GET /clim/status
[09/08/2026 13:32:02] Xayling GET /clim/status
[09/08/2026 13:32:12] Xayling GET /clim/status
[09/08/2026 13:32:22] Xayling GET /clim/status
[09/08/2026 13:32:32] Xayling GET /clim/status
[09/08/2026 13:32:42] Xayling GET /clim/status
[09/08/2026 13:32:52] Xayling GET /clim/status
[09/08/2026 13:33:02] Xayling GET /clim/status
[09/08/2026 13:33:52] Xayling GET /clim/status
[09/08/2026 13:34:52] Xayling GET /clim/status
[09/08/2026 13:35:52] Xayling GET /clim/status
[09/08/2026 13:36:52] Xayling GET /clim/status
[09/08/2026 13:37:52] Xayling GET /clim/status
[09/08/2026 13:37:52] Xayling GET /temptoday
[09/08/2026 13:37:52] Xayling GET /clim/status
[09/08/2026 13:38:02] Xayling GET /clim/status
[09/08/2026 13:38:12] Xayling GET /clim/status
[09/08/2026 13:38:22] Xayling GET /clim/status
[09/08/2026 13:38:32] Xayling GET /clim/status
[09/08/2026 13:38:42] Xayling GET /clim/status
[09/08/2026 13:38:52] Xayling GET /clim/status
[09/08/2026 13:39:03] Xayling GET /clim/status
[09/08/2026 13:39:52] Xayling GET /clim/status
[09/08/2026 13:40:52] Xayling GET /clim/status
[09/08/2026 13:41:52] Xayling GET /clim/status
[09/08/2026 13:42:52] Xayling GET /clim/status
[09/08/2026 13:43:52] Xayling GET /clim/status
[09/08/2026 13:44:52] Xayling GET /clim/status
[09/08/2026 13:44:52] Xayling GET /temptoday
[09/08/2026 13:44:52] Xayling GET /clim/status
[09/08/2026 13:45:02] Xayling GET /clim/status
[09/08/2026 13:45:12] Xayling GET /clim/status
[09/08/2026 13:45:22] Xayling GET /clim/status
[09/08/2026 13:45:32] Xayling GET /clim/status
[09/08/2026 13:45:42] Xayling GET /clim/status
[09/08/2026 13:45:52] Xayling GET /clim/status
[09/08/2026 13:46:02] Xayling GET /clim/status
[09/08/2026 13:46:51] Xayling GET /clim/status
[09/08/2026 13:47:52] Xayling GET /clim/status
[09/08/2026 13:48:51] Xayling GET /clim/status
[09/08/2026 13:49:52] Xayling GET /clim/status
[09/08/2026 13:49:52] Xayling GET /temptoday
[09/08/2026 13:49:52] Xayling GET /clim/status
[09/08/2026 13:50:02] Xayling GET /clim/status
[09/08/2026 13:50:12] Xayling GET /clim/status
[09/08/2026 13:50:22] Xayling GET /clim/status
[09/08/2026 13:50:32] Xayling GET /clim/status
[09/08/2026 13:50:42] Xayling GET /clim/status
[09/08/2026 13:50:52] Xayling GET /clim/status
[09/08/2026 13:51:02] Xayling GET /clim/status
[09/08/2026 13:51:51] Xayling GET /clim/status
[09/08/2026 13:52:51] Xayling GET /clim/status
[09/08/2026 13:53:51] Xayling GET /clim/status
[09/08/2026 13:54:51] Xayling GET /clim/status
[09/08/2026 13:55:51] Xayling GET /clim/status
[09/08/2026 13:56:52] Xayling GET /clim/status
[09/08/2026 13:56:52] Xayling GET /temptoday
[09/08/2026 13:56:52] Xayling GET /clim/status
[09/08/2026 13:57:02] Xayling GET /clim/status
[09/08/2026 13:57:12] Xayling GET /clim/status
[09/08/2026 13:57:22] Xayling GET /clim/status
[09/08/2026 13:57:32] Xayling GET /clim/status
[09/08/2026 13:57:42] Xayling GET /clim/status
[09/08/2026 13:57:52] Xayling GET /clim/status
[09/08/2026 13:58:02] Xayling GET /clim/status
[09/08/2026 13:58:51] Xayling GET /clim/status
[09/08/2026 13:59:51] Xayling GET /clim/status
[09/08/2026 14:00:51] Xayling GET /clim/status
[09/08/2026 14:01:52] Xayling GET /clim/status
[09/08/2026 14:01:52] Xayling GET /temptoday
[09/08/2026 14:01:52] Xayling GET /clim/status
[09/08/2026 14:02:02] Xayling GET /clim/status
[09/08/2026 14:02:12] Xayling GET /clim/status
[09/08/2026 14:02:22] Xayling GET /clim/status
[09/08/2026 14:02:32] Xayling GET /clim/status
[09/08/2026 14:02:42] Xayling GET /clim/status
[09/08/2026 14:02:52] Xayling GET /clim/status
[09/08/2026 14:03:02] Xayling GET /clim/status
[09/08/2026 14:03:51] Xayling GET /clim/status
[09/08/2026 14:04:51] Xayling GET /clim/status
[09/08/2026 14:05:51] Xayling GET /clim/status
[09/08/2026 14:06:51] Xayling GET /clim/status
[09/08/2026 14:07:51] Xayling GET /clim/status
[09/08/2026 14:08:51] Xayling GET /clim/status
[09/08/2026 14:08:52] Xayling GET /temptoday
[09/08/2026 14:08:52] Xayling GET /clim/status
[09/08/2026 14:09:02] Xayling GET /clim/status
[09/08/2026 14:09:12] Xayling GET /clim/status
[09/08/2026 14:09:22] Xayling GET /clim/status
[09/08/2026 14:09:32] Xayling GET /clim/status
[09/08/2026 14:09:42] Xayling GET /clim/status
[09/08/2026 14:09:52] Xayling GET /clim/status
[09/08/2026 14:10:02] Xayling GET /clim/status
[09/08/2026 14:10:51] Xayling GET /clim/status
[09/08/2026 14:11:51] Xayling GET /clim/status
[09/08/2026 14:12:51] Xayling GET /clim/status
[09/08/2026 14:13:51] Xayling GET /clim/status
[09/08/2026 14:13:52] Xayling GET /temptoday
[09/08/2026 14:13:52] Xayling GET /clim/status
[09/08/2026 14:14:02] Xayling GET /clim/status
[09/08/2026 14:14:12] Xayling GET /clim/status
[09/08/2026 14:14:22] Xayling GET /clim/status
[09/08/2026 14:14:32] Xayling GET /clim/status
[09/08/2026 14:14:42] Xayling GET /clim/status
[09/08/2026 14:14:52] Xayling GET /clim/status
[09/08/2026 14:15:02] Xayling GET /clim/status
[09/08/2026 14:15:52] Xayling GET /clim/status
[09/08/2026 14:16:51] Xayling GET /clim/status
[09/08/2026 14:17:52] Xayling GET /clim/status
[09/08/2026 14:18:13] Xayling GET /clim/status
[09/08/2026 14:18:18] Xayling GET /temptoday
[09/08/2026 14:18:18] Xayling GET /mbtoday
[09/08/2026 14:18:18] Xayling POST /miele/list
[09/08/2026 14:18:18] Xayling GET /miele/token
[09/08/2026 14:18:32] Xayling GET /miele/connect
[09/08/2026 14:18:37] GET /miele/callback
[09/08/2026 14:18:38] Xayling GET /temptoday
[09/08/2026 14:18:38] Xayling GET /mbtoday
[09/08/2026 14:18:38] Xayling POST /miele/list
[09/08/2026 14:18:38] Xayling GET /miele/token
[09/08/2026 14:18:38] Xayling GET /miele/devices
[09/08/2026 14:18:42] Xayling GET /miele/devices/:deviceId
[09/08/2026 14:18:42] Xayling GET /miele/devices/:deviceId/programs
[09/08/2026 14:19:12] Xayling GET /miele/devices/:deviceId/programs
[09/08/2026 14:19:12] Xayling GET /miele/devices/:deviceId
[09/08/2026 14:19:42] Xayling GET /miele/devices/:deviceId
[09/08/2026 14:19:42] Xayling GET /miele/devices/:deviceId/programs
[09/08/2026 14:20:12] Xayling GET /miele/devices/:deviceId/programs
[09/08/2026 14:20:12] Xayling GET /miele/devices/:deviceId
[09/08/2026 14:20:42] Xayling GET /miele/devices/:deviceId
[09/08/2026 14:20:42] Xayling GET /miele/devices/:deviceId/programs
[09/08/2026 14:21:12] Xayling GET /miele/devices/:deviceId/programs
[09/08/2026 14:21:12] Xayling GET /miele/devices/:deviceId
[09/08/2026 14:21:42] Xayling GET /miele/devices/:deviceId
[09/08/2026 14:21:42] Xayling GET /miele/devices/:deviceId/programs
[09/08/2026 14:22:52] Xayling GET /miele/devices/:deviceId/programs
[09/08/2026 14:22:52] Xayling GET /miele/devices/:deviceId
[09/08/2026 14:23:52] Xayling GET /miele/devices/:deviceId/programs
[09/08/2026 14:23:52] Xayling GET /miele/devices/:deviceId
[09/08/2026 14:24:52] Xayling GET /miele/devices/:deviceId/programs
[09/08/2026 14:24:52] Xayling GET /miele/devices/:deviceId
[09/08/2026 14:24:52] Xayling GET /temptoday
[09/08/2026 14:24:52] Xayling GET /mbtoday
[09/08/2026 14:24:52] Xayling POST /miele/list
[09/08/2026 14:24:52] Xayling GET /miele/token
[09/08/2026 14:24:52] Xayling GET /miele/devices
[09/08/2026 14:29:23] Xayling GET /miele/token
[09/08/2026 14:29:23] Xayling POST /miele/list
[09/08/2026 14:29:23] Xayling GET /mbtoday
[09/08/2026 14:29:23] Xayling GET /temptoday
[09/08/2026 14:29:23] Xayling GET /miele/devices
[09/08/2026 14:34:52] Xayling POST /miele/list
[09/08/2026 14:34:52] Xayling GET /mbtoday
[09/08/2026 14:34:52] Xayling GET /temptoday
[09/08/2026 14:34:52] Xayling GET /miele/token
[09/08/2026 14:34:52] Xayling GET /miele/devices
[09/08/2026 14:39:23] Xayling POST /miele/list
[09/08/2026 14:39:23] Xayling GET /mbtoday
[09/08/2026 14:39:23] Xayling GET /temptoday
[09/08/2026 14:39:23] Xayling GET /miele/token
[09/08/2026 14:39:23] Xayling GET /miele/devices
[09/08/2026 14:48:12] Xayling GET /clim/status
[09/08/2026 14:48:12] Xayling GET /temptoday
[09/08/2026 14:48:22] Xayling GET /clim/status
[09/08/2026 14:48:32] Xayling GET /clim/status
[09/08/2026 14:48:36] Xayling GET /temptoday
[09/08/2026 14:48:36] Xayling GET /mbtoday
[09/08/2026 14:49:13] Xayling GET /mbtoday
[09/08/2026 14:49:13] Xayling GET /temptoday
[09/08/2026 14:49:21] Xayling GET /temptoday
[09/08/2026 14:49:21] Xayling GET /mbtoday
[09/08/2026 14:49:58] Xayling GET /mbtoday
[09/08/2026 14:49:58] Xayling GET /temptoday
[09/08/2026 14:50:36] Xayling GET /mbtoday
[09/08/2026 14:50:36] Xayling GET /temptoday
[09/08/2026 14:51:15] Xayling GET /mbtoday
[09/08/2026 14:51:16] Xayling GET /temptoday
[09/08/2026 14:51:20] Xayling GET /temptoday
[09/08/2026 14:51:20] Xayling GET /mbtoday
[09/08/2026 14:51:42] Xayling GET /temptoday
[09/08/2026 14:51:42] Xayling GET /mbtoday
[09/08/2026 14:52:03] Xayling GET /mbtoday
[09/08/2026 14:52:03] Xayling GET /temptoday
[09/08/2026 14:52:19] Xayling GET /temptoday
[09/08/2026 14:52:19] Xayling GET /mbtoday
[09/08/2026 14:52:29] Xayling GET /temptoday
[09/08/2026 14:52:29] Xayling GET /mbtoday
[09/08/2026 14:52:54] Xayling GET /mbtoday
[09/08/2026 14:52:54] Xayling GET /temptoday
[09/08/2026 14:56:24] Xayling GET /mbtoday
[09/08/2026 14:56:24] Xayling GET /temptoday
[09/08/2026 15:02:49] Xayling GET /temptoday
[09/08/2026 15:02:49] Xayling GET /mbtoday
[09/08/2026 15:02:49] Xayling POST /miele/list
[09/08/2026 15:02:49] Xayling GET /miele/token
[09/08/2026 15:02:49] Xayling GET /miele/devices
[09/08/2026 15:03:50] Xayling GET /mbtoday
[09/08/2026 15:03:50] Xayling GET /temptoday
[09/08/2026 15:04:27] Xayling GET /mbtoday
[09/08/2026 15:04:27] Xayling GET /temptoday
[09/08/2026 15:04:27] Xayling POST /miele/list
[09/08/2026 15:04:27] Xayling GET /miele/token
[09/08/2026 15:04:28] Xayling GET /miele/devices
[09/08/2026 15:05:13] Xayling GET /mbtoday
[09/08/2026 15:05:13] Xayling GET /temptoday
[09/08/2026 15:05:25] Xayling GET /temptoday
[09/08/2026 15:05:25] Xayling GET /mbtoday
[09/08/2026 15:08:22] Xayling GET /mbtoday
[09/08/2026 15:08:22] Xayling GET /temptoday
[09/08/2026 15:14:38] Xayling GET /miele/token
[09/08/2026 15:14:38] Xayling POST /miele/list
[09/08/2026 15:14:38] Xayling GET /mbtoday
[09/08/2026 15:14:38] Xayling GET /temptoday
[09/08/2026 15:14:38] Xayling GET /miele/devices
[09/08/2026 15:14:51] Xayling GET /temptoday
[09/08/2026 15:14:51] Xayling GET /mbtoday
[09/08/2026 15:18:38] Xayling GET /mbtoday
[09/08/2026 15:18:38] Xayling GET /temptoday
[09/08/2026 15:27:06] Xayling GET /temptoday
[09/08/2026 15:27:06] Xayling GET /mbtoday
[09/08/2026 15:27:06] Xayling POST /miele/list
[09/08/2026 15:27:06] Xayling GET /miele/token
[09/08/2026 15:27:06] Xayling GET /miele/devices
[09/08/2026 15:28:14] Xayling GET /miele/token
[09/08/2026 15:28:14] Xayling POST /miele/list
[09/08/2026 15:28:14] Xayling GET /mbtoday
[09/08/2026 15:28:14] Xayling GET /temptoday
[09/08/2026 15:28:14] Xayling GET /miele/devices
[09/08/2026 15:32:23] Xayling POST /miele/list
[09/08/2026 15:32:23] Xayling GET /mbtoday
[09/08/2026 15:32:23] Xayling GET /temptoday
[09/08/2026 15:32:23] Xayling GET /miele/token
[09/08/2026 15:32:23] Xayling GET /miele/devices
[09/08/2026 15:32:39] Xayling GET /temptoday
[09/08/2026 15:32:39] Xayling GET /mbtoday
[09/08/2026 15:32:40] Xayling POST /miele/list
[09/08/2026 15:32:40] Xayling GET /miele/token
[09/08/2026 15:32:40] Xayling GET /miele/devices
[09/08/2026 15:37:15] Xayling GET /temptoday
[09/08/2026 15:37:15] Xayling GET /mbtoday
[09/08/2026 15:37:15] Xayling POST /miele/list
[09/08/2026 15:37:15] Xayling GET /miele/token
[09/08/2026 15:37:15] Xayling GET /miele/devices
[09/08/2026 15:37:49] Xayling GET /miele/token
[09/08/2026 15:37:50] Xayling POST /miele/list
[09/08/2026 15:37:50] Xayling GET /mbtoday
[09/08/2026 15:37:50] Xayling GET /temptoday
[09/08/2026 15:37:50] Xayling GET /miele/devices
[09/08/2026 15:38:51] Xayling GET /miele/token
[09/08/2026 15:38:51] Xayling POST /miele/list
[09/08/2026 15:38:51] Xayling GET /mbtoday
[09/08/2026 15:38:51] Xayling GET /temptoday
[09/08/2026 15:38:51] Xayling GET /miele/devices
[09/08/2026 15:39:14] Xayling GET /temptoday
[09/08/2026 15:39:14] Xayling GET /mbtoday
[09/08/2026 15:39:14] Xayling POST /miele/list
[09/08/2026 15:39:14] Xayling GET /miele/token
[09/08/2026 15:39:15] Xayling GET /miele/devices
[09/08/2026 15:48:20] Xayling GET /temptoday
[09/08/2026 15:48:20] Xayling GET /mbtoday
[09/08/2026 15:48:20] Xayling POST /miele/list
[09/08/2026 15:48:20] Xayling GET /miele/token
[09/08/2026 15:48:20] Xayling GET /miele/devices
[09/08/2026 15:48:41] Xayling GET /temptoday
[09/08/2026 15:48:41] Xayling GET /mbtoday
[09/08/2026 15:48:41] Xayling POST /miele/list
[09/08/2026 15:48:41] Xayling GET /miele/token
[09/08/2026 15:48:42] Xayling GET /miele/devices
[09/08/2026 15:49:28] Xayling GET /miele/token
[09/08/2026 15:49:28] Xayling POST /miele/list
[09/08/2026 15:49:28] Xayling GET /mbtoday
[09/08/2026 15:49:28] Xayling GET /temptoday
[09/08/2026 15:49:28] Xayling GET /miele/devices
[09/08/2026 15:49:47] Xayling GET /temptoday
[09/08/2026 15:49:47] Xayling GET /mbtoday
[09/08/2026 15:49:47] Xayling POST /miele/list
[09/08/2026 15:49:47] Xayling GET /miele/token
[09/08/2026 15:49:47] Xayling GET /miele/devices
[09/08/2026 15:50:59] Xayling GET /miele/token
[09/08/2026 15:50:59] Xayling POST /miele/list
[09/08/2026 15:50:59] Xayling GET /mbtoday
[09/08/2026 15:50:59] Xayling GET /temptoday
[09/08/2026 15:50:59] Xayling GET /miele/devices
[09/08/2026 15:51:31] Xayling GET /miele/token
[09/08/2026 15:51:31] Xayling POST /miele/list
[09/08/2026 15:51:31] Xayling GET /mbtoday
[09/08/2026 15:51:31] Xayling GET /temptoday
[09/08/2026 15:51:31] Xayling GET /miele/devices
[09/08/2026 15:52:41] Xayling GET /miele/token
[09/08/2026 15:52:41] Xayling POST /miele/list
[09/08/2026 15:52:41] Xayling GET /mbtoday
[09/08/2026 15:52:41] Xayling GET /temptoday
[09/08/2026 15:52:41] Xayling GET /miele/devices
[09/08/2026 15:52:42] Xayling GET /temptoday
[09/08/2026 15:52:42] Xayling GET /mbtoday
[09/08/2026 15:52:42] Xayling POST /miele/list
[09/08/2026 15:52:42] Xayling GET /miele/token
[09/08/2026 15:52:42] Xayling GET /miele/devices
[09/08/2026 15:53:01] Xayling GET /temptoday
[09/08/2026 15:53:01] Xayling GET /mbtoday
[09/08/2026 15:53:01] Xayling POST /miele/list
[09/08/2026 15:53:01] Xayling GET /miele/token
[09/08/2026 15:53:02] Xayling GET /miele/devices
[09/08/2026 15:53:53] Xayling GET /miele/token
[09/08/2026 15:53:53] Xayling POST /miele/list
[09/08/2026 15:53:53] Xayling GET /mbtoday
[09/08/2026 15:53:53] Xayling GET /temptoday
[09/08/2026 15:53:53] Xayling GET /miele/devices
[09/08/2026 15:54:08] Xayling GET /temptoday
[09/08/2026 15:54:08] Xayling GET /mbtoday
[09/08/2026 15:54:08] Xayling POST /miele/list
[09/08/2026 15:54:08] Xayling GET /miele/token
[09/08/2026 15:54:08] Xayling GET /miele/devices
[09/08/2026 15:54:13] Xayling GET /temptoday
[09/08/2026 15:54:13] Xayling GET /mbtoday
[09/08/2026 15:54:13] Xayling POST /miele/list
[09/08/2026 15:54:13] Xayling GET /miele/token
[09/08/2026 15:54:13] Xayling GET /miele/devices
[09/08/2026 15:55:04] Xayling POST /miele/list
[09/08/2026 15:55:04] Xayling GET /mbtoday
[09/08/2026 15:55:04] Xayling GET /temptoday
[09/08/2026 15:55:04] Xayling GET /miele/token
[09/08/2026 15:55:04] Xayling GET /miele/devices
[09/08/2026 15:55:07] Xayling GET /temptoday
[09/08/2026 15:55:07] Xayling GET /mbtoday
[09/08/2026 15:55:07] Xayling POST /miele/list
[09/08/2026 15:55:07] Xayling GET /miele/token
[09/08/2026 15:55:07] Xayling GET /miele/devices
[09/08/2026 15:55:48] Xayling GET /miele/token
[09/08/2026 15:55:48] Xayling POST /miele/list
[09/08/2026 15:55:48] Xayling GET /mbtoday
[09/08/2026 15:55:48] Xayling GET /temptoday
[09/08/2026 15:55:48] Xayling GET /miele/devices
[09/08/2026 15:55:49] Xayling GET /temptoday
[09/08/2026 15:55:49] Xayling GET /mbtoday
[09/08/2026 15:55:49] Xayling POST /miele/list
[09/08/2026 15:55:49] Xayling GET /miele/token
[09/08/2026 15:55:49] Xayling GET /miele/devices
[09/08/2026 15:56:18] Xayling GET /temptoday
[09/08/2026 15:56:18] Xayling GET /mbtoday
[09/08/2026 15:56:18] Xayling POST /miele/list
[09/08/2026 15:56:18] Xayling GET /miele/token
[09/08/2026 15:56:19] Xayling GET /miele/devices
[09/08/2026 15:56:22] Xayling GET /temptoday
[09/08/2026 15:56:22] Xayling GET /mbtoday
[09/08/2026 15:56:22] Xayling POST /miele/list
[09/08/2026 15:56:22] Xayling GET /miele/token
[09/08/2026 15:56:22] Xayling GET /miele/devices
[09/08/2026 15:56:30] Xayling GET /temptoday
[09/08/2026 15:56:30] Xayling GET /mbtoday
[09/08/2026 15:56:30] Xayling POST /miele/list
[09/08/2026 15:56:30] Xayling GET /miele/token
[09/08/2026 15:56:30] Xayling GET /miele/devices
[09/08/2026 15:56:32] Xayling GET /temptoday
[09/08/2026 15:56:32] Xayling GET /mbtoday
[09/08/2026 15:56:32] Xayling POST /miele/list
[09/08/2026 15:56:32] Xayling GET /miele/token
[09/08/2026 15:56:32] Xayling GET /miele/devices
[09/08/2026 15:56:46] Xayling GET /temptoday
[09/08/2026 15:56:46] Xayling GET /mbtoday
[09/08/2026 15:56:46] Xayling POST /miele/list
[09/08/2026 15:56:46] Xayling GET /miele/token
[09/08/2026 15:56:47] Xayling GET /miele/devices
[09/08/2026 15:57:10] Xayling GET /mbtoday
[09/08/2026 15:57:10] Xayling GET /temptoday
[09/08/2026 15:57:10] Xayling POST /miele/list
[09/08/2026 15:57:10] Xayling GET /miele/token
[09/08/2026 15:57:11] Xayling GET /miele/devices
[09/08/2026 15:58:12] Xayling GET /miele/token
[09/08/2026 15:58:12] Xayling POST /miele/list
[09/08/2026 15:58:12] Xayling GET /mbtoday
[09/08/2026 15:58:12] Xayling GET /temptoday
[09/08/2026 15:58:12] Xayling GET /miele/devices
[09/08/2026 15:58:55] Xayling GET /miele/token
[09/08/2026 15:58:55] Xayling POST /miele/list
[09/08/2026 15:58:55] Xayling GET /mbtoday
[09/08/2026 15:58:55] Xayling GET /temptoday
[09/08/2026 15:58:55] Xayling GET /miele/devices
[09/08/2026 16:00:57] Xayling GET /temptoday
[09/08/2026 16:00:57] Xayling GET /mbtoday
[09/08/2026 16:00:57] Xayling POST /miele/list
[09/08/2026 16:00:57] Xayling GET /miele/token
[09/08/2026 16:00:57] Xayling GET /miele/devices
[09/08/2026 16:04:52] Xayling POST /miele/list
[09/08/2026 16:04:52] Xayling GET /mbtoday
[09/08/2026 16:04:52] Xayling GET /temptoday
[09/08/2026 16:04:52] Xayling GET /miele/token
[09/08/2026 16:04:52] Xayling GET /miele/devices
[09/08/2026 16:07:43] Xayling GET /miele/token
[09/08/2026 16:07:43] Xayling POST /miele/list
[09/08/2026 16:07:43] Xayling GET /mbtoday
[09/08/2026 16:07:43] Xayling GET /temptoday
[09/08/2026 16:07:43] Xayling GET /miele/devices
[09/08/2026 16:08:27] Xayling POST /miele/list
[09/08/2026 16:08:27] Xayling GET /mbtoday
[09/08/2026 16:08:27] Xayling GET /temptoday
[09/08/2026 16:08:27] Xayling GET /miele/token
[09/08/2026 16:08:27] Xayling GET /miele/devices
[09/08/2026 16:09:07] Xayling GET /miele/token
[09/08/2026 16:09:07] Xayling POST /miele/list
[09/08/2026 16:09:07] Xayling GET /mbtoday
[09/08/2026 16:09:07] Xayling GET /temptoday
[09/08/2026 16:09:07] Xayling GET /miele/devices
[09/08/2026 16:10:45] Xayling GET /temptoday
[09/08/2026 16:10:45] Xayling GET /mbtoday
[09/08/2026 16:10:45] Xayling POST /miele/list
[09/08/2026 16:10:45] Xayling GET /miele/token
[09/08/2026 16:10:46] Xayling GET /miele/devices
[09/08/2026 16:11:26] Xayling GET /mbtoday
[09/08/2026 16:11:26] Xayling GET /temptoday
[09/08/2026 16:11:26] Xayling POST /miele/list
[09/08/2026 16:11:26] Xayling GET /miele/token
[09/08/2026 16:11:26] Xayling GET /miele/devices
[09/08/2026 16:13:33] Xayling POST /miele/list
[09/08/2026 16:13:33] Xayling GET /mbtoday
[09/08/2026 16:13:33] Xayling GET /temptoday
[09/08/2026 16:13:33] Xayling GET /miele/token
[09/08/2026 16:13:33] Xayling GET /miele/devices
[09/08/2026 16:15:42] Xayling GET /miele/token
[09/08/2026 16:15:42] Xayling POST /miele/list
[09/08/2026 16:15:42] Xayling GET /mbtoday
[09/08/2026 16:15:42] Xayling GET /temptoday
[09/08/2026 16:15:42] Xayling GET /miele/devices
[09/08/2026 16:17:34] Xayling GET /miele/token
[09/08/2026 16:17:34] Xayling POST /miele/list
[09/08/2026 16:17:34] Xayling GET /mbtoday
[09/08/2026 16:17:34] Xayling GET /temptoday
[09/08/2026 16:17:35] Xayling GET /miele/devices
[09/08/2026 16:17:54] Xayling GET /temptoday
[09/08/2026 16:17:54] Xayling GET /mbtoday
[09/08/2026 16:17:54] Xayling POST /miele/list
[09/08/2026 16:17:54] Xayling GET /miele/token
[09/08/2026 16:17:54] Xayling GET /miele/devices
[09/08/2026 16:20:02] Xayling GET /temptoday
[09/08/2026 16:20:02] Xayling GET /mbtoday
[09/08/2026 16:20:02] Xayling POST /miele/list
[09/08/2026 16:20:02] Xayling GET /miele/token
[09/08/2026 16:20:02] Xayling GET /miele/devices
[09/08/2026 16:20:24] Xayling GET /temptoday
[09/08/2026 16:20:24] Xayling GET /mbtoday
[09/08/2026 16:20:24] Xayling POST /miele/list
[09/08/2026 16:20:24] Xayling GET /miele/token
[09/08/2026 16:20:24] Xayling GET /miele/devices
[09/08/2026 16:21:18] Xayling GET /miele/token
[09/08/2026 16:21:18] Xayling POST /miele/list
[09/08/2026 16:21:18] Xayling GET /mbtoday
[09/08/2026 16:21:18] Xayling GET /temptoday
[09/08/2026 16:21:18] Xayling GET /miele/devices
[09/08/2026 16:21:44] Xayling GET /temptoday
[09/08/2026 16:21:44] Xayling GET /mbtoday
[09/08/2026 16:21:44] Xayling POST /miele/list
[09/08/2026 16:21:44] Xayling GET /miele/token
[09/08/2026 16:21:45] Xayling GET /miele/devices
[09/08/2026 16:23:06] Xayling GET /temptoday
[09/08/2026 16:23:06] Xayling GET /mbtoday
[09/08/2026 16:23:06] Xayling POST /miele/list
[09/08/2026 16:23:06] Xayling GET /miele/token
[09/08/2026 16:23:06] Xayling GET /miele/devices
[09/08/2026 16:23:16] Xayling GET /temptoday
[09/08/2026 16:23:16] Xayling GET /mbtoday
[09/08/2026 16:23:16] Xayling POST /miele/list
[09/08/2026 16:23:16] Xayling GET /miele/token
[09/08/2026 16:23:16] Xayling GET /miele/devices
[09/08/2026 16:25:10] Xayling GET /temptoday
[09/08/2026 16:25:10] Xayling GET /mbtoday
[09/08/2026 16:25:10] Xayling POST /miele/list
[09/08/2026 16:25:10] Xayling GET /miele/token
[09/08/2026 16:25:10] Xayling GET /miele/devices
[09/08/2026 16:25:22] Xayling GET /temptoday
[09/08/2026 16:25:22] Xayling GET /mbtoday
[09/08/2026 16:25:22] Xayling POST /miele/list
[09/08/2026 16:25:22] Xayling GET /miele/token
[09/08/2026 16:25:22] Xayling GET /miele/devices
[09/08/2026 16:25:59] Xayling GET /temptoday
[09/08/2026 16:25:59] Xayling GET /mbtoday
[09/08/2026 16:25:59] Xayling POST /miele/list
[09/08/2026 16:25:59] Xayling GET /miele/token
[09/08/2026 16:25:59] Xayling GET /miele/devices
[09/08/2026 16:26:01] Xayling GET /temptoday
[09/08/2026 16:26:01] Xayling GET /mbtoday
[09/08/2026 16:26:01] Xayling POST /miele/list
[09/08/2026 16:26:01] Xayling GET /miele/token
[09/08/2026 16:26:01] Xayling GET /miele/devices
[09/08/2026 16:26:08] Xayling GET /temptoday
[09/08/2026 16:26:08] Xayling GET /mbtoday
[09/08/2026 16:26:08] Xayling POST /miele/list
[09/08/2026 16:26:08] Xayling GET /miele/token
[09/08/2026 16:26:08] Xayling GET /miele/devices
[09/08/2026 16:26:14] Xayling GET /temptoday
[09/08/2026 16:26:14] Xayling GET /mbtoday
[09/08/2026 16:26:14] Xayling POST /miele/list
[09/08/2026 16:26:14] Xayling GET /miele/token
[09/08/2026 16:26:14] Xayling GET /miele/devices
[09/08/2026 16:26:16] Xayling GET /temptoday
[09/08/2026 16:26:16] Xayling GET /mbtoday
[09/08/2026 16:26:16] Xayling POST /miele/list
[09/08/2026 16:26:16] Xayling GET /miele/token
[09/08/2026 16:26:16] Xayling GET /miele/devices
[09/08/2026 16:28:21] Xayling GET /temptoday
[09/08/2026 16:28:21] Xayling GET /mbtoday
[09/08/2026 16:28:21] Xayling POST /miele/list
[09/08/2026 16:28:21] Xayling GET /miele/token
[09/08/2026 16:28:21] Xayling GET /miele/devices
[09/08/2026 16:31:47] Xayling POST /miele/list
[09/08/2026 16:31:47] Xayling GET /mbtoday
[09/08/2026 16:31:47] Xayling GET /temptoday
[09/08/2026 16:31:47] Xayling GET /miele/token
[09/08/2026 16:31:47] Xayling GET /miele/devices
[09/08/2026 16:32:51] Xayling GET /miele/token
[09/08/2026 16:32:51] Xayling POST /miele/list
[09/08/2026 16:32:51] Xayling GET /mbtoday
[09/08/2026 16:32:51] Xayling GET /temptoday
[09/08/2026 16:32:51] Xayling GET /miele/devices
[09/08/2026 16:33:09] Xayling GET /temptoday
[09/08/2026 16:33:09] Xayling GET /mbtoday
[09/08/2026 16:33:10] Xayling POST /miele/list
[09/08/2026 16:33:10] Xayling GET /miele/token
[09/08/2026 16:33:10] Xayling GET /miele/devices
[09/08/2026 16:35:34] Xayling GET /mbtoday
[09/08/2026 16:35:34] Xayling GET /temptoday
[09/08/2026 16:36:45] Xayling GET /mbtoday
[09/08/2026 16:36:45] Xayling GET /temptoday
[09/08/2026 16:36:45] Xayling POST /miele/list
[09/08/2026 16:36:45] Xayling GET /miele/token
[09/08/2026 16:36:45] Xayling GET /miele/devices
[09/08/2026 16:36:54] Xayling GET /temptoday
[09/08/2026 16:36:54] Xayling GET /clim/status
[09/08/2026 16:36:55] Xayling GET /temptoday
[09/08/2026 16:36:55] Xayling GET /mbtoday
[09/08/2026 16:38:51] Xayling GET /mbtoday
[09/08/2026 16:38:51] Xayling GET /temptoday
[09/08/2026 16:38:58] Xayling GET /temptoday
[09/08/2026 16:38:58] Xayling GET /mbtoday
[09/08/2026 16:40:37] Xayling GET /mbtoday
[09/08/2026 16:40:37] Xayling GET /temptoday
[09/08/2026 16:43:23] Xayling GET /temptoday
[09/08/2026 16:43:23] Xayling GET /mbtoday
[09/08/2026 16:46:00] Xayling GET /mbtoday
[09/08/2026 16:46:00] Xayling GET /temptoday
[09/08/2026 16:50:24] Xayling GET /temptoday
[09/08/2026 16:50:24] Xayling GET /mbtoday
[09/08/2026 16:51:54] Xayling GET /temptoday
[09/08/2026 16:51:54] Xayling GET /clim/status
[09/08/2026 16:51:55] Xayling GET /temptoday
[09/08/2026 16:51:55] Xayling GET /mbtoday
[09/08/2026 16:53:58] Xayling GET /mbtoday
[09/08/2026 16:53:58] Xayling GET /temptoday
[09/08/2026 16:54:49] Xayling GET /mbtoday
[09/08/2026 16:54:49] Xayling GET /temptoday
[09/08/2026 16:55:17] Xayling GET /temptoday
[09/08/2026 16:55:17] Xayling GET /mbtoday
[09/08/2026 16:57:07] Xayling GET /mbtoday
[09/08/2026 16:57:07] Xayling GET /temptoday
[09/08/2026 16:57:08] Xayling GET /temptoday
[09/08/2026 16:57:08] Xayling GET /mbtoday
[09/08/2026 16:57:26] Xayling GET /temptoday
[09/08/2026 16:57:26] Xayling GET /mbtoday
[09/08/2026 16:57:28] Xayling GET /temptoday
[09/08/2026 16:57:28] Xayling GET /mbtoday
[09/08/2026 16:58:21] Xayling GET /clim/status
[09/08/2026 16:58:21] Xayling GET /temptoday
[09/08/2026 16:58:31] Xayling GET /clim/status
[09/08/2026 16:58:41] Xayling GET /clim/status
[09/08/2026 16:58:51] Xayling GET /clim/status
[09/08/2026 16:59:01] Xayling GET /clim/status
[09/08/2026 16:59:09] Xayling GET /temptoday
[09/08/2026 16:59:09] Xayling GET /mbtoday
[09/08/2026 16:59:09] Xayling POST /miele/list
[09/08/2026 16:59:09] Xayling GET /miele/token
[09/08/2026 16:59:09] Xayling GET /miele/devices
[09/08/2026 17:00:53] Parents GET /temptoday
[09/08/2026 17:00:53] Parents GET /clim/status
[09/08/2026 17:01:03] Parents GET /clim/status
[09/08/2026 17:01:05] Parents GET /temptoday
[09/08/2026 17:01:05] Parents GET /mbtoday
[09/08/2026 17:01:37] Parents GET /temptoday
[09/08/2026 17:01:38] Parents GET /clim/status
[09/08/2026 17:01:40] Parents GET /temptoday
[09/08/2026 17:01:40] Parents GET /mbtoday
[09/08/2026 17:01:48] Parents GET /temptoday
[09/08/2026 17:01:48] Parents GET /mbtoday
[09/08/2026 17:01:55] Parents GET /temptoday
[09/08/2026 17:01:55] Parents GET /mbtoday
[09/08/2026 17:01:55] Parents POST /miele/list
[09/08/2026 17:01:55] Parents GET /miele/token
[09/08/2026 17:01:55] Parents GET /miele/devices
[09/08/2026 17:02:09] Parents GET /miele/devices/:deviceId/programs
[09/08/2026 17:02:09] Parents GET /miele/devices/:deviceId
[09/08/2026 17:02:15] Parents GET /miele/devices/:deviceId
[09/08/2026 17:02:15] Parents GET /miele/devices/:deviceId/programs
[09/08/2026 17:02:22] Parents PUT /miele/devices/:deviceId/actions
[09/08/2026 17:02:30] Parents GET /miele/devices/:deviceId
[09/08/2026 17:02:30] Parents GET /miele/devices/:deviceId/programs
[09/08/2026 17:02:39] Parents GET /miele/devices/:deviceId
[09/08/2026 17:02:39] Parents GET /miele/devices/:deviceId/programs
[09/08/2026 17:03:10] Parents GET /miele/devices/:deviceId
[09/08/2026 17:03:10] Parents GET /miele/devices/:deviceId/programs
[09/08/2026 17:03:36] Parents GET /temptoday
[09/08/2026 17:03:36] Parents GET /clim/status
[09/08/2026 17:03:46] Parents GET /clim/status
[09/08/2026 17:03:56] Parents GET /clim/status
[09/08/2026 17:04:06] Parents GET /clim/status
[09/08/2026 17:04:16] Parents GET /clim/status
[09/08/2026 17:04:26] Parents GET /clim/status
[09/08/2026 17:04:36] Parents GET /clim/status
[09/08/2026 17:04:36] Parents PUT /clim/set 22
[09/08/2026 17:04:39] Parents PUT /clim/set 22
[09/08/2026 17:04:41] Parents PUT /clim/set 22
[09/08/2026 17:04:43] Parents PUT /clim/set 22
[09/08/2026 17:04:44] Parents PUT /clim/set true
[09/08/2026 17:04:46] Parents GET /clim/status
[09/08/2026 17:04:48] Parents GET /clim/status
[09/08/2026 17:04:49] Parents GET /clim/status
[09/08/2026 17:04:51] Parents PUT /clim/set true
[09/08/2026 17:04:54] Parents GET /clim/status
[09/08/2026 17:04:57] Parents GET /clim/status
[09/08/2026 17:04:58] Parents GET /clim/status
[09/08/2026 17:05:00] Parents GET /clim/status
[09/08/2026 17:05:04] Parents GET /clim/status
[09/08/2026 17:05:06] Parents GET /clim/status
[09/08/2026 17:05:16] Parents GET /clim/status
[09/08/2026 17:05:26] Parents GET /clim/status
[09/08/2026 17:05:36] Parents GET /clim/status
[09/08/2026 17:05:46] Parents GET /clim/status
[09/08/2026 17:05:56] Parents GET /clim/status
[09/08/2026 17:06:01] Xayling GET /clim/status
[09/08/2026 17:06:01] Xayling GET /temptoday
[09/08/2026 17:06:06] Parents GET /clim/status
[09/08/2026 17:06:11] Parents PUT /clim/set
[09/08/2026 17:06:11] Xayling GET /clim/status
[09/08/2026 17:06:16] Parents GET /clim/status
[09/08/2026 17:06:18] Parents PUT /clim/set
[09/08/2026 17:06:21] Xayling GET /clim/status
[09/08/2026 17:06:22] Xayling GET /temptoday
[09/08/2026 17:06:22] Xayling GET /mbtoday
[09/08/2026 17:06:22] Parents GET /temptoday
[09/08/2026 17:06:22] Parents GET /mbtoday
[09/08/2026 17:06:23] Parents GET /clim/status
[09/08/2026 17:06:26] Parents GET /clim/status
[09/08/2026 17:06:53] Xayling POST /miele/list
[09/08/2026 17:06:53] Xayling GET /mbtoday
[09/08/2026 17:06:53] Xayling GET /temptoday
[09/08/2026 17:06:53] Xayling GET /miele/token
[09/08/2026 17:06:53] Xayling GET /miele/devices
[09/08/2026 17:07:10] Xayling GET /temptoday
[09/08/2026 17:07:10] Xayling GET /mbtoday
[09/08/2026 17:08:31] Xayling GET /miele/token
[09/08/2026 17:08:31] Xayling POST /miele/list
[09/08/2026 17:08:31] Xayling GET /mbtoday
[09/08/2026 17:08:31] Xayling GET /temptoday
[09/08/2026 17:08:31] Xayling GET /miele/devices
[09/08/2026 17:08:59] Xayling GET /temptoday
[09/08/2026 17:08:59] Xayling GET /mbtoday
[09/08/2026 17:08:59] Xayling POST /miele/list
[09/08/2026 17:08:59] Xayling GET /miele/token
[09/08/2026 17:09:00] Xayling GET /miele/devices
[09/08/2026 17:09:00] Parents GET /temptoday
[09/08/2026 17:09:00] Parents GET /mbtoday
[09/08/2026 17:09:04] Parents GET /mbtoday
[09/08/2026 17:09:04] Parents GET /temptoday
[09/08/2026 17:09:04] Parents GET /miele/token
[09/08/2026 17:09:04] Parents POST /miele/list
[09/08/2026 17:09:04] Parents GET /miele/devices
[09/08/2026 17:09:11] Parents GET /miele/devices/:deviceId
[09/08/2026 17:09:11] Parents GET /miele/devices/:deviceId/programs
[09/08/2026 17:09:15] Xayling GET /miele/devices/:deviceId
[09/08/2026 17:09:15] Xayling GET /miele/devices/:deviceId/programs
[09/08/2026 17:09:27] Parents PUT /miele/devices/:deviceId/programs
[09/08/2026 17:14:15] Parents GET /clim/status
[09/08/2026 17:14:20] Xayling GET /clim/status
[09/08/2026 17:14:24] Parents POST /miele/list
[09/08/2026 17:14:24] Parents GET /mbtoday
[09/08/2026 17:14:24] Parents GET /temptoday
[09/08/2026 17:14:24] Parents GET /miele/token
[09/08/2026 17:14:24] Parents GET /miele/devices
[09/08/2026 17:14:32] Xayling GET /clim/status
[09/08/2026 17:14:35] Xayling GET /temptoday
[09/08/2026 17:14:35] Xayling GET /mbtoday
[09/08/2026 17:14:38] Parents GET /temptoday
[09/08/2026 17:14:38] Parents GET /clim/status
[09/08/2026 17:14:40] Xayling GET /temptoday
[09/08/2026 17:14:40] Xayling GET /clim/status
[09/08/2026 17:14:44] Parents GET /temptoday
[09/08/2026 17:14:44] Parents GET /mbtoday
[09/08/2026 17:14:50] Xayling GET /clim/status
[09/08/2026 17:14:52] Xayling GET /temptoday
[09/08/2026 17:14:52] Xayling GET /mbtoday
[09/08/2026 17:15:15] Xayling GET /clim/status
[09/08/2026 17:15:15] Xayling GET /temptoday
[09/08/2026 17:15:20] Xayling GET /temptoday
[09/08/2026 17:15:20] Xayling GET /mbtoday
[09/08/2026 17:16:14] Xayling GET /mbtoday
[09/08/2026 17:16:14] Xayling GET /temptoday
[09/08/2026 17:16:16] Xayling GET /temptoday
[09/08/2026 17:16:16] Xayling GET /mbtoday
[09/08/2026 17:16:17] Parents GET /temptoday
[09/08/2026 17:16:17] Parents GET /mbtoday
[09/08/2026 17:16:19] Xayling GET /temptoday
[09/08/2026 17:16:19] Xayling GET /mbtoday
[09/08/2026 17:16:55] Parents GET /temptoday
[09/08/2026 17:16:55] Parents GET /clim/status
[09/08/2026 17:17:05] Parents GET /clim/status
[09/08/2026 17:17:11] Parents GET /temptoday
[09/08/2026 17:17:11] Parents GET /mbtoday
[09/08/2026 17:18:52] Xayling POST /miele/list
[09/08/2026 17:18:52] Xayling GET /mbtoday
[09/08/2026 17:18:52] Xayling GET /temptoday
[09/08/2026 17:18:52] Xayling GET /miele/token
[09/08/2026 17:18:52] Xayling GET /miele/devices
[09/08/2026 17:18:55] Xayling GET /miele/devices/:deviceId
[09/08/2026 17:18:55] Xayling GET /miele/devices/:deviceId/programs
[09/08/2026 17:19:25] Xayling GET /miele/devices/:deviceId/programs
[09/08/2026 17:19:25] Xayling GET /miele/devices/:deviceId
[09/08/2026 17:19:30] Parents GET /temptoday
[09/08/2026 17:19:30] Parents GET /clim/status
[09/08/2026 17:19:55] Xayling GET /miele/devices/:deviceId
[09/08/2026 17:19:55] Xayling GET /miele/devices/:deviceId/programs
[09/08/2026 17:20:25] Xayling GET /miele/devices/:deviceId/programs
[09/08/2026 17:20:25] Xayling GET /miele/devices/:deviceId
[09/08/2026 17:20:55] Xayling GET /miele/devices/:deviceId
[09/08/2026 17:20:55] Xayling GET /miele/devices/:deviceId/programs
[09/08/2026 17:21:25] Xayling GET /miele/devices/:deviceId/programs
[09/08/2026 17:21:25] Xayling GET /miele/devices/:deviceId
[09/08/2026 17:21:55] Xayling GET /miele/devices/:deviceId
[09/08/2026 17:21:55] Xayling GET /miele/devices/:deviceId/programs
[09/08/2026 17:22:50] Xayling POST /miele/list
[09/08/2026 17:22:50] Xayling GET /mbtoday
[09/08/2026 17:22:50] Xayling GET /temptoday
[09/08/2026 17:22:50] Xayling GET /miele/token
[09/08/2026 17:22:50] Xayling GET /miele/devices
[09/08/2026 17:31:52] Xayling POST /miele/list
[09/08/2026 17:31:52] Xayling GET /mbtoday
[09/08/2026 17:31:52] Xayling GET /temptoday
[09/08/2026 17:31:52] Xayling GET /miele/token
[09/08/2026 17:31:52] Xayling GET /miele/devices
[09/08/2026 17:36:23] Xayling POST /miele/list
[09/08/2026 17:36:23] Xayling GET /mbtoday
[09/08/2026 17:36:23] Xayling GET /temptoday
[09/08/2026 17:36:23] Xayling GET /miele/token
[09/08/2026 17:36:23] Xayling GET /miele/devices
[09/08/2026 17:43:52] Xayling POST /miele/list
[09/08/2026 17:43:52] Xayling GET /mbtoday
[09/08/2026 17:43:52] Xayling GET /temptoday
[09/08/2026 17:43:52] Xayling GET /miele/token
[09/08/2026 17:43:52] Xayling GET /miele/devices
[09/08/2026 18:55:01] Xayling GET /miele/token
[09/08/2026 18:55:01] Xayling POST /miele/list
[09/08/2026 18:55:01] Xayling GET /mbtoday
[09/08/2026 18:55:01] Xayling GET /temptoday
[09/08/2026 18:55:01] Xayling GET /temptoday
[09/08/2026 18:55:01] Xayling GET /mbtoday
[09/08/2026 18:55:01] Xayling POST /miele/list
[09/08/2026 18:55:01] Xayling GET /miele/token
[09/08/2026 18:55:01] Xayling GET /miele/devices
[09/08/2026 18:56:53] Parents GET /clim/status
[09/08/2026 18:56:53] Parents GET /temptoday
[09/08/2026 18:57:03] Parents GET /clim/status
[09/08/2026 18:57:13] Parents GET /clim/status
[09/08/2026 18:57:23] Parents GET /clim/status
[09/08/2026 18:57:33] Parents GET /clim/status
[09/08/2026 18:57:43] Parents GET /clim/status
[09/08/2026 18:57:53] Parents GET /clim/status
[09/08/2026 19:00:03] Parents GET /clim/status
[09/08/2026 19:00:13] Parents GET /clim/status
[09/08/2026 19:00:23] Parents GET /clim/status
[09/08/2026 19:00:33] Parents GET /clim/status
[09/08/2026 19:00:43] Parents GET /clim/status
[09/08/2026 19:00:53] Parents GET /clim/status
[09/08/2026 19:01:03] Parents GET /clim/status
[09/08/2026 19:01:13] Parents GET /clim/status
[09/08/2026 19:01:23] Parents GET /clim/status
[09/08/2026 19:01:31] Xayling GET /mbtoday
[09/08/2026 19:01:31] Xayling GET /temptoday
[09/08/2026 19:01:31] Xayling POST /miele/list
[09/08/2026 19:01:31] Xayling GET /miele/token
[09/08/2026 19:01:31] Xayling GET /miele/devices
[09/08/2026 19:01:33] Parents GET /clim/status
[09/08/2026 19:01:43] Parents GET /clim/status
[09/08/2026 19:01:53] Parents GET /clim/status
[09/08/2026 19:02:03] Parents GET /clim/status
[09/08/2026 19:02:14] Parents GET /clim/status
[09/08/2026 19:02:24] Parents GET /clim/status
[09/08/2026 19:02:34] Parents GET /clim/status
[09/08/2026 19:02:44] Parents GET /clim/status
[09/08/2026 19:02:54] Parents GET /clim/status
[09/08/2026 19:03:59] Parents GET /clim/status
[09/08/2026 19:04:01] Parents GET /temptoday
[09/08/2026 19:04:01] Parents GET /clim/status
[09/08/2026 19:04:13] Parents GET /clim/status
[09/08/2026 19:04:22] Parents GET /clim/status
[09/08/2026 19:04:32] Parents GET /clim/status
[09/08/2026 19:04:42] Parents GET /clim/status
[09/08/2026 19:04:53] Parents GET /clim/status
[09/08/2026 19:05:02] Parents GET /clim/status
[09/08/2026 19:05:12] Parents GET /clim/status
[09/08/2026 19:05:22] Parents GET /clim/status
[09/08/2026 19:05:32] Parents GET /clim/status
[09/08/2026 19:06:02] Xayling GET /miele/token
[09/08/2026 19:06:02] Xayling POST /miele/list
[09/08/2026 19:06:03] Xayling GET /mbtoday
[09/08/2026 19:06:03] Xayling GET /temptoday
[09/08/2026 19:06:03] Xayling GET /miele/devices
[09/08/2026 19:11:31] Xayling GET /mbtoday
[09/08/2026 19:11:31] Xayling GET /temptoday
[09/08/2026 19:11:31] Xayling POST /miele/list
[09/08/2026 19:11:31] Xayling GET /miele/token
[09/08/2026 19:11:31] Xayling GET /miele/devices
[09/08/2026 19:16:02] Xayling GET /mbtoday
[09/08/2026 19:16:02] Xayling GET /temptoday
[09/08/2026 19:16:02] Xayling POST /miele/list
[09/08/2026 19:16:02] Xayling GET /miele/token
[09/08/2026 19:16:02] Xayling GET /miele/devices
[09/08/2026 19:23:31] Xayling POST /miele/list
[09/08/2026 19:23:31] Xayling GET /mbtoday
[09/08/2026 19:23:31] Xayling GET /temptoday
[09/08/2026 19:23:31] Xayling GET /miele/token
[09/08/2026 19:23:31] Xayling GET /miele/devices
[09/08/2026 19:28:02] Xayling GET /miele/token
[09/08/2026 19:28:02] Xayling POST /miele/list
[09/08/2026 19:28:02] Xayling GET /mbtoday
[09/08/2026 19:28:02] Xayling GET /temptoday
[09/08/2026 19:28:02] Xayling GET /miele/devices
[09/08/2026 19:39:31] Xayling POST /miele/list
[09/08/2026 19:39:31] Xayling GET /mbtoday
[09/08/2026 19:39:31] Xayling GET /temptoday
[09/08/2026 19:39:31] Xayling GET /miele/token
[09/08/2026 19:39:31] Xayling GET /miele/devices
[09/08/2026 19:44:02] Xayling POST /miele/list
[09/08/2026 19:44:02] Xayling GET /mbtoday
[09/08/2026 19:44:02] Xayling GET /temptoday
[09/08/2026 19:44:02] Xayling GET /miele/token
[09/08/2026 19:44:02] Xayling GET /miele/devices
[09/08/2026 20:02:31] Xayling POST /miele/list
[09/08/2026 20:02:31] Xayling GET /mbtoday
[09/08/2026 20:02:31] Xayling GET /temptoday
[09/08/2026 20:02:31] Xayling GET /miele/token
[09/08/2026 20:02:31] Xayling GET /miele/devices
[09/08/2026 20:07:02] Xayling POST /miele/list
[09/08/2026 20:07:02] Xayling GET /mbtoday
[09/08/2026 20:07:02] Xayling GET /temptoday
[09/08/2026 20:07:02] Xayling GET /miele/token
[09/08/2026 20:07:02] Xayling GET /miele/devices
[09/08/2026 20:13:31] Xayling POST /miele/list
[09/08/2026 20:13:31] Xayling GET /mbtoday
[09/08/2026 20:13:31] Xayling GET /temptoday
[09/08/2026 20:13:31] Xayling GET /miele/token
[09/08/2026 20:13:31] Xayling GET /miele/devices
[09/08/2026 20:18:02] Xayling POST /miele/list
[09/08/2026 20:18:02] Xayling GET /mbtoday
[09/08/2026 20:18:02] Xayling GET /temptoday
[09/08/2026 20:18:02] Xayling GET /miele/token
[09/08/2026 20:18:02] Xayling GET /miele/devices
[09/08/2026 20:28:31] Xayling GET /miele/token
[09/08/2026 20:28:31] Xayling POST /miele/list
[09/08/2026 20:28:31] Xayling GET /mbtoday
[09/08/2026 20:28:31] Xayling GET /temptoday
[09/08/2026 20:28:31] Xayling GET /miele/devices
[09/08/2026 20:44:31] Xayling GET /mbtoday
[09/08/2026 20:44:31] Xayling GET /temptoday
[09/08/2026 20:44:31] Xayling POST /miele/list
[09/08/2026 20:44:31] Xayling GET /miele/token
[09/08/2026 20:44:31] Xayling GET /miele/devices
[09/08/2026 20:49:02] Xayling POST /miele/list
[09/08/2026 20:49:02] Xayling GET /mbtoday
[09/08/2026 20:49:02] Xayling GET /temptoday
[09/08/2026 20:49:02] Xayling GET /miele/token
[09/08/2026 20:49:02] Xayling GET /miele/devices
[09/08/2026 20:58:18] Xayling GET /miele/token
[09/08/2026 20:58:18] Xayling POST /miele/list
[09/08/2026 20:58:19] Xayling GET /mbtoday
[09/08/2026 20:58:19] Xayling GET /temptoday
[09/08/2026 20:58:19] Xayling GET /miele/devices
[09/08/2026 21:09:31] Xayling POST /miele/list
[09/08/2026 21:09:31] Xayling GET /mbtoday
[09/08/2026 21:09:31] Xayling GET /temptoday
[09/08/2026 21:09:31] Xayling GET /miele/token
[09/08/2026 21:09:31] Xayling GET /miele/devices
[09/08/2026 21:14:02] Xayling GET /miele/token
[09/08/2026 21:14:02] Xayling POST /miele/list
[09/08/2026 21:14:02] Xayling GET /mbtoday
[09/08/2026 21:14:02] Xayling GET /temptoday
[09/08/2026 21:14:02] Xayling GET /miele/devices
[09/08/2026 21:28:32] Xayling POST /miele/list
[09/08/2026 21:28:32] Xayling GET /mbtoday
[09/08/2026 21:28:32] Xayling GET /temptoday
[09/08/2026 21:28:32] Xayling GET /miele/token
[09/08/2026 21:28:32] Xayling GET /miele/devices
[09/08/2026 21:33:02] Xayling POST /miele/list
[09/08/2026 21:33:02] Xayling GET /mbtoday
[09/08/2026 21:33:02] Xayling GET /temptoday
[09/08/2026 21:33:02] Xayling GET /miele/token
[09/08/2026 21:33:02] Xayling GET /miele/devices
[09/08/2026 21:38:31] Xayling POST /miele/list
[09/08/2026 21:38:31] Xayling GET /mbtoday
[09/08/2026 21:38:31] Xayling GET /temptoday
[09/08/2026 21:38:31] Xayling GET /miele/token
[09/08/2026 21:38:31] Xayling GET /miele/devices
[09/08/2026 21:43:02] Xayling GET /temptoday
[09/08/2026 21:43:02] Xayling GET /mbtoday
[09/08/2026 21:43:02] Xayling POST /miele/list
[09/08/2026 21:43:02] Xayling GET /miele/token
[09/08/2026 21:43:02] Xayling GET /miele/devices
[09/08/2026 21:48:31] Xayling POST /miele/list
[09/08/2026 21:48:31] Xayling GET /mbtoday
[09/08/2026 21:48:31] Xayling GET /temptoday
[09/08/2026 21:48:31] Xayling GET /miele/token
[09/08/2026 21:48:31] Xayling GET /miele/devices
[09/08/2026 21:53:02] Xayling POST /miele/list
[09/08/2026 21:53:02] Xayling GET /mbtoday
[09/08/2026 21:53:02] Xayling GET /temptoday
[09/08/2026 21:53:02] Xayling GET /miele/token
[09/08/2026 21:53:02] Xayling GET /miele/devices
[09/08/2026 21:56:23] Parents GET /temptoday
[09/08/2026 21:56:23] Parents GET /clim/status
[09/08/2026 21:56:25] Parents POST /miele/list
[09/08/2026 21:56:25] Parents GET /temptoday
[09/08/2026 21:56:25] Parents GET /mbtoday
[09/08/2026 21:56:25] Parents GET /miele/token
[09/08/2026 21:56:26] Parents GET /miele/devices
[09/08/2026 21:56:28] Parents GET /miele/devices/:deviceId
[09/08/2026 21:56:28] Parents GET /miele/devices/:deviceId/programs
[09/08/2026 21:56:34] Parents PUT /miele/devices/:deviceId/programs
[09/08/2026 21:56:34] Parents GET /miele/devices/:deviceId
[09/08/2026 21:56:34] Parents GET /miele/devices/:deviceId/programs
[09/08/2026 21:56:59] Parents GET /miele/devices/:deviceId/programs
[09/08/2026 21:56:59] Parents GET /miele/devices/:deviceId
[09/08/2026 21:57:29] Parents GET /miele/devices/:deviceId
[09/08/2026 21:57:29] Parents GET /miele/devices/:deviceId/programs
[09/08/2026 21:57:59] Parents GET /miele/devices/:deviceId/programs
[09/08/2026 21:57:59] Parents GET /miele/devices/:deviceId
[09/08/2026 21:58:28] Parents GET /miele/devices/:deviceId
[09/08/2026 21:58:28] Parents GET /miele/devices/:deviceId/programs
[09/08/2026 21:58:58] Parents GET /miele/devices/:deviceId/programs
[09/08/2026 21:58:58] Parents GET /miele/devices/:deviceId
[09/08/2026 21:59:28] Parents GET /miele/devices/:deviceId
[09/08/2026 21:59:28] Parents GET /miele/devices/:deviceId/programs
[09/08/2026 21:59:59] Parents GET /miele/devices/:deviceId/programs
[09/08/2026 21:59:59] Parents GET /miele/devices/:deviceId
[09/08/2026 22:00:28] Parents GET /miele/devices/:deviceId
[09/08/2026 22:00:28] Parents GET /miele/devices/:deviceId/programs
[09/08/2026 22:00:31] Xayling POST /miele/list
[09/08/2026 22:00:31] Xayling GET /mbtoday
[09/08/2026 22:00:31] Xayling GET /temptoday
[09/08/2026 22:00:31] Xayling GET /miele/token
[09/08/2026 22:00:31] Xayling GET /miele/devices
[09/08/2026 22:00:59] Parents GET /miele/devices/:deviceId
[09/08/2026 22:00:59] Parents GET /miele/devices/:deviceId/programs
[09/08/2026 22:01:28] Parents GET /miele/devices/:deviceId/programs
[09/08/2026 22:01:28] Parents GET /miele/devices/:deviceId
[09/08/2026 22:01:33] Parents GET /temptoday
[09/08/2026 22:01:33] Parents POST /miele/list
[09/08/2026 22:01:33] Parents GET /mbtoday
[09/08/2026 22:01:33] Parents GET /miele/token
[09/08/2026 22:01:33] Parents GET /miele/devices
[09/08/2026 22:02:20] Parents POST /miele/list
[09/08/2026 22:02:20] Parents GET /temptoday
[09/08/2026 22:02:20] Parents GET /mbtoday
[09/08/2026 22:02:20] Parents GET /miele/token
[09/08/2026 22:02:20] Parents GET /miele/devices
[09/08/2026 22:05:02] Xayling GET /miele/token
[09/08/2026 22:05:02] Xayling POST /miele/list
[09/08/2026 22:05:02] Xayling GET /mbtoday
[09/08/2026 22:05:02] Xayling GET /temptoday
[09/08/2026 22:05:02] Xayling GET /miele/devices
[09/08/2026 22:06:13] Xayling GET /clim/status
[09/08/2026 22:06:13] Xayling GET /temptoday
[09/08/2026 22:06:56] Xayling GET /clim/status
[09/08/2026 22:07:06] Xayling GET /clim/status
[09/08/2026 22:07:16] Xayling GET /clim/status
[09/08/2026 22:07:26] Xayling GET /clim/status
[09/08/2026 22:07:36] Xayling GET /clim/status
[09/08/2026 22:07:46] Xayling GET /clim/status
[09/08/2026 22:07:56] Xayling GET /clim/status
[09/08/2026 22:08:29] Parents GET /mbtoday
[09/08/2026 22:08:29] Parents POST /miele/list
[09/08/2026 22:08:29] Parents GET /temptoday
[09/08/2026 22:08:29] Parents GET /miele/token
[09/08/2026 22:08:31] Xayling GET /clim/status
[09/08/2026 22:08:33] Parents GET /miele/devices
[09/08/2026 22:09:26] Parents GET /temptoday
[09/08/2026 22:09:26] Parents POST /miele/list
[09/08/2026 22:09:26] Parents GET /mbtoday
[09/08/2026 22:09:26] Parents GET /miele/token
[09/08/2026 22:09:30] Parents GET /miele/devices
[09/08/2026 22:09:31] Xayling GET /clim/status
[09/08/2026 22:10:27] Parents GET /miele/token
[09/08/2026 22:10:27] Parents GET /mbtoday
[09/08/2026 22:10:27] Parents POST /miele/list
[09/08/2026 22:10:27] Parents GET /temptoday
[09/08/2026 22:10:30] Parents GET /miele/devices
[09/08/2026 22:10:31] Xayling GET /clim/status
[09/08/2026 22:10:39] Xayling GET /clim/status
[09/08/2026 22:10:46] Xayling GET /clim/status
[09/08/2026 22:10:55] Xayling GET /clim/status
[09/08/2026 22:11:06] Xayling GET /clim/status
[09/08/2026 22:11:16] Xayling GET /clim/status
[09/08/2026 22:11:26] Xayling GET /clim/status
[09/08/2026 22:11:36] Xayling GET /clim/status
[09/08/2026 22:11:46] Xayling GET /clim/status
[09/08/2026 22:11:56] Xayling GET /clim/status
[09/08/2026 22:12:31] Xayling GET /clim/status
[09/08/2026 22:13:31] Xayling GET /clim/status
[09/08/2026 22:14:31] Xayling GET /clim/status
[09/08/2026 22:14:31] Xayling GET /temptoday
[09/08/2026 22:14:31] Xayling GET /clim/status
[09/08/2026 22:14:42] Xayling GET /clim/status
[09/08/2026 22:14:52] Xayling GET /clim/status
[09/08/2026 22:15:03] Xayling GET /clim/status
[09/08/2026 22:15:12] Xayling GET /clim/status
[09/08/2026 22:15:22] Xayling GET /clim/status
[09/08/2026 22:15:31] Xayling GET /clim/status
[09/08/2026 22:24:26] Parents GET /temptoday
[09/08/2026 22:24:26] Parents POST /miele/list
[09/08/2026 22:24:26] Parents GET /mbtoday
[09/08/2026 22:24:26] Parents GET /miele/token
[09/08/2026 22:24:26] Parents GET /miele/devices
[09/08/2026 22:24:29] Parents POST /miele/list
[09/08/2026 22:24:29] Parents GET /temptoday
[09/08/2026 22:24:29] Parents GET /mbtoday
[09/08/2026 22:24:29] Parents GET /miele/token
[09/08/2026 22:24:29] Parents GET /miele/devices
[09/08/2026 23:55:21] Xayling GET /clim/status
[09/08/2026 23:55:21] Xayling GET /temptoday
[09/08/2026 23:55:32] Xayling GET /clim/status
[09/08/2026 23:55:40] Xayling GET /clim/status
[09/08/2026 23:55:50] Xayling GET /clim/status
[09/08/2026 23:56:00] Xayling GET /clim/status
[09/08/2026 23:56:01] Parents GET /clim/status
[09/08/2026 23:56:01] Parents GET /temptoday
[09/08/2026 23:56:10] Xayling GET /clim/status
[09/08/2026 23:56:11] Parents GET /clim/status
[09/08/2026 23:56:20] Xayling GET /clim/status
[09/08/2026 23:56:21] Parents GET /clim/status
[09/08/2026 23:56:30] Xayling GET /clim/status
[09/08/2026 23:56:31] Parents GET /clim/status
[09/08/2026 23:56:40] Parents GET /temptoday
[09/08/2026 23:56:40] Parents POST /miele/list
[09/08/2026 23:56:40] Parents GET /mbtoday
[09/08/2026 23:56:40] Parents GET /miele/token
[09/08/2026 23:56:40] Parents GET /miele/devices
[09/08/2026 23:56:40] Xayling GET /clim/status
[09/08/2026 23:56:44] Parents GET /temptoday
[09/08/2026 23:56:44] Parents GET /clim/status
[09/08/2026 23:56:52] Xayling GET /clim/status
[09/08/2026 23:56:54] Parents GET /clim/status
[09/08/2026 23:57:00] Xayling GET /clim/status
[09/08/2026 23:57:06] Parents GET /clim/status
[09/08/2026 23:57:10] Xayling GET /clim/status
[09/08/2026 23:57:14] Parents GET /clim/status
[09/08/2026 23:57:20] Xayling GET /clim/status
[09/08/2026 23:57:24] Parents GET /clim/status
[09/08/2026 23:57:30] Xayling GET /temptoday
[09/08/2026 23:57:30] Xayling GET /mbtoday
[09/08/2026 23:57:30] Xayling POST /miele/list
[09/08/2026 23:57:30] Xayling GET /miele/token
[09/08/2026 23:57:30] Xayling GET /miele/devices
[09/08/2026 23:57:33] Xayling GET /miele/devices/:deviceId
[09/08/2026 23:57:33] Xayling GET /miele/devices/:deviceId/programs
[09/08/2026 23:57:34] Parents GET /clim/status
[09/08/2026 23:57:44] Parents GET /clim/status
[09/08/2026 23:57:54] Parents GET /clim/status
[09/08/2026 23:58:03] Xayling GET /miele/devices/:deviceId
[09/08/2026 23:58:03] Xayling GET /miele/devices/:deviceId/programs
[09/08/2026 23:58:04] Parents GET /clim/status
[09/08/2026 23:58:07] Xayling GET /miele/devices/:deviceId
[09/08/2026 23:58:07] Xayling GET /miele/devices/:deviceId/programs
[09/08/2026 23:58:11] Xayling GET /temptoday
[09/08/2026 23:58:11] Xayling GET /mbtoday
[09/08/2026 23:58:11] Xayling POST /miele/list
[09/08/2026 23:58:11] Xayling GET /miele/token
[09/08/2026 23:58:11] Xayling GET /miele/devices
[09/08/2026 23:58:14] Parents GET /clim/status
[09/08/2026 23:58:15] Xayling GET /miele/devices/:deviceId/programs
[09/08/2026 23:58:15] Xayling GET /miele/devices/:deviceId
[09/08/2026 23:58:19] Xayling GET /miele/devices/:deviceId
[09/08/2026 23:58:19] Xayling GET /miele/devices/:deviceId/programs
[09/08/2026 23:58:24] Parents GET /clim/status
[09/08/2026 23:58:34] Parents GET /clim/status
[09/08/2026 23:58:44] Parents GET /clim/status
[09/08/2026 23:58:45] Xayling GET /miele/devices/:deviceId
[09/08/2026 23:58:45] Xayling GET /miele/devices/:deviceId/programs
[09/08/2026 23:58:55] Parents GET /clim/status
[09/08/2026 23:59:04] Parents GET /clim/status
[09/08/2026 23:59:14] Parents GET /clim/status
[09/08/2026 23:59:15] Xayling GET /miele/devices/:deviceId
[09/08/2026 23:59:15] Xayling GET /miele/devices/:deviceId/programs
[09/08/2026 23:59:24] Parents GET /clim/status
[09/08/2026 23:59:34] Parents GET /clim/status
[09/08/2026 23:59:44] Parents GET /clim/status
[09/08/2026 23:59:45] Xayling GET /miele/devices/:deviceId
[09/08/2026 23:59:45] Xayling GET /miele/devices/:deviceId/programs
[09/08/2026 23:59:54] Parents GET /clim/status
[10/08/2026 00:00:04] Parents GET /clim/status
[10/08/2026 00:00:14] Parents GET /clim/status
[10/08/2026 00:00:15] Xayling GET /miele/devices/:deviceId
[10/08/2026 00:00:15] Xayling GET /miele/devices/:deviceId/programs
[10/08/2026 00:00:34] Parents GET /clim/status
[10/08/2026 00:00:44] Parents GET /clim/status
[10/08/2026 00:00:45] Xayling GET /miele/devices/:deviceId/programs
[10/08/2026 00:00:45] Xayling GET /miele/devices/:deviceId
[10/08/2026 00:00:54] Parents GET /clim/status
[10/08/2026 00:01:04] Parents GET /clim/status
[10/08/2026 00:01:14] Parents GET /clim/status
[10/08/2026 00:01:15] Xayling GET /miele/devices/:deviceId
[10/08/2026 00:01:15] Xayling GET /miele/devices/:deviceId/programs
[10/08/2026 00:01:24] Parents GET /clim/status
[10/08/2026 00:01:34] Parents GET /clim/status
[10/08/2026 00:01:44] Parents GET /clim/status
[10/08/2026 00:01:54] Parents GET /clim/status
[10/08/2026 00:01:58] Xayling GET /miele/devices/:deviceId/programs
[10/08/2026 00:01:58] Xayling GET /miele/devices/:deviceId
[10/08/2026 00:02:19] Parents GET /clim/status
[10/08/2026 00:02:42] Xayling POST /miele/list
[10/08/2026 00:02:42] Xayling GET /mbtoday
[10/08/2026 00:02:42] Xayling GET /temptoday
[10/08/2026 00:02:42] Xayling GET /miele/token
[10/08/2026 00:02:42] Xayling GET /miele/devices
[10/08/2026 00:02:53] Parents GET /clim/status
[10/08/2026 00:03:34] Parents GET /clim/status
[10/08/2026 00:03:45] Parents GET /temptoday
[10/08/2026 00:03:45] Parents GET /clim/status
[10/08/2026 00:04:01] Xayling GET /temptoday
[10/08/2026 00:04:01] Xayling GET /clim/status
[10/08/2026 00:04:11] Xayling GET /clim/status
[10/08/2026 00:04:21] Xayling GET /clim/status
[10/08/2026 00:04:22] Parents GET /clim/status
[10/08/2026 00:04:31] Xayling GET /clim/status
[10/08/2026 00:04:41] Xayling GET /clim/status
[10/08/2026 00:04:42] Parents GET /clim/status
[10/08/2026 00:04:42] Parents GET /temptoday
[10/08/2026 00:04:51] Xayling GET /clim/status
[10/08/2026 00:05:10] Xayling GET /temptoday
[10/08/2026 00:05:10] Xayling GET /clim/status
[10/08/2026 00:05:20] Xayling GET /clim/status
[10/08/2026 00:05:30] Xayling GET /clim/status
[10/08/2026 00:05:40] Xayling GET /clim/status
[10/08/2026 00:05:50] Xayling GET /clim/status
[10/08/2026 00:06:00] Xayling GET /clim/status
[10/08/2026 00:06:12] Xayling GET /clim/status
[10/08/2026 00:06:20] Xayling GET /clim/status
[10/08/2026 00:06:30] Xayling GET /clim/status
[10/08/2026 00:06:40] Xayling GET /clim/status
[10/08/2026 00:06:50] Xayling GET /clim/status
[10/08/2026 00:06:55] Xayling GET /temptoday
[10/08/2026 00:06:55] Xayling GET /clim/status
[10/08/2026 00:07:05] Xayling GET /clim/status
[10/08/2026 00:07:15] Xayling GET /clim/status
[10/08/2026 00:07:25] Xayling GET /clim/status
[10/08/2026 00:07:35] Xayling GET /clim/status
[10/08/2026 00:07:45] Xayling GET /clim/status
[10/08/2026 00:07:55] Xayling GET /clim/status
[10/08/2026 00:08:05] Xayling GET /clim/status
[10/08/2026 00:08:15] Xayling GET /clim/status
[10/08/2026 00:08:25] Xayling GET /clim/status
[10/08/2026 00:08:35] Xayling GET /clim/status
[10/08/2026 00:08:45] Xayling GET /clim/status
[10/08/2026 00:08:55] Xayling GET /clim/status
[10/08/2026 00:09:05] Xayling GET /clim/status
[10/08/2026 00:09:15] Xayling GET /clim/status
[10/08/2026 00:09:25] Xayling GET /clim/status
[10/08/2026 00:09:58] Xayling GET /clim/status
[10/08/2026 00:10:56] Xayling GET /clim/status
[10/08/2026 00:10:56] Xayling GET /temptoday
[10/08/2026 00:11:06] Xayling GET /clim/status
[10/08/2026 00:11:16] Xayling GET /clim/status
[10/08/2026 00:11:26] Xayling GET /clim/status
[10/08/2026 00:11:36] Xayling GET /clim/status
[10/08/2026 00:11:46] Xayling GET /clim/status
[10/08/2026 00:11:56] Xayling GET /clim/status
[10/08/2026 00:12:06] Xayling GET /clim/status
[10/08/2026 00:12:58] Xayling GET /clim/status
[10/08/2026 00:13:58] Xayling GET /clim/status
[10/08/2026 00:14:57] Xayling GET /clim/status
[10/08/2026 00:14:57] Xayling GET /temptoday
[10/08/2026 00:15:07] Xayling GET /clim/status
[10/08/2026 00:15:17] Xayling GET /clim/status
[10/08/2026 00:15:27] Xayling GET /clim/status
[10/08/2026 00:15:37] Xayling GET /clim/status
[10/08/2026 00:15:47] Xayling GET /clim/status
[10/08/2026 00:15:57] Xayling GET /clim/status
[10/08/2026 00:16:07] Xayling GET /clim/status
[10/08/2026 00:16:58] Xayling GET /clim/status
[10/08/2026 00:17:58] Xayling GET /clim/status
[10/08/2026 00:18:58] Xayling GET /clim/status
[10/08/2026 00:18:58] Xayling GET /temptoday
[10/08/2026 00:19:08] Xayling GET /clim/status
[10/08/2026 00:19:18] Xayling GET /clim/status
[10/08/2026 00:19:28] Xayling GET /clim/status
[10/08/2026 00:19:38] Xayling GET /clim/status
[10/08/2026 00:19:48] Xayling GET /clim/status
[10/08/2026 00:19:58] Xayling GET /clim/status
[10/08/2026 00:20:08] Xayling GET /clim/status
[10/08/2026 00:20:58] Xayling GET /clim/status
[10/08/2026 00:21:58] Xayling GET /clim/status
[10/08/2026 00:22:58] Xayling GET /clim/status
[10/08/2026 00:23:58] Xayling GET /clim/status
[10/08/2026 00:23:59] Xayling GET /temptoday
[10/08/2026 00:23:59] Xayling GET /clim/status
[10/08/2026 00:24:09] Xayling GET /clim/status
[10/08/2026 00:24:19] Xayling GET /clim/status
[10/08/2026 00:24:29] Xayling GET /clim/status
[10/08/2026 00:24:39] Xayling GET /clim/status
[10/08/2026 00:24:49] Xayling GET /clim/status
[10/08/2026 00:24:59] Xayling GET /clim/status
[10/08/2026 00:25:09] Xayling GET /clim/status
[10/08/2026 00:25:58] Xayling GET /clim/status
[10/08/2026 00:26:58] Xayling GET /clim/status
[10/08/2026 00:27:58] Xayling GET /clim/status
[10/08/2026 00:28:58] Xayling GET /clim/status
[10/08/2026 00:28:58] Xayling GET /temptoday
[10/08/2026 00:28:59] Xayling GET /clim/status
[10/08/2026 00:29:09] Xayling GET /clim/status
[10/08/2026 00:29:19] Xayling GET /clim/status
[10/08/2026 00:29:29] Xayling GET /clim/status
[10/08/2026 00:29:39] Xayling GET /clim/status
[10/08/2026 00:29:49] Xayling GET /clim/status
[10/08/2026 00:29:59] Xayling GET /clim/status
[10/08/2026 00:30:09] Xayling GET /clim/status
[10/08/2026 00:30:58] Xayling GET /clim/status
[10/08/2026 00:31:58] Xayling GET /clim/status
[10/08/2026 00:32:58] Xayling GET /clim/status
[10/08/2026 00:33:56] Xayling GET /clim/status
[10/08/2026 00:33:56] Xayling GET /temptoday
[10/08/2026 00:34:06] Xayling GET /clim/status
[10/08/2026 00:34:16] Xayling GET /clim/status
[10/08/2026 00:34:26] Xayling GET /clim/status
[10/08/2026 00:34:36] Xayling GET /clim/status
[10/08/2026 00:34:46] Xayling GET /clim/status
[10/08/2026 00:34:56] Xayling GET /clim/status
[10/08/2026 00:35:06] Xayling GET /clim/status
[10/08/2026 00:50:59] Xayling GET /clim/status
[10/08/2026 00:51:59] Xayling GET /clim/status
[10/08/2026 00:52:57] Xayling GET /clim/status
[10/08/2026 00:52:57] Xayling GET /temptoday
[10/08/2026 00:53:07] Xayling GET /clim/status
[10/08/2026 00:53:17] Xayling GET /clim/status
[10/08/2026 00:53:27] Xayling GET /clim/status
[10/08/2026 00:53:37] Xayling GET /clim/status
[10/08/2026 00:53:47] Xayling GET /clim/status
[10/08/2026 00:53:58] Xayling GET /clim/status
[10/08/2026 00:54:07] Xayling GET /clim/status
[10/08/2026 00:54:59] Xayling GET /clim/status
[10/08/2026 00:55:59] Xayling GET /clim/status
[10/08/2026 00:56:28] Xayling GET /clim/status
[10/08/2026 00:56:37] Xayling GET /clim/status
[10/08/2026 00:56:42] Xayling GET /temptoday
[10/08/2026 00:56:42] Xayling GET /mbtoday
[10/08/2026 00:56:42] Xayling POST /miele/list
[10/08/2026 00:56:42] Xayling GET /miele/token
[10/08/2026 00:56:42] Xayling GET /miele/devices
[10/08/2026 01:00:20] Xayling GET /miele/devices/:deviceId/programs
[10/08/2026 01:00:20] Xayling GET /miele/devices/:deviceId
[10/08/2026 01:00:50] Xayling GET /temptoday
[10/08/2026 01:00:50] Xayling GET /mbtoday
[10/08/2026 01:00:50] Xayling POST /miele/list
[10/08/2026 01:00:50] Xayling GET /miele/token
[10/08/2026 01:00:50] Xayling GET /miele/devices
[10/08/2026 01:01:08] Parents GET /clim/status
[10/08/2026 02:36:25] Xayling POST /miele/list
[10/08/2026 02:36:25] Xayling GET /mbtoday
[10/08/2026 02:36:25] Xayling GET /temptoday
[10/08/2026 02:36:25] Xayling GET /miele/token
[10/08/2026 02:36:25] Xayling GET /miele/devices
[10/08/2026 11:48:27] Xayling GET /miele/token
[10/08/2026 11:48:27] Xayling POST /miele/list
[10/08/2026 11:48:27] Xayling GET /mbtoday
[10/08/2026 11:48:27] Xayling GET /temptoday
[10/08/2026 11:48:27] Xayling GET /miele/devices
[10/08/2026 12:03:05] POST /login
[10/08/2026 12:03:05] Titipuce GET /temptoday
[10/08/2026 12:03:05] Titipuce GET /clim/status
[10/08/2026 12:03:16] Titipuce GET /clim/status
[10/08/2026 12:03:16] POST /subscribe (Push)
[10/08/2026 12:04:54] Xayling POST /miele/list
[10/08/2026 12:04:54] Xayling GET /mbtoday
[10/08/2026 12:04:54] Xayling GET /temptoday
[10/08/2026 12:04:54] Xayling GET /miele/token
[10/08/2026 12:04:54] Xayling GET /miele/devices
[10/08/2026 12:09:28] POST /login
[10/08/2026 12:09:29] Obiwanlolo GET /temptoday
[10/08/2026 12:09:29] Obiwanlolo GET /clim/status
[10/08/2026 12:09:39] Obiwanlolo GET /clim/status
[10/08/2026 12:09:41] POST /subscribe (Push)
[10/08/2026 12:15:54] Xayling POST /miele/list
[10/08/2026 12:15:54] Xayling GET /mbtoday
[10/08/2026 12:15:54] Xayling GET /temptoday
[10/08/2026 12:15:54] Xayling GET /miele/token
[10/08/2026 12:15:54] Xayling GET /miele/devices
[10/08/2026 12:20:25] Xayling POST /miele/list
[10/08/2026 12:20:25] Xayling GET /mbtoday
[10/08/2026 12:20:25] Xayling GET /temptoday
[10/08/2026 12:20:25] Xayling GET /miele/token
[10/08/2026 12:20:25] Xayling GET /miele/devices
[10/08/2026 12:33:54] Xayling GET /temptoday
[10/08/2026 12:33:54] Xayling GET /mbtoday
[10/08/2026 12:33:54] Xayling POST /miele/list
[10/08/2026 12:33:54] Xayling GET /miele/token
[10/08/2026 12:33:54] Xayling GET /miele/devices
[10/08/2026 12:37:25] Xayling POST /miele/list
[10/08/2026 12:37:25] Xayling GET /mbtoday
[10/08/2026 12:37:25] Xayling GET /temptoday
[10/08/2026 12:37:25] Xayling GET /miele/token
[10/08/2026 12:37:25] Xayling GET /miele/devices
[10/08/2026 14:58:48] Xayling POST /miele/list
[10/08/2026 14:58:48] Xayling GET /mbtoday
[10/08/2026 14:58:48] Xayling GET /temptoday
[10/08/2026 14:58:48] Xayling GET /miele/token
[10/08/2026 14:58:48] Xayling GET /miele/devices
[10/08/2026 15:03:19] Xayling GET /miele/token
[10/08/2026 15:03:19] Xayling POST /miele/list
[10/08/2026 15:03:19] Xayling GET /mbtoday
[10/08/2026 15:03:19] Xayling GET /temptoday
[10/08/2026 15:03:19] Xayling GET /miele/devices
[10/08/2026 15:29:48] Xayling POST /miele/list
[10/08/2026 15:29:48] Xayling GET /mbtoday
[10/08/2026 15:29:48] Xayling GET /temptoday
[10/08/2026 15:29:48] Xayling GET /miele/token
[10/08/2026 15:29:48] Xayling GET /miele/devices
[10/08/2026 15:34:19] Xayling POST /miele/list
[10/08/2026 15:34:19] Xayling GET /mbtoday
[10/08/2026 15:34:19] Xayling GET /temptoday
[10/08/2026 15:34:19] Xayling GET /miele/token
[10/08/2026 15:34:19] Xayling GET /miele/devices
[10/08/2026 15:42:48] Xayling POST /miele/list
[10/08/2026 15:42:48] Xayling GET /mbtoday
[10/08/2026 15:42:48] Xayling GET /temptoday
[10/08/2026 15:42:48] Xayling GET /miele/token
[10/08/2026 15:42:48] Xayling GET /miele/devices
[10/08/2026 15:47:19] Xayling POST /miele/list
[10/08/2026 15:47:19] Xayling GET /mbtoday
[10/08/2026 15:47:19] Xayling GET /temptoday
[10/08/2026 15:47:19] Xayling GET /miele/token
[10/08/2026 15:47:19] Xayling GET /miele/devices
[10/08/2026 15:49:19] Xayling GET /miele/token
[10/08/2026 15:49:19] Xayling POST /miele/list
[10/08/2026 15:49:19] Xayling GET /mbtoday
[10/08/2026 15:49:19] Xayling GET /temptoday
[10/08/2026 15:49:19] Xayling GET /miele/devices
[10/08/2026 16:38:31] Obiwanlolo GET /clim/status
[10/08/2026 16:38:31] Obiwanlolo GET /temptoday
[10/08/2026 16:38:41] Obiwanlolo GET /clim/status
[10/08/2026 16:38:51] Obiwanlolo GET /clim/status
[10/08/2026 16:39:00] Obiwanlolo GET /clim/status
[10/08/2026 16:39:22] POST /login
[10/08/2026 16:39:22] Obiwanlolo GET /temptoday
[10/08/2026 16:39:22] Obiwanlolo GET /clim/status
[10/08/2026 16:39:32] Obiwanlolo GET /clim/status
[10/08/2026 16:39:42] Obiwanlolo GET /clim/status
[10/08/2026 16:39:52] Obiwanlolo GET /clim/status
[10/08/2026 16:43:22] Xayling GET /temptoday
[10/08/2026 16:43:22] Xayling GET /clim/status
[10/08/2026 16:43:32] Xayling GET /clim/status
[10/08/2026 16:43:42] Xayling GET /clim/status
[10/08/2026 16:43:52] Xayling GET /clim/status
[10/08/2026 16:44:02] Xayling GET /clim/status
[10/08/2026 16:44:12] Xayling GET /clim/status
[10/08/2026 16:44:22] Xayling GET /clim/status
[10/08/2026 16:44:32] Xayling GET /clim/status
[10/08/2026 16:45:15] Xayling GET /clim/status
[10/08/2026 16:51:09] Xayling GET /clim/status
[10/08/2026 16:51:09] Xayling GET /temptoday
[10/08/2026 16:51:10] Xayling GET /temptoday
[10/08/2026 16:51:10] Xayling GET /clim/status
[10/08/2026 16:51:19] Xayling GET /temptoday
[10/08/2026 16:51:19] Xayling GET /clim/status
[10/08/2026 16:51:29] Xayling GET /temptoday
[10/08/2026 16:51:29] Xayling GET /clim/status
[10/08/2026 16:51:32] Xayling GET /temptoday
[10/08/2026 16:51:32] Xayling GET /clim/status
[10/08/2026 16:51:42] Xayling GET /clim/status
[10/08/2026 16:51:42] Xayling GET /temptoday
[10/08/2026 16:51:51] Xayling GET /temptoday
[10/08/2026 16:51:51] Xayling GET /clim/status
[10/08/2026 16:52:01] Xayling GET /temptoday
[10/08/2026 16:52:01] Xayling GET /clim/status
[10/08/2026 16:52:11] Xayling GET /clim/status
[10/08/2026 16:52:21] Xayling GET /clim/status
[10/08/2026 16:52:31] Xayling GET /clim/status
[10/08/2026 16:52:41] Xayling GET /temptoday
[10/08/2026 16:52:41] Xayling GET /clim/status
[10/08/2026 16:52:51] Xayling GET /clim/status
[10/08/2026 16:53:00] Xayling GET /clim/status
[10/08/2026 16:53:00] Xayling GET /temptoday
[10/08/2026 16:53:08] Xayling GET /temptoday
[10/08/2026 16:53:08] Xayling GET /clim/status
[10/08/2026 16:53:19] Xayling GET /clim/status
[10/08/2026 16:53:40] Xayling GET /clim/status
[10/08/2026 16:53:50] Xayling GET /clim/status
[10/08/2026 16:54:00] Xayling GET /clim/status
[10/08/2026 16:54:10] Xayling GET /clim/status
[10/08/2026 16:54:20] Xayling GET /clim/status
[10/08/2026 16:54:30] Xayling GET /clim/status
[10/08/2026 16:54:40] Xayling GET /clim/status
[10/08/2026 16:54:50] Xayling GET /clim/status
[10/08/2026 16:55:00] Xayling GET /clim/status
[10/08/2026 16:55:10] Xayling GET /clim/status
[10/08/2026 16:55:20] Xayling GET /clim/status
[10/08/2026 16:55:30] Xayling GET /clim/status
[10/08/2026 16:56:15] Xayling GET /clim/status
[10/08/2026 16:57:16] Xayling GET /clim/status
[10/08/2026 16:58:15] Xayling GET /clim/status
[10/08/2026 16:59:16] Xayling GET /clim/status
[10/08/2026 17:00:15] Xayling GET /clim/status
[10/08/2026 17:01:15] Xayling GET /clim/status
[10/08/2026 17:01:29] Xayling GET /clim/status
[10/08/2026 17:01:31] Xayling GET /temptoday
[10/08/2026 17:01:31] Xayling GET /clim/status
[10/08/2026 17:01:41] Xayling GET /clim/status
[10/08/2026 17:01:51] Xayling GET /clim/status
[10/08/2026 17:02:01] Xayling GET /clim/status
[10/08/2026 17:02:11] Xayling GET /clim/status
[10/08/2026 17:02:21] Xayling GET /clim/status
[10/08/2026 17:02:31] Xayling GET /clim/status
[10/08/2026 17:02:41] Xayling GET /clim/status
[10/08/2026 17:02:51] Xayling GET /clim/status
[10/08/2026 17:03:01] Xayling GET /clim/status
[10/08/2026 17:03:11] Xayling GET /clim/status
[10/08/2026 17:03:21] Xayling GET /clim/status
[10/08/2026 17:03:31] Xayling GET /clim/status
[10/08/2026 17:03:39] Obiwanlolo GET /temptoday
[10/08/2026 17:03:39] Obiwanlolo GET /clim/status
[10/08/2026 17:03:41] Xayling GET /clim/status
[10/08/2026 17:03:51] Xayling GET /clim/status
[10/08/2026 17:04:01] Xayling GET /clim/status
[10/08/2026 17:04:11] Xayling GET /clim/status
[10/08/2026 17:04:21] Xayling GET /clim/status
[10/08/2026 17:04:33] Xayling GET /clim/status
[10/08/2026 17:04:41] Xayling GET /clim/status
[10/08/2026 17:04:51] Xayling GET /clim/status
[10/08/2026 17:05:01] Xayling GET /clim/status
[10/08/2026 17:05:11] Xayling GET /clim/status
[10/08/2026 17:05:21] Xayling GET /clim/status
[10/08/2026 17:05:31] Xayling GET /clim/status
[10/08/2026 17:05:41] Xayling GET /clim/status
[10/08/2026 17:05:51] Xayling GET /clim/status
[10/08/2026 17:06:01] Xayling GET /clim/status
[10/08/2026 17:06:11] Xayling GET /clim/status
[10/08/2026 17:06:21] Xayling GET /clim/status
[10/08/2026 17:06:31] Xayling GET /clim/status
[10/08/2026 17:06:41] Xayling GET /clim/status
[10/08/2026 17:06:51] Xayling GET /clim/status
[10/08/2026 17:07:01] Xayling GET /clim/status
[10/08/2026 17:07:11] Xayling GET /clim/status
[10/08/2026 17:07:21] Xayling GET /clim/status
[10/08/2026 17:07:31] Xayling GET /clim/status
[10/08/2026 17:07:41] Xayling GET /clim/status
[10/08/2026 17:07:51] Xayling GET /clim/status
[10/08/2026 17:08:01] Xayling GET /clim/status
[10/08/2026 17:08:11] Xayling GET /clim/status
[10/08/2026 17:08:21] Xayling GET /clim/status
[10/08/2026 17:08:31] Xayling GET /clim/status
[10/08/2026 17:08:41] Xayling GET /clim/status
[10/08/2026 17:08:51] Xayling GET /clim/status
[10/08/2026 17:09:01] Xayling GET /clim/status
[10/08/2026 17:09:11] Xayling GET /clim/status
[10/08/2026 17:09:21] Xayling GET /clim/status
[10/08/2026 17:09:31] Xayling GET /clim/status
[10/08/2026 17:09:41] Xayling GET /clim/status
[10/08/2026 17:09:51] Xayling GET /clim/status
[10/08/2026 17:10:01] Xayling GET /clim/status
[10/08/2026 17:10:11] Xayling GET /clim/status
[10/08/2026 17:10:21] Xayling GET /clim/status
[10/08/2026 17:10:31] Xayling GET /clim/status
[10/08/2026 17:10:41] Xayling GET /clim/status
[10/08/2026 17:10:45] Xayling GET /temptoday
[10/08/2026 17:10:45] Xayling GET /clim/status
[10/08/2026 17:10:55] Xayling GET /clim/status
[10/08/2026 17:11:05] Xayling GET /clim/status
[10/08/2026 17:11:15] Xayling GET /clim/status
[10/08/2026 17:11:25] Xayling GET /clim/status
[10/08/2026 17:11:35] Xayling GET /clim/status
[10/08/2026 17:11:45] Xayling GET /clim/status
[10/08/2026 17:11:55] Xayling GET /clim/status
[10/08/2026 17:12:05] Xayling GET /clim/status
[10/08/2026 17:12:15] Xayling GET /clim/status
[10/08/2026 17:12:25] Xayling GET /clim/status
[10/08/2026 17:12:35] Xayling GET /clim/status
[10/08/2026 17:12:45] Xayling GET /clim/status
[10/08/2026 17:12:55] Xayling GET /clim/status
[10/08/2026 17:13:05] Xayling GET /clim/status
[10/08/2026 17:13:15] Xayling GET /clim/status
[10/08/2026 17:13:25] Xayling GET /clim/status
[10/08/2026 17:13:35] Xayling GET /clim/status
[10/08/2026 17:13:45] Xayling GET /clim/status
[10/08/2026 17:13:55] Xayling GET /clim/status
[10/08/2026 17:14:05] Xayling GET /clim/status
[10/08/2026 17:14:15] Xayling GET /clim/status
[10/08/2026 17:14:25] Xayling GET /clim/status
[10/08/2026 17:14:35] Xayling GET /clim/status
[10/08/2026 17:14:45] Xayling GET /clim/status
[10/08/2026 17:14:55] Xayling GET /clim/status
[10/08/2026 17:15:05] Xayling GET /clim/status
[10/08/2026 17:15:15] Xayling GET /clim/status
[10/08/2026 17:15:25] Xayling GET /clim/status
[10/08/2026 17:15:35] Xayling GET /clim/status
[10/08/2026 17:15:45] Xayling GET /clim/status
[10/08/2026 17:15:55] Xayling GET /clim/status
[10/08/2026 17:16:05] Xayling GET /clim/status
[10/08/2026 17:16:15] Xayling GET /clim/status
[10/08/2026 17:16:25] Xayling GET /clim/status
[10/08/2026 17:16:35] Xayling GET /clim/status
[10/08/2026 17:16:45] Xayling GET /clim/status
[10/08/2026 17:16:55] Xayling GET /clim/status
[10/08/2026 17:17:05] Xayling GET /clim/status
[10/08/2026 17:17:15] Xayling GET /clim/status
[10/08/2026 17:17:25] Xayling GET /clim/status
[10/08/2026 17:17:35] Xayling GET /clim/status
[10/08/2026 17:17:45] Xayling GET /clim/status
[10/08/2026 17:17:55] Xayling GET /clim/status
[10/08/2026 17:18:05] Xayling GET /clim/status
[10/08/2026 17:18:15] Xayling GET /clim/status
[10/08/2026 17:18:25] Xayling GET /clim/status
[10/08/2026 17:18:35] Xayling GET /clim/status
[10/08/2026 17:18:46] Xayling GET /clim/status
[10/08/2026 17:18:55] Xayling GET /clim/status
[10/08/2026 17:19:05] Xayling GET /clim/status
[10/08/2026 17:19:15] Xayling GET /clim/status
[10/08/2026 17:20:15] Xayling GET /clim/status
[10/08/2026 17:20:15] Xayling GET /temptoday
[10/08/2026 17:20:25] Xayling GET /clim/status
[10/08/2026 17:20:35] Xayling GET /clim/status
[10/08/2026 17:20:45] Xayling GET /clim/status
[10/08/2026 17:20:55] Xayling GET /clim/status
[10/08/2026 17:21:05] Xayling GET /clim/status
[10/08/2026 17:21:15] Xayling GET /clim/status
[10/08/2026 17:21:25] Xayling GET /clim/status
[10/08/2026 17:22:15] Xayling GET /clim/status
[10/08/2026 17:23:16] Xayling GET /clim/status
[10/08/2026 17:24:15] Xayling GET /clim/status
[10/08/2026 17:25:15] Xayling GET /clim/status
[10/08/2026 17:26:15] Xayling GET /clim/status
[10/08/2026 17:26:16] Xayling GET /temptoday
[10/08/2026 17:26:16] Xayling GET /clim/status
[10/08/2026 17:26:26] Xayling GET /clim/status
[10/08/2026 17:26:36] Xayling GET /clim/status
[10/08/2026 17:26:46] Xayling GET /clim/status
[10/08/2026 17:26:56] Xayling GET /clim/status
[10/08/2026 17:27:06] Xayling GET /clim/status
[10/08/2026 17:27:16] Xayling GET /clim/status
[10/08/2026 17:27:26] Xayling GET /clim/status
[10/08/2026 17:28:15] Xayling GET /clim/status
[10/08/2026 17:29:15] Xayling GET /clim/status
[10/08/2026 17:30:15] Xayling GET /clim/status
[10/08/2026 17:31:15] Xayling GET /clim/status
[10/08/2026 17:32:16] Xayling GET /clim/status
[10/08/2026 17:32:16] Xayling GET /temptoday
[10/08/2026 17:32:16] Xayling GET /clim/status
[10/08/2026 17:32:26] Xayling GET /clim/status
[10/08/2026 17:32:36] Xayling GET /clim/status
[10/08/2026 17:32:46] Xayling GET /clim/status
[10/08/2026 17:32:56] Xayling GET /clim/status
[10/08/2026 17:33:06] Xayling GET /clim/status
[10/08/2026 17:33:16] Xayling GET /clim/status
[10/08/2026 17:33:26] Xayling GET /clim/status
[10/08/2026 17:34:15] Xayling GET /clim/status
[10/08/2026 17:35:15] Xayling GET /clim/status
[10/08/2026 17:36:16] Xayling GET /clim/status
[10/08/2026 17:37:15] Xayling GET /clim/status
[10/08/2026 17:38:16] Xayling GET /clim/status
[10/08/2026 17:38:16] Xayling GET /temptoday
[10/08/2026 17:38:16] Xayling GET /clim/status
[10/08/2026 17:38:26] Xayling GET /clim/status
[10/08/2026 17:38:36] Xayling GET /clim/status
[10/08/2026 17:38:46] Xayling GET /clim/status
[10/08/2026 17:38:56] Xayling GET /clim/status
[10/08/2026 17:39:06] Xayling GET /clim/status
[10/08/2026 17:39:16] Xayling GET /clim/status
[10/08/2026 17:39:26] Xayling GET /clim/status
[10/08/2026 17:40:15] Xayling GET /clim/status
[10/08/2026 17:41:15] Xayling GET /clim/status
[10/08/2026 17:42:16] Xayling GET /clim/status
[10/08/2026 17:43:16] Xayling GET /clim/status
[10/08/2026 17:44:16] Xayling GET /clim/status
[10/08/2026 17:44:16] Xayling GET /temptoday
[10/08/2026 17:44:16] Xayling GET /clim/status
[10/08/2026 17:44:26] Xayling GET /clim/status
[10/08/2026 17:44:36] Xayling GET /clim/status
[10/08/2026 17:44:46] Xayling GET /clim/status
[10/08/2026 17:44:56] Xayling GET /clim/status
[10/08/2026 17:45:06] Xayling GET /clim/status
[10/08/2026 17:45:16] Xayling GET /clim/status
[10/08/2026 17:45:26] Xayling GET /clim/status
[10/08/2026 17:46:15] Xayling GET /clim/status
[10/08/2026 17:47:15] Xayling GET /clim/status
[10/08/2026 17:48:16] Xayling GET /clim/status
[10/08/2026 17:49:15] Xayling GET /clim/status
[10/08/2026 17:50:15] Xayling GET /clim/status
[10/08/2026 17:50:16] Xayling GET /temptoday
[10/08/2026 17:50:16] Xayling GET /clim/status
[10/08/2026 17:50:26] Xayling GET /clim/status
[10/08/2026 17:50:36] Xayling GET /clim/status
[10/08/2026 17:50:46] Xayling GET /clim/status
[10/08/2026 17:50:56] Xayling GET /clim/status
[10/08/2026 17:51:06] Xayling GET /clim/status
[10/08/2026 17:51:16] Xayling GET /clim/status
[10/08/2026 17:51:26] Xayling GET /clim/status
[10/08/2026 17:52:15] Xayling GET /clim/status
[10/08/2026 17:53:15] Xayling GET /clim/status
[10/08/2026 17:54:15] Xayling GET /clim/status
[10/08/2026 17:55:16] Xayling GET /clim/status
[10/08/2026 17:56:15] Xayling GET /clim/status
[10/08/2026 17:56:54] Xayling GET /clim/status
[10/08/2026 17:56:58] Xayling GET /clim/status
[10/08/2026 18:38:45] Parents GET /temptoday
[10/08/2026 18:38:45] Parents GET /clim/status
[10/08/2026 18:38:55] Parents GET /clim/status
[10/08/2026 18:39:04] Parents GET /clim/status
[10/08/2026 18:39:14] Parents GET /clim/status
[13/08/2026 03:30:34] Xayling GET /clim/status
[13/08/2026 03:31:34] Xayling GET /clim/status
[13/08/2026 03:32:34] Xayling GET /clim/status
[13/08/2026 03:33:34] Xayling GET /clim/status
[13/08/2026 03:34:34] Xayling GET /clim/status
[13/08/2026 03:35:34] Xayling GET /clim/status
[13/08/2026 03:36:34] Xayling GET /clim/status
[13/08/2026 03:37:34] Xayling GET /clim/status
[13/08/2026 03:38:34] Xayling GET /clim/status
[13/08/2026 03:39:34] Xayling GET /clim/status
[13/08/2026 03:39:51] Xayling GET /clim/status
[13/08/2026 03:39:52] Xayling GET /temptoday
[13/08/2026 03:39:52] Xayling GET /clim/status
[13/08/2026 03:39:55] Xayling GET /temptoday
[13/08/2026 03:39:55] Xayling GET /clim/status
[13/08/2026 03:40:06] Xayling GET /clim/status
[13/08/2026 03:40:16] Xayling GET /clim/status
[13/08/2026 03:40:26] Xayling GET /clim/status
[13/08/2026 03:40:36] Xayling GET /clim/status
[13/08/2026 03:40:38] Xayling GET /clim/status
[13/08/2026 03:40:38] Xayling GET /temptoday
[13/08/2026 03:40:48] Xayling GET /clim/status
[13/08/2026 03:40:58] Xayling GET /clim/status
[13/08/2026 03:41:08] Xayling GET /clim/status
[13/08/2026 03:41:18] Xayling GET /clim/status
[13/08/2026 03:41:28] Xayling GET /clim/status
[13/08/2026 03:41:38] Xayling GET /clim/status
[13/08/2026 03:41:48] Xayling GET /clim/status
[13/08/2026 03:41:48] Xayling GET /temptoday
[13/08/2026 03:41:48] Xayling GET /clim/status
[13/08/2026 03:41:59] Xayling GET /clim/status
[13/08/2026 03:42:09] Xayling GET /clim/status
[13/08/2026 03:42:19] Xayling GET /clim/status
[13/08/2026 03:42:29] Xayling GET /clim/status
[13/08/2026 03:42:39] Xayling GET /clim/status
[13/08/2026 03:42:49] Xayling GET /clim/status
[13/08/2026 03:42:59] Xayling GET /clim/status
[13/08/2026 03:43:34] Xayling GET /clim/status
[13/08/2026 03:43:46] Xayling GET /clim/status
[13/08/2026 03:43:47] Xayling GET /temptoday
[13/08/2026 03:43:47] Xayling GET /clim/status
[13/08/2026 03:43:58] Xayling GET /clim/status
[13/08/2026 03:44:08] Xayling GET /clim/status
[13/08/2026 03:44:18] Xayling GET /clim/status
[13/08/2026 03:44:28] Xayling GET /clim/status
[13/08/2026 03:44:38] Xayling GET /clim/status
[13/08/2026 03:44:48] Xayling GET /clim/status
[13/08/2026 03:44:58] Xayling GET /clim/status
[13/08/2026 03:45:34] Xayling GET /clim/status
[13/08/2026 03:46:27] Xayling GET /clim/status
[13/08/2026 03:46:38] Xayling GET /clim/status
[13/08/2026 03:46:48] Xayling GET /clim/status
[13/08/2026 03:46:58] Xayling GET /clim/status
[13/08/2026 03:47:08] Xayling GET /clim/status
[13/08/2026 03:47:18] Xayling GET /clim/status
[13/08/2026 03:47:28] Xayling GET /clim/status
[13/08/2026 03:48:18] Xayling GET /clim/status
[13/08/2026 03:48:18] Xayling GET /temptoday
[13/08/2026 03:48:29] Xayling GET /clim/status
[13/08/2026 03:48:39] Xayling GET /clim/status
[13/08/2026 03:48:49] Xayling GET /clim/status
[13/08/2026 03:48:59] Xayling GET /clim/status
[13/08/2026 03:49:09] Xayling GET /clim/status
[13/08/2026 03:49:19] Xayling GET /clim/status
[13/08/2026 03:49:29] Xayling GET /clim/status
[13/08/2026 03:50:30] Xayling GET /clim/status
[13/08/2026 03:51:31] Xayling GET /clim/status
[13/08/2026 03:52:19] Xayling GET /clim/status
[13/08/2026 03:52:19] Xayling GET /temptoday
[13/08/2026 03:52:30] Xayling GET /clim/status
[13/08/2026 03:52:40] Xayling GET /clim/status
[13/08/2026 03:52:50] Xayling GET /clim/status
[13/08/2026 03:53:00] Xayling GET /clim/status
[13/08/2026 03:53:10] Xayling GET /clim/status
[13/08/2026 03:53:20] Xayling GET /clim/status
[13/08/2026 03:53:30] Xayling GET /clim/status
[13/08/2026 14:10:44] Xayling GET /clim/status
[13/08/2026 14:10:48] Xayling GET /clim/status
[13/08/2026 14:10:55] Xayling GET /clim/status
[13/08/2026 14:10:57] Xayling GET /temptoday
[13/08/2026 14:10:57] Xayling GET /clim/status
[13/08/2026 14:11:07] Xayling GET /clim/status
[13/08/2026 14:11:17] Xayling GET /clim/status
[13/08/2026 14:11:27] Xayling GET /clim/status
[13/08/2026 14:11:37] Xayling GET /clim/status
[13/08/2026 14:11:47] Xayling GET /clim/status
[13/08/2026 14:11:57] Xayling GET /clim/status
[13/08/2026 14:12:07] Xayling GET /clim/status
[13/08/2026 14:12:17] Xayling GET /clim/status
[13/08/2026 14:12:18] Xayling GET /temptoday
[13/08/2026 14:12:18] Xayling GET /clim/status
[13/08/2026 14:12:28] Xayling GET /clim/status
[13/08/2026 14:12:38] Xayling GET /clim/status
[13/08/2026 14:12:48] Xayling GET /clim/status
[13/08/2026 14:12:57] Xayling GET /temptoday
[13/08/2026 14:12:57] Xayling GET /clim/status
[13/08/2026 14:13:08] Xayling GET /clim/status
[13/08/2026 14:13:18] Xayling GET /clim/status
[13/08/2026 14:13:28] Xayling GET /clim/status
[13/08/2026 14:13:38] Xayling GET /clim/status
[13/08/2026 14:13:48] Xayling GET /clim/status
[13/08/2026 14:13:58] Xayling GET /clim/status
[13/08/2026 14:14:07] Xayling GET /clim/status
[13/08/2026 14:14:18] Xayling GET /clim/status
[13/08/2026 14:14:28] Xayling GET /clim/status
[13/08/2026 14:14:38] Xayling GET /clim/status
[13/08/2026 14:14:48] Xayling GET /clim/status
[13/08/2026 14:14:58] Xayling GET /clim/status
[13/08/2026 14:15:08] Xayling GET /clim/status
[13/08/2026 14:15:27] Xayling GET /clim/status
[13/08/2026 14:15:31] Xayling GET /clim/status
[13/08/2026 14:15:38] Xayling GET /clim/status
[13/08/2026 14:15:47] Xayling GET /clim/status
[13/08/2026 14:15:58] Xayling GET /clim/status
[13/08/2026 14:16:08] Xayling GET /clim/status
[13/08/2026 14:16:17] Xayling GET /clim/status
[13/08/2026 14:16:18] Xayling GET /clim/status
[13/08/2026 14:16:18] Xayling GET /temptoday
[13/08/2026 14:16:28] Xayling GET /clim/status
[13/08/2026 14:16:38] Xayling GET /clim/status
[13/08/2026 14:16:48] Xayling GET /clim/status
[13/08/2026 14:16:58] Xayling GET /clim/status
[13/08/2026 14:17:08] Xayling GET /clim/status
[13/08/2026 14:17:18] Xayling GET /clim/status
[13/08/2026 14:17:28] Xayling GET /clim/status
[13/08/2026 14:17:38] Xayling GET /clim/status
[13/08/2026 14:17:48] Xayling GET /clim/status
[13/08/2026 14:17:58] Xayling GET /clim/status
[13/08/2026 14:18:37] Xayling GET /clim/status
[13/08/2026 14:19:36] Xayling GET /clim/status
[13/08/2026 14:19:38] Xayling GET /temptoday
[13/08/2026 14:19:38] Xayling GET /clim/status
[13/08/2026 14:19:48] Xayling GET /clim/status
[13/08/2026 14:19:58] Xayling GET /clim/status
[13/08/2026 14:20:08] Xayling GET /clim/status
[13/08/2026 14:20:19] Xayling GET /clim/status
[13/08/2026 14:20:29] Xayling GET /clim/status
[13/08/2026 14:20:39] Xayling GET /clim/status
[13/08/2026 14:20:49] Xayling GET /clim/status
[13/08/2026 14:20:59] Xayling GET /clim/status
[13/08/2026 14:21:37] Xayling GET /clim/status
[13/08/2026 14:22:37] Xayling GET /clim/status
[13/08/2026 14:23:37] Xayling GET /clim/status
[13/08/2026 14:24:37] Xayling GET /clim/status
[13/08/2026 14:24:37] Xayling GET /temptoday
[13/08/2026 14:24:37] Xayling GET /clim/status
[13/08/2026 14:24:47] Xayling GET /clim/status
[13/08/2026 14:24:48] Xayling GET /temptoday
[13/08/2026 14:24:48] Xayling GET /mbtoday
[13/08/2026 14:24:50] Xayling GET /temptoday
[13/08/2026 14:24:52] Xayling GET /clim/status
[13/08/2026 14:25:00] Xayling GET /clim/status
[13/08/2026 14:25:10] Xayling GET /clim/status
[13/08/2026 14:25:20] Xayling GET /clim/status
[13/08/2026 14:25:30] Xayling GET /clim/status
[13/08/2026 14:25:35] Xayling GET /temptoday
[13/08/2026 14:25:35] Xayling GET /mbtoday
[13/08/2026 14:25:55] Xayling GET /mbtoday
[13/08/2026 14:25:55] Xayling GET /temptoday
[13/08/2026 14:54:09] Xayling GET /mbtoday
[13/08/2026 14:54:09] Xayling GET /temptoday
[13/08/2026 14:54:35] Xayling GET /temptoday
[13/08/2026 14:54:35] Xayling GET /mbtoday
