[07/08/2026 02:28:33] FASTIFY: Stopping Solar's_Cam platform
[07/08/2026 02:28:33] FASTIFY: Solar's_Cam platform stopped
[07/08/2026 02:28:34] Already got weather data
[07/08/2026 02:28:36] Clim connectée: 31885837213310 | temp: 23.5 °C
[07/08/2026 02:28:36] FASTIFY: Server listening at http://127.0.0.1:3000
[07/08/2026 02:28:36] FASTIFY: Server listening at http://172.24.0.5:3000
[07/08/2026 02:30:00] SID null
[07/08/2026 02:30:00] SID H2LjT0u01a2013-Z
[07/08/2026 02:30:52] FASTIFY: Stopping Solar's_Cam platform
[07/08/2026 02:30:52] FASTIFY: Solar's_Cam platform stopped
[07/08/2026 02:30:53] Already got weather data
[07/08/2026 02:30:55] Clim connectée: 31885837213310 | temp: 23.5 °C
[07/08/2026 02:30:55] FASTIFY: Server listening at http://127.0.0.1:3000
[07/08/2026 02:30:55] FASTIFY: Server listening at http://172.24.0.5:3000
[07/08/2026 02:31:05] FASTIFY: incoming request
[07/08/2026 02:31:05] FASTIFY: incoming request
[07/08/2026 02:31:05] FASTIFY: incoming request
[07/08/2026 02:31:05] FASTIFY: incoming request
[07/08/2026 02:31:05] FASTIFY: request completed
[07/08/2026 02:31:05] FASTIFY: incoming request
[07/08/2026 02:31:05] FASTIFY: request completed
[07/08/2026 02:31:05] FASTIFY: request completed
[07/08/2026 02:31:05] FASTIFY: request completed
[07/08/2026 02:31:05] FASTIFY: request completed
[07/08/2026 02:31:16] FASTIFY: incoming request
[07/08/2026 02:31:16] FASTIFY: incoming request
[07/08/2026 02:31:16] FASTIFY: request completed
[07/08/2026 02:31:17] FASTIFY: request completed
[07/08/2026 02:31:48] FASTIFY: Stopping Solar's_Cam platform
[07/08/2026 02:31:48] FASTIFY: Solar's_Cam platform stopped
[07/08/2026 02:31:49] Already got weather data
[07/08/2026 02:31:51] Clim connectée: 31885837213310 | temp: 23.5 °C
[07/08/2026 02:31:51] FASTIFY: Server listening at http://127.0.0.1:3000
[07/08/2026 02:31:51] FASTIFY: Server listening at http://172.24.0.5:3000
[07/08/2026 02:32:25] FASTIFY: Stopping Solar's_Cam platform
[07/08/2026 02:32:25] FASTIFY: Solar's_Cam platform stopped
[07/08/2026 02:32:26] Already got weather data
[07/08/2026 02:32:29] Clim connectée: 31885837213310 | temp: 23.5 °C
[07/08/2026 02:32:29] FASTIFY: Server listening at http://127.0.0.1:3000
[07/08/2026 02:32:29] FASTIFY: Server listening at http://172.24.0.5:3000
[07/08/2026 02:32:37] FASTIFY: incoming request
[07/08/2026 02:32:37] Parents GET /miele/token
[07/08/2026 02:32:37] FASTIFY: incoming request
[07/08/2026 02:32:37] FASTIFY: Cannot read properties of null (reading 'name')
[07/08/2026 02:32:37] FASTIFY: request completed
[07/08/2026 02:32:37] FASTIFY: incoming request
[07/08/2026 02:32:37] FASTIFY: incoming request
[07/08/2026 02:32:37] FASTIFY: request completed
[07/08/2026 02:32:37] FASTIFY: request completed
[07/08/2026 02:32:37] FASTIFY: incoming request
[07/08/2026 02:32:37] Parents GET /miele/devices
[07/08/2026 02:32:37] FASTIFY: request completed
[07/08/2026 02:32:37] FASTIFY: request completed
[07/08/2026 02:32:45] FASTIFY: incoming request
[07/08/2026 02:32:45] FASTIFY: incoming request
[07/08/2026 02:32:45] FASTIFY: incoming request
[07/08/2026 02:32:45] FASTIFY: Cannot read properties of null (reading 'name')
[07/08/2026 02:32:45] FASTIFY: request completed
[07/08/2026 02:32:45] FASTIFY: request completed
[07/08/2026 02:32:45] FASTIFY: request completed
[07/08/2026 02:32:45] FASTIFY: incoming request
[07/08/2026 02:32:45] Parents GET /miele/token
[07/08/2026 02:32:45] FASTIFY: request completed
[07/08/2026 02:32:45] FASTIFY: incoming request
[07/08/2026 02:32:45] Parents GET /miele/devices
[07/08/2026 02:32:45] FASTIFY: request completed
[07/08/2026 02:33:09] FASTIFY: incoming request
[07/08/2026 02:33:09] Parents GET /miele/token
[07/08/2026 02:33:09] FASTIFY: incoming request
[07/08/2026 02:33:09] FASTIFY: Cannot read properties of null (reading 'name')
[07/08/2026 02:33:10] FASTIFY: request completed
[07/08/2026 02:33:10] FASTIFY: request completed
[07/08/2026 02:33:10] FASTIFY: incoming request
[07/08/2026 02:33:10] FASTIFY: incoming request
[07/08/2026 02:33:10] FASTIFY: incoming request
[07/08/2026 02:33:10] Parents GET /miele/devices
[07/08/2026 02:33:10] FASTIFY: request completed
[07/08/2026 02:33:10] FASTIFY: request completed
[07/08/2026 02:33:10] FASTIFY: request completed
[07/08/2026 02:33:16] FASTIFY: incoming request
[07/08/2026 02:33:16] FASTIFY: incoming request
[07/08/2026 02:33:16] FASTIFY: incoming request
[07/08/2026 02:33:16] FASTIFY: Cannot read properties of null (reading 'name')
[07/08/2026 02:33:16] FASTIFY: request completed
[07/08/2026 02:33:16] FASTIFY: request completed
[07/08/2026 02:33:16] FASTIFY: request completed
[07/08/2026 02:33:16] FASTIFY: incoming request
[07/08/2026 02:33:16] Parents GET /miele/token
[07/08/2026 02:33:16] FASTIFY: request completed
[07/08/2026 02:33:16] FASTIFY: incoming request
[07/08/2026 02:33:16] Parents GET /miele/devices
[07/08/2026 02:33:16] FASTIFY: request completed
[07/08/2026 02:35:00] SID null
[07/08/2026 02:35:00] SID vCaktWcoTiNoJWc2
[07/08/2026 02:35:04] FASTIFY: Stopping Solar's_Cam platform
[07/08/2026 02:35:04] FASTIFY: Solar's_Cam platform stopped
[07/08/2026 02:35:05] Already got weather data
[07/08/2026 02:35:08] Clim connectée: 31885837213310 | temp: 23.5 °C
[07/08/2026 02:35:08] FASTIFY: Server listening at http://127.0.0.1:3000
[07/08/2026 02:35:08] FASTIFY: Server listening at http://172.24.0.5:3000
[07/08/2026 02:35:09] FASTIFY: incoming request
[07/08/2026 02:35:09] Parents GET /miele/token
[07/08/2026 02:35:09] FASTIFY: incoming request
[07/08/2026 02:35:09] Parents POST /wash/list
[07/08/2026 02:35:09] FASTIFY: incoming request
[07/08/2026 02:35:09] FASTIFY: request completed
[07/08/2026 02:35:09] FASTIFY: request completed
[07/08/2026 02:35:09] FASTIFY: incoming request
[07/08/2026 02:35:09] FASTIFY: incoming request
[07/08/2026 02:35:09] Parents GET /miele/devices
[07/08/2026 02:35:09] FASTIFY: request completed
[07/08/2026 02:35:09] FASTIFY: request completed
[07/08/2026 02:35:09] FASTIFY: request completed
[07/08/2026 02:35:55] FASTIFY: Stopping Solar's_Cam platform
[07/08/2026 02:35:55] FASTIFY: Solar's_Cam platform stopped
[07/08/2026 02:35:56] Already got weather data
[07/08/2026 02:35:59] Clim connectée: 31885837213310 | temp: 23.5 °C
[07/08/2026 02:35:59] FASTIFY: Server listening at http://127.0.0.1:3000
[07/08/2026 02:35:59] FASTIFY: Server listening at http://172.24.0.5:3000
[07/08/2026 02:36:44] FASTIFY: Stopping Solar's_Cam platform
[07/08/2026 02:36:44] FASTIFY: Solar's_Cam platform stopped
[07/08/2026 02:36:44] Already got weather data
[07/08/2026 02:36:52] Clim connectée: 31885837213310 | temp: 23.5 °C
[07/08/2026 02:36:52] FASTIFY: Server listening at http://127.0.0.1:3000
[07/08/2026 02:36:52] FASTIFY: Server listening at http://172.24.0.5:3000
[07/08/2026 02:37:17] FASTIFY: Stopping Solar's_Cam platform
[07/08/2026 02:37:17] FASTIFY: Solar's_Cam platform stopped
[07/08/2026 02:37:18] Already got weather data
[07/08/2026 02:37:20] Clim connectée: 31885837213310 | temp: 23.5 °C
[07/08/2026 02:37:20] FASTIFY: Server listening at http://127.0.0.1:3000
[07/08/2026 02:37:20] FASTIFY: Server listening at http://172.24.0.5:3000
[07/08/2026 02:37:54] FASTIFY: Stopping Solar's_Cam platform
[07/08/2026 02:37:54] FASTIFY: Solar's_Cam platform stopped
[07/08/2026 02:37:55] Already got weather data
[07/08/2026 02:37:58] Clim connectée: 31885837213310 | temp: 23.5 °C
[07/08/2026 02:37:58] FASTIFY: Server listening at http://127.0.0.1:3000
[07/08/2026 02:37:58] FASTIFY: Server listening at http://172.24.0.5:3000
[07/08/2026 02:38:27] FASTIFY: incoming request
[07/08/2026 02:38:27] Parents GET /miele/token
[07/08/2026 02:38:27] FASTIFY: incoming request
[07/08/2026 02:38:27] Parents POST /wash/list
[07/08/2026 02:38:27] FASTIFY: incoming request
[07/08/2026 02:38:27] Parents GET /mbtoday
[07/08/2026 02:38:27] FASTIFY: incoming request
[07/08/2026 02:38:27] FASTIFY: request completed
[07/08/2026 02:38:27] FASTIFY: incoming request
[07/08/2026 02:38:27] Parents GET /miele/devices
[07/08/2026 02:38:27] FASTIFY: request completed
[07/08/2026 02:38:27] FASTIFY: request completed
[07/08/2026 02:38:27] FASTIFY: request completed
[07/08/2026 02:38:27] FASTIFY: request completed
[07/08/2026 02:38:29] FASTIFY: incoming request
[07/08/2026 02:38:29] FASTIFY: incoming request
[07/08/2026 02:38:29] Parents GET /mbtoday
[07/08/2026 02:38:29] FASTIFY: request completed
[07/08/2026 02:38:29] FASTIFY: request completed
[07/08/2026 02:38:31] FASTIFY: incoming request
[07/08/2026 02:38:31] FASTIFY: incoming request
[07/08/2026 02:38:31] Parents GET /clim/status
[07/08/2026 02:38:31] FASTIFY: request completed
[07/08/2026 02:38:34] FASTIFY: request completed
[07/08/2026 02:38:41] FASTIFY: incoming request
[07/08/2026 02:38:41] Parents GET /clim/status
[07/08/2026 02:38:44] FASTIFY: request completed
[07/08/2026 02:38:51] FASTIFY: incoming request
[07/08/2026 02:38:51] Parents GET /clim/status
[07/08/2026 02:38:54] FASTIFY: request completed
[07/08/2026 02:39:01] FASTIFY: incoming request
[07/08/2026 02:39:01] Parents GET /clim/status
[07/08/2026 02:39:04] FASTIFY: request completed
[07/08/2026 02:39:11] FASTIFY: incoming request
[07/08/2026 02:39:11] Parents GET /clim/status
[07/08/2026 02:39:14] FASTIFY: request completed
[07/08/2026 02:39:21] FASTIFY: incoming request
[07/08/2026 02:39:21] Parents GET /clim/status
[07/08/2026 02:39:24] FASTIFY: request completed
[07/08/2026 02:39:31] FASTIFY: incoming request
[07/08/2026 02:39:31] Parents GET /clim/status
[07/08/2026 02:39:34] FASTIFY: request completed
[07/08/2026 02:39:41] FASTIFY: incoming request
[07/08/2026 02:39:41] Parents GET /clim/status
[07/08/2026 02:39:44] FASTIFY: request completed
[07/08/2026 02:40:00] SID null
[07/08/2026 02:40:00] FASTIFY: incoming request
[07/08/2026 02:40:00] Parents GET /clim/status
[07/08/2026 02:40:00] SID e60fqRfiR8BigSvH
[07/08/2026 02:40:04] FASTIFY: incoming request
[07/08/2026 02:40:04] FASTIFY: incoming request
[07/08/2026 02:40:04] Parents GET /clim/status
[07/08/2026 02:40:04] FASTIFY: request completed
[07/08/2026 02:40:06] FASTIFY: request completed
[07/08/2026 02:58:03] FASTIFY: incoming request
[07/08/2026 02:58:03] Parents GET /clim/status
[07/08/2026 02:58:06] FASTIFY: request completed
[07/08/2026 02:58:13] FASTIFY: incoming request
[07/08/2026 02:58:13] Parents GET /clim/status
[07/08/2026 02:58:16] FASTIFY: request completed
[07/08/2026 02:58:23] FASTIFY: incoming request
[07/08/2026 02:58:23] Parents GET /clim/status
[07/08/2026 02:58:27] FASTIFY: err is not defined
[07/08/2026 02:58:27] FASTIFY: request completed
[07/08/2026 04:23:35] FASTIFY: incoming request
[07/08/2026 04:23:35] Parents GET /clim/status
[07/08/2026 04:23:45] FASTIFY: err is not defined
[07/08/2026 04:23:45] FASTIFY: request completed
[07/08/2026 04:23:45] FASTIFY: incoming request
[07/08/2026 04:23:45] Parents GET /clim/status
[07/08/2026 04:23:51] FASTIFY: request completed
[07/08/2026 04:23:55] FASTIFY: incoming request
[07/08/2026 04:23:55] Parents GET /clim/status
[07/08/2026 04:23:58] FASTIFY: request completed
[07/08/2026 05:58:12] FASTIFY: incoming request
[07/08/2026 05:58:12] Parents GET /clim/status
[07/08/2026 05:58:15] FASTIFY: request completed
[07/08/2026 05:58:22] FASTIFY: incoming request
[07/08/2026 05:58:22] Parents GET /clim/status
[07/08/2026 05:58:25] FASTIFY: request completed
[07/08/2026 05:58:32] FASTIFY: incoming request
[07/08/2026 05:58:32] Parents GET /clim/status
[07/08/2026 07:16:05] FASTIFY: request completed
[07/08/2026 07:16:05] FASTIFY: incoming request
[07/08/2026 07:16:05] Parents GET /clim/status
[07/08/2026 07:16:09] FASTIFY: request completed
[07/08/2026 07:16:14] FASTIFY: incoming request
[07/08/2026 07:16:14] Parents GET /clim/status
[07/08/2026 07:16:21] FASTIFY: err is not defined
[07/08/2026 07:16:21] FASTIFY: request completed
[07/08/2026 07:16:24] FASTIFY: incoming request
[07/08/2026 07:16:24] Parents GET /clim/status
[07/08/2026 07:16:27] FASTIFY: request completed
[07/08/2026 08:44:27] FASTIFY: incoming request
[07/08/2026 08:44:27] Parents GET /clim/status
[07/08/2026 08:44:34] FASTIFY: request completed
[07/08/2026 08:44:37] FASTIFY: incoming request
[07/08/2026 08:44:37] Parents GET /clim/status
[07/08/2026 08:44:41] FASTIFY: request completed
[07/08/2026 08:44:47] FASTIFY: incoming request
[07/08/2026 08:44:47] Parents GET /clim/status
[07/08/2026 10:02:08] FASTIFY: err is not defined
[07/08/2026 10:02:08] FASTIFY: request completed
[07/08/2026 10:02:08] FASTIFY: incoming request
[07/08/2026 10:02:08] Parents GET /clim/status
[07/08/2026 10:02:19] FASTIFY: err is not defined
[07/08/2026 10:02:19] FASTIFY: request completed
[07/08/2026 10:02:19] FASTIFY: incoming request
[07/08/2026 10:02:19] Parents GET /clim/status
[07/08/2026 10:02:26] FASTIFY: request completed
[07/08/2026 10:02:28] FASTIFY: incoming request
[07/08/2026 10:02:28] Parents GET /clim/status
[07/08/2026 11:11:55] FASTIFY: incoming request
[07/08/2026 11:11:55] Parents GET /clim/status
[07/08/2026 11:11:55] FASTIFY: incoming request
[07/08/2026 11:11:55] FASTIFY: request completed
[07/08/2026 11:11:58] FASTIFY: request completed
[07/08/2026 11:12:05] FASTIFY: incoming request
[07/08/2026 11:12:05] Parents GET /clim/status
[07/08/2026 11:12:07] FASTIFY: request completed
[07/08/2026 11:12:15] FASTIFY: incoming request
[07/08/2026 11:12:15] Parents GET /clim/status
[07/08/2026 11:12:18] FASTIFY: request completed
[07/08/2026 11:12:25] FASTIFY: incoming request
[07/08/2026 11:12:25] Parents GET /clim/status
[07/08/2026 11:12:28] FASTIFY: request completed
[07/08/2026 11:12:35] FASTIFY: incoming request
[07/08/2026 11:12:35] Parents GET /clim/status
[07/08/2026 11:12:48] FASTIFY: err is not defined
[07/08/2026 11:12:48] FASTIFY: request completed
[07/08/2026 11:12:48] FASTIFY: incoming request
[07/08/2026 11:12:48] Parents GET /clim/status
[07/08/2026 11:12:52] FASTIFY: err is not defined
[07/08/2026 11:12:52] FASTIFY: request completed
[07/08/2026 11:12:55] FASTIFY: incoming request
[07/08/2026 11:12:55] Parents GET /clim/status
[07/08/2026 11:12:57] FASTIFY: request completed
[07/08/2026 11:13:05] FASTIFY: incoming request
[07/08/2026 11:13:05] Parents GET /clim/status
[07/08/2026 11:13:08] FASTIFY: request completed
[07/08/2026 11:13:08] FASTIFY: incoming request
[07/08/2026 11:13:08] Parents GET /clim/status
[07/08/2026 11:13:08] FASTIFY: incoming request
[07/08/2026 11:13:08] FASTIFY: request completed
[07/08/2026 11:13:10] FASTIFY: request completed
[07/08/2026 11:13:19] FASTIFY: incoming request
[07/08/2026 11:13:19] Parents GET /clim/status
[07/08/2026 11:13:22] FASTIFY: request completed
[07/08/2026 11:13:29] FASTIFY: incoming request
[07/08/2026 11:13:29] Parents GET /clim/status
[07/08/2026 11:13:31] FASTIFY: request completed
[07/08/2026 11:13:39] FASTIFY: incoming request
[07/08/2026 11:13:39] Parents GET /clim/status
[07/08/2026 11:13:39] FASTIFY: Stopping Solar's_Cam platform
[07/08/2026 11:13:40] FASTIFY: err is not defined
[07/08/2026 11:13:40] FASTIFY: request completed
[07/08/2026 11:13:40] FASTIFY: Solar's_Cam platform stopped
[07/08/2026 11:13:40] Already got weather data
[07/08/2026 11:13:43] Clim connectée: 31885837213310 | temp: 24.5 °C
[07/08/2026 11:13:43] FASTIFY: Server listening at http://127.0.0.1:3000
[07/08/2026 11:13:43] FASTIFY: Server listening at http://172.24.0.5:3000
[07/08/2026 11:13:49] FASTIFY: incoming request
[07/08/2026 11:13:49] Parents GET /clim/status
[07/08/2026 11:13:52] FASTIFY: request completed
[07/08/2026 11:13:59] FASTIFY: incoming request
[07/08/2026 11:13:59] Parents GET /clim/status
[07/08/2026 11:14:02] FASTIFY: request completed
[07/08/2026 11:14:09] FASTIFY: incoming request
[07/08/2026 11:14:09] Parents GET /clim/status
[07/08/2026 11:14:11] FASTIFY: request completed
[07/08/2026 11:14:19] FASTIFY: incoming request
[07/08/2026 11:14:19] Parents GET /clim/status
[07/08/2026 11:14:22] FASTIFY: request completed
[07/08/2026 11:14:29] FASTIFY: incoming request
[07/08/2026 11:14:29] Parents GET /clim/status
[07/08/2026 11:14:32] FASTIFY: request completed
[07/08/2026 11:14:39] FASTIFY: incoming request
[07/08/2026 11:14:39] Parents GET /clim/status
[07/08/2026 11:14:42] FASTIFY: request completed
[07/08/2026 11:14:49] FASTIFY: incoming request
[07/08/2026 11:14:49] Parents GET /clim/status
[07/08/2026 11:14:52] FASTIFY: request completed
[07/08/2026 11:15:00] SID null
[07/08/2026 11:15:05] SID QAWUxonG3R0G4qXR
[07/08/2026 11:15:45] FASTIFY: incoming request
[07/08/2026 11:15:45] Parents GET /clim/status
[07/08/2026 11:15:47] FASTIFY: request completed
[07/08/2026 11:16:45] FASTIFY: incoming request
[07/08/2026 11:16:45] Parents GET /clim/status
[07/08/2026 11:16:48] FASTIFY: request completed
[07/08/2026 11:17:45] FASTIFY: incoming request
[07/08/2026 11:17:45] Parents GET /clim/status
[07/08/2026 11:17:46] FASTIFY: incoming request
[07/08/2026 11:17:46] FASTIFY: incoming request
[07/08/2026 11:17:46] Parents GET /clim/status
[07/08/2026 11:17:46] FASTIFY: request completed
[07/08/2026 11:17:53] FASTIFY: request completed
[07/08/2026 11:17:57] FASTIFY: incoming request
[07/08/2026 11:17:57] Parents GET /clim/status
[07/08/2026 11:18:00] FASTIFY: request completed
[07/08/2026 11:18:07] FASTIFY: incoming request
[07/08/2026 11:18:07] Parents GET /clim/status
[07/08/2026 11:18:10] FASTIFY: request completed
[07/08/2026 11:18:17] FASTIFY: incoming request
[07/08/2026 11:18:17] Parents GET /clim/status
[07/08/2026 11:18:19] FASTIFY: request completed
[07/08/2026 11:18:27] FASTIFY: incoming request
[07/08/2026 11:18:27] Parents GET /clim/status
[07/08/2026 11:18:33] FASTIFY: request completed
[07/08/2026 11:18:37] FASTIFY: incoming request
[07/08/2026 11:18:37] Parents GET /clim/status
[07/08/2026 11:18:40] FASTIFY: request completed
[07/08/2026 11:18:47] FASTIFY: incoming request
[07/08/2026 11:18:47] Parents GET /clim/status
[07/08/2026 11:18:49] FASTIFY: request completed
[07/08/2026 11:18:57] FASTIFY: incoming request
[07/08/2026 11:18:57] Parents GET /clim/status
[07/08/2026 11:19:00] FASTIFY: request completed
[07/08/2026 11:19:09] FASTIFY: Stopping Solar's_Cam platform
[07/08/2026 11:19:09] FASTIFY: Solar's_Cam platform stopped
[07/08/2026 11:19:10] Already got weather data
[07/08/2026 11:19:12] Clim connectée: 31885837213310 | temp: 24.5 °C
[07/08/2026 11:19:12] FASTIFY: Server listening at http://127.0.0.1:3000
[07/08/2026 11:19:12] FASTIFY: Server listening at http://172.24.0.5:3000
[07/08/2026 11:19:45] FASTIFY: incoming request
[07/08/2026 11:19:45] Parents GET /clim/status
[07/08/2026 11:19:49] FASTIFY: err is not defined
[07/08/2026 11:19:49] FASTIFY: request completed
[07/08/2026 11:20:00] SID null
[07/08/2026 11:20:03] SID efjBVQbX2BGX-TbY
[07/08/2026 11:20:29] FASTIFY: Stopping Solar's_Cam platform
[07/08/2026 11:20:29] FASTIFY: Solar's_Cam platform stopped
[07/08/2026 11:20:30] Already got weather data
[07/08/2026 11:20:32] Clim connectée: 31885837213310 | temp: 25.0 °C
[07/08/2026 11:20:32] FASTIFY: Server listening at http://127.0.0.1:3000
[07/08/2026 11:20:32] FASTIFY: Server listening at http://172.24.0.5:3000
[07/08/2026 11:20:45] FASTIFY: incoming request
[07/08/2026 11:20:45] Parents GET /clim/status
[07/08/2026 11:20:48] FASTIFY: request completed
[07/08/2026 11:21:45] FASTIFY: incoming request
[07/08/2026 11:21:45] Parents GET /clim/status
[07/08/2026 11:21:48] FASTIFY: request completed
[07/08/2026 11:22:00] FASTIFY: Stopping Solar's_Cam platform
[07/08/2026 11:22:00] FASTIFY: Solar's_Cam platform stopped
[07/08/2026 11:22:01] Already got weather data
[07/08/2026 11:22:08] Clim connectée: 31885837213310 | temp: 25.0 °C
[07/08/2026 11:22:08] FASTIFY: Server listening at http://127.0.0.1:3000
[07/08/2026 11:22:08] FASTIFY: Server listening at http://172.24.0.5:3000
[07/08/2026 11:22:21] FASTIFY: Stopping Solar's_Cam platform
[07/08/2026 11:22:21] FASTIFY: Solar's_Cam platform stopped
[07/08/2026 11:22:22] Already got weather data
[07/08/2026 11:22:24] Clim connectée: 31885837213310 | temp: 25.0 °C
[07/08/2026 11:22:24] FASTIFY: Server listening at http://127.0.0.1:3000
[07/08/2026 11:22:24] FASTIFY: Server listening at http://172.24.0.5:3000
[07/08/2026 11:22:45] FASTIFY: incoming request
[07/08/2026 11:22:45] Parents GET /clim/status
[07/08/2026 11:22:46] FASTIFY: incoming request
[07/08/2026 11:22:46] FASTIFY: incoming request
[07/08/2026 11:22:46] Parents GET /clim/status
[07/08/2026 11:22:46] FASTIFY: request completed
[07/08/2026 11:22:50] FASTIFY: request completed
[07/08/2026 11:22:51] FASTIFY: Stopping Solar's_Cam platform
[07/08/2026 11:22:51] FASTIFY: err is not defined
[07/08/2026 11:22:51] FASTIFY: Solar's_Cam platform stopped
[07/08/2026 11:22:52] Already got weather data
[07/08/2026 11:22:55] Clim connectée: 31885837213310 | temp: 25.0 °C
[07/08/2026 11:22:55] FASTIFY: Server listening at http://127.0.0.1:3000
[07/08/2026 11:22:55] FASTIFY: Server listening at http://172.24.0.5:3000
[07/08/2026 11:22:57] FASTIFY: incoming request
[07/08/2026 11:22:57] Parents GET /clim/status
[07/08/2026 11:23:00] FASTIFY: request completed
[07/08/2026 11:23:07] FASTIFY: incoming request
[07/08/2026 11:23:07] Parents GET /clim/status
[07/08/2026 11:23:10] FASTIFY: request completed
[07/08/2026 11:23:17] FASTIFY: incoming request
[07/08/2026 11:23:17] Parents GET /clim/status
[07/08/2026 11:23:23] FASTIFY: request completed
[07/08/2026 11:23:27] FASTIFY: incoming request
[07/08/2026 11:23:27] Parents GET /clim/status
[07/08/2026 11:23:30] FASTIFY: request completed
[07/08/2026 11:23:37] FASTIFY: incoming request
[07/08/2026 11:23:37] Parents GET /clim/status
[07/08/2026 11:23:40] FASTIFY: request completed
[07/08/2026 11:23:44] FASTIFY: Stopping Solar's_Cam platform
[07/08/2026 11:23:44] FASTIFY: Solar's_Cam platform stopped
[07/08/2026 11:23:45] Already got weather data
[07/08/2026 11:23:48] Clim connectée: 31885837213310 | temp: 25.0 °C
[07/08/2026 11:23:48] FASTIFY: Server listening at http://127.0.0.1:3000
[07/08/2026 11:23:48] FASTIFY: Server listening at http://172.24.0.5:3000
[07/08/2026 11:23:57] FASTIFY: incoming request
[07/08/2026 11:23:57] Parents GET /clim/status
[07/08/2026 11:23:59] FASTIFY: request completed
[07/08/2026 11:24:45] FASTIFY: incoming request
[07/08/2026 11:24:45] Parents GET /clim/status
[07/08/2026 11:24:48] FASTIFY: request completed
[07/08/2026 11:25:00] SID null
[07/08/2026 11:25:00] SID EiZqp6-hzzthj4e3
[07/08/2026 11:25:07] FASTIFY: Stopping Solar's_Cam platform
[07/08/2026 11:25:07] FASTIFY: Solar's_Cam platform stopped
[07/08/2026 11:26:20] Already got weather data
[07/08/2026 11:26:23] Clim connectée: 31885837213310 | temp: 25.0 °C
[07/08/2026 11:26:23] FASTIFY: Server listening at http://127.0.0.1:3000
[07/08/2026 11:26:23] FASTIFY: Server listening at http://172.24.0.5:3000
[07/08/2026 11:26:45] FASTIFY: incoming request
[07/08/2026 11:26:45] Parents GET /clim/status
[07/08/2026 11:26:47] FASTIFY: Stopping Solar's_Cam platform
[07/08/2026 11:26:47] FASTIFY: err is not defined
[07/08/2026 11:26:47] FASTIFY: request completed
[07/08/2026 11:26:47] FASTIFY: Solar's_Cam platform stopped
[07/08/2026 11:26:47] Already got weather data
[07/08/2026 11:26:50] Clim connectée: 31885837213310 | temp: 25.0 °C
[07/08/2026 11:26:50] FASTIFY: Server listening at http://127.0.0.1:3000
[07/08/2026 11:26:50] FASTIFY: Server listening at http://172.24.0.5:3000
[07/08/2026 11:27:24] FASTIFY: Stopping Solar's_Cam platform
[07/08/2026 11:27:24] FASTIFY: Solar's_Cam platform stopped
[07/08/2026 11:27:25] Already got weather data
[07/08/2026 11:27:32] Clim connectée: 31885837213310 | temp: 25.0 °C
[07/08/2026 11:27:32] FASTIFY: Server listening at http://127.0.0.1:3000
[07/08/2026 11:27:32] FASTIFY: Server listening at http://172.24.0.5:3000
[07/08/2026 11:27:45] FASTIFY: incoming request
[07/08/2026 11:27:45] FASTIFY: Cannot read properties of undefined (reading 'Request')
[07/08/2026 11:27:45] FASTIFY: request completed
[07/08/2026 11:27:58] FASTIFY: Stopping Solar's_Cam platform
[07/08/2026 11:27:58] FASTIFY: Solar's_Cam platform stopped
[07/08/2026 11:27:58] Already got weather data
[07/08/2026 11:28:01] Clim connectée: 31885837213310 | temp: 25.0 °C
[07/08/2026 11:28:01] FASTIFY: Server listening at http://127.0.0.1:3000
[07/08/2026 11:28:01] FASTIFY: Server listening at http://172.24.0.5:3000
[07/08/2026 11:28:45] FASTIFY: incoming request
[07/08/2026 11:28:45] FASTIFY: Cannot read properties of undefined (reading 'Request')
[07/08/2026 11:28:45] FASTIFY: request completed
[07/08/2026 11:29:01] FASTIFY: Stopping Solar's_Cam platform
[07/08/2026 11:29:01] FASTIFY: Solar's_Cam platform stopped
[07/08/2026 11:29:02] Already got weather data
[07/08/2026 11:29:04] Clim connectée: 31885837213310 | temp: 25.0 °C
[07/08/2026 11:29:04] FASTIFY: Server listening at http://127.0.0.1:3000
[07/08/2026 11:29:04] FASTIFY: Server listening at http://172.24.0.5:3000
[07/08/2026 11:29:22] FASTIFY: Stopping Solar's_Cam platform
[07/08/2026 11:29:22] FASTIFY: Solar's_Cam platform stopped
[07/08/2026 11:35:32] Already got weather data
[07/08/2026 11:35:35] FASTIFY: Server listening at http://127.0.0.1:3000
[07/08/2026 11:35:35] FASTIFY: Server listening at http://172.24.0.5:3000
[07/08/2026 11:35:37] FASTIFY: incoming request
[07/08/2026 11:35:37] Parents GET /clim/status
[07/08/2026 11:35:44] FASTIFY: request completed
[07/08/2026 11:35:47] FASTIFY: incoming request
[07/08/2026 11:35:47] Parents GET /clim/status
[07/08/2026 11:35:49] FASTIFY: request completed
[07/08/2026 11:35:57] FASTIFY: incoming request
[07/08/2026 11:35:57] Parents GET /clim/status
[07/08/2026 11:35:59] FASTIFY: request completed
[07/08/2026 11:36:09] FASTIFY: Stopping Solar's_Cam platform
[07/08/2026 11:36:09] FASTIFY: Solar's_Cam platform stopped
[07/08/2026 11:36:10] Already got weather data
[07/08/2026 11:36:12] Clim connectée: 31885837213310 | temp: 24.5 °C
[07/08/2026 11:36:12] FASTIFY: Server listening at http://127.0.0.1:3000
[07/08/2026 11:36:12] FASTIFY: Server listening at http://172.24.0.5:3000
[07/08/2026 11:36:18] FASTIFY: Stopping Solar's_Cam platform
[07/08/2026 11:36:18] FASTIFY: Solar's_Cam platform stopped
[07/08/2026 11:36:19] Already got weather data
[07/08/2026 11:36:21] Clim connectée: 31885837213310 | temp: 24.5 °C
[07/08/2026 11:36:21] FASTIFY: Server listening at http://127.0.0.1:3000
[07/08/2026 11:36:21] FASTIFY: Server listening at http://172.24.0.5:3000
[07/08/2026 11:36:25] FASTIFY: Stopping Solar's_Cam platform
[07/08/2026 11:36:25] FASTIFY: Solar's_Cam platform stopped
[07/08/2026 11:36:26] Already got weather data
[07/08/2026 11:36:34] Already got weather data
[07/08/2026 11:36:37] Clim connectée: 31885837213310 | temp: 24.5 °C
[07/08/2026 11:36:37] FASTIFY: Server listening at http://127.0.0.1:3000
[07/08/2026 11:36:37] FASTIFY: Server listening at http://172.24.0.5:3000
[07/08/2026 11:36:40] FASTIFY: Stopping Solar's_Cam platform
[07/08/2026 11:36:40] FASTIFY: Solar's_Cam platform stopped
[07/08/2026 11:36:41] Already got weather data
[07/08/2026 11:36:43] Clim connectée: 31885837213310 | temp: 24.5 °C
[07/08/2026 11:36:43] FASTIFY: Server listening at http://127.0.0.1:3000
[07/08/2026 11:36:43] FASTIFY: Server listening at http://172.24.0.5:3000
[07/08/2026 11:36:45] FASTIFY: incoming request
[07/08/2026 11:36:45] Parents GET /clim/status
[07/08/2026 11:36:48] FASTIFY: request completed
[07/08/2026 11:36:51] FASTIFY: Stopping Solar's_Cam platform
[07/08/2026 11:36:51] FASTIFY: Solar's_Cam platform stopped
[07/08/2026 11:36:52] Already got weather data
[07/08/2026 11:36:55] Clim connectée: 31885837213310 | temp: 24.5 °C
[07/08/2026 11:36:55] FASTIFY: Server listening at http://127.0.0.1:3000
[07/08/2026 11:36:55] FASTIFY: Server listening at http://172.24.0.5:3000
[07/08/2026 11:36:59] FASTIFY: Stopping Solar's_Cam platform
[07/08/2026 11:36:59] FASTIFY: Solar's_Cam platform stopped
[07/08/2026 11:36:59] Already got weather data
[07/08/2026 11:37:02] Clim connectée: 31885837213310 | temp: 24.5 °C
[07/08/2026 11:37:02] FASTIFY: Server listening at http://127.0.0.1:3000
[07/08/2026 11:37:02] FASTIFY: Server listening at http://172.24.0.5:3000
[07/08/2026 11:37:07] FASTIFY: Stopping Solar's_Cam platform
[07/08/2026 11:37:07] FASTIFY: Solar's_Cam platform stopped
[07/08/2026 11:37:08] Already got weather data
[07/08/2026 11:37:10] Clim connectée: 31885837213310 | temp: 24.5 °C
[07/08/2026 11:37:10] FASTIFY: Server listening at http://127.0.0.1:3000
[07/08/2026 11:37:10] FASTIFY: Server listening at http://172.24.0.5:3000
[07/08/2026 11:37:31] FASTIFY: Stopping Solar's_Cam platform
[07/08/2026 11:37:31] FASTIFY: Solar's_Cam platform stopped
[07/08/2026 11:37:32] Already got weather data
[07/08/2026 11:37:35] Clim connectée: 31885837213310 | temp: 24.5 °C
[07/08/2026 11:37:35] FASTIFY: Server listening at http://127.0.0.1:3000
[07/08/2026 11:37:35] FASTIFY: Server listening at http://172.24.0.5:3000
[07/08/2026 11:37:45] FASTIFY: incoming request
[07/08/2026 11:37:45] Parents GET /clim/status
[07/08/2026 11:37:48] FASTIFY: request completed
[07/08/2026 11:38:32] FASTIFY: Stopping Solar's_Cam platform
[07/08/2026 11:38:32] FASTIFY: Solar's_Cam platform stopped
[07/08/2026 11:38:33] Already got weather data
[07/08/2026 11:38:36] Clim connectée: 31885837213310 | temp: 24.5 °C
[07/08/2026 11:38:36] FASTIFY: Server listening at http://127.0.0.1:3000
[07/08/2026 11:38:36] FASTIFY: Server listening at http://172.24.0.5:3000
[07/08/2026 11:38:45] FASTIFY: incoming request
[07/08/2026 11:38:45] Parents GET /clim/status
[07/08/2026 11:38:48] FASTIFY: request completed
[07/08/2026 11:39:16] FASTIFY: incoming request
[07/08/2026 11:39:16] Parents GET /clim/status
[07/08/2026 11:39:19] FASTIFY: incoming request
[07/08/2026 11:39:19] FASTIFY: incoming request
[07/08/2026 11:39:19] Parents GET /clim/status
[07/08/2026 11:39:19] FASTIFY: request completed
[07/08/2026 11:39:22] FASTIFY: request completed
[07/08/2026 11:39:29] FASTIFY: incoming request
[07/08/2026 11:39:29] Parents GET /clim/status
[07/08/2026 11:39:32] FASTIFY: request completed
[07/08/2026 11:39:39] FASTIFY: incoming request
[07/08/2026 11:39:39] Parents GET /clim/status
[07/08/2026 11:39:42] FASTIFY: request completed
[07/08/2026 11:39:50] FASTIFY: incoming request
[07/08/2026 11:39:50] Parents GET /clim/status
[07/08/2026 11:39:52] FASTIFY: request completed
[07/08/2026 11:40:00] SID null
[07/08/2026 11:40:00] FASTIFY: incoming request
[07/08/2026 11:40:00] Parents GET /clim/status
[07/08/2026 11:40:02] SID Esu294mEag0E16WS
[07/08/2026 11:40:03] FASTIFY: request completed
[07/08/2026 11:40:10] FASTIFY: incoming request
[07/08/2026 11:40:10] Parents GET /clim/status
[07/08/2026 11:40:13] FASTIFY: request completed
[07/08/2026 11:40:20] FASTIFY: incoming request
[07/08/2026 11:40:20] Parents GET /clim/status
[07/08/2026 11:40:22] FASTIFY: request completed
[07/08/2026 11:40:30] FASTIFY: incoming request
[07/08/2026 11:40:30] Parents GET /clim/status
[07/08/2026 11:40:36] FASTIFY: request completed
[07/08/2026 11:40:40] FASTIFY: incoming request
[07/08/2026 11:40:40] Parents GET /clim/status
[07/08/2026 11:40:43] FASTIFY: request completed
[07/08/2026 11:41:41] FASTIFY: incoming request
[07/08/2026 11:41:41] Parents GET /clim/status
[07/08/2026 11:41:44] FASTIFY: request completed
[07/08/2026 11:42:01] FASTIFY: Stopping Solar's_Cam platform
[07/08/2026 11:42:01] FASTIFY: Solar's_Cam platform stopped
[07/08/2026 11:42:02] Already got weather data
[07/08/2026 11:42:05] Clim connectée: 31885837213310 | temp: 24.5 °C
[07/08/2026 11:42:05] FASTIFY: Server listening at http://127.0.0.1:3000
[07/08/2026 11:42:05] FASTIFY: Server listening at http://172.24.0.5:3000
[07/08/2026 11:42:42] FASTIFY: incoming request
[07/08/2026 11:42:42] Parents GET /clim/status
[07/08/2026 11:42:45] FASTIFY: Stopping Solar's_Cam platform
[07/08/2026 11:42:45] FASTIFY: Fd is not defined
[07/08/2026 11:42:45] FASTIFY: request completed
[07/08/2026 11:42:45] FASTIFY: Solar's_Cam platform stopped
[07/08/2026 11:42:46] Already got weather data
[07/08/2026 11:42:53] Clim connectée: 31885837213310 | temp: 25.0 °C
[07/08/2026 11:42:53] FASTIFY: Server listening at http://127.0.0.1:3000
[07/08/2026 11:42:53] FASTIFY: Server listening at http://172.24.0.5:3000
[07/08/2026 11:43:19] FASTIFY: incoming request
[07/08/2026 11:43:19] Parents GET /miele/token
[07/08/2026 11:43:19] FASTIFY: incoming request
[07/08/2026 11:43:19] Parents POST /wash/list
[07/08/2026 11:43:19] FASTIFY: incoming request
[07/08/2026 11:43:19] Parents GET /mbtoday
[07/08/2026 11:43:19] FASTIFY: incoming request
[07/08/2026 11:43:19] FASTIFY: request completed
[07/08/2026 11:43:19] FASTIFY: incoming request
[07/08/2026 11:43:19] Parents GET /miele/devices
[07/08/2026 11:43:19] FASTIFY: request completed
[07/08/2026 11:43:19] FASTIFY: request completed
[07/08/2026 11:43:19] FASTIFY: request completed
[07/08/2026 11:43:19] FASTIFY: request completed
[07/08/2026 11:43:47] FASTIFY: Stopping Solar's_Cam platform
[07/08/2026 11:43:47] FASTIFY: Solar's_Cam platform stopped
[07/08/2026 11:43:48] Already got weather data
[07/08/2026 11:43:51] Clim connectée: 31885837213310 | temp: 25.0 °C
[07/08/2026 11:43:51] FASTIFY: Server listening at http://127.0.0.1:3000
[07/08/2026 11:43:51] FASTIFY: Server listening at http://172.24.0.5:3000
[07/08/2026 11:45:00] SID null
[07/08/2026 11:45:00] SID xeqlOv9o8uroKstu
[07/08/2026 11:45:05] FASTIFY: Stopping Solar's_Cam platform
[07/08/2026 11:45:05] FASTIFY: Solar's_Cam platform stopped
[07/08/2026 11:45:05] Already got weather data
[07/08/2026 11:45:09] Clim connectée: 31885837213310 | temp: 25.0 °C
[07/08/2026 11:45:09] FASTIFY: Server listening at http://127.0.0.1:3000
[07/08/2026 11:45:09] FASTIFY: Server listening at http://172.24.0.5:3000
[07/08/2026 11:46:49] FASTIFY: incoming request
[07/08/2026 11:46:49] Parents GET /miele/devices/:deviceId
[07/08/2026 11:46:49] FASTIFY: incoming request
[07/08/2026 11:46:49] Parents GET /miele/devices/:deviceId/programs
[07/08/2026 11:46:49] FASTIFY: request completed
[07/08/2026 11:46:49] FASTIFY: request completed
[07/08/2026 11:46:57] FASTIFY: incoming request
[07/08/2026 11:46:57] Parents GET /miele/devices/:deviceId
[07/08/2026 11:46:57] FASTIFY: incoming request
[07/08/2026 11:46:57] Parents GET /miele/devices/:deviceId/programs
[07/08/2026 11:46:57] FASTIFY: request completed
[07/08/2026 11:46:58] FASTIFY: request completed
[07/08/2026 11:47:28] FASTIFY: incoming request
[07/08/2026 11:47:28] Parents PUT /miele/devices/:deviceId/actions
[07/08/2026 11:47:28] FASTIFY: request completed
[07/08/2026 11:47:28] FASTIFY: incoming request
[07/08/2026 11:47:28] Parents GET /miele/devices/:deviceId
[07/08/2026 11:47:28] FASTIFY: incoming request
[07/08/2026 11:47:28] Parents GET /miele/devices/:deviceId/programs
[07/08/2026 11:47:28] FASTIFY: request completed
[07/08/2026 11:47:29] FASTIFY: request completed
[07/08/2026 11:48:56] FASTIFY: Stopping Solar's_Cam platform
[07/08/2026 11:48:56] FASTIFY: Solar's_Cam platform stopped
[07/08/2026 11:48:57] Already got weather data
[07/08/2026 11:49:00] Clim connectée: 31885837213310 | temp: 25.0 °C
[07/08/2026 11:49:00] FASTIFY: Server listening at http://127.0.0.1:3000
[07/08/2026 11:49:00] FASTIFY: Server listening at http://172.24.0.5:3000
[07/08/2026 11:49:27] FASTIFY: Stopping Solar's_Cam platform
[07/08/2026 11:49:27] FASTIFY: Solar's_Cam platform stopped
[07/08/2026 11:49:27] Already got weather data
[07/08/2026 11:49:30] Clim connectée: 31885837213310 | temp: 25.0 °C
[07/08/2026 11:49:30] FASTIFY: Server listening at http://127.0.0.1:3000
[07/08/2026 11:49:30] FASTIFY: Server listening at http://172.24.0.5:3000
[07/08/2026 11:50:00] SID null
[07/08/2026 11:50:06] FASTIFY: Stopping Solar's_Cam platform
[07/08/2026 11:50:06] FASTIFY: Solar's_Cam platform stopped
[07/08/2026 11:50:06] Already got weather data
[07/08/2026 11:50:10] Clim connectée: 31885837213310 | temp: 25.0 °C
[07/08/2026 11:50:10] FASTIFY: Server listening at http://127.0.0.1:3000
[07/08/2026 11:50:10] FASTIFY: Server listening at http://172.24.0.5:3000
[07/08/2026 11:54:54] FASTIFY: Stopping Solar's_Cam platform
[07/08/2026 11:54:54] FASTIFY: Solar's_Cam platform stopped
[07/08/2026 11:54:55] Already got weather data
[07/08/2026 11:54:58] Clim connectée: 31885837213310 | temp: 25.0 °C
[07/08/2026 11:54:58] FASTIFY: Server listening at http://127.0.0.1:3000
[07/08/2026 11:54:58] FASTIFY: Server listening at http://172.24.0.5:3000
[07/08/2026 11:55:00] SID null
[07/08/2026 11:55:01] SID Uvu2H57IYKjII67M
[07/08/2026 11:56:00] FASTIFY: Stopping Solar's_Cam platform
[07/08/2026 11:56:00] FASTIFY: Solar's_Cam platform stopped
[07/08/2026 11:56:00] Already got weather data
[07/08/2026 11:56:03] Clim connectée: 31885837213310 | temp: 25.0 °C
[07/08/2026 11:56:03] FASTIFY: Server listening at http://127.0.0.1:3000
[07/08/2026 11:56:03] FASTIFY: Server listening at http://172.24.0.5:3000
[07/08/2026 11:56:24] FASTIFY: Stopping Solar's_Cam platform
[07/08/2026 11:56:24] FASTIFY: Solar's_Cam platform stopped
[07/08/2026 11:56:24] Already got weather data
[07/08/2026 11:56:27] Clim connectée: 31885837213310 | temp: 25.0 °C
[07/08/2026 11:56:27] FASTIFY: Server listening at http://127.0.0.1:3000
[07/08/2026 11:56:27] FASTIFY: Server listening at http://172.24.0.5:3000
[07/08/2026 11:57:39] FASTIFY: incoming request
[07/08/2026 11:57:39] Parents GET /miele/token
[07/08/2026 11:57:39] FASTIFY: incoming request
[07/08/2026 11:57:39] Parents POST /wash/list
[07/08/2026 11:57:39] FASTIFY: incoming request
[07/08/2026 11:57:39] Parents GET /mbtoday
[07/08/2026 11:57:39] FASTIFY: incoming request
[07/08/2026 11:57:39] FASTIFY: request completed
[07/08/2026 11:57:39] FASTIFY: request completed
[07/08/2026 11:57:39] FASTIFY: incoming request
[07/08/2026 11:57:39] Parents GET /miele/devices
[07/08/2026 11:57:39] FASTIFY: request completed
[07/08/2026 11:57:39] FASTIFY: request completed
[07/08/2026 11:57:39] FASTIFY: request completed
[07/08/2026 12:00:00] SID null
[07/08/2026 12:00:00] SID c2LjAaPwiUfwsZP9
[07/08/2026 12:05:00] SID c2LjAaPwiUfwsZP9
[07/08/2026 12:05:06] SID IcjB2LmCmP4CnKmg
[07/08/2026 12:05:21] FASTIFY: incoming request
[07/08/2026 12:05:21] FASTIFY: incoming request
[07/08/2026 12:05:21] Parents GET /clim/status
[07/08/2026 12:05:21] FASTIFY: request completed
[07/08/2026 12:05:24] FASTIFY: request completed
[07/08/2026 12:05:31] FASTIFY: incoming request
[07/08/2026 12:05:31] Parents GET /clim/status
[07/08/2026 12:05:34] FASTIFY: request completed
[07/08/2026 12:05:42] FASTIFY: incoming request
[07/08/2026 12:05:42] Parents GET /clim/status
[07/08/2026 12:05:49] FASTIFY: request completed
[07/08/2026 12:05:51] FASTIFY: incoming request
[07/08/2026 12:05:51] Parents GET /clim/status
[07/08/2026 12:05:58] FASTIFY: request completed
[07/08/2026 12:06:02] FASTIFY: incoming request
[07/08/2026 12:06:02] Parents GET /clim/status
[07/08/2026 12:06:05] FASTIFY: request completed
[07/08/2026 12:06:12] FASTIFY: incoming request
[07/08/2026 12:06:12] Parents GET /clim/status
[07/08/2026 12:06:19] FASTIFY: request completed
[07/08/2026 12:06:22] FASTIFY: incoming request
[07/08/2026 12:06:22] Parents GET /clim/status
[07/08/2026 12:06:25] FASTIFY: request completed
[07/08/2026 12:06:32] FASTIFY: incoming request
[07/08/2026 12:06:32] Parents GET /clim/status
[07/08/2026 12:06:35] FASTIFY: request completed
[07/08/2026 12:06:42] FASTIFY: incoming request
[07/08/2026 12:06:42] Parents GET /clim/status
[07/08/2026 12:06:49] FASTIFY: request completed
[07/08/2026 12:06:52] FASTIFY: incoming request
[07/08/2026 12:06:52] Parents GET /clim/status
[07/08/2026 12:06:55] FASTIFY: request completed
[07/08/2026 12:07:07] FASTIFY: incoming request
[07/08/2026 12:07:07] Parents GET /clim/status
[07/08/2026 12:07:10] FASTIFY: request completed
[07/08/2026 12:07:11] FASTIFY: incoming request
[07/08/2026 12:07:11] Parents GET /clim/status
[07/08/2026 12:07:13] FASTIFY: request completed
[07/08/2026 12:07:21] FASTIFY: incoming request
[07/08/2026 12:07:21] Parents GET /clim/status
[07/08/2026 12:07:24] FASTIFY: request completed
[07/08/2026 12:07:32] FASTIFY: incoming request
[07/08/2026 12:07:32] Parents GET /clim/status
[07/08/2026 12:07:35] FASTIFY: request completed
[07/08/2026 12:07:42] FASTIFY: incoming request
[07/08/2026 12:07:42] Parents GET /clim/status
[07/08/2026 12:07:45] FASTIFY: request completed
[07/08/2026 12:07:52] FASTIFY: incoming request
[07/08/2026 12:07:52] Parents GET /clim/status
[07/08/2026 12:07:55] FASTIFY: request completed
[07/08/2026 12:08:02] FASTIFY: incoming request
[07/08/2026 12:08:02] Parents GET /clim/status
[07/08/2026 12:08:09] FASTIFY: request completed
[07/08/2026 12:08:12] FASTIFY: incoming request
[07/08/2026 12:08:12] Parents GET /clim/status
[07/08/2026 12:08:15] FASTIFY: request completed
[07/08/2026 12:08:22] FASTIFY: incoming request
[07/08/2026 12:08:22] Parents GET /clim/status
[07/08/2026 12:08:25] FASTIFY: request completed
[07/08/2026 12:08:45] FASTIFY: incoming request
[07/08/2026 12:08:45] Parents GET /clim/status
[07/08/2026 12:08:47] FASTIFY: request completed
[07/08/2026 12:09:05] FASTIFY: Stopping Solar's_Cam platform
[07/08/2026 12:09:05] FASTIFY: Solar's_Cam platform stopped
[07/08/2026 12:09:05] Weather : Already got weather data
[07/08/2026 12:09:08] Clim connectée: 31885837213310 | temp: 25.0 °C
[07/08/2026 12:09:08] FASTIFY: Server listening at http://127.0.0.1:3000
[07/08/2026 12:09:08] FASTIFY: Server listening at http://172.24.0.5:3000
[07/08/2026 12:09:24] FASTIFY: Stopping Solar's_Cam platform
[07/08/2026 12:09:24] FASTIFY: Solar's_Cam platform stopped
[07/08/2026 12:09:24] Weather : Already got data
[07/08/2026 12:09:27] Clim connectée: 31885837213310 | temp: 25.0 °C
[07/08/2026 12:09:27] FASTIFY: Server listening at http://127.0.0.1:3000
[07/08/2026 12:09:27] FASTIFY: Server listening at http://172.24.0.5:3000
[07/08/2026 12:09:45] FASTIFY: incoming request
[07/08/2026 12:09:45] Parents GET /clim/status
[07/08/2026 12:09:47] FASTIFY: request completed
[07/08/2026 12:10:00] SID null
[07/08/2026 12:10:01] SID i2IvliM51Bd5Khc0
[07/08/2026 12:10:45] FASTIFY: incoming request
[07/08/2026 12:10:45] Parents GET /clim/status
[07/08/2026 12:10:51] FASTIFY: request completed
[07/08/2026 12:11:45] FASTIFY: incoming request
[07/08/2026 12:11:45] Parents GET /clim/status
[07/08/2026 12:11:47] FASTIFY: request completed
[07/08/2026 12:12:45] FASTIFY: incoming request
[07/08/2026 12:12:45] Parents GET /clim/status
[07/08/2026 12:12:47] FASTIFY: request completed
[07/08/2026 12:13:45] FASTIFY: incoming request
[07/08/2026 12:13:45] Parents GET /clim/status
[07/08/2026 12:13:47] FASTIFY: request completed
[07/08/2026 12:14:45] FASTIFY: incoming request
[07/08/2026 12:14:45] Parents GET /clim/status
[07/08/2026 12:14:47] FASTIFY: Stopping Solar's_Cam platform
[07/08/2026 12:14:47] FASTIFY: err is not defined
[07/08/2026 12:14:47] FASTIFY: request completed
[07/08/2026 12:14:47] FASTIFY: Solar's_Cam platform stopped
[07/08/2026 12:14:48] Weather : Already got data
[07/08/2026 12:14:50] Clim connectée: 31885837213310 | temp: 25.0 °C
[07/08/2026 12:14:50] FASTIFY: Server listening at http://127.0.0.1:3000
[07/08/2026 12:14:50] FASTIFY: Server listening at http://172.24.0.5:3000
[07/08/2026 12:15:00] SID null
[07/08/2026 12:15:45] FASTIFY: incoming request
[07/08/2026 12:15:45] Parents GET /clim/status
[07/08/2026 12:15:48] FASTIFY: request completed
[07/08/2026 12:16:33] FASTIFY: Stopping Solar's_Cam platform
[07/08/2026 12:16:33] FASTIFY: Solar's_Cam platform stopped
[07/08/2026 12:16:34] Weather : Already got data
[07/08/2026 12:16:37] Clim connectée: 31885837213310 | temp: 25.0 °C
[07/08/2026 12:16:37] FASTIFY: Server listening at http://127.0.0.1:3000
[07/08/2026 12:16:37] FASTIFY: Server listening at http://172.24.0.5:3000
[07/08/2026 12:16:45] FASTIFY: incoming request
[07/08/2026 12:16:45] Parents GET /clim/status
[07/08/2026 12:16:46] FASTIFY: incoming request
[07/08/2026 12:16:46] FASTIFY: incoming request
[07/08/2026 12:16:46] Parents GET /clim/status
[07/08/2026 12:16:46] FASTIFY: request completed
[07/08/2026 12:16:50] FASTIFY: request completed
[07/08/2026 12:16:57] FASTIFY: incoming request
[07/08/2026 12:16:57] Parents GET /clim/status
[07/08/2026 12:17:00] FASTIFY: request completed
[07/08/2026 12:17:07] FASTIFY: incoming request
[07/08/2026 12:17:07] Parents GET /clim/status
[07/08/2026 12:17:09] FASTIFY: request completed
[07/08/2026 12:17:17] FASTIFY: incoming request
[07/08/2026 12:17:17] Parents GET /clim/status
[07/08/2026 12:17:20] FASTIFY: request completed
[07/08/2026 12:17:27] FASTIFY: incoming request
[07/08/2026 12:17:27] Parents GET /clim/status
[07/08/2026 12:17:29] FASTIFY: request completed
[07/08/2026 12:17:37] FASTIFY: incoming request
[07/08/2026 12:17:37] Parents GET /clim/status
[07/08/2026 12:17:40] FASTIFY: request completed
[07/08/2026 12:17:47] FASTIFY: incoming request
[07/08/2026 12:17:47] Parents GET /clim/status
[07/08/2026 12:17:51] FASTIFY: err is not defined
[07/08/2026 12:17:51] FASTIFY: request completed
[07/08/2026 12:17:53] FASTIFY: Stopping Solar's_Cam platform
[07/08/2026 12:17:54] FASTIFY: Solar's_Cam platform stopped
[07/08/2026 12:17:54] Weather : Already got data
[07/08/2026 12:18:01] Clim connectée: 31885837213310 | temp: 25.0 °C
[07/08/2026 12:18:01] FASTIFY: Server listening at http://127.0.0.1:3000
[07/08/2026 12:18:01] FASTIFY: Server listening at http://172.24.0.5:3000
[07/08/2026 12:18:38] FASTIFY: Stopping Solar's_Cam platform
[07/08/2026 12:18:38] FASTIFY: Solar's_Cam platform stopped
[07/08/2026 12:18:38] Weather : Already got data
[07/08/2026 12:18:41] Clim connectée: 31885837213310 | temp: 25.0 °C
[07/08/2026 12:18:41] FASTIFY: Server listening at http://127.0.0.1:3000
[07/08/2026 12:18:41] FASTIFY: Server listening at http://172.24.0.5:3000
[07/08/2026 12:18:45] FASTIFY: incoming request
[07/08/2026 12:18:45] Parents GET /clim/status
[07/08/2026 12:18:48] FASTIFY: request completed
[07/08/2026 12:18:53] FASTIFY: incoming request
[07/08/2026 12:18:53] Parents GET /clim/status
[07/08/2026 12:18:56] FASTIFY: request completed
[07/08/2026 12:18:56] FASTIFY: incoming request
[07/08/2026 12:18:56] Parents GET /clim/status
[07/08/2026 12:18:57] FASTIFY: incoming request
[07/08/2026 12:18:57] FASTIFY: incoming request
[07/08/2026 12:18:57] Parents GET /mbtoday
[07/08/2026 12:18:57] FASTIFY: incoming request
[07/08/2026 12:18:57] Parents POST /wash/list
[07/08/2026 12:18:57] FASTIFY: request completed
[07/08/2026 12:18:57] FASTIFY: incoming request
[07/08/2026 12:18:57] Parents GET /miele/token
[07/08/2026 12:18:57] FASTIFY: request completed
[07/08/2026 12:18:57] FASTIFY: request completed
[07/08/2026 12:18:57] FASTIFY: request completed
[07/08/2026 12:18:57] FASTIFY: incoming request
[07/08/2026 12:18:57] Parents GET /miele/devices
[07/08/2026 12:18:57] FASTIFY: request completed
[07/08/2026 12:18:59] FASTIFY: request completed
[07/08/2026 12:19:01] FASTIFY: incoming request
[07/08/2026 12:19:01] Parents GET /miele/devices/:deviceId
[07/08/2026 12:19:01] FASTIFY: incoming request
[07/08/2026 12:19:01] Parents GET /miele/devices/:deviceId/programs
[07/08/2026 12:19:01] FASTIFY: request completed
[07/08/2026 12:19:02] FASTIFY: request completed
[07/08/2026 12:19:21] FASTIFY: incoming request
[07/08/2026 12:19:21] Parents PUT /miele/devices/:deviceId/programs
[07/08/2026 12:19:23] FASTIFY: request completed
[07/08/2026 12:19:23] FASTIFY: incoming request
[07/08/2026 12:19:23] Parents GET /miele/devices/:deviceId
[07/08/2026 12:19:23] FASTIFY: incoming request
[07/08/2026 12:19:23] Parents GET /miele/devices/:deviceId/programs
[07/08/2026 12:19:23] FASTIFY: request completed
[07/08/2026 12:19:23] FASTIFY: request completed
[07/08/2026 12:20:00] SID null
[07/08/2026 12:20:02] SID BnKmgtqv4XxvPsKF
[07/08/2026 12:20:46] FASTIFY: incoming request
[07/08/2026 12:20:46] Parents GET /miele/devices/:deviceId
[07/08/2026 12:20:46] FASTIFY: incoming request
[07/08/2026 12:20:46] Parents GET /miele/devices/:deviceId/programs
[07/08/2026 12:20:46] FASTIFY: request completed
[07/08/2026 12:20:46] FASTIFY: request completed
[07/08/2026 12:20:51] FASTIFY: incoming request
[07/08/2026 12:20:51] FASTIFY: incoming request
[07/08/2026 12:20:51] Parents GET /mbtoday
[07/08/2026 12:20:51] FASTIFY: incoming request
[07/08/2026 12:20:51] Parents POST /wash/list
[07/08/2026 12:20:51] FASTIFY: incoming request
[07/08/2026 12:20:51] Parents GET /miele/token
[07/08/2026 12:20:51] FASTIFY: request completed
[07/08/2026 12:20:51] FASTIFY: request completed
[07/08/2026 12:20:51] FASTIFY: request completed
[07/08/2026 12:20:51] FASTIFY: request completed
[07/08/2026 12:20:51] FASTIFY: incoming request
[07/08/2026 12:20:51] Parents GET /miele/devices
[07/08/2026 12:20:51] FASTIFY: request completed
[07/08/2026 12:20:54] FASTIFY: incoming request
[07/08/2026 12:20:54] Parents GET /miele/devices/:deviceId
[07/08/2026 12:20:54] FASTIFY: incoming request
[07/08/2026 12:20:54] Parents GET /miele/devices/:deviceId/programs
[07/08/2026 12:20:54] FASTIFY: request completed
[07/08/2026 12:20:54] FASTIFY: request completed
[07/08/2026 12:25:00] SID BnKmgtqv4XxvPsKF
[07/08/2026 12:25:03] SID JmHSCN-qHcjqZMuN
[07/08/2026 12:25:13] FASTIFY: Stopping Solar's_Cam platform
[07/08/2026 12:25:13] FASTIFY: Solar's_Cam platform stopped
[07/08/2026 12:25:14] Weather : Already got data
[07/08/2026 12:25:17] Clim connectée: 31885837213310 | temp: 25.0 °C
[07/08/2026 12:25:17] FASTIFY: Server listening at http://127.0.0.1:3000
[07/08/2026 12:25:17] FASTIFY: Server listening at http://172.24.0.5:3000
[07/08/2026 12:25:22] FASTIFY: incoming request
[07/08/2026 12:25:22] Parents POST /wash/list
[07/08/2026 12:25:22] FASTIFY: incoming request
[07/08/2026 12:25:22] Parents GET /mbtoday
[07/08/2026 12:25:22] FASTIFY: incoming request
[07/08/2026 12:25:22] FASTIFY: incoming request
[07/08/2026 12:25:22] Parents GET /miele/token
[07/08/2026 12:25:22] FASTIFY: request completed
[07/08/2026 12:25:22] FASTIFY: request completed
[07/08/2026 12:25:22] FASTIFY: request completed
[07/08/2026 12:25:22] FASTIFY: request completed
[07/08/2026 12:25:22] FASTIFY: incoming request
[07/08/2026 12:25:22] Parents GET /miele/devices
[07/08/2026 12:25:23] FASTIFY: request completed
[07/08/2026 12:25:26] FASTIFY: incoming request
[07/08/2026 12:25:26] Parents GET /miele/devices/:deviceId
[07/08/2026 12:25:26] FASTIFY: incoming request
[07/08/2026 12:25:26] Parents GET /miele/devices/:deviceId/programs
[07/08/2026 12:25:26] FASTIFY: request completed
[07/08/2026 12:25:27] FASTIFY: request completed
[07/08/2026 12:25:27] FASTIFY: incoming request
[07/08/2026 12:25:27] Parents GET /miele/devices/:deviceId
[07/08/2026 12:25:27] FASTIFY: incoming request
[07/08/2026 12:25:27] Parents GET /miele/devices/:deviceId/programs
[07/08/2026 12:25:27] FASTIFY: request completed
[07/08/2026 12:25:27] FASTIFY: request completed
[07/08/2026 12:26:12] FASTIFY: incoming request
[07/08/2026 12:26:12] Parents GET /miele/devices/:deviceId/programs
[07/08/2026 12:26:12] FASTIFY: incoming request
[07/08/2026 12:26:12] Parents GET /miele/devices/:deviceId
[07/08/2026 12:26:13] FASTIFY: request completed
[07/08/2026 12:26:13] FASTIFY: request completed
[07/08/2026 12:26:37] FASTIFY: incoming request
[07/08/2026 12:26:37] Parents PUT /miele/devices/:deviceId/programs
[07/08/2026 12:26:40] FASTIFY: request completed
[07/08/2026 12:26:40] FASTIFY: incoming request
[07/08/2026 12:26:40] Parents GET /miele/devices/:deviceId
[07/08/2026 12:26:40] FASTIFY: incoming request
[07/08/2026 12:26:40] Parents GET /miele/devices/:deviceId/programs
[07/08/2026 12:26:40] FASTIFY: request completed
[07/08/2026 12:26:40] FASTIFY: request completed
[07/08/2026 12:27:00] FASTIFY: incoming request
[07/08/2026 12:27:00] Parents GET /miele/devices/:deviceId/programs
[07/08/2026 12:27:00] FASTIFY: incoming request
[07/08/2026 12:27:00] Parents GET /miele/devices/:deviceId
[07/08/2026 12:27:00] FASTIFY: request completed
[07/08/2026 12:27:00] FASTIFY: request completed
[07/08/2026 12:27:07] FASTIFY: incoming request
[07/08/2026 12:27:07] FASTIFY: incoming request
[07/08/2026 12:27:07] Parents GET /mbtoday
[07/08/2026 12:27:07] FASTIFY: incoming request
[07/08/2026 12:27:07] Parents POST /wash/list
[07/08/2026 12:27:07] FASTIFY: incoming request
[07/08/2026 12:27:07] Parents GET /miele/token
[07/08/2026 12:27:07] FASTIFY: request completed
[07/08/2026 12:27:07] FASTIFY: request completed
[07/08/2026 12:27:07] FASTIFY: request completed
[07/08/2026 12:27:07] FASTIFY: request completed
[07/08/2026 12:27:07] FASTIFY: incoming request
[07/08/2026 12:27:07] Parents GET /miele/devices
[07/08/2026 12:27:07] FASTIFY: request completed
[07/08/2026 12:27:09] FASTIFY: incoming request
[07/08/2026 12:27:09] Parents GET /miele/devices/:deviceId
[07/08/2026 12:27:09] FASTIFY: incoming request
[07/08/2026 12:27:09] Parents GET /miele/devices/:deviceId/programs
[07/08/2026 12:27:09] FASTIFY: request completed
[07/08/2026 12:27:10] FASTIFY: request completed
[07/08/2026 12:27:11] FASTIFY: incoming request
[07/08/2026 12:27:11] Parents GET /miele/devices/:deviceId
[07/08/2026 12:27:11] FASTIFY: incoming request
[07/08/2026 12:27:11] Parents GET /miele/devices/:deviceId/programs
[07/08/2026 12:27:11] FASTIFY: request completed
[07/08/2026 12:27:11] FASTIFY: request completed
[07/08/2026 12:27:14] FASTIFY: incoming request
[07/08/2026 12:27:14] Parents PUT /miele/devices/:deviceId/actions
[07/08/2026 12:27:14] FASTIFY: request completed
[07/08/2026 12:27:14] FASTIFY: incoming request
[07/08/2026 12:27:14] Parents GET /miele/devices/:deviceId
[07/08/2026 12:27:14] FASTIFY: incoming request
[07/08/2026 12:27:14] Parents GET /miele/devices/:deviceId/programs
[07/08/2026 12:27:15] FASTIFY: request completed
[07/08/2026 12:27:15] FASTIFY: request completed
[07/08/2026 12:30:00] SID null
[07/08/2026 12:30:08] SID 7PnQZEJ_dzW_PFZb
[07/08/2026 12:30:15] FASTIFY: incoming request
[07/08/2026 12:30:15] Parents GET /miele/token
[07/08/2026 12:30:15] FASTIFY: incoming request
[07/08/2026 12:30:15] Parents POST /wash/list
[07/08/2026 12:30:15] FASTIFY: incoming request
[07/08/2026 12:30:15] Parents GET /mbtoday
[07/08/2026 12:30:15] FASTIFY: incoming request
[07/08/2026 12:30:15] FASTIFY: request completed
[07/08/2026 12:30:15] FASTIFY: incoming request
[07/08/2026 12:30:15] Parents GET /miele/devices
[07/08/2026 12:30:15] FASTIFY: request completed
[07/08/2026 12:30:15] FASTIFY: request completed
[07/08/2026 12:30:15] FASTIFY: request completed
[07/08/2026 12:30:15] FASTIFY: request completed
[07/08/2026 12:30:17] FASTIFY: incoming request
[07/08/2026 12:30:17] Parents GET /miele/devices/:deviceId
[07/08/2026 12:30:17] FASTIFY: incoming request
[07/08/2026 12:30:17] Parents GET /miele/devices/:deviceId/programs
[07/08/2026 12:30:17] FASTIFY: request completed
[07/08/2026 12:30:18] FASTIFY: request completed
[07/08/2026 12:30:19] FASTIFY: incoming request
[07/08/2026 12:30:19] Parents GET /miele/devices/:deviceId
[07/08/2026 12:30:19] FASTIFY: incoming request
[07/08/2026 12:30:19] Parents GET /miele/devices/:deviceId/programs
[07/08/2026 12:30:19] FASTIFY: request completed
[07/08/2026 12:30:19] FASTIFY: request completed
[07/08/2026 12:30:32] FASTIFY: incoming request
[07/08/2026 12:30:32] Parents GET /miele/devices/:deviceId
[07/08/2026 12:30:32] FASTIFY: incoming request
[07/08/2026 12:30:32] Parents GET /miele/devices/:deviceId/programs
[07/08/2026 12:30:32] FASTIFY: request completed
[07/08/2026 12:30:32] FASTIFY: request completed
[07/08/2026 12:30:45] FASTIFY: incoming request
[07/08/2026 12:30:45] Parents PUT /miele/devices/:deviceId/programs
[07/08/2026 12:30:45] FASTIFY: request completed
[07/08/2026 12:30:45] FASTIFY: incoming request
[07/08/2026 12:30:45] Parents GET /miele/devices/:deviceId
[07/08/2026 12:30:45] FASTIFY: incoming request
[07/08/2026 12:30:45] Parents GET /miele/devices/:deviceId/programs
[07/08/2026 12:30:46] FASTIFY: request completed
[07/08/2026 12:30:46] FASTIFY: request completed
[07/08/2026 12:31:27] FASTIFY: incoming request
[07/08/2026 12:31:27] Parents PUT /miele/devices/:deviceId/programs
[07/08/2026 12:31:28] FASTIFY: request completed
[07/08/2026 12:31:28] FASTIFY: incoming request
[07/08/2026 12:31:28] Parents GET /miele/devices/:deviceId
[07/08/2026 12:31:28] FASTIFY: incoming request
[07/08/2026 12:31:28] Parents GET /miele/devices/:deviceId/programs
[07/08/2026 12:31:28] FASTIFY: request completed
[07/08/2026 12:31:28] FASTIFY: request completed
[07/08/2026 12:31:39] FASTIFY: incoming request
[07/08/2026 12:31:39] Parents PUT /miele/devices/:deviceId/programs
[07/08/2026 12:31:39] FASTIFY: request completed
[07/08/2026 12:31:39] FASTIFY: incoming request
[07/08/2026 12:31:39] Parents GET /miele/devices/:deviceId
[07/08/2026 12:31:39] FASTIFY: incoming request
[07/08/2026 12:31:39] Parents GET /miele/devices/:deviceId/programs
[07/08/2026 12:31:40] FASTIFY: request completed
[07/08/2026 12:31:40] FASTIFY: request completed
[07/08/2026 12:32:26] FASTIFY: Stopping Solar's_Cam platform
[07/08/2026 12:32:26] FASTIFY: Solar's_Cam platform stopped
[07/08/2026 12:32:27] Weather : Already got data
[07/08/2026 12:32:29] Clim connectée: 31885837213310 | temp: 24.5 °C
[07/08/2026 12:32:29] FASTIFY: Server listening at http://127.0.0.1:3000
[07/08/2026 12:32:29] FASTIFY: Server listening at http://172.24.0.5:3000
[07/08/2026 12:34:12] FASTIFY: incoming request
[07/08/2026 12:34:12] Parents PUT /miele/devices/:deviceId/programs
[07/08/2026 12:34:13] FASTIFY: request completed
[07/08/2026 12:34:13] FASTIFY: incoming request
[07/08/2026 12:34:13] Parents GET /miele/devices/:deviceId
[07/08/2026 12:34:13] FASTIFY: incoming request
[07/08/2026 12:34:13] Parents GET /miele/devices/:deviceId/programs
[07/08/2026 12:34:13] FASTIFY: request completed
[07/08/2026 12:34:13] FASTIFY: request completed
[07/08/2026 12:34:56] FASTIFY: incoming request
[07/08/2026 12:34:56] Parents PUT /miele/devices/:deviceId/programs
[07/08/2026 12:34:57] FASTIFY: request completed
[07/08/2026 12:34:57] FASTIFY: incoming request
[07/08/2026 12:34:57] Parents GET /miele/devices/:deviceId
[07/08/2026 12:34:57] FASTIFY: incoming request
[07/08/2026 12:34:57] Parents GET /miele/devices/:deviceId/programs
[07/08/2026 12:34:57] FASTIFY: request completed
[07/08/2026 12:34:57] FASTIFY: request completed
[07/08/2026 12:35:00] SID null
[07/08/2026 12:35:03] SID t2BLVcsFLD2FiecY
[07/08/2026 12:36:28] FASTIFY: incoming request
[07/08/2026 12:36:28] Parents GET /miele/token
[07/08/2026 12:36:28] FASTIFY: incoming request
[07/08/2026 12:36:28] Parents POST /wash/list
[07/08/2026 12:36:28] FASTIFY: incoming request
[07/08/2026 12:36:28] Parents GET /mbtoday
[07/08/2026 12:36:28] FASTIFY: request completed
[07/08/2026 12:36:28] FASTIFY: incoming request
[07/08/2026 12:36:28] FASTIFY: request completed
[07/08/2026 12:36:28] FASTIFY: incoming request
[07/08/2026 12:36:28] Parents GET /miele/devices
[07/08/2026 12:36:28] FASTIFY: request completed
[07/08/2026 12:36:28] FASTIFY: request completed
[07/08/2026 12:36:28] FASTIFY: request completed
[07/08/2026 12:36:45] FASTIFY: incoming request
[07/08/2026 12:36:45] Parents GET /miele/devices/:deviceId
[07/08/2026 12:36:45] FASTIFY: incoming request
[07/08/2026 12:36:45] Parents GET /miele/devices/:deviceId/programs
[07/08/2026 12:36:46] FASTIFY: request completed
[07/08/2026 12:36:46] FASTIFY: request completed
[07/08/2026 12:36:55] FASTIFY: incoming request
[07/08/2026 12:36:55] Parents PUT /miele/devices/:deviceId/programs
[07/08/2026 12:36:56] FASTIFY: request completed
[07/08/2026 12:36:56] FASTIFY: incoming request
[07/08/2026 12:36:56] Parents GET /miele/devices/:deviceId
[07/08/2026 12:36:56] FASTIFY: incoming request
[07/08/2026 12:36:56] Parents GET /miele/devices/:deviceId/programs
[07/08/2026 12:36:56] FASTIFY: request completed
[07/08/2026 12:36:56] FASTIFY: request completed
[07/08/2026 12:36:58] FASTIFY: incoming request
[07/08/2026 12:36:58] Parents PUT /miele/devices/:deviceId/programs
[07/08/2026 12:36:59] FASTIFY: request completed
[07/08/2026 12:36:59] FASTIFY: incoming request
[07/08/2026 12:36:59] Parents GET /miele/devices/:deviceId/programs
[07/08/2026 12:36:59] FASTIFY: incoming request
[07/08/2026 12:36:59] Parents GET /miele/devices/:deviceId
[07/08/2026 12:36:59] FASTIFY: request completed
[07/08/2026 12:37:00] FASTIFY: request completed
[07/08/2026 12:37:01] FASTIFY: incoming request
[07/08/2026 12:37:01] Parents PUT /miele/devices/:deviceId/programs
[07/08/2026 12:37:02] FASTIFY: request completed
[07/08/2026 12:37:02] FASTIFY: incoming request
[07/08/2026 12:37:02] Parents GET /miele/devices/:deviceId
[07/08/2026 12:37:02] FASTIFY: incoming request
[07/08/2026 12:37:02] Parents GET /miele/devices/:deviceId/programs
[07/08/2026 12:37:02] FASTIFY: request completed
[07/08/2026 12:37:02] FASTIFY: request completed
[07/08/2026 12:38:22] FASTIFY: incoming request
[07/08/2026 12:38:22] Parents GET /mbtoday
[07/08/2026 12:38:22] FASTIFY: incoming request
[07/08/2026 12:38:22] FASTIFY: incoming request
[07/08/2026 12:38:22] Parents POST /wash/list
[07/08/2026 12:38:22] FASTIFY: incoming request
[07/08/2026 12:38:22] Parents GET /miele/token
[07/08/2026 12:38:22] FASTIFY: request completed
[07/08/2026 12:38:22] FASTIFY: request completed
[07/08/2026 12:38:22] FASTIFY: request completed
[07/08/2026 12:38:22] FASTIFY: request completed
[07/08/2026 12:38:22] FASTIFY: incoming request
[07/08/2026 12:38:22] Parents GET /miele/devices
[07/08/2026 12:38:23] FASTIFY: request completed
[07/08/2026 12:38:26] FASTIFY: incoming request
[07/08/2026 12:38:26] Parents GET /miele/devices/:deviceId
[07/08/2026 12:38:26] FASTIFY: incoming request
[07/08/2026 12:38:26] Parents GET /miele/devices/:deviceId/programs
[07/08/2026 12:38:26] FASTIFY: request completed
[07/08/2026 12:38:26] FASTIFY: request completed
[07/08/2026 12:38:37] FASTIFY: incoming request
[07/08/2026 12:38:37] Parents PUT /miele/devices/:deviceId/programs
[07/08/2026 12:38:39] FASTIFY: request completed
[07/08/2026 12:38:39] FASTIFY: incoming request
[07/08/2026 12:38:39] Parents GET /miele/devices/:deviceId
[07/08/2026 12:38:39] FASTIFY: incoming request
[07/08/2026 12:38:39] Parents GET /miele/devices/:deviceId/programs
[07/08/2026 12:38:39] FASTIFY: request completed
[07/08/2026 12:38:39] FASTIFY: request completed
[07/08/2026 12:40:00] SID t2BLVcsFLD2FiecY
[07/08/2026 12:40:05] SID ckAO2ZnUNMwUkbnA
[07/08/2026 12:41:02] FASTIFY: Stopping Solar's_Cam platform
[07/08/2026 12:41:02] FASTIFY: Solar's_Cam platform stopped
[07/08/2026 12:41:03] Weather : Already got data
[07/08/2026 12:41:06] Clim connectée: 31885837213310 | temp: 25.0 °C
[07/08/2026 12:41:06] FASTIFY: Server listening at http://127.0.0.1:3000
[07/08/2026 12:41:06] FASTIFY: Server listening at http://172.24.0.5:3000
[07/08/2026 12:41:27] FASTIFY: Stopping Solar's_Cam platform
[07/08/2026 12:41:27] FASTIFY: Solar's_Cam platform stopped
[07/08/2026 12:41:28] Weather : Already got data
[07/08/2026 12:41:30] Clim connectée: 31885837213310 | temp: 25.0 °C
[07/08/2026 12:41:30] FASTIFY: Server listening at http://127.0.0.1:3000
[07/08/2026 12:41:30] FASTIFY: Server listening at http://172.24.0.5:3000
[07/08/2026 12:43:01] FASTIFY: incoming request
[07/08/2026 12:43:01] Parents GET /miele/devices/:deviceId
[07/08/2026 12:43:01] FASTIFY: incoming request
[07/08/2026 12:43:01] Parents GET /miele/devices/:deviceId/programs
[07/08/2026 12:43:01] FASTIFY: request completed
[07/08/2026 12:43:01] FASTIFY: request completed
[07/08/2026 12:43:22] FASTIFY: incoming request
[07/08/2026 12:43:22] Parents GET /miele/devices/:deviceId
[07/08/2026 12:43:22] FASTIFY: incoming request
[07/08/2026 12:43:23] Parents GET /miele/devices/:deviceId/programs
[07/08/2026 12:43:23] FASTIFY: request completed
[07/08/2026 12:43:23] FASTIFY: request completed
[07/08/2026 12:43:31] FASTIFY: incoming request
[07/08/2026 12:43:31] Parents PUT /miele/devices/:deviceId/programs
[07/08/2026 12:43:33] FASTIFY: request completed
[07/08/2026 12:43:33] FASTIFY: incoming request
[07/08/2026 12:43:33] Parents GET /miele/devices/:deviceId
[07/08/2026 12:43:33] FASTIFY: incoming request
[07/08/2026 12:43:33] Parents GET /miele/devices/:deviceId/programs
[07/08/2026 12:43:33] FASTIFY: request completed
[07/08/2026 12:43:33] FASTIFY: request completed
[07/08/2026 12:45:00] SID null
[07/08/2026 12:45:03] SID y-gPli93hAt3ohd0
[07/08/2026 12:46:24] FASTIFY: incoming request
[07/08/2026 12:46:24] Parents POST /wash/list
[07/08/2026 12:46:24] FASTIFY: incoming request
[07/08/2026 12:46:24] Parents GET /mbtoday
[07/08/2026 12:46:24] FASTIFY: incoming request
[07/08/2026 12:46:24] FASTIFY: request completed
[07/08/2026 12:46:24] FASTIFY: request completed
[07/08/2026 12:46:24] FASTIFY: incoming request
[07/08/2026 12:46:24] Parents GET /miele/token
[07/08/2026 12:46:24] FASTIFY: request completed
[07/08/2026 12:46:24] FASTIFY: incoming request
[07/08/2026 12:46:24] Parents GET /miele/devices
[07/08/2026 12:46:24] FASTIFY: request completed
[07/08/2026 12:46:24] FASTIFY: request completed
[07/08/2026 12:47:00] FASTIFY: Stopping Solar's_Cam platform
[07/08/2026 12:47:00] FASTIFY: Solar's_Cam platform stopped
[07/08/2026 12:47:00] Weather : Already got data
[07/08/2026 12:47:03] Clim connectée: 31885837213310 | temp: 25.0 °C
[07/08/2026 12:47:03] FASTIFY: Server listening at http://127.0.0.1:3000
[07/08/2026 12:47:03] FASTIFY: Server listening at http://172.24.0.5:3000
[07/08/2026 12:47:28] FASTIFY: incoming request
[07/08/2026 12:47:28] Parents GET /miele/devices/:deviceId/programs
[07/08/2026 12:47:28] FASTIFY: incoming request
[07/08/2026 12:47:28] Parents GET /miele/devices/:deviceId
[07/08/2026 12:47:29] FASTIFY: request completed
[07/08/2026 12:47:29] FASTIFY: request completed
[07/08/2026 12:47:43] FASTIFY: incoming request
[07/08/2026 12:47:43] Parents PUT /miele/devices/:deviceId/programs
[07/08/2026 12:47:45] FASTIFY: request completed
[07/08/2026 12:47:45] FASTIFY: incoming request
[07/08/2026 12:47:45] Parents GET /miele/devices/:deviceId
[07/08/2026 12:47:45] FASTIFY: incoming request
[07/08/2026 12:47:45] Parents GET /miele/devices/:deviceId/programs
[07/08/2026 12:47:45] FASTIFY: request completed
[07/08/2026 12:47:46] FASTIFY: request completed
[07/08/2026 12:49:43] FASTIFY: incoming request
[07/08/2026 12:49:43] Parents GET /miele/devices/:deviceId
[07/08/2026 12:49:43] FASTIFY: incoming request
[07/08/2026 12:49:43] Parents GET /miele/devices/:deviceId/programs
[07/08/2026 12:49:43] FASTIFY: request completed
[07/08/2026 12:49:43] FASTIFY: request completed
[07/08/2026 12:50:00] SID null
[07/08/2026 12:50:00] SID ssriFbERsDbR8bUs
[07/08/2026 12:50:12] FASTIFY: incoming request
[07/08/2026 12:50:12] Parents GET /miele/devices/:deviceId
[07/08/2026 12:50:12] FASTIFY: incoming request
[07/08/2026 12:50:12] Parents GET /miele/devices/:deviceId/programs
[07/08/2026 12:50:12] FASTIFY: request completed
[07/08/2026 12:50:12] FASTIFY: request completed
[07/08/2026 12:50:18] FASTIFY: incoming request
[07/08/2026 12:50:18] Parents PUT /miele/devices/:deviceId/programs
[07/08/2026 12:50:20] FASTIFY: request completed
[07/08/2026 12:50:20] FASTIFY: incoming request
[07/08/2026 12:50:20] Parents GET /miele/devices/:deviceId
[07/08/2026 12:50:20] FASTIFY: incoming request
[07/08/2026 12:50:20] Parents GET /miele/devices/:deviceId/programs
[07/08/2026 12:50:20] FASTIFY: request completed
[07/08/2026 12:50:21] FASTIFY: request completed
[07/08/2026 12:55:00] SID ssriFbERsDbR8bUs
[07/08/2026 12:55:09] SID nXHR214c5PgcK3oA
[07/08/2026 12:57:10] FASTIFY: incoming request
[07/08/2026 12:57:10] FASTIFY: incoming request
[07/08/2026 12:57:10] Parents GET /mbtoday
[07/08/2026 12:57:10] FASTIFY: incoming request
[07/08/2026 12:57:10] Parents POST /wash/list
[07/08/2026 12:57:10] FASTIFY: incoming request
[07/08/2026 12:57:10] Parents GET /miele/token
[07/08/2026 12:57:10] FASTIFY: request completed
[07/08/2026 12:57:10] FASTIFY: request completed
[07/08/2026 12:57:10] FASTIFY: request completed
[07/08/2026 12:57:10] FASTIFY: request completed
[07/08/2026 12:57:10] FASTIFY: incoming request
[07/08/2026 12:57:10] Parents GET /miele/devices
[07/08/2026 12:57:10] FASTIFY: request completed
[07/08/2026 12:57:13] FASTIFY: incoming request
[07/08/2026 12:57:13] Parents GET /miele/devices/:deviceId
[07/08/2026 12:57:13] FASTIFY: incoming request
[07/08/2026 12:57:13] Parents GET /miele/devices/:deviceId/programs
[07/08/2026 12:57:13] FASTIFY: request completed
[07/08/2026 12:57:14] FASTIFY: request completed
[07/08/2026 12:57:15] FASTIFY: incoming request
[07/08/2026 12:57:15] Parents GET /miele/devices/:deviceId
[07/08/2026 12:57:15] FASTIFY: incoming request
[07/08/2026 12:57:15] Parents GET /miele/devices/:deviceId/programs
[07/08/2026 12:57:15] FASTIFY: request completed
[07/08/2026 12:57:15] FASTIFY: request completed
[07/08/2026 12:58:01] FASTIFY: incoming request
[07/08/2026 12:58:01] Parents GET /miele/devices/:deviceId/programs
[07/08/2026 12:58:01] FASTIFY: incoming request
[07/08/2026 12:58:01] Parents GET /miele/devices/:deviceId
[07/08/2026 12:58:01] FASTIFY: request completed
[07/08/2026 12:58:02] FASTIFY: request completed
[07/08/2026 13:00:00] SID nXHR214c5PgcK3oA
[07/08/2026 13:00:04] SID cGAM5Y_FyykFtafT
[07/08/2026 13:02:56] FASTIFY: incoming request
[07/08/2026 13:02:56] Parents GET /miele/devices/:deviceId
[07/08/2026 13:02:56] FASTIFY: incoming request
[07/08/2026 13:02:56] Parents GET /miele/devices/:deviceId/programs
[07/08/2026 13:02:56] FASTIFY: request completed
[07/08/2026 13:02:57] FASTIFY: request completed
[07/08/2026 13:02:58] FASTIFY: incoming request
[07/08/2026 13:02:58] Parents GET /miele/devices/:deviceId
[07/08/2026 13:02:58] FASTIFY: incoming request
[07/08/2026 13:02:58] Parents GET /miele/devices/:deviceId/programs
[07/08/2026 13:02:58] FASTIFY: request completed
[07/08/2026 13:02:59] FASTIFY: request completed
[07/08/2026 13:05:00] SID cGAM5Y_FyykFtafT
[07/08/2026 13:05:01] SID 4nKm0JJP1FQPHKJA
[07/08/2026 13:06:35] FASTIFY: incoming request
[07/08/2026 13:06:35] Parents GET /miele/devices/:deviceId
[07/08/2026 13:06:35] FASTIFY: incoming request
[07/08/2026 13:06:35] Parents GET /miele/devices/:deviceId/programs
[07/08/2026 13:06:35] FASTIFY: request completed
[07/08/2026 13:06:36] FASTIFY: request completed
[07/08/2026 13:06:56] FASTIFY: incoming request
[07/08/2026 13:06:56] Parents PUT /miele/devices/:deviceId/programs
[07/08/2026 13:06:56] FASTIFY: request completed
[07/08/2026 13:06:56] FASTIFY: incoming request
[07/08/2026 13:06:56] Parents GET /miele/devices/:deviceId
[07/08/2026 13:06:56] FASTIFY: incoming request
[07/08/2026 13:06:56] Parents GET /miele/devices/:deviceId/programs
[07/08/2026 13:06:56] FASTIFY: request completed
[07/08/2026 13:06:57] FASTIFY: request completed
[07/08/2026 13:07:12] FASTIFY: incoming request
[07/08/2026 13:07:12] Parents PUT /miele/devices/:deviceId/programs
[07/08/2026 13:07:14] FASTIFY: Cannot read properties of undefined (reading '0')
[07/08/2026 13:07:14] FASTIFY: request completed
[07/08/2026 13:07:14] FASTIFY: incoming request
[07/08/2026 13:07:14] Parents GET /miele/devices/:deviceId
[07/08/2026 13:07:14] FASTIFY: incoming request
[07/08/2026 13:07:14] Parents GET /miele/devices/:deviceId/programs
[07/08/2026 13:07:14] FASTIFY: request completed
[07/08/2026 13:07:14] FASTIFY: request completed
[07/08/2026 13:10:00] SID 4nKm0JJP1FQPHKJA
[07/08/2026 13:10:01] SID oWN5nI8GdLlGmK8U
[07/08/2026 13:11:02] FASTIFY: Stopping Solar's_Cam platform
[07/08/2026 13:11:02] FASTIFY: Solar's_Cam platform stopped
[07/08/2026 13:11:03] Weather : Already got data
[07/08/2026 13:11:06] Clim connectée: 31885837213310 | temp: 24.5 °C
[07/08/2026 13:11:06] FASTIFY: Server listening at http://127.0.0.1:3000
[07/08/2026 13:11:06] FASTIFY: Server listening at http://172.24.0.5:3000
[07/08/2026 13:11:45] FASTIFY: incoming request
[07/08/2026 13:11:45] Parents GET /miele/devices/:deviceId
[07/08/2026 13:11:45] FASTIFY: incoming request
[07/08/2026 13:11:45] Parents GET /miele/devices/:deviceId/programs
[07/08/2026 13:11:46] FASTIFY: request completed
[07/08/2026 13:11:46] FASTIFY: request completed
[07/08/2026 13:12:03] FASTIFY: incoming request
[07/08/2026 13:12:03] Parents GET /miele/devices/:deviceId
[07/08/2026 13:12:03] FASTIFY: incoming request
[07/08/2026 13:12:03] Parents GET /miele/devices/:deviceId/programs
[07/08/2026 13:12:03] FASTIFY: request completed
[07/08/2026 13:12:04] FASTIFY: request completed
[07/08/2026 13:12:25] FASTIFY: incoming request
[07/08/2026 13:12:25] Parents GET /miele/devices/:deviceId/actions
[07/08/2026 13:12:25] FASTIFY: request completed
[07/08/2026 13:12:25] FASTIFY: incoming request
[07/08/2026 13:12:25] Parents GET /miele/devices/:deviceId
[07/08/2026 13:12:25] FASTIFY: incoming request
[07/08/2026 13:12:25] Parents GET /miele/devices/:deviceId/programs
[07/08/2026 13:12:25] FASTIFY: request completed
[07/08/2026 13:12:26] FASTIFY: request completed
[07/08/2026 13:13:05] FASTIFY: Stopping Solar's_Cam platform
[07/08/2026 13:13:05] FASTIFY: Solar's_Cam platform stopped
[07/08/2026 13:13:05] Weather : Already got data
[07/08/2026 13:13:08] Clim connectée: 31885837213310 | temp: 24.5 °C
[07/08/2026 13:13:08] FASTIFY: Server listening at http://127.0.0.1:3000
[07/08/2026 13:13:08] FASTIFY: Server listening at http://172.24.0.5:3000
[07/08/2026 13:13:08] FASTIFY: incoming request
[07/08/2026 13:13:08] Parents GET /miele/devices/:deviceId/actions
[07/08/2026 13:13:08] FASTIFY: request completed
[07/08/2026 13:13:08] FASTIFY: incoming request
[07/08/2026 13:13:08] Parents GET /miele/devices/:deviceId
[07/08/2026 13:13:08] FASTIFY: incoming request
[07/08/2026 13:13:08] Parents GET /miele/devices/:deviceId/programs
[07/08/2026 13:13:08] FASTIFY: request completed
[07/08/2026 13:13:09] FASTIFY: request completed
[07/08/2026 13:14:36] FASTIFY: Stopping Solar's_Cam platform
[07/08/2026 13:14:36] FASTIFY: Solar's_Cam platform stopped
[07/08/2026 13:14:36] Weather : Already got data
[07/08/2026 13:14:43] Clim connectée: 31885837213310 | temp: 24.5 °C
[07/08/2026 13:14:43] FASTIFY: Server listening at http://127.0.0.1:3000
[07/08/2026 13:14:43] FASTIFY: Server listening at http://172.24.0.5:3000
[07/08/2026 13:14:46] FASTIFY: incoming request
[07/08/2026 13:14:46] Parents GET /miele/devices/:deviceId/actions
[07/08/2026 13:14:46] FASTIFY: request completed
[07/08/2026 13:14:46] FASTIFY: incoming request
[07/08/2026 13:14:46] Parents GET /miele/devices/:deviceId
[07/08/2026 13:14:46] FASTIFY: incoming request
[07/08/2026 13:14:46] Parents GET /miele/devices/:deviceId/programs
[07/08/2026 13:14:46] FASTIFY: request completed
[07/08/2026 13:14:47] FASTIFY: request completed
[07/08/2026 13:15:00] SID null
[07/08/2026 13:15:02] SID agd6XAXFtLGFrC3Y
[07/08/2026 13:16:18] FASTIFY: Stopping Solar's_Cam platform
[07/08/2026 13:16:18] FASTIFY: Solar's_Cam platform stopped
[07/08/2026 13:16:19] Weather : Already got data
[07/08/2026 13:16:22] Clim connectée: 31885837213310 | temp: 24.5 °C
[07/08/2026 13:16:22] FASTIFY: Server listening at http://127.0.0.1:3000
[07/08/2026 13:16:22] FASTIFY: Server listening at http://172.24.0.5:3000
[07/08/2026 13:16:24] FASTIFY: incoming request
[07/08/2026 13:16:24] Parents GET /miele/devices/:deviceId/actions
[07/08/2026 13:16:25] FASTIFY: data is not defined
[07/08/2026 13:16:25] FASTIFY: request completed
[07/08/2026 13:16:25] FASTIFY: incoming request
[07/08/2026 13:16:25] Parents GET /miele/devices/:deviceId
[07/08/2026 13:16:25] FASTIFY: incoming request
[07/08/2026 13:16:25] Parents GET /miele/devices/:deviceId/programs
[07/08/2026 13:16:25] FASTIFY: request completed
[07/08/2026 13:16:25] FASTIFY: request completed
[07/08/2026 13:16:38] FASTIFY: incoming request
[07/08/2026 13:16:38] FASTIFY: incoming request
[07/08/2026 13:16:38] Parents GET /mbtoday
[07/08/2026 13:16:38] FASTIFY: incoming request
[07/08/2026 13:16:38] Parents POST /wash/list
[07/08/2026 13:16:38] FASTIFY: incoming request
[07/08/2026 13:16:38] Parents GET /miele/token
[07/08/2026 13:16:38] FASTIFY: request completed
[07/08/2026 13:16:38] FASTIFY: request completed
[07/08/2026 13:16:38] FASTIFY: request completed
[07/08/2026 13:16:38] FASTIFY: request completed
[07/08/2026 13:16:38] FASTIFY: incoming request
[07/08/2026 13:16:38] Parents GET /miele/devices
[07/08/2026 13:16:38] FASTIFY: request completed
[07/08/2026 13:16:40] FASTIFY: incoming request
[07/08/2026 13:16:40] Parents GET /miele/devices/:deviceId
[07/08/2026 13:16:40] FASTIFY: incoming request
[07/08/2026 13:16:40] Parents GET /miele/devices/:deviceId/programs
[07/08/2026 13:16:41] FASTIFY: request completed
[07/08/2026 13:16:41] FASTIFY: request completed
[07/08/2026 13:16:47] FASTIFY: incoming request
[07/08/2026 13:16:47] Parents GET /miele/devices/:deviceId/actions
[07/08/2026 13:16:47] FASTIFY: data is not defined
[07/08/2026 13:16:47] FASTIFY: request completed
[07/08/2026 13:16:47] FASTIFY: incoming request
[07/08/2026 13:16:47] Parents GET /miele/devices/:deviceId
[07/08/2026 13:16:47] FASTIFY: incoming request
[07/08/2026 13:16:47] Parents GET /miele/devices/:deviceId/programs
[07/08/2026 13:16:47] FASTIFY: request completed
[07/08/2026 13:16:48] FASTIFY: request completed
[07/08/2026 13:17:48] FASTIFY: Stopping Solar's_Cam platform
[07/08/2026 13:17:48] FASTIFY: Solar's_Cam platform stopped
[07/08/2026 13:17:48] Weather : Already got data
[07/08/2026 13:17:51] Clim connectée: 31885837213310 | temp: 24.5 °C
[07/08/2026 13:17:51] FASTIFY: Server listening at http://127.0.0.1:3000
[07/08/2026 13:17:51] FASTIFY: Server listening at http://172.24.0.5:3000
[07/08/2026 13:18:06] FASTIFY: Stopping Solar's_Cam platform
[07/08/2026 13:18:06] FASTIFY: Solar's_Cam platform stopped
[07/08/2026 13:18:07] Weather : Already got data
[07/08/2026 13:18:10] Clim connectée: 31885837213310 | temp: 24.5 °C
[07/08/2026 13:18:10] FASTIFY: Server listening at http://127.0.0.1:3000
[07/08/2026 13:18:10] FASTIFY: Server listening at http://172.24.0.5:3000
[07/08/2026 13:18:14] FASTIFY: incoming request
[07/08/2026 13:18:14] FASTIFY: incoming request
[07/08/2026 13:18:14] Parents GET /mbtoday
[07/08/2026 13:18:14] FASTIFY: incoming request
[07/08/2026 13:18:14] Parents POST /wash/list
[07/08/2026 13:18:14] FASTIFY: incoming request
[07/08/2026 13:18:14] Parents GET /miele/token
[07/08/2026 13:18:14] FASTIFY: request completed
[07/08/2026 13:18:14] FASTIFY: request completed
[07/08/2026 13:18:14] FASTIFY: request completed
[07/08/2026 13:18:14] FASTIFY: request completed
[07/08/2026 13:18:14] FASTIFY: incoming request
[07/08/2026 13:18:14] Parents GET /miele/devices
[07/08/2026 13:18:15] FASTIFY: request completed
[07/08/2026 13:18:16] FASTIFY: incoming request
[07/08/2026 13:18:16] Parents GET /miele/devices/:deviceId
[07/08/2026 13:18:16] FASTIFY: incoming request
[07/08/2026 13:18:16] Parents GET /miele/devices/:deviceId/programs
[07/08/2026 13:18:16] FASTIFY: request completed
[07/08/2026 13:18:17] FASTIFY: request completed
[07/08/2026 13:18:20] FASTIFY: incoming request
[07/08/2026 13:18:20] Parents GET /miele/devices/:deviceId/actions
[07/08/2026 13:18:20] FASTIFY: data is not defined
[07/08/2026 13:18:20] FASTIFY: request completed
[07/08/2026 13:18:20] FASTIFY: incoming request
[07/08/2026 13:18:20] Parents GET /miele/devices/:deviceId
[07/08/2026 13:18:20] FASTIFY: incoming request
[07/08/2026 13:18:20] Parents GET /miele/devices/:deviceId/programs
[07/08/2026 13:18:20] FASTIFY: request completed
[07/08/2026 13:18:20] FASTIFY: request completed
[07/08/2026 13:19:29] FASTIFY: incoming request
[07/08/2026 13:19:29] Parents GET /miele/devices/:deviceId/actions
[07/08/2026 13:19:29] FASTIFY: data is not defined
[07/08/2026 13:19:29] FASTIFY: request completed
[07/08/2026 13:19:29] FASTIFY: incoming request
[07/08/2026 13:19:29] Parents GET /miele/devices/:deviceId
[07/08/2026 13:19:29] FASTIFY: incoming request
[07/08/2026 13:19:29] Parents GET /miele/devices/:deviceId/programs
[07/08/2026 13:19:29] FASTIFY: request completed
[07/08/2026 13:19:30] FASTIFY: request completed
[07/08/2026 13:20:00] SID null
[07/08/2026 13:20:07] SID ZnJqfNr6_ry6VN7K
[07/08/2026 13:21:06] FASTIFY: Stopping Solar's_Cam platform
[07/08/2026 13:21:06] FASTIFY: Solar's_Cam platform stopped
[07/08/2026 13:21:06] Weather : Already got data
[07/08/2026 13:21:09] Clim connectée: 31885837213310 | temp: 24.5 °C
[07/08/2026 13:21:09] FASTIFY: Server listening at http://127.0.0.1:3000
[07/08/2026 13:21:09] FASTIFY: Server listening at http://172.24.0.5:3000
[07/08/2026 13:21:09] FASTIFY: incoming request
[07/08/2026 13:21:09] Parents GET /miele/devices/:deviceId/actions
[07/08/2026 13:21:10] FASTIFY: data is not defined
[07/08/2026 13:21:10] FASTIFY: request completed
[07/08/2026 13:21:10] FASTIFY: incoming request
[07/08/2026 13:21:10] Parents GET /miele/devices/:deviceId
[07/08/2026 13:21:10] FASTIFY: incoming request
[07/08/2026 13:21:10] Parents GET /miele/devices/:deviceId/programs
[07/08/2026 13:21:10] FASTIFY: request completed
[07/08/2026 13:21:10] FASTIFY: request completed
[07/08/2026 13:21:53] FASTIFY: Stopping Solar's_Cam platform
[07/08/2026 13:21:53] FASTIFY: Solar's_Cam platform stopped
[07/08/2026 13:21:54] Weather : Already got data
[07/08/2026 13:21:57] Clim connectée: 31885837213310 | temp: 24.5 °C
[07/08/2026 13:21:57] FASTIFY: Server listening at http://127.0.0.1:3000
[07/08/2026 13:21:57] FASTIFY: Server listening at http://172.24.0.5:3000
[07/08/2026 13:21:57] FASTIFY: incoming request
[07/08/2026 13:21:57] Parents GET /miele/devices/:deviceId/actions
[07/08/2026 13:21:58] FASTIFY: request completed
[07/08/2026 13:21:58] FASTIFY: incoming request
[07/08/2026 13:21:58] Parents GET /miele/devices/:deviceId
[07/08/2026 13:21:58] FASTIFY: incoming request
[07/08/2026 13:21:58] Parents GET /miele/devices/:deviceId/programs
[07/08/2026 13:21:58] FASTIFY: request completed
[07/08/2026 13:21:58] FASTIFY: request completed
[07/08/2026 13:22:25] FASTIFY: Stopping Solar's_Cam platform
[07/08/2026 13:22:25] FASTIFY: Solar's_Cam platform stopped
[07/08/2026 13:22:26] Weather : Already got data
[07/08/2026 13:22:29] Clim connectée: 31885837213310 | temp: 24.5 °C
[07/08/2026 13:22:29] FASTIFY: Server listening at http://127.0.0.1:3000
[07/08/2026 13:22:29] FASTIFY: Server listening at http://172.24.0.5:3000
[07/08/2026 13:23:01] FASTIFY: Stopping Solar's_Cam platform
[07/08/2026 13:23:01] FASTIFY: Solar's_Cam platform stopped
[07/08/2026 13:23:02] Weather : Already got data
[07/08/2026 13:23:04] Clim connectée: 31885837213310 | temp: 24.5 °C
[07/08/2026 13:23:04] FASTIFY: Server listening at http://127.0.0.1:3000
[07/08/2026 13:23:04] FASTIFY: Server listening at http://172.24.0.5:3000
[07/08/2026 13:23:10] FASTIFY: Stopping Solar's_Cam platform
[07/08/2026 13:23:10] FASTIFY: Solar's_Cam platform stopped
[07/08/2026 13:23:11] Weather : Already got data
[07/08/2026 13:23:14] Clim connectée: 31885837213310 | temp: 24.5 °C
[07/08/2026 13:23:14] FASTIFY: Server listening at http://127.0.0.1:3000
[07/08/2026 13:23:14] FASTIFY: Server listening at http://172.24.0.5:3000
[07/08/2026 13:24:40] FASTIFY: incoming request
[07/08/2026 13:24:40] Parents GET /miele/devices/:deviceId/actions
[07/08/2026 13:24:40] FASTIFY: request completed
[07/08/2026 13:24:40] FASTIFY: incoming request
[07/08/2026 13:24:40] Parents GET /miele/devices/:deviceId
[07/08/2026 13:24:40] FASTIFY: incoming request
[07/08/2026 13:24:40] Parents GET /miele/devices/:deviceId/programs
[07/08/2026 13:24:40] FASTIFY: request completed
[07/08/2026 13:24:41] FASTIFY: request completed
[07/08/2026 13:25:00] SID null
[07/08/2026 13:25:05] SID zUM9mnFGVNZGYnlk
[07/08/2026 13:30:00] SID zUM9mnFGVNZGYnlk
[07/08/2026 13:30:02] SID u3Lj1QIBFAUBFTYQ
[07/08/2026 13:32:46] FASTIFY: incoming request
[07/08/2026 13:32:46] Parents POST /wash/list
[07/08/2026 13:32:46] FASTIFY: incoming request
[07/08/2026 13:32:46] Parents GET /mbtoday
[07/08/2026 13:32:46] FASTIFY: incoming request
[07/08/2026 13:32:46] FASTIFY: incoming request
[07/08/2026 13:32:46] Parents GET /miele/token
[07/08/2026 13:32:46] FASTIFY: request completed
[07/08/2026 13:32:46] FASTIFY: request completed
[07/08/2026 13:32:46] FASTIFY: request completed
[07/08/2026 13:32:46] FASTIFY: request completed
[07/08/2026 13:32:47] FASTIFY: incoming request
[07/08/2026 13:32:47] Parents GET /miele/devices
[07/08/2026 13:32:47] FASTIFY: request completed
[07/08/2026 13:35:00] SID u3Lj1QIBFAUBFTYQ
[07/08/2026 13:35:03] SID bWDBtGPYTjdYiGf2
[07/08/2026 13:37:18] FASTIFY: incoming request
[07/08/2026 13:37:18] Parents GET /mbtoday
[07/08/2026 13:37:18] FASTIFY: incoming request
[07/08/2026 13:37:18] FASTIFY: incoming request
[07/08/2026 13:37:18] Parents POST /wash/list
[07/08/2026 13:37:18] FASTIFY: incoming request
[07/08/2026 13:37:18] Parents GET /miele/token
[07/08/2026 13:37:18] FASTIFY: request completed
[07/08/2026 13:37:18] FASTIFY: request completed
[07/08/2026 13:37:18] FASTIFY: request completed
[07/08/2026 13:37:18] FASTIFY: request completed
[07/08/2026 13:37:18] FASTIFY: incoming request
[07/08/2026 13:37:18] Parents GET /miele/devices
[07/08/2026 13:37:19] FASTIFY: request completed
[07/08/2026 13:40:00] SID bWDBtGPYTjdYiGf2
[07/08/2026 13:40:01] SID OUJptSGvFidv4RW2
[07/08/2026 13:44:46] FASTIFY: incoming request
[07/08/2026 13:44:46] Parents GET /miele/token
[07/08/2026 13:44:46] FASTIFY: incoming request
[07/08/2026 13:44:46] Parents POST /wash/list
[07/08/2026 13:44:46] FASTIFY: incoming request
[07/08/2026 13:44:46] Parents GET /mbtoday
[07/08/2026 13:44:46] FASTIFY: incoming request
[07/08/2026 13:44:46] FASTIFY: request completed
[07/08/2026 13:44:46] FASTIFY: incoming request
[07/08/2026 13:44:46] Parents GET /miele/devices
[07/08/2026 13:44:46] FASTIFY: request completed
[07/08/2026 13:44:46] FASTIFY: request completed
[07/08/2026 13:44:46] FASTIFY: request completed
[07/08/2026 13:44:46] FASTIFY: request completed
[07/08/2026 13:45:00] SID OUJptSGvFidv4RW2
[07/08/2026 13:45:02] SID _iUeuWdF1tNFQXt2
[07/08/2026 13:45:56] FASTIFY: incoming request
[07/08/2026 13:45:56] Parents POST /wash/list
[07/08/2026 13:45:56] FASTIFY: incoming request
[07/08/2026 13:45:56] Parents GET /mbtoday
[07/08/2026 13:45:56] FASTIFY: incoming request
[07/08/2026 13:45:56] FASTIFY: incoming request
[07/08/2026 13:45:56] Parents GET /miele/token
[07/08/2026 13:45:56] FASTIFY: request completed
[07/08/2026 13:45:56] FASTIFY: request completed
[07/08/2026 13:45:56] FASTIFY: request completed
[07/08/2026 13:45:56] FASTIFY: request completed
[07/08/2026 13:45:56] FASTIFY: incoming request
[07/08/2026 13:45:56] Parents GET /miele/devices
[07/08/2026 13:45:57] FASTIFY: request completed
[07/08/2026 13:55:00] SID _iUeuWdF1tNFQXt2
[07/08/2026 13:55:01] FASTIFY: incoming request
[07/08/2026 13:55:01] Parents POST /wash/list
[07/08/2026 13:55:01] FASTIFY: incoming request
[07/08/2026 13:55:01] Parents GET /mbtoday
[07/08/2026 13:55:01] FASTIFY: incoming request
[07/08/2026 13:55:01] FASTIFY: incoming request
[07/08/2026 13:55:01] Parents GET /miele/token
[07/08/2026 13:55:01] FASTIFY: request completed
[07/08/2026 13:55:01] FASTIFY: request completed
[07/08/2026 13:55:01] FASTIFY: request completed
[07/08/2026 13:55:01] FASTIFY: request completed
[07/08/2026 13:55:01] FASTIFY: incoming request
[07/08/2026 13:55:01] Parents GET /miele/devices
[07/08/2026 13:55:02] FASTIFY: request completed
[07/08/2026 13:55:03] SID cL3QCabynfPyOYr9
[07/08/2026 13:58:16] FASTIFY: incoming request
[07/08/2026 13:58:16] Parents GET /miele/devices/:deviceId
[07/08/2026 13:58:16] FASTIFY: incoming request
[07/08/2026 13:58:16] Parents GET /miele/devices/:deviceId/programs
[07/08/2026 13:58:16] FASTIFY: request completed
[07/08/2026 13:58:17] FASTIFY: request completed
[07/08/2026 13:59:00] FASTIFY: incoming request
[07/08/2026 13:59:00] Parents PUT /miele/devices/:deviceId/programs
[07/08/2026 13:59:02] FASTIFY: request completed
[07/08/2026 13:59:02] FASTIFY: incoming request
[07/08/2026 13:59:02] Parents GET /miele/devices/:deviceId
[07/08/2026 13:59:02] FASTIFY: incoming request
[07/08/2026 13:59:02] Parents GET /miele/devices/:deviceId/programs
[07/08/2026 13:59:02] FASTIFY: request completed
[07/08/2026 13:59:03] FASTIFY: request completed
[07/08/2026 14:00:00] SID cL3QCabynfPyOYr9
[07/08/2026 14:00:00] SID M1N7XZS4iJC4pYyI
[07/08/2026 14:05:00] SID M1N7XZS4iJC4pYyI
[07/08/2026 14:07:19] FASTIFY: incoming request
[07/08/2026 14:07:19] Parents GET /mbtoday
[07/08/2026 14:07:19] FASTIFY: incoming request
[07/08/2026 14:07:19] FASTIFY: incoming request
[07/08/2026 14:07:19] Parents POST /wash/list
[07/08/2026 14:07:19] FASTIFY: incoming request
[07/08/2026 14:07:19] Parents GET /miele/token
[07/08/2026 14:07:19] FASTIFY: request completed
[07/08/2026 14:07:19] FASTIFY: request completed
[07/08/2026 14:07:19] FASTIFY: request completed
[07/08/2026 14:07:19] FASTIFY: request completed
[07/08/2026 14:07:20] FASTIFY: incoming request
[07/08/2026 14:07:20] Parents GET /miele/devices
[07/08/2026 14:07:20] FASTIFY: request completed
[07/08/2026 14:10:00] SID M1N7XZS4iJC4pYyI
[07/08/2026 14:10:05] SID pCVYmMsILN1IpPsU
[07/08/2026 14:11:51] FASTIFY: incoming request
[07/08/2026 14:11:51] Parents GET /miele/token
[07/08/2026 14:11:51] FASTIFY: incoming request
[07/08/2026 14:11:51] Parents POST /wash/list
[07/08/2026 14:11:51] FASTIFY: incoming request
[07/08/2026 14:11:51] Parents GET /mbtoday
[07/08/2026 14:11:51] FASTIFY: request completed
[07/08/2026 14:11:51] FASTIFY: request completed
[07/08/2026 14:11:51] FASTIFY: request completed
[07/08/2026 14:11:51] FASTIFY: incoming request
[07/08/2026 14:11:51] FASTIFY: incoming request
[07/08/2026 14:11:51] Parents GET /miele/devices
[07/08/2026 14:11:51] FASTIFY: request completed
[07/08/2026 14:11:52] FASTIFY: request completed
[07/08/2026 14:15:00] SID pCVYmMsILN1IpPsU
[07/08/2026 14:15:10] SID qkKm6CEoi_cosBkz
[07/08/2026 14:20:00] SID qkKm6CEoi_cosBkz
[07/08/2026 14:20:03] SID wK_wJodYDyHYsqdf
[07/08/2026 14:22:04] FASTIFY: incoming request
[07/08/2026 14:22:04] Parents GET /miele/token
[07/08/2026 14:22:04] FASTIFY: incoming request
[07/08/2026 14:22:04] Parents POST /wash/list
[07/08/2026 14:22:04] FASTIFY: incoming request
[07/08/2026 14:22:04] Parents GET /mbtoday
[07/08/2026 14:22:04] FASTIFY: incoming request
[07/08/2026 14:22:04] FASTIFY: request completed
[07/08/2026 14:22:04] FASTIFY: request completed
[07/08/2026 14:22:04] FASTIFY: request completed
[07/08/2026 14:22:04] FASTIFY: request completed
[07/08/2026 14:22:04] FASTIFY: incoming request
[07/08/2026 14:22:04] Parents GET /miele/devices
[07/08/2026 14:22:04] FASTIFY: request completed
[07/08/2026 15:12:14] FASTIFY: incoming request
[07/08/2026 15:12:14] Parents POST /wash/list
[07/08/2026 15:12:14] FASTIFY: incoming request
[07/08/2026 15:12:14] Parents GET /mbtoday
[07/08/2026 15:12:14] FASTIFY: incoming request
[07/08/2026 15:12:14] FASTIFY: incoming request
[07/08/2026 15:12:14] Parents GET /miele/token
[07/08/2026 15:12:14] FASTIFY: request completed
[07/08/2026 15:12:14] FASTIFY: request completed
[07/08/2026 15:12:14] FASTIFY: request completed
[07/08/2026 15:12:14] FASTIFY: request completed
[07/08/2026 15:12:14] FASTIFY: incoming request
[07/08/2026 15:12:14] Parents GET /miele/devices
[07/08/2026 15:12:14] FASTIFY: request completed
[07/08/2026 16:40:00] SID wK_wJodYDyHYsqdf
[07/08/2026 16:41:22] FASTIFY: incoming request
[07/08/2026 16:41:22] Parents POST /wash/list
[07/08/2026 16:41:22] FASTIFY: incoming request
[07/08/2026 16:41:22] Parents GET /mbtoday
[07/08/2026 16:41:22] FASTIFY: incoming request
[07/08/2026 16:41:22] FASTIFY: incoming request
[07/08/2026 16:41:22] Parents GET /miele/token
[07/08/2026 16:41:22] FASTIFY: request completed
[07/08/2026 16:41:22] FASTIFY: request completed
[07/08/2026 16:41:22] FASTIFY: request completed
[07/08/2026 16:41:22] FASTIFY: request completed
[07/08/2026 16:41:22] FASTIFY: incoming request
[07/08/2026 16:41:22] Parents GET /miele/devices
[07/08/2026 16:41:22] FASTIFY: request completed
[07/08/2026 16:45:00] SID wK_wJodYDyHYsqdf
[07/08/2026 16:45:02] SID AmPyDqeeUaPeWq-9
[07/08/2026 16:47:28] FASTIFY: incoming request
[07/08/2026 16:47:28] Parents POST /wash/list
[07/08/2026 16:47:28] FASTIFY: incoming request
[07/08/2026 16:47:28] Parents GET /mbtoday
[07/08/2026 16:47:28] FASTIFY: incoming request
[07/08/2026 16:47:28] FASTIFY: incoming request
[07/08/2026 16:47:28] Parents GET /miele/token
[07/08/2026 16:47:28] FASTIFY: request completed
[07/08/2026 16:47:28] FASTIFY: request completed
[07/08/2026 16:47:28] FASTIFY: request completed
[07/08/2026 16:47:28] FASTIFY: request completed
[07/08/2026 16:47:28] FASTIFY: incoming request
[07/08/2026 16:47:28] Parents GET /miele/devices
[07/08/2026 16:47:29] FASTIFY: request completed
[07/08/2026 16:50:00] SID AmPyDqeeUaPeWq-9
[07/08/2026 16:50:01] SID d48_gfn0ZV50icHl
[07/08/2026 16:52:00] FASTIFY: incoming request
[07/08/2026 16:52:00] Parents POST /wash/list
[07/08/2026 16:52:00] FASTIFY: incoming request
[07/08/2026 16:52:00] Parents GET /mbtoday
[07/08/2026 16:52:00] FASTIFY: request completed
[07/08/2026 16:52:00] FASTIFY: request completed
[07/08/2026 16:52:00] FASTIFY: incoming request
[07/08/2026 16:52:00] FASTIFY: incoming request
[07/08/2026 16:52:00] Parents GET /miele/token
[07/08/2026 16:52:00] FASTIFY: request completed
[07/08/2026 16:52:00] FASTIFY: request completed
[07/08/2026 16:52:00] FASTIFY: incoming request
[07/08/2026 16:52:00] Parents GET /miele/devices
[07/08/2026 16:52:00] FASTIFY: request completed
[07/08/2026 16:55:00] SID d48_gfn0ZV50icHl
[07/08/2026 16:55:01] SID gGJo6rMpV9YpVpsj
[07/08/2026 17:00:00] SID gGJo6rMpV9YpVpsj
[07/08/2026 17:00:00] SID 1QZpD-V37ZP3v819
[07/08/2026 17:05:00] SID 1QZpD-V37ZP3v819
[07/08/2026 17:05:02] SID Vb3Rf-LYrpeYU-76
[07/08/2026 17:07:28] FASTIFY: incoming request
[07/08/2026 17:07:28] Parents POST /wash/list
[07/08/2026 17:07:28] FASTIFY: incoming request
[07/08/2026 17:07:28] Parents GET /mbtoday
[07/08/2026 17:07:28] FASTIFY: incoming request
[07/08/2026 17:07:28] FASTIFY: incoming request
[07/08/2026 17:07:28] Parents GET /miele/token
[07/08/2026 17:07:28] FASTIFY: request completed
[07/08/2026 17:07:28] FASTIFY: request completed
[07/08/2026 17:07:28] FASTIFY: request completed
[07/08/2026 17:07:28] FASTIFY: request completed
[07/08/2026 17:07:28] FASTIFY: incoming request
[07/08/2026 17:07:28] Parents GET /miele/devices
[07/08/2026 17:07:28] FASTIFY: request completed
[07/08/2026 17:10:00] SID Vb3Rf-LYrpeYU-76
[07/08/2026 17:10:03] SID rxQPXFQbFJCbYGwI
[07/08/2026 17:12:00] FASTIFY: incoming request
[07/08/2026 17:12:00] Parents POST /wash/list
[07/08/2026 17:12:00] FASTIFY: incoming request
[07/08/2026 17:12:00] Parents GET /mbtoday
[07/08/2026 17:12:00] FASTIFY: incoming request
[07/08/2026 17:12:00] FASTIFY: incoming request
[07/08/2026 17:12:00] Parents GET /miele/token
[07/08/2026 17:12:00] FASTIFY: request completed
[07/08/2026 17:12:00] FASTIFY: request completed
[07/08/2026 17:12:00] FASTIFY: request completed
[07/08/2026 17:12:00] FASTIFY: request completed
[07/08/2026 17:12:00] FASTIFY: incoming request
[07/08/2026 17:12:00] Parents GET /miele/devices
[07/08/2026 17:12:00] FASTIFY: request completed
[07/08/2026 17:15:00] SID rxQPXFQbFJCbYGwI
[07/08/2026 17:15:05] SID B0N76v2al-oadumj
[07/08/2026 17:20:00] SID B0N76v2al-oadumj
[07/08/2026 17:20:01] SID d60fkf_GRHpGsfPk
[07/08/2026 17:25:00] SID d60fkf_GRHpGsfPk
[07/08/2026 17:25:01] SID oEBIFKECdDfCwLU8
[07/08/2026 17:28:28] FASTIFY: incoming request
[07/08/2026 17:28:28] FASTIFY: incoming request
[07/08/2026 17:28:28] Parents GET /mbtoday
[07/08/2026 17:28:28] FASTIFY: incoming request
[07/08/2026 17:28:28] Parents POST /wash/list
[07/08/2026 17:28:28] FASTIFY: incoming request
[07/08/2026 17:28:28] Parents GET /miele/token
[07/08/2026 17:28:28] FASTIFY: request completed
[07/08/2026 17:28:28] FASTIFY: request completed
[07/08/2026 17:28:28] FASTIFY: request completed
[07/08/2026 17:28:28] FASTIFY: request completed
[07/08/2026 17:28:28] FASTIFY: incoming request
[07/08/2026 17:28:28] Parents GET /miele/devices
[07/08/2026 17:28:28] FASTIFY: request completed
[07/08/2026 17:30:00] SID oEBIFKECdDfCwLU8
[07/08/2026 17:30:01] SID 1yTDY_NFL3aFt_Nr
[07/08/2026 17:33:00] FASTIFY: incoming request
[07/08/2026 17:33:00] Parents POST /wash/list
[07/08/2026 17:33:00] FASTIFY: incoming request
[07/08/2026 17:33:00] Parents GET /mbtoday
[07/08/2026 17:33:00] FASTIFY: incoming request
[07/08/2026 17:33:00] FASTIFY: incoming request
[07/08/2026 17:33:00] Parents GET /miele/token
[07/08/2026 17:33:00] FASTIFY: request completed
[07/08/2026 17:33:00] FASTIFY: request completed
[07/08/2026 17:33:00] FASTIFY: request completed
[07/08/2026 17:33:00] FASTIFY: request completed
[07/08/2026 17:33:00] FASTIFY: incoming request
[07/08/2026 17:33:00] Parents GET /miele/devices
[07/08/2026 17:33:00] FASTIFY: request completed
[07/08/2026 17:35:00] SID 1yTDY_NFL3aFt_Nr
[07/08/2026 17:35:01] SID H1N7W2yE5PuEo3i4
[07/08/2026 17:40:00] SID H1N7W2yE5PuEo3i4
[07/08/2026 17:40:01] SID vXKlVXo_1D6_CUYo
[07/08/2026 17:42:28] FASTIFY: incoming request
[07/08/2026 17:42:28] Parents POST /wash/list
[07/08/2026 17:42:28] FASTIFY: incoming request
[07/08/2026 17:42:28] Parents GET /mbtoday
[07/08/2026 17:42:28] FASTIFY: incoming request
[07/08/2026 17:42:28] FASTIFY: incoming request
[07/08/2026 17:42:28] Parents GET /miele/token
[07/08/2026 17:42:28] FASTIFY: request completed
[07/08/2026 17:42:28] FASTIFY: request completed
[07/08/2026 17:42:28] FASTIFY: request completed
[07/08/2026 17:42:28] FASTIFY: request completed
[07/08/2026 17:42:28] FASTIFY: incoming request
[07/08/2026 17:42:28] Parents GET /miele/devices
[07/08/2026 17:42:28] FASTIFY: request completed
[07/08/2026 17:45:00] SID vXKlVXo_1D6_CUYo
[07/08/2026 17:45:00] SID -lN6jQRKlaFKUTxV
[07/08/2026 17:47:00] FASTIFY: incoming request
[07/08/2026 17:47:00] Parents POST /wash/list
[07/08/2026 17:47:00] FASTIFY: incoming request
[07/08/2026 17:47:00] Parents GET /mbtoday
[07/08/2026 17:47:00] FASTIFY: incoming request
[07/08/2026 17:47:00] FASTIFY: incoming request
[07/08/2026 17:47:00] Parents GET /miele/token
[07/08/2026 17:47:00] FASTIFY: request completed
[07/08/2026 17:47:00] FASTIFY: request completed
[07/08/2026 17:47:00] FASTIFY: request completed
[07/08/2026 17:47:00] FASTIFY: request completed
[07/08/2026 17:47:00] FASTIFY: incoming request
[07/08/2026 17:47:00] Parents GET /miele/devices
[07/08/2026 17:47:00] FASTIFY: request completed
[07/08/2026 17:50:00] SID -lN6jQRKlaFKUTxV
[07/08/2026 17:50:01] SID H0GXI2WBF3PB73G_
[07/08/2026 17:52:28] FASTIFY: incoming request
[07/08/2026 17:52:28] Parents POST /wash/list
[07/08/2026 17:52:28] FASTIFY: incoming request
[07/08/2026 17:52:28] Parents GET /mbtoday
[07/08/2026 17:52:28] FASTIFY: incoming request
[07/08/2026 17:52:28] FASTIFY: incoming request
[07/08/2026 17:52:28] Parents GET /miele/token
[07/08/2026 17:52:28] FASTIFY: request completed
[07/08/2026 17:52:28] FASTIFY: request completed
[07/08/2026 17:52:28] FASTIFY: request completed
[07/08/2026 17:52:28] FASTIFY: request completed
[07/08/2026 17:52:28] FASTIFY: incoming request
[07/08/2026 17:52:28] Parents GET /miele/devices
[07/08/2026 17:52:29] FASTIFY: request completed
[07/08/2026 17:55:00] SID H0GXI2WBF3PB73G_
[07/08/2026 17:55:02] SID tWJpBdMMBRTMPfcN
[07/08/2026 17:57:00] FASTIFY: incoming request
[07/08/2026 17:57:00] Parents GET /mbtoday
[07/08/2026 17:57:00] FASTIFY: incoming request
[07/08/2026 17:57:00] FASTIFY: incoming request
[07/08/2026 17:57:00] Parents POST /wash/list
[07/08/2026 17:57:00] FASTIFY: incoming request
[07/08/2026 17:57:00] Parents GET /miele/token
[07/08/2026 17:57:00] FASTIFY: request completed
[07/08/2026 17:57:00] FASTIFY: request completed
[07/08/2026 17:57:00] FASTIFY: request completed
[07/08/2026 17:57:00] FASTIFY: request completed
[07/08/2026 17:57:00] FASTIFY: incoming request
[07/08/2026 17:57:00] Parents GET /miele/devices
[07/08/2026 17:57:01] FASTIFY: request completed
[07/08/2026 18:00:00] SID tWJpBdMMBRTMPfcN
[07/08/2026 18:00:02] SID Na3RucuC2h1CLceW
[07/08/2026 18:05:00] SID Na3RucuC2h1CLceW
[07/08/2026 18:05:01] SID N6xLDc-tyUnt1eOd
[07/08/2026 18:07:28] FASTIFY: incoming request
[07/08/2026 18:07:28] Parents POST /wash/list
[07/08/2026 18:07:28] FASTIFY: incoming request
[07/08/2026 18:07:28] Parents GET /mbtoday
[07/08/2026 18:07:28] FASTIFY: incoming request
[07/08/2026 18:07:28] FASTIFY: incoming request
[07/08/2026 18:07:28] Parents GET /miele/token
[07/08/2026 18:07:28] FASTIFY: request completed
[07/08/2026 18:07:28] FASTIFY: request completed
[07/08/2026 18:07:28] FASTIFY: request completed
[07/08/2026 18:07:28] FASTIFY: request completed
[07/08/2026 18:07:28] FASTIFY: incoming request
[07/08/2026 18:07:28] Parents GET /miele/devices
[07/08/2026 18:07:29] FASTIFY: request completed
[07/08/2026 18:10:00] SID N6xLDc-tyUnt1eOd
[07/08/2026 18:10:04] SID OCRIPSu3Ll_3dTO-
[07/08/2026 18:12:00] FASTIFY: incoming request
[07/08/2026 18:12:00] Parents POST /wash/list
[07/08/2026 18:12:00] FASTIFY: incoming request
[07/08/2026 18:12:00] Parents GET /mbtoday
[07/08/2026 18:12:00] FASTIFY: incoming request
[07/08/2026 18:12:00] FASTIFY: incoming request
[07/08/2026 18:12:00] Parents GET /miele/token
[07/08/2026 18:12:00] FASTIFY: request completed
[07/08/2026 18:12:00] FASTIFY: request completed
[07/08/2026 18:12:00] FASTIFY: request completed
[07/08/2026 18:12:00] FASTIFY: request completed
[07/08/2026 18:12:00] FASTIFY: incoming request
[07/08/2026 18:12:00] Parents GET /miele/devices
[07/08/2026 18:12:00] FASTIFY: request completed
[07/08/2026 18:15:00] SID OCRIPSu3Ll_3dTO-
[07/08/2026 18:15:04] SID Pa4thWuABc9AGUu1
[07/08/2026 18:20:00] SID Pa4thWuABc9AGUu1
[07/08/2026 18:20:01] SID NGEcGeuxwD_xDfe8
[07/08/2026 18:25:00] SID NGEcGeuxwD_xDfe8
[07/08/2026 18:25:01] SID GulanxOVGGRVSxOE
[07/08/2026 18:28:28] FASTIFY: incoming request
[07/08/2026 18:28:28] FASTIFY: incoming request
[07/08/2026 18:28:28] Parents GET /mbtoday
[07/08/2026 18:28:28] FASTIFY: incoming request
[07/08/2026 18:28:28] Parents POST /wash/list
[07/08/2026 18:28:28] FASTIFY: request completed
[07/08/2026 18:28:28] FASTIFY: request completed
[07/08/2026 18:28:28] FASTIFY: incoming request
[07/08/2026 18:28:28] Parents GET /miele/token
[07/08/2026 18:28:28] FASTIFY: request completed
[07/08/2026 18:28:28] FASTIFY: request completed
[07/08/2026 18:28:29] FASTIFY: incoming request
[07/08/2026 18:28:29] Parents GET /miele/devices
[07/08/2026 18:28:29] FASTIFY: request completed
[07/08/2026 18:30:00] SID GulanxOVGGRVSxOE
[07/08/2026 18:30:03] SID Dq_yGk-KwDnKjkec
[07/08/2026 18:33:00] FASTIFY: incoming request
[07/08/2026 18:33:00] Parents POST /wash/list
[07/08/2026 18:33:00] FASTIFY: incoming request
[07/08/2026 18:33:00] Parents GET /mbtoday
[07/08/2026 18:33:00] FASTIFY: incoming request
[07/08/2026 18:33:00] FASTIFY: incoming request
[07/08/2026 18:33:00] Parents GET /miele/token
[07/08/2026 18:33:00] FASTIFY: request completed
[07/08/2026 18:33:00] FASTIFY: request completed
[07/08/2026 18:33:00] FASTIFY: request completed
[07/08/2026 18:33:00] FASTIFY: request completed
[07/08/2026 18:33:00] FASTIFY: incoming request
[07/08/2026 18:33:00] Parents GET /miele/devices
[07/08/2026 18:33:01] FASTIFY: request completed
[07/08/2026 18:35:00] SID Dq_yGk-KwDnKjkec
[07/08/2026 18:35:01] SID EuhKk6-4uIt4q7-0
[07/08/2026 18:40:00] SID EuhKk6-4uIt4q7-0
[07/08/2026 18:40:05] SID BuriRuOvefev2uu5
[07/08/2026 18:45:00] SID BuriRuOvefev2uu5
[07/08/2026 18:45:00] SID I62XlIOdiPVd_JuU
[07/08/2026 18:48:28] FASTIFY: incoming request
[07/08/2026 18:48:28] Parents GET /mbtoday
[07/08/2026 18:48:28] FASTIFY: incoming request
[07/08/2026 18:48:28] FASTIFY: incoming request
[07/08/2026 18:48:28] Parents POST /wash/list
[07/08/2026 18:48:28] FASTIFY: incoming request
[07/08/2026 18:48:28] Parents GET /miele/token
[07/08/2026 18:48:28] FASTIFY: request completed
[07/08/2026 18:48:28] FASTIFY: request completed
[07/08/2026 18:48:28] FASTIFY: request completed
[07/08/2026 18:48:28] FASTIFY: request completed
[07/08/2026 18:48:28] FASTIFY: incoming request
[07/08/2026 18:48:28] Parents GET /miele/devices
[07/08/2026 18:48:29] FASTIFY: request completed
[07/08/2026 18:50:00] SID I62XlIOdiPVd_JuU
[07/08/2026 18:50:02] SID ESSFi4-meSlmX6eV
[07/08/2026 18:53:00] FASTIFY: incoming request
[07/08/2026 18:53:00] Parents POST /wash/list
[07/08/2026 18:53:00] FASTIFY: incoming request
[07/08/2026 18:53:00] Parents GET /mbtoday
[07/08/2026 18:53:00] FASTIFY: incoming request
[07/08/2026 18:53:00] FASTIFY: request completed
[07/08/2026 18:53:00] FASTIFY: request completed
[07/08/2026 18:53:00] FASTIFY: incoming request
[07/08/2026 18:53:00] Parents GET /miele/token
[07/08/2026 18:53:00] FASTIFY: request completed
[07/08/2026 18:53:00] FASTIFY: request completed
[07/08/2026 18:53:00] FASTIFY: incoming request
[07/08/2026 18:53:00] Parents GET /miele/devices
[07/08/2026 18:53:00] FASTIFY: request completed
[07/08/2026 18:55:00] SID ESSFi4-meSlmX6eV
[07/08/2026 18:55:03] SID DGJoalej2xCjAmeL
[07/08/2026 18:55:23] FASTIFY: incoming request
[07/08/2026 18:55:23] FASTIFY: incoming request
[07/08/2026 18:55:23] Parents GET /clim/status
[07/08/2026 18:55:23] FASTIFY: request completed
[07/08/2026 18:55:27] FASTIFY: request completed
[07/08/2026 18:55:33] FASTIFY: incoming request
[07/08/2026 18:55:33] Parents GET /clim/status
[07/08/2026 18:55:36] FASTIFY: request completed
[07/08/2026 18:55:43] FASTIFY: incoming request
[07/08/2026 18:55:43] Parents GET /clim/status
[07/08/2026 18:55:46] FASTIFY: request completed
[07/08/2026 18:55:53] FASTIFY: incoming request
[07/08/2026 18:55:53] Parents GET /clim/status
[07/08/2026 18:55:55] FASTIFY: request completed
[07/08/2026 18:56:03] FASTIFY: incoming request
[07/08/2026 18:56:03] Parents GET /clim/status
[07/08/2026 18:56:06] FASTIFY: request completed
[07/08/2026 18:56:13] FASTIFY: incoming request
[07/08/2026 18:56:13] Parents GET /clim/status
[07/08/2026 18:56:19] FASTIFY: request completed
[07/08/2026 18:56:23] FASTIFY: incoming request
[07/08/2026 18:56:23] Parents GET /clim/status
[07/08/2026 18:56:26] FASTIFY: request completed
[07/08/2026 18:56:33] FASTIFY: incoming request
[07/08/2026 18:56:33] Parents GET /clim/status
[07/08/2026 18:56:36] FASTIFY: incoming request
[07/08/2026 18:56:36] FASTIFY: request completed
[07/08/2026 18:56:36] FASTIFY: incoming request
[07/08/2026 18:56:36] Parents POST /wash/list
[07/08/2026 18:56:36] FASTIFY: request completed
[07/08/2026 18:56:36] FASTIFY: incoming request
[07/08/2026 18:56:36] Parents GET /mbtoday
[07/08/2026 18:56:36] FASTIFY: request completed
[07/08/2026 18:56:36] FASTIFY: incoming request
[07/08/2026 18:56:36] Parents GET /miele/token
[07/08/2026 18:56:36] FASTIFY: request completed
[07/08/2026 18:56:37] FASTIFY: incoming request
[07/08/2026 18:56:37] Parents GET /miele/devices
[07/08/2026 18:56:37] FASTIFY: request completed
[07/08/2026 18:56:39] FASTIFY: request completed
[07/08/2026 18:56:46] FASTIFY: incoming request
[07/08/2026 18:56:46] Parents GET /miele/devices/:deviceId
[07/08/2026 18:56:46] FASTIFY: incoming request
[07/08/2026 18:56:46] Parents GET /miele/devices/:deviceId/programs
[07/08/2026 18:56:46] FASTIFY: request completed
[07/08/2026 18:56:46] FASTIFY: request completed
[07/08/2026 18:56:48] FASTIFY: incoming request
[07/08/2026 18:56:48] Parents PUT /miele/devices/:deviceId/actions
[07/08/2026 18:56:56] FASTIFY: Cannot read properties of undefined (reading 'name')
[07/08/2026 18:56:56] FASTIFY: request completed
[07/08/2026 18:56:56] FASTIFY: incoming request
[07/08/2026 18:56:56] Parents GET /miele/devices/:deviceId
[07/08/2026 18:56:56] FASTIFY: incoming request
[07/08/2026 18:56:56] Parents GET /miele/devices/:deviceId/programs
[07/08/2026 18:56:56] FASTIFY: request completed
[07/08/2026 18:56:57] FASTIFY: request completed
[07/08/2026 18:58:28] FASTIFY: incoming request
[07/08/2026 18:58:28] Parents POST /wash/list
[07/08/2026 18:58:28] FASTIFY: incoming request
[07/08/2026 18:58:28] Parents GET /mbtoday
[07/08/2026 18:58:28] FASTIFY: incoming request
[07/08/2026 18:58:28] FASTIFY: incoming request
[07/08/2026 18:58:28] Parents GET /miele/token
[07/08/2026 18:58:28] FASTIFY: request completed
[07/08/2026 18:58:28] FASTIFY: request completed
[07/08/2026 18:58:28] FASTIFY: request completed
[07/08/2026 18:58:28] FASTIFY: request completed
[07/08/2026 18:58:28] FASTIFY: incoming request
[07/08/2026 18:58:28] Parents GET /miele/devices
[07/08/2026 18:58:29] FASTIFY: request completed
[07/08/2026 19:00:00] SID DGJoalej2xCjAmeL
[07/08/2026 19:00:02] SID LaxJ0EeqGIEqmG-Q
[07/08/2026 19:01:04] FASTIFY: incoming request
[07/08/2026 19:01:04] FASTIFY: incoming request
[07/08/2026 19:01:04] Parents GET /clim/status
[07/08/2026 19:01:04] FASTIFY: request completed
[07/08/2026 19:01:06] FASTIFY: request completed
[07/08/2026 19:01:24] FASTIFY: incoming request
[07/08/2026 19:01:24] Parents GET /clim/status
[07/08/2026 19:01:24] FASTIFY: incoming request
[07/08/2026 19:01:24] FASTIFY: request completed
[07/08/2026 19:01:27] FASTIFY: request completed
[07/08/2026 19:01:34] FASTIFY: incoming request
[07/08/2026 19:01:34] Parents GET /clim/status
[07/08/2026 19:01:36] FASTIFY: request completed
[07/08/2026 19:01:44] FASTIFY: incoming request
[07/08/2026 19:01:44] Parents GET /clim/status
[07/08/2026 19:03:00] FASTIFY: incoming request
[07/08/2026 19:03:00] Parents POST /wash/list
[07/08/2026 19:03:00] FASTIFY: incoming request
[07/08/2026 19:03:00] Parents GET /mbtoday
[07/08/2026 19:03:00] FASTIFY: incoming request
[07/08/2026 19:03:00] FASTIFY: request completed
[07/08/2026 19:03:00] FASTIFY: request completed
[07/08/2026 19:03:00] FASTIFY: request completed
[07/08/2026 19:03:00] FASTIFY: incoming request
[07/08/2026 19:03:00] Parents GET /miele/token
[07/08/2026 19:03:00] FASTIFY: request completed
[07/08/2026 19:03:00] FASTIFY: incoming request
[07/08/2026 19:03:00] Parents GET /miele/devices
[07/08/2026 19:03:00] FASTIFY: request completed
[07/08/2026 19:05:00] SID LaxJ0EeqGIEqmG-Q
[07/08/2026 19:05:00] SID BK7gvtOmOmRmIuOG
[07/08/2026 19:10:00] SID BK7gvtOmOmRmIuOG
[07/08/2026 19:10:05] SID M6wPbb-Qi1qQSZOr
[07/08/2026 19:10:28] FASTIFY: incoming request
[07/08/2026 19:10:28] Parents GET /mbtoday
[07/08/2026 19:10:28] FASTIFY: incoming request
[07/08/2026 19:10:28] FASTIFY: incoming request
[07/08/2026 19:10:28] Parents POST /wash/list
[07/08/2026 19:10:28] FASTIFY: incoming request
[07/08/2026 19:10:28] Parents GET /miele/token
[07/08/2026 19:10:28] FASTIFY: request completed
[07/08/2026 19:10:28] FASTIFY: request completed
[07/08/2026 19:10:28] FASTIFY: request completed
[07/08/2026 19:10:28] FASTIFY: request completed
[07/08/2026 19:10:28] FASTIFY: incoming request
[07/08/2026 19:10:28] Parents GET /miele/devices
[07/08/2026 19:10:28] FASTIFY: request completed
[07/08/2026 19:15:00] SID M6wPbb-Qi1qQSZOr
[07/08/2026 19:15:00] FASTIFY: incoming request
[07/08/2026 19:15:00] Parents POST /wash/list
[07/08/2026 19:15:00] FASTIFY: incoming request
[07/08/2026 19:15:00] Parents GET /mbtoday
[07/08/2026 19:15:00] FASTIFY: incoming request
[07/08/2026 19:15:00] FASTIFY: request completed
[07/08/2026 19:15:00] FASTIFY: incoming request
[07/08/2026 19:15:00] Parents GET /miele/token
[07/08/2026 19:15:00] FASTIFY: request completed
[07/08/2026 19:15:00] FASTIFY: request completed
[07/08/2026 19:15:00] FASTIFY: request completed
[07/08/2026 19:15:00] FASTIFY: incoming request
[07/08/2026 19:15:00] Parents GET /miele/devices
[07/08/2026 19:15:00] FASTIFY: request completed
[07/08/2026 19:15:01] SID ESTBx7eHheIHP4uh
[07/08/2026 19:20:00] SID ESTBx7eHheIHP4uh
[07/08/2026 19:20:01] SID QazBAoP_2bX_vr_d
[07/08/2026 19:25:00] SID QazBAoP_2bX_vr_d
[07/08/2026 19:25:03] SID JOpooMu785176P-X
[07/08/2026 19:27:28] FASTIFY: incoming request
[07/08/2026 19:27:28] FASTIFY: incoming request
[07/08/2026 19:27:28] Parents GET /mbtoday
[07/08/2026 19:27:28] FASTIFY: incoming request
[07/08/2026 19:27:28] Parents POST /wash/list
[07/08/2026 19:27:28] FASTIFY: incoming request
[07/08/2026 19:27:28] Parents GET /miele/token
[07/08/2026 19:27:28] FASTIFY: request completed
[07/08/2026 19:27:28] FASTIFY: request completed
[07/08/2026 19:27:28] FASTIFY: request completed
[07/08/2026 19:27:28] FASTIFY: request completed
[07/08/2026 19:27:28] FASTIFY: incoming request
[07/08/2026 19:27:28] Parents GET /miele/devices
[07/08/2026 19:27:29] FASTIFY: request completed
[07/08/2026 19:30:00] SID JOpooMu785176P-X
[07/08/2026 19:30:02] SID Aeu1Io-H-7nHJo-f
[07/08/2026 19:32:00] FASTIFY: incoming request
[07/08/2026 19:32:00] Parents POST /wash/list
[07/08/2026 19:32:00] FASTIFY: incoming request
[07/08/2026 19:32:00] Parents GET /mbtoday
[07/08/2026 19:32:00] FASTIFY: incoming request
[07/08/2026 19:32:00] FASTIFY: incoming request
[07/08/2026 19:32:00] Parents GET /miele/token
[07/08/2026 19:32:00] FASTIFY: request completed
[07/08/2026 19:32:00] FASTIFY: request completed
[07/08/2026 19:32:00] FASTIFY: request completed
[07/08/2026 19:32:00] FASTIFY: request completed
[07/08/2026 19:32:00] FASTIFY: incoming request
[07/08/2026 19:32:00] Parents GET /miele/devices
[07/08/2026 19:32:01] FASTIFY: request completed
[07/08/2026 19:35:00] SID Aeu1Io-H-7nHJo-f
[07/08/2026 19:35:01] SID NWDBXeOfwFefrdO4
[07/08/2026 19:37:28] FASTIFY: incoming request
[07/08/2026 19:37:28] Parents GET /mbtoday
[07/08/2026 19:37:28] FASTIFY: incoming request
[07/08/2026 19:37:28] FASTIFY: incoming request
[07/08/2026 19:37:28] Parents POST /wash/list
[07/08/2026 19:37:28] FASTIFY: incoming request
[07/08/2026 19:37:28] Parents GET /miele/token
[07/08/2026 19:37:28] FASTIFY: request completed
[07/08/2026 19:37:28] FASTIFY: request completed
[07/08/2026 19:37:28] FASTIFY: request completed
[07/08/2026 19:37:28] FASTIFY: request completed
[07/08/2026 19:37:28] FASTIFY: incoming request
[07/08/2026 19:37:28] Parents GET /miele/devices
[07/08/2026 19:37:29] FASTIFY: request completed
[07/08/2026 19:40:00] SID NWDBXeOfwFefrdO4
[07/08/2026 19:40:00] SID Ha_xg3-DGapDX0-l
[07/08/2026 19:42:00] FASTIFY: incoming request
[07/08/2026 19:42:00] Parents POST /wash/list
[07/08/2026 19:42:00] FASTIFY: incoming request
[07/08/2026 19:42:00] Parents GET /mbtoday
[07/08/2026 19:42:00] FASTIFY: incoming request
[07/08/2026 19:42:00] FASTIFY: incoming request
[07/08/2026 19:42:00] Parents GET /miele/token
[07/08/2026 19:42:00] FASTIFY: request completed
[07/08/2026 19:42:00] FASTIFY: request completed
[07/08/2026 19:42:00] FASTIFY: request completed
[07/08/2026 19:42:00] FASTIFY: request completed
[07/08/2026 19:42:00] FASTIFY: incoming request
[07/08/2026 19:42:00] Parents GET /miele/devices
[07/08/2026 19:42:01] FASTIFY: request completed
[07/08/2026 19:45:00] SID Ha_xg3-DGapDX0-l
[07/08/2026 19:45:00] SID WaxJOzfqKiLqwyfu
[07/08/2026 19:50:00] SID WaxJOzfqKiLqwyfu
[07/08/2026 19:50:03] SID J-s_AOOnEYfnGO-9
[07/08/2026 19:50:28] FASTIFY: incoming request
[07/08/2026 19:50:28] Parents POST /wash/list
[07/08/2026 19:50:28] FASTIFY: incoming request
[07/08/2026 19:50:28] Parents GET /mbtoday
[07/08/2026 19:50:28] FASTIFY: incoming request
[07/08/2026 19:50:28] FASTIFY: incoming request
[07/08/2026 19:50:28] Parents GET /miele/token
[07/08/2026 19:50:28] FASTIFY: request completed
[07/08/2026 19:50:28] FASTIFY: request completed
[07/08/2026 19:50:28] FASTIFY: request completed
[07/08/2026 19:50:28] FASTIFY: request completed
[07/08/2026 19:50:28] FASTIFY: incoming request
[07/08/2026 19:50:28] Parents GET /miele/devices
[07/08/2026 19:50:29] FASTIFY: request completed
[07/08/2026 19:55:00] SID J-s_AOOnEYfnGO-9
[07/08/2026 19:55:00] FASTIFY: incoming request
[07/08/2026 19:55:00] Parents POST /wash/list
[07/08/2026 19:55:00] FASTIFY: incoming request
[07/08/2026 19:55:00] Parents GET /mbtoday
[07/08/2026 19:55:00] FASTIFY: incoming request
[07/08/2026 19:55:00] FASTIFY: incoming request
[07/08/2026 19:55:00] Parents GET /miele/token
[07/08/2026 19:55:00] FASTIFY: request completed
[07/08/2026 19:55:00] FASTIFY: request completed
[07/08/2026 19:55:00] FASTIFY: request completed
[07/08/2026 19:55:00] FASTIFY: request completed
[07/08/2026 19:55:00] FASTIFY: incoming request
[07/08/2026 19:55:00] Parents GET /miele/devices
[07/08/2026 19:55:01] FASTIFY: request completed
[07/08/2026 19:55:01] SID Zyc_4NfW54AWCN_D
[07/08/2026 20:00:00] SID Zyc_4NfW54AWCN_D
[07/08/2026 20:00:05] SID Q2BLupPd4gRdppfG
[07/08/2026 20:00:28] FASTIFY: incoming request
[07/08/2026 20:00:28] Parents POST /wash/list
[07/08/2026 20:00:28] FASTIFY: incoming request
[07/08/2026 20:00:28] Parents GET /mbtoday
[07/08/2026 20:00:28] FASTIFY: incoming request
[07/08/2026 20:00:28] FASTIFY: incoming request
[07/08/2026 20:00:28] Parents GET /miele/token
[07/08/2026 20:00:28] FASTIFY: request completed
[07/08/2026 20:00:28] FASTIFY: request completed
[07/08/2026 20:00:28] FASTIFY: request completed
[07/08/2026 20:00:28] FASTIFY: request completed
[07/08/2026 20:00:28] FASTIFY: incoming request
[07/08/2026 20:00:28] Parents GET /miele/devices
[07/08/2026 20:00:29] FASTIFY: request completed
[07/08/2026 20:05:00] SID Q2BLupPd4gRdppfG
[07/08/2026 20:05:00] FASTIFY: incoming request
[07/08/2026 20:05:00] Parents POST /wash/list
[07/08/2026 20:05:00] FASTIFY: incoming request
[07/08/2026 20:05:00] Parents GET /mbtoday
[07/08/2026 20:05:00] FASTIFY: incoming request
[07/08/2026 20:05:00] FASTIFY: incoming request
[07/08/2026 20:05:00] Parents GET /miele/token
[07/08/2026 20:05:00] FASTIFY: request completed
[07/08/2026 20:05:00] FASTIFY: request completed
[07/08/2026 20:05:00] FASTIFY: request completed
[07/08/2026 20:05:00] FASTIFY: request completed
[07/08/2026 20:05:00] FASTIFY: incoming request
[07/08/2026 20:05:00] Parents GET /miele/devices
[07/08/2026 20:05:01] FASTIFY: request completed
[07/08/2026 20:05:01] SID B67jyveMyTIMvseh
[07/08/2026 20:09:19] FASTIFY: incoming request
[07/08/2026 20:09:19] FASTIFY: incoming request
[07/08/2026 20:09:19] Parents GET /clim/status
[07/08/2026 20:09:19] FASTIFY: request completed
[07/08/2026 20:09:22] FASTIFY: request completed
[07/08/2026 20:09:29] FASTIFY: incoming request
[07/08/2026 20:09:29] Parents GET /clim/status
[07/08/2026 20:09:36] FASTIFY: request completed
[07/08/2026 20:09:39] FASTIFY: incoming request
[07/08/2026 20:09:39] Parents GET /clim/status
[07/08/2026 20:09:42] FASTIFY: request completed
[07/08/2026 20:09:49] FASTIFY: incoming request
[07/08/2026 20:09:49] Parents GET /clim/status
[07/08/2026 20:09:52] FASTIFY: request completed
[07/08/2026 20:10:00] SID B67jyveMyTIMvseh
[07/08/2026 20:10:03] SID V6zDw-PeFZcen9_x
[07/08/2026 20:10:07] FASTIFY: incoming request
[07/08/2026 20:10:07] Parents GET /clim/status
[07/08/2026 20:10:09] FASTIFY: request completed
[07/08/2026 20:10:28] FASTIFY: incoming request
[07/08/2026 20:10:28] FASTIFY: incoming request
[07/08/2026 20:10:28] Parents GET /mbtoday
[07/08/2026 20:10:28] FASTIFY: request completed
[07/08/2026 20:10:28] FASTIFY: incoming request
[07/08/2026 20:10:28] Parents POST /wash/list
[07/08/2026 20:10:28] FASTIFY: incoming request
[07/08/2026 20:10:28] Parents GET /miele/token
[07/08/2026 20:10:28] FASTIFY: request completed
[07/08/2026 20:10:28] FASTIFY: request completed
[07/08/2026 20:10:28] FASTIFY: request completed
[07/08/2026 20:10:28] FASTIFY: incoming request
[07/08/2026 20:10:28] Parents GET /miele/devices
[07/08/2026 20:10:29] FASTIFY: request completed
[07/08/2026 20:10:29] FASTIFY: incoming request
[07/08/2026 20:10:29] Parents GET /clim/status
[07/08/2026 20:10:32] FASTIFY: request completed
[07/08/2026 20:10:50] FASTIFY: incoming request
[07/08/2026 20:10:50] Parents GET /clim/status
[07/08/2026 20:10:50] FASTIFY: incoming request
[07/08/2026 20:10:51] FASTIFY: request completed
[07/08/2026 20:10:53] FASTIFY: request completed
[07/08/2026 20:11:13] FASTIFY: incoming request
[07/08/2026 20:11:14] Parents GET /clim/status
[07/08/2026 20:11:16] FASTIFY: request completed
[07/08/2026 20:11:34] FASTIFY: incoming request
[07/08/2026 20:11:34] Parents GET /clim/status
[07/08/2026 20:11:37] FASTIFY: request completed
[07/08/2026 20:11:51] FASTIFY: incoming request
[07/08/2026 20:11:51] FASTIFY: incoming request
[07/08/2026 20:11:51] Parents GET /clim/status
[07/08/2026 20:11:51] FASTIFY: request completed
[07/08/2026 20:11:54] FASTIFY: request completed
[07/08/2026 20:11:58] FASTIFY: incoming request
[07/08/2026 20:11:58] Parents GET /clim/status
[07/08/2026 20:12:02] FASTIFY: incoming request
[07/08/2026 20:12:02] Parents GET /clim/status
[07/08/2026 20:12:09] FASTIFY: request completed
[07/08/2026 20:12:12] FASTIFY: incoming request
[07/08/2026 20:12:12] Parents GET /clim/status
[07/08/2026 20:12:15] FASTIFY: request completed
[07/08/2026 20:12:22] FASTIFY: incoming request
[07/08/2026 20:12:22] Parents GET /clim/status
[07/08/2026 20:12:25] FASTIFY: request completed
[07/08/2026 20:12:43] FASTIFY: incoming request
[07/08/2026 20:12:43] Parents GET /clim/status
[07/08/2026 20:12:46] FASTIFY: request completed
[07/08/2026 20:13:10] FASTIFY: incoming request
[07/08/2026 20:13:10] Parents GET /clim/status
[07/08/2026 20:13:16] FASTIFY: request completed
[07/08/2026 20:13:24] FASTIFY: incoming request
[07/08/2026 20:13:24] Parents GET /clim/status
[07/08/2026 20:13:24] FASTIFY: incoming request
[07/08/2026 20:13:24] FASTIFY: request completed
[07/08/2026 20:13:27] FASTIFY: request completed
[07/08/2026 20:13:47] FASTIFY: incoming request
[07/08/2026 20:13:47] Parents GET /clim/status
[07/08/2026 20:13:50] FASTIFY: request completed
[07/08/2026 20:14:14] FASTIFY: incoming request
[07/08/2026 20:14:14] Parents GET /clim/status
[07/08/2026 20:14:17] FASTIFY: request completed
[07/08/2026 20:14:25] FASTIFY: incoming request
[07/08/2026 20:14:25] FASTIFY: incoming request
[07/08/2026 20:14:25] Parents GET /clim/status
[07/08/2026 20:14:25] FASTIFY: request completed
[07/08/2026 20:14:27] FASTIFY: request completed
[07/08/2026 20:14:49] FASTIFY: incoming request
[07/08/2026 20:14:49] Parents GET /clim/status
[07/08/2026 20:14:52] FASTIFY: request completed
[07/08/2026 20:15:00] SID V6zDw-PeFZcen9_x
[07/08/2026 20:15:00] FASTIFY: incoming request
[07/08/2026 20:15:00] FASTIFY: incoming request
[07/08/2026 20:15:00] Parents GET /mbtoday
[07/08/2026 20:15:00] FASTIFY: incoming request
[07/08/2026 20:15:00] Parents POST /wash/list
[07/08/2026 20:15:00] FASTIFY: incoming request
[07/08/2026 20:15:00] Parents GET /miele/token
[07/08/2026 20:15:00] FASTIFY: request completed
[07/08/2026 20:15:00] FASTIFY: request completed
[07/08/2026 20:15:00] FASTIFY: request completed
[07/08/2026 20:15:00] FASTIFY: request completed
[07/08/2026 20:15:00] FASTIFY: incoming request
[07/08/2026 20:15:00] Parents GET /miele/devices
[07/08/2026 20:15:01] FASTIFY: request completed
[07/08/2026 20:15:01] SID Lq8-wEu1uZ012H-R
[07/08/2026 20:15:10] FASTIFY: incoming request
[07/08/2026 20:15:10] Parents GET /clim/status
[07/08/2026 20:15:13] FASTIFY: request completed
[07/08/2026 20:15:26] FASTIFY: incoming request
[07/08/2026 20:15:26] Parents GET /clim/status
[07/08/2026 20:15:26] FASTIFY: incoming request
[07/08/2026 20:15:26] FASTIFY: request completed
[07/08/2026 20:15:28] FASTIFY: request completed
[07/08/2026 20:15:55] FASTIFY: incoming request
[07/08/2026 20:15:55] Parents GET /clim/status
[07/08/2026 20:15:58] FASTIFY: request completed
[07/08/2026 20:20:00] SID Lq8-wEu1uZ012H-R
[07/08/2026 20:20:02] SID fa-1dVPe2sSeZVvK
[07/08/2026 20:24:28] FASTIFY: incoming request
[07/08/2026 20:24:28] Parents POST /wash/list
[07/08/2026 20:24:28] FASTIFY: incoming request
[07/08/2026 20:24:28] Parents GET /mbtoday
[07/08/2026 20:24:28] FASTIFY: incoming request
[07/08/2026 20:24:28] FASTIFY: incoming request
[07/08/2026 20:24:28] Parents GET /miele/token
[07/08/2026 20:24:28] FASTIFY: request completed
[07/08/2026 20:24:28] FASTIFY: request completed
[07/08/2026 20:24:28] FASTIFY: request completed
[07/08/2026 20:24:28] FASTIFY: request completed
[07/08/2026 20:24:28] FASTIFY: incoming request
[07/08/2026 20:24:28] Parents GET /miele/devices
[07/08/2026 20:24:29] FASTIFY: request completed
[07/08/2026 20:25:00] SID fa-1dVPe2sSeZVvK
[07/08/2026 20:25:01] SID NqxKeeuomj-oAee6
[07/08/2026 20:29:00] FASTIFY: incoming request
[07/08/2026 20:29:00] Parents POST /wash/list
[07/08/2026 20:29:00] FASTIFY: incoming request
[07/08/2026 20:29:00] Parents GET /mbtoday
[07/08/2026 20:29:00] FASTIFY: incoming request
[07/08/2026 20:29:00] FASTIFY: incoming request
[07/08/2026 20:29:00] Parents GET /miele/token
[07/08/2026 20:29:00] FASTIFY: request completed
[07/08/2026 20:29:00] FASTIFY: request completed
[07/08/2026 20:29:00] FASTIFY: request completed
[07/08/2026 20:29:00] FASTIFY: request completed
[07/08/2026 20:29:01] FASTIFY: incoming request
[07/08/2026 20:29:01] Parents GET /miele/devices
[07/08/2026 20:29:01] FASTIFY: request completed
[07/08/2026 20:30:00] SID NqxKeeuomj-oAee6
[07/08/2026 20:30:01] SID Da2VTkOHPVWH4kOZ
[07/08/2026 20:35:00] SID Da2VTkOHPVWH4kOZ
[07/08/2026 20:35:01] SID UWGVi5PuwQRud6fF
[07/08/2026 20:36:28] FASTIFY: incoming request
[07/08/2026 20:36:28] Parents POST /wash/list
[07/08/2026 20:36:28] FASTIFY: incoming request
[07/08/2026 20:36:28] Parents GET /mbtoday
[07/08/2026 20:36:28] FASTIFY: incoming request
[07/08/2026 20:36:28] FASTIFY: incoming request
[07/08/2026 20:36:28] Parents GET /miele/token
[07/08/2026 20:36:28] FASTIFY: request completed
[07/08/2026 20:36:28] FASTIFY: request completed
[07/08/2026 20:36:28] FASTIFY: request completed
[07/08/2026 20:36:28] FASTIFY: request completed
[07/08/2026 20:36:28] FASTIFY: incoming request
[07/08/2026 20:36:28] Parents GET /miele/devices
[07/08/2026 20:36:29] FASTIFY: request completed
[07/08/2026 20:40:00] SID UWGVi5PuwQRud6fF
[07/08/2026 20:40:01] SID FCYsb8-RB0mRh9Ob
[07/08/2026 20:41:00] FASTIFY: incoming request
[07/08/2026 20:41:00] FASTIFY: incoming request
[07/08/2026 20:41:00] Parents GET /mbtoday
[07/08/2026 20:41:00] FASTIFY: incoming request
[07/08/2026 20:41:00] Parents POST /wash/list
[07/08/2026 20:41:00] FASTIFY: incoming request
[07/08/2026 20:41:00] Parents GET /miele/token
[07/08/2026 20:41:00] FASTIFY: request completed
[07/08/2026 20:41:00] FASTIFY: request completed
[07/08/2026 20:41:00] FASTIFY: request completed
[07/08/2026 20:41:00] FASTIFY: request completed
[07/08/2026 20:41:00] FASTIFY: incoming request
[07/08/2026 20:41:00] Parents GET /miele/devices
[07/08/2026 20:41:01] FASTIFY: request completed
[07/08/2026 20:45:00] SID FCYsb8-RB0mRh9Ob
[07/08/2026 20:45:01] SID cyd7QbP0xZa03b_p
[07/08/2026 20:50:00] SID cyd7QbP0xZa03b_p
[07/08/2026 20:50:00] SID Pa95DXOROUbRsVOt
[07/08/2026 20:55:00] SID Pa95DXOROUbRsVOt
[07/08/2026 20:55:01] SID k-rjs5so6qxoI68G
[07/08/2026 20:58:28] FASTIFY: incoming request
[07/08/2026 20:58:28] Parents GET /miele/token
[07/08/2026 20:58:28] FASTIFY: incoming request
[07/08/2026 20:58:28] Parents POST /wash/list
[07/08/2026 20:58:28] FASTIFY: incoming request
[07/08/2026 20:58:28] Parents GET /mbtoday
[07/08/2026 20:58:28] FASTIFY: incoming request
[07/08/2026 20:58:28] FASTIFY: request completed
[07/08/2026 20:58:28] FASTIFY: incoming request
[07/08/2026 20:58:28] Parents GET /miele/devices
[07/08/2026 20:58:28] FASTIFY: request completed
[07/08/2026 20:58:28] FASTIFY: request completed
[07/08/2026 20:58:28] FASTIFY: request completed
[07/08/2026 20:58:29] FASTIFY: request completed
[07/08/2026 21:00:00] SID k-rjs5so6qxoI68G
[07/08/2026 21:00:01] SID Wa2VnxvvWFxvVyPE
[07/08/2026 21:03:00] FASTIFY: incoming request
[07/08/2026 21:03:00] Parents POST /wash/list
[07/08/2026 21:03:00] FASTIFY: incoming request
[07/08/2026 21:03:00] Parents GET /mbtoday
[07/08/2026 21:03:00] FASTIFY: incoming request
[07/08/2026 21:03:00] FASTIFY: incoming request
[07/08/2026 21:03:00] Parents GET /miele/token
[07/08/2026 21:03:00] FASTIFY: request completed
[07/08/2026 21:03:00] FASTIFY: request completed
[07/08/2026 21:03:00] FASTIFY: request completed
[07/08/2026 21:03:00] FASTIFY: request completed
[07/08/2026 21:03:00] FASTIFY: incoming request
[07/08/2026 21:03:00] Parents GET /miele/devices
[07/08/2026 21:03:01] FASTIFY: request completed
[07/08/2026 21:05:00] SID Wa2VnxvvWFxvVyPE
[07/08/2026 21:05:03] SID Gie2Rx-g3eigvyuJ
[07/08/2026 21:10:00] SID Gie2Rx-g3eigvyuJ
[07/08/2026 21:10:01] SID ea-1BQv0ud30_Tvd
[07/08/2026 21:10:28] FASTIFY: incoming request
[07/08/2026 21:10:28] Parents POST /wash/list
[07/08/2026 21:10:28] FASTIFY: incoming request
[07/08/2026 21:10:28] Parents GET /mbtoday
[07/08/2026 21:10:28] FASTIFY: incoming request
[07/08/2026 21:10:28] FASTIFY: incoming request
[07/08/2026 21:10:28] Parents GET /miele/token
[07/08/2026 21:10:28] FASTIFY: request completed
[07/08/2026 21:10:28] FASTIFY: request completed
[07/08/2026 21:10:28] FASTIFY: request completed
[07/08/2026 21:10:28] FASTIFY: request completed
[07/08/2026 21:10:28] FASTIFY: incoming request
[07/08/2026 21:10:28] Parents GET /miele/devices
[07/08/2026 21:10:29] FASTIFY: request completed
[07/08/2026 21:15:00] SID ea-1BQv0ud30_Tvd
[07/08/2026 21:15:00] FASTIFY: incoming request
[07/08/2026 21:15:00] Parents POST /wash/list
[07/08/2026 21:15:00] FASTIFY: incoming request
[07/08/2026 21:15:00] Parents GET /mbtoday
[07/08/2026 21:15:00] FASTIFY: incoming request
[07/08/2026 21:15:00] FASTIFY: incoming request
[07/08/2026 21:15:00] Parents GET /miele/token
[07/08/2026 21:15:00] FASTIFY: request completed
[07/08/2026 21:15:00] FASTIFY: request completed
[07/08/2026 21:15:00] FASTIFY: request completed
[07/08/2026 21:15:00] FASTIFY: request completed
[07/08/2026 21:15:00] FASTIFY: incoming request
[07/08/2026 21:15:00] Parents GET /miele/devices
[07/08/2026 21:15:00] SID I68_wLeL6ZILDI-h
[07/08/2026 21:15:00] FASTIFY: request completed
[07/08/2026 21:20:00] SID I68_wLeL6ZILDI-h
[07/08/2026 21:20:01] SID kazBN7sQWv7Qt5su
[07/08/2026 21:22:28] FASTIFY: incoming request
[07/08/2026 21:22:28] Parents POST /wash/list
[07/08/2026 21:22:28] FASTIFY: incoming request
[07/08/2026 21:22:28] Parents GET /mbtoday
[07/08/2026 21:22:28] FASTIFY: incoming request
[07/08/2026 21:22:28] FASTIFY: incoming request
[07/08/2026 21:22:28] Parents GET /miele/token
[07/08/2026 21:22:28] FASTIFY: request completed
[07/08/2026 21:22:28] FASTIFY: request completed
[07/08/2026 21:22:28] FASTIFY: request completed
[07/08/2026 21:22:28] FASTIFY: request completed
[07/08/2026 21:22:28] FASTIFY: incoming request
[07/08/2026 21:22:28] Parents GET /miele/devices
[07/08/2026 21:22:29] FASTIFY: request completed
[07/08/2026 21:25:00] SID kazBN7sQWv7Qt5su
[07/08/2026 21:25:03] SID Ra-1DsvyoX3y7vPd
[07/08/2026 21:27:00] FASTIFY: incoming request
[07/08/2026 21:27:00] Parents POST /wash/list
[07/08/2026 21:27:00] FASTIFY: incoming request
[07/08/2026 21:27:00] Parents GET /mbtoday
[07/08/2026 21:27:00] FASTIFY: incoming request
[07/08/2026 21:27:00] FASTIFY: request completed
[07/08/2026 21:27:00] FASTIFY: incoming request
[07/08/2026 21:27:00] Parents GET /miele/token
[07/08/2026 21:27:00] FASTIFY: request completed
[07/08/2026 21:27:00] FASTIFY: request completed
[07/08/2026 21:27:00] FASTIFY: request completed
[07/08/2026 21:27:00] FASTIFY: incoming request
[07/08/2026 21:27:00] Parents GET /miele/devices
[07/08/2026 21:27:01] FASTIFY: request completed
[07/08/2026 21:30:00] SID Ra-1DsvyoX3y7vPd
[07/08/2026 21:30:00] SID t6_zld8fGPhfNdsE
[07/08/2026 21:35:00] SID t6_zld8fGPhfNdsE
[07/08/2026 21:35:00] SID Zq7iMPv7er77dP_u
[07/08/2026 21:40:00] SID Zq7iMPv7er77dP_u
[07/08/2026 21:40:02] SID Fibid_eOqsKON8uq
[07/08/2026 21:44:28] FASTIFY: incoming request
[07/08/2026 21:44:28] Parents POST /wash/list
[07/08/2026 21:44:28] FASTIFY: incoming request
[07/08/2026 21:44:28] Parents GET /mbtoday
[07/08/2026 21:44:28] FASTIFY: incoming request
[07/08/2026 21:44:28] FASTIFY: incoming request
[07/08/2026 21:44:28] Parents GET /miele/token
[07/08/2026 21:44:28] FASTIFY: request completed
[07/08/2026 21:44:28] FASTIFY: request completed
[07/08/2026 21:44:28] FASTIFY: request completed
[07/08/2026 21:44:28] FASTIFY: request completed
[07/08/2026 21:44:28] FASTIFY: incoming request
[07/08/2026 21:44:28] Parents GET /miele/devices
[07/08/2026 21:44:29] FASTIFY: request completed
[07/08/2026 21:45:00] SID Fibid_eOqsKON8uq
[07/08/2026 21:45:00] SID mK-0nxsxeFxxzzME
[07/08/2026 21:49:00] FASTIFY: incoming request
[07/08/2026 21:49:00] Parents POST /wash/list
[07/08/2026 21:49:00] FASTIFY: incoming request
[07/08/2026 21:49:00] Parents GET /mbtoday
[07/08/2026 21:49:00] FASTIFY: incoming request
[07/08/2026 21:49:00] FASTIFY: incoming request
[07/08/2026 21:49:00] Parents GET /miele/token
[07/08/2026 21:49:00] FASTIFY: request completed
[07/08/2026 21:49:00] FASTIFY: request completed
[07/08/2026 21:49:00] FASTIFY: request completed
[07/08/2026 21:49:00] FASTIFY: request completed
[07/08/2026 21:49:00] FASTIFY: incoming request
[07/08/2026 21:49:00] Parents GET /miele/devices
[07/08/2026 21:49:01] FASTIFY: request completed
[07/08/2026 21:50:00] SID mK-0nxsxeFxxzzME
[07/08/2026 21:50:01] SID M2Lj-ZeAUhAA3YeC
[07/08/2026 21:55:00] SID M2Lj-ZeAUhAA3YeC
[07/08/2026 21:55:01] SID sqzC9Y8yuskyzbsS
[07/08/2026 22:00:00] SID sqzC9Y8yuskyzbsS
[07/08/2026 22:00:03] SID b6wPLFPJN1TJdEPP
[07/08/2026 22:05:00] SID b6wPLFPJN1TJdEPP
[07/08/2026 22:05:02] SID DyQPVnuDiN6D0kuo
[07/08/2026 22:10:00] SID DyQPVnuDiN6D0kuo
[07/08/2026 22:10:01] SID j60fqkc2WzF2incX
[07/08/2026 22:15:00] SID j60fqkc2WzF2incX
[07/08/2026 22:15:02] SID LKwM8GenGrMnhG-y
[07/08/2026 22:20:00] SID LKwM8GenGrMnhG-y
[07/08/2026 22:20:04] SID yK-0WjNIWAaIdgdo
[07/08/2026 22:21:28] FASTIFY: incoming request
[07/08/2026 22:21:28] Parents POST /wash/list
[07/08/2026 22:21:28] FASTIFY: incoming request
[07/08/2026 22:21:28] Parents GET /mbtoday
[07/08/2026 22:21:28] FASTIFY: incoming request
[07/08/2026 22:21:28] FASTIFY: incoming request
[07/08/2026 22:21:28] Parents GET /miele/token
[07/08/2026 22:21:28] FASTIFY: request completed
[07/08/2026 22:21:28] FASTIFY: request completed
[07/08/2026 22:21:28] FASTIFY: request completed
[07/08/2026 22:21:28] FASTIFY: request completed
[07/08/2026 22:21:28] FASTIFY: incoming request
[07/08/2026 22:21:28] Parents GET /miele/devices
[07/08/2026 22:21:29] FASTIFY: request completed
[07/08/2026 22:25:00] SID yK-0WjNIWAaIdgdo
[07/08/2026 22:25:01] SID Q697FofaCPHaWpvc
[07/08/2026 22:26:00] FASTIFY: incoming request
[07/08/2026 22:26:00] FASTIFY: incoming request
[07/08/2026 22:26:00] Parents GET /mbtoday
[07/08/2026 22:26:00] FASTIFY: incoming request
[07/08/2026 22:26:00] Parents POST /wash/list
[07/08/2026 22:26:00] FASTIFY: incoming request
[07/08/2026 22:26:00] Parents GET /miele/token
[07/08/2026 22:26:00] FASTIFY: request completed
[07/08/2026 22:26:00] FASTIFY: request completed
[07/08/2026 22:26:00] FASTIFY: request completed
[07/08/2026 22:26:00] FASTIFY: request completed
[07/08/2026 22:26:00] FASTIFY: incoming request
[07/08/2026 22:26:00] Parents GET /miele/devices
[07/08/2026 22:26:01] FASTIFY: request completed
[07/08/2026 22:30:00] SID Q697FofaCPHaWpvc
[07/08/2026 22:30:01] SID 7-iHyEN3mRU3cGdR
[07/08/2026 22:32:28] FASTIFY: incoming request
[07/08/2026 22:32:28] Parents POST /wash/list
[07/08/2026 22:32:28] FASTIFY: incoming request
[07/08/2026 22:32:28] Parents GET /mbtoday
[07/08/2026 22:32:28] FASTIFY: incoming request
[07/08/2026 22:32:28] FASTIFY: incoming request
[07/08/2026 22:32:28] Parents GET /miele/token
[07/08/2026 22:32:28] FASTIFY: request completed
[07/08/2026 22:32:28] FASTIFY: request completed
[07/08/2026 22:32:28] FASTIFY: request completed
[07/08/2026 22:32:28] FASTIFY: request completed
[07/08/2026 22:32:28] FASTIFY: incoming request
[07/08/2026 22:32:28] Parents GET /miele/devices
[07/08/2026 22:32:28] FASTIFY: request completed
[07/08/2026 22:35:00] SID 7-iHyEN3mRU3cGdR
[07/08/2026 22:35:03] SID iyVbzj8brUobugMh
[07/08/2026 22:37:00] FASTIFY: incoming request
[07/08/2026 22:37:00] Parents POST /wash/list
[07/08/2026 22:37:00] FASTIFY: incoming request
[07/08/2026 22:37:00] Parents GET /mbtoday
[07/08/2026 22:37:00] FASTIFY: incoming request
[07/08/2026 22:37:00] FASTIFY: incoming request
[07/08/2026 22:37:00] Parents GET /miele/token
[07/08/2026 22:37:00] FASTIFY: request completed
[07/08/2026 22:37:00] FASTIFY: request completed
[07/08/2026 22:37:00] FASTIFY: request completed
[07/08/2026 22:37:00] FASTIFY: request completed
[07/08/2026 22:37:00] FASTIFY: incoming request
[07/08/2026 22:37:00] Parents GET /miele/devices
[07/08/2026 22:37:00] FASTIFY: request completed
[07/08/2026 22:40:00] SID iyVbzj8brUobugMh
[07/08/2026 22:40:02] SID BCRIltOhyORhGvuE
[07/08/2026 22:42:28] FASTIFY: incoming request
[07/08/2026 22:42:28] Parents POST /wash/list
[07/08/2026 22:42:28] FASTIFY: incoming request
[07/08/2026 22:42:28] Parents GET /mbtoday
[07/08/2026 22:42:28] FASTIFY: incoming request
[07/08/2026 22:42:28] FASTIFY: request completed
[07/08/2026 22:42:28] FASTIFY: incoming request
[07/08/2026 22:42:28] Parents GET /miele/token
[07/08/2026 22:42:28] FASTIFY: request completed
[07/08/2026 22:42:28] FASTIFY: request completed
[07/08/2026 22:42:28] FASTIFY: request completed
[07/08/2026 22:42:28] FASTIFY: incoming request
[07/08/2026 22:42:28] Parents GET /miele/devices
[07/08/2026 22:42:29] FASTIFY: request completed
[07/08/2026 22:45:00] SID BCRIltOhyORhGvuE
[07/08/2026 22:45:02] SID pSSF2M8LqDkLsNcQ
[07/08/2026 22:47:00] FASTIFY: incoming request
[07/08/2026 22:47:00] Parents POST /wash/list
[07/08/2026 22:47:00] FASTIFY: incoming request
[07/08/2026 22:47:00] Parents GET /mbtoday
[07/08/2026 22:47:00] FASTIFY: incoming request
[07/08/2026 22:47:00] FASTIFY: incoming request
[07/08/2026 22:47:00] Parents GET /miele/token
[07/08/2026 22:47:00] FASTIFY: request completed
[07/08/2026 22:47:00] FASTIFY: request completed
[07/08/2026 22:47:00] FASTIFY: request completed
[07/08/2026 22:47:00] FASTIFY: request completed
[07/08/2026 22:47:00] FASTIFY: incoming request
[07/08/2026 22:47:00] Parents GET /miele/devices
[07/08/2026 22:47:01] FASTIFY: request completed
[07/08/2026 22:50:00] SID pSSF2M8LqDkLsNcQ
[07/08/2026 22:50:01] SID PK88WVuV7AyVSUeI
[07/08/2026 22:55:00] SID PK88WVuV7AyVSUeI
[07/08/2026 22:55:03] SID 1Se1P_9yBnryN-Nu
[07/08/2026 23:00:00] SID 1Se1P_9yBnryN-Nu
[07/08/2026 23:00:03] SID Ya_xuL_8kip80Kfm
[07/08/2026 23:05:00] SID Ya_xuL_8kip80Kfm
[07/08/2026 23:05:01] SID B7_zZsqfC-2f2sqb
[07/08/2026 23:10:00] SID B7_zZsqfC-2f2sqb
[07/08/2026 23:10:01] SID n6wPN08DmunDG1se
[07/08/2026 23:15:00] SID n6wPN08DmunDG1se
[07/08/2026 23:15:02] SID EqyG14un_P0nU7uQ
[07/08/2026 23:15:28] FASTIFY: incoming request
[07/08/2026 23:15:28] Parents POST /wash/list
[07/08/2026 23:15:28] FASTIFY: incoming request
[07/08/2026 23:15:28] Parents GET /mbtoday
[07/08/2026 23:15:28] FASTIFY: incoming request
[07/08/2026 23:15:28] FASTIFY: incoming request
[07/08/2026 23:15:28] Parents GET /miele/token
[07/08/2026 23:15:28] FASTIFY: request completed
[07/08/2026 23:15:28] FASTIFY: request completed
[07/08/2026 23:15:28] FASTIFY: request completed
[07/08/2026 23:15:28] FASTIFY: request completed
[07/08/2026 23:15:28] FASTIFY: incoming request
[07/08/2026 23:15:28] Parents GET /miele/devices
[07/08/2026 23:15:29] FASTIFY: request completed
[07/08/2026 23:20:00] SID EqyG14un_P0nU7uQ
[07/08/2026 23:20:00] FASTIFY: incoming request
[07/08/2026 23:20:00] Parents POST /wash/list
[07/08/2026 23:20:00] FASTIFY: incoming request
[07/08/2026 23:20:00] Parents GET /mbtoday
[07/08/2026 23:20:00] FASTIFY: incoming request
[07/08/2026 23:20:00] FASTIFY: incoming request
[07/08/2026 23:20:00] Parents GET /miele/token
[07/08/2026 23:20:00] FASTIFY: request completed
[07/08/2026 23:20:00] FASTIFY: request completed
[07/08/2026 23:20:00] FASTIFY: request completed
[07/08/2026 23:20:00] FASTIFY: request completed
[07/08/2026 23:20:00] FASTIFY: incoming request
[07/08/2026 23:20:00] Parents GET /miele/devices
[07/08/2026 23:20:00] FASTIFY: request completed
[07/08/2026 23:20:03] SID wWM98otuEr0u2r9S
[07/08/2026 23:25:00] SID wWM98otuEr0u2r9S
[07/08/2026 23:25:00] SID SayFsjPZKoZZpg_m
[07/08/2026 23:30:00] SID SayFsjPZKoZZpg_m
[07/08/2026 23:30:05] SID G_ov6zqYSz4Yswaj
[07/08/2026 23:34:28] FASTIFY: incoming request
[07/08/2026 23:34:28] Parents GET /mbtoday
[07/08/2026 23:34:28] FASTIFY: incoming request
[07/08/2026 23:34:28] FASTIFY: incoming request
[07/08/2026 23:34:28] Parents POST /wash/list
[07/08/2026 23:34:28] FASTIFY: incoming request
[07/08/2026 23:34:28] Parents GET /miele/token
[07/08/2026 23:34:28] FASTIFY: request completed
[07/08/2026 23:34:28] FASTIFY: request completed
[07/08/2026 23:34:28] FASTIFY: request completed
[07/08/2026 23:34:28] FASTIFY: request completed
[07/08/2026 23:34:28] FASTIFY: incoming request
[07/08/2026 23:34:28] Parents GET /miele/devices
[07/08/2026 23:34:29] FASTIFY: request completed
[07/08/2026 23:35:00] SID G_ov6zqYSz4Yswaj
[07/08/2026 23:35:04] SID na0dg18FObhFY18F
[07/08/2026 23:39:00] FASTIFY: incoming request
[07/08/2026 23:39:00] Parents GET /mbtoday
[07/08/2026 23:39:00] FASTIFY: incoming request
[07/08/2026 23:39:00] FASTIFY: incoming request
[07/08/2026 23:39:00] Parents POST /wash/list
[07/08/2026 23:39:00] FASTIFY: incoming request
[07/08/2026 23:39:00] Parents GET /miele/token
[07/08/2026 23:39:00] FASTIFY: request completed
[07/08/2026 23:39:00] FASTIFY: request completed
[07/08/2026 23:39:00] FASTIFY: request completed
[07/08/2026 23:39:00] FASTIFY: request completed
[07/08/2026 23:39:00] FASTIFY: incoming request
[07/08/2026 23:39:00] Parents GET /miele/devices
[07/08/2026 23:39:00] FASTIFY: request completed
[07/08/2026 23:40:00] SID na0dg18FObhFY18F
[07/08/2026 23:40:01] SID Ob89PT6-2lr-rSKu
[07/08/2026 23:45:00] SID Ob89PT6-2lr-rSKu
[07/08/2026 23:45:02] SID v6-3gWsGyY9GLV81
[07/08/2026 23:50:00] SID v6-3gWsGyY9GLV81
[07/08/2026 23:50:04] SID OmGWXTOeiFaerQOo
[07/08/2026 23:50:28] FASTIFY: incoming request
[07/08/2026 23:50:28] Parents GET /mbtoday
[07/08/2026 23:50:28] FASTIFY: incoming request
[07/08/2026 23:50:28] FASTIFY: incoming request
[07/08/2026 23:50:28] Parents POST /wash/list
[07/08/2026 23:50:28] FASTIFY: incoming request
[07/08/2026 23:50:28] Parents GET /miele/token
[07/08/2026 23:50:28] FASTIFY: request completed
[07/08/2026 23:50:28] FASTIFY: request completed
[07/08/2026 23:50:28] FASTIFY: request completed
[07/08/2026 23:50:28] FASTIFY: request completed
[07/08/2026 23:50:28] FASTIFY: incoming request
[07/08/2026 23:50:28] Parents GET /miele/devices
[07/08/2026 23:50:29] FASTIFY: request completed
[07/08/2026 23:55:00] SID OmGWXTOeiFaerQOo
[07/08/2026 23:55:00] SID 56yHoMdRa4FRRM9X
[07/08/2026 23:55:00] FASTIFY: incoming request
[07/08/2026 23:55:00] Parents POST /wash/list
[07/08/2026 23:55:00] FASTIFY: incoming request
[07/08/2026 23:55:00] Parents GET /mbtoday
[07/08/2026 23:55:00] FASTIFY: incoming request
[07/08/2026 23:55:00] FASTIFY: incoming request
[07/08/2026 23:55:00] Parents GET /miele/token
[07/08/2026 23:55:00] FASTIFY: request completed
[07/08/2026 23:55:00] FASTIFY: request completed
[07/08/2026 23:55:00] FASTIFY: request completed
[07/08/2026 23:55:00] FASTIFY: request completed
[07/08/2026 23:55:00] FASTIFY: incoming request
[07/08/2026 23:55:00] Parents GET /miele/devices
[07/08/2026 23:55:00] FASTIFY: request completed
[07/08/2026 23:56:40] FASTIFY: incoming request
[07/08/2026 23:56:40] FASTIFY: incoming request
[07/08/2026 23:56:40] Parents GET /clim/status
[07/08/2026 23:56:40] FASTIFY: request completed
[07/08/2026 23:56:43] FASTIFY: request completed
[07/08/2026 23:56:43] FASTIFY: incoming request
[07/08/2026 23:56:43] FASTIFY: incoming request
[07/08/2026 23:56:43] Parents GET /mbtoday
[07/08/2026 23:56:43] FASTIFY: request completed
[07/08/2026 23:56:43] FASTIFY: request completed
[08/08/2026 00:00:00] SID 56yHoMdRa4FRRM9X
[08/08/2026 00:00:01] SID bWN5GH_M0CrMmFfs
[08/08/2026 00:04:28] FASTIFY: incoming request
[08/08/2026 00:04:28] Parents POST /wash/list
[08/08/2026 00:04:28] FASTIFY: incoming request
[08/08/2026 00:04:28] Parents GET /mbtoday
[08/08/2026 00:04:28] FASTIFY: incoming request
[08/08/2026 00:04:28] FASTIFY: incoming request
[08/08/2026 00:04:28] Parents GET /miele/token
[08/08/2026 00:04:28] FASTIFY: request completed
[08/08/2026 00:04:28] FASTIFY: request completed
[08/08/2026 00:04:28] FASTIFY: request completed
[08/08/2026 00:04:28] FASTIFY: request completed
[08/08/2026 00:04:28] FASTIFY: incoming request
[08/08/2026 00:04:28] Parents GET /miele/devices
[08/08/2026 00:04:29] FASTIFY: request completed
[08/08/2026 00:05:00] SID bWN5GH_M0CrMmFfs
[08/08/2026 00:05:00] SID J77jYNq9y4y9gO6L
[08/08/2026 00:09:00] FASTIFY: incoming request
[08/08/2026 00:09:00] Parents POST /wash/list
[08/08/2026 00:09:00] FASTIFY: incoming request
[08/08/2026 00:09:00] Parents GET /mbtoday
[08/08/2026 00:09:00] FASTIFY: incoming request
[08/08/2026 00:09:00] FASTIFY: incoming request
[08/08/2026 00:09:00] Parents GET /miele/token
[08/08/2026 00:09:00] FASTIFY: request completed
[08/08/2026 00:09:00] FASTIFY: request completed
[08/08/2026 00:09:00] FASTIFY: request completed
[08/08/2026 00:09:00] FASTIFY: request completed
[08/08/2026 00:09:00] FASTIFY: incoming request
[08/08/2026 00:09:00] Parents GET /miele/devices
[08/08/2026 00:09:00] FASTIFY: request completed
[08/08/2026 00:10:00] SID J77jYNq9y4y9gO6L
[08/08/2026 00:10:06] SID uSQNqQ8L6ylL4RcX
[08/08/2026 00:15:00] SID uSQNqQ8L6ylL4RcX
[08/08/2026 00:15:01] SID Cq1aZguZ--2Z-gub
[08/08/2026 00:16:28] FASTIFY: incoming request
[08/08/2026 00:16:28] Parents POST /wash/list
[08/08/2026 00:16:28] FASTIFY: incoming request
[08/08/2026 00:16:28] Parents GET /mbtoday
[08/08/2026 00:16:28] FASTIFY: incoming request
[08/08/2026 00:16:28] FASTIFY: incoming request
[08/08/2026 00:16:28] Parents GET /miele/token
[08/08/2026 00:16:28] FASTIFY: request completed
[08/08/2026 00:16:28] FASTIFY: request completed
[08/08/2026 00:16:28] FASTIFY: request completed
[08/08/2026 00:16:28] FASTIFY: request completed
[08/08/2026 00:16:28] FASTIFY: incoming request
[08/08/2026 00:16:28] Parents GET /miele/devices
[08/08/2026 00:16:28] FASTIFY: request completed
[08/08/2026 00:20:00] SID Cq1aZguZ--2Z-gub
[08/08/2026 00:20:00] SID 2a_xhw9NmflNtxtV
[08/08/2026 00:21:00] FASTIFY: incoming request
[08/08/2026 00:21:00] Parents POST /wash/list
[08/08/2026 00:21:00] FASTIFY: incoming request
[08/08/2026 00:21:00] Parents GET /mbtoday
[08/08/2026 00:21:00] FASTIFY: incoming request
[08/08/2026 00:21:00] FASTIFY: incoming request
[08/08/2026 00:21:00] Parents GET /miele/token
[08/08/2026 00:21:00] FASTIFY: request completed
[08/08/2026 00:21:00] FASTIFY: request completed
[08/08/2026 00:21:00] FASTIFY: request completed
[08/08/2026 00:21:00] FASTIFY: request completed
[08/08/2026 00:21:00] FASTIFY: incoming request
[08/08/2026 00:21:00] Parents GET /miele/devices
[08/08/2026 00:21:00] FASTIFY: request completed
[08/08/2026 00:25:00] SID 2a_xhw9NmflNtxtV
[08/08/2026 00:25:02] SID SiTCAjvVGY7VNg_t
[08/08/2026 00:28:28] FASTIFY: incoming request
[08/08/2026 00:28:28] Parents POST /wash/list
[08/08/2026 00:28:28] FASTIFY: incoming request
[08/08/2026 00:28:28] Parents GET /mbtoday
[08/08/2026 00:28:28] FASTIFY: incoming request
[08/08/2026 00:28:28] FASTIFY: incoming request
[08/08/2026 00:28:28] Parents GET /miele/token
[08/08/2026 00:28:28] FASTIFY: request completed
[08/08/2026 00:28:28] FASTIFY: request completed
[08/08/2026 00:28:28] FASTIFY: request completed
[08/08/2026 00:28:28] FASTIFY: request completed
[08/08/2026 00:28:28] FASTIFY: incoming request
[08/08/2026 00:28:28] Parents GET /miele/devices
[08/08/2026 00:28:28] FASTIFY: request completed
[08/08/2026 00:30:00] SID SiTCAjvVGY7VNg_t
[08/08/2026 00:30:01] SID Hb95u0K--iV-k2aW
[08/08/2026 00:33:00] FASTIFY: incoming request
[08/08/2026 00:33:00] Parents POST /wash/list
[08/08/2026 00:33:00] FASTIFY: incoming request
[08/08/2026 00:33:00] Parents GET /mbtoday
[08/08/2026 00:33:00] FASTIFY: incoming request
[08/08/2026 00:33:00] FASTIFY: incoming request
[08/08/2026 00:33:00] Parents GET /miele/token
[08/08/2026 00:33:00] FASTIFY: request completed
[08/08/2026 00:33:00] FASTIFY: request completed
[08/08/2026 00:33:00] FASTIFY: request completed
[08/08/2026 00:33:00] FASTIFY: request completed
[08/08/2026 00:33:00] FASTIFY: incoming request
[08/08/2026 00:33:00] Parents GET /miele/devices
[08/08/2026 00:33:00] FASTIFY: request completed
[08/08/2026 00:35:00] SID Hb95u0K--iV-k2aW
[08/08/2026 00:35:08] SID kibi66MGjwcGF5cz
[08/08/2026 00:40:00] SID kibi66MGjwcGF5cz
[08/08/2026 00:40:02] SID WbzBvybv2nNvjzL2
[08/08/2026 00:45:00] SID WbzBvybv2nNvjzL2
[08/08/2026 00:45:03] SID yyYveitGjh-GFhd6
[08/08/2026 00:50:00] SID yyYveitGjh-GFhd6
[08/08/2026 00:50:11] SID QK5ospPiwqRipr_G
[08/08/2026 00:51:28] FASTIFY: incoming request
[08/08/2026 00:51:28] Parents POST /wash/list
[08/08/2026 00:51:28] FASTIFY: incoming request
[08/08/2026 00:51:28] Parents GET /mbtoday
[08/08/2026 00:51:28] FASTIFY: incoming request
[08/08/2026 00:51:28] FASTIFY: incoming request
[08/08/2026 00:51:28] Parents GET /miele/token
[08/08/2026 00:51:28] FASTIFY: request completed
[08/08/2026 00:51:28] FASTIFY: request completed
[08/08/2026 00:51:28] FASTIFY: request completed
[08/08/2026 00:51:28] FASTIFY: request completed
[08/08/2026 00:51:28] FASTIFY: incoming request
[08/08/2026 00:51:28] Parents GET /miele/devices
[08/08/2026 00:51:29] FASTIFY: request completed
[08/08/2026 00:55:00] SID QK5ospPiwqRipr_G
[08/08/2026 00:55:01] SID -KzA6RNi2xQiqTdD
[08/08/2026 00:56:00] FASTIFY: incoming request
[08/08/2026 00:56:00] Parents GET /mbtoday
[08/08/2026 00:56:00] FASTIFY: incoming request
[08/08/2026 00:56:00] FASTIFY: incoming request
[08/08/2026 00:56:00] Parents POST /wash/list
[08/08/2026 00:56:00] FASTIFY: incoming request
[08/08/2026 00:56:00] Parents GET /miele/token
[08/08/2026 00:56:00] FASTIFY: request completed
[08/08/2026 00:56:00] FASTIFY: request completed
[08/08/2026 00:56:00] FASTIFY: request completed
[08/08/2026 00:56:00] FASTIFY: request completed
[08/08/2026 00:56:00] FASTIFY: incoming request
[08/08/2026 00:56:00] Parents GET /miele/devices
[08/08/2026 00:56:01] FASTIFY: request completed
[08/08/2026 01:00:00] SID -KzA6RNi2xQiqTdD
[08/08/2026 01:00:03] SID UyZr14PKuPUKL5vQ
[08/08/2026 01:05:00] SID UyZr14PKuPUKL5vQ
[08/08/2026 01:05:00] SID Mr8-3Y6YWFkYHYKQ
[08/08/2026 01:07:28] FASTIFY: incoming request
[08/08/2026 01:07:28] Parents POST /wash/list
[08/08/2026 01:07:28] FASTIFY: incoming request
[08/08/2026 01:07:28] Parents GET /mbtoday
[08/08/2026 01:07:28] FASTIFY: incoming request
[08/08/2026 01:07:28] FASTIFY: incoming request
[08/08/2026 01:07:28] Parents GET /miele/token
[08/08/2026 01:07:28] FASTIFY: request completed
[08/08/2026 01:07:28] FASTIFY: request completed
[08/08/2026 01:07:28] FASTIFY: request completed
[08/08/2026 01:07:28] FASTIFY: request completed
[08/08/2026 01:07:28] FASTIFY: incoming request
[08/08/2026 01:07:28] Parents GET /miele/devices
[08/08/2026 01:07:29] FASTIFY: request completed
[08/08/2026 01:10:00] SID Mr8-3Y6YWFkYHYKQ
[08/08/2026 01:10:03] SID quiGhAMlgfVlxDsV
[08/08/2026 01:12:00] FASTIFY: incoming request
[08/08/2026 01:12:00] Parents POST /wash/list
[08/08/2026 01:12:00] FASTIFY: incoming request
[08/08/2026 01:12:00] Parents GET /mbtoday
[08/08/2026 01:12:00] FASTIFY: incoming request
[08/08/2026 01:12:00] FASTIFY: incoming request
[08/08/2026 01:12:00] Parents GET /miele/token
[08/08/2026 01:12:00] FASTIFY: request completed
[08/08/2026 01:12:00] FASTIFY: request completed
[08/08/2026 01:12:00] FASTIFY: request completed
[08/08/2026 01:12:00] FASTIFY: request completed
[08/08/2026 01:12:00] FASTIFY: incoming request
[08/08/2026 01:12:00] Parents GET /miele/devices
[08/08/2026 01:12:00] FASTIFY: request completed
[08/08/2026 01:15:00] SID quiGhAMlgfVlxDsV
[08/08/2026 01:15:03] SID gjamtpYaetBaPooG
[08/08/2026 01:20:00] SID gjamtpYaetBaPooG
[08/08/2026 01:20:02] SID 1a_xq9NvWzRvU_dH
[08/08/2026 01:25:00] SID 1a_xq9NvWzRvU_dH
[08/08/2026 01:25:01] SID IelZII-ma4nmyL-f
[08/08/2026 01:30:00] SID IelZII-ma4nmyL-f
[08/08/2026 01:30:05] SID Mb3RtYqqLs1qAbqW
[08/08/2026 01:35:00] SID Mb3RtYqqLs1qAbqW
[08/08/2026 01:35:03] SID cibipavmf89mxbv3
[08/08/2026 01:39:28] FASTIFY: incoming request
[08/08/2026 01:39:28] Parents GET /mbtoday
[08/08/2026 01:39:28] FASTIFY: incoming request
[08/08/2026 01:39:28] FASTIFY: incoming request
[08/08/2026 01:39:28] Parents POST /wash/list
[08/08/2026 01:39:28] FASTIFY: incoming request
[08/08/2026 01:39:28] Parents GET /miele/token
[08/08/2026 01:39:28] FASTIFY: request completed
[08/08/2026 01:39:28] FASTIFY: request completed
[08/08/2026 01:39:28] FASTIFY: request completed
[08/08/2026 01:39:28] FASTIFY: request completed
[08/08/2026 01:39:28] FASTIFY: incoming request
[08/08/2026 01:39:28] Parents GET /miele/devices
[08/08/2026 01:39:29] FASTIFY: request completed
[08/08/2026 01:40:00] SID cibipavmf89mxbv3
[08/08/2026 01:40:01] SID ab1ZmB7IGChIPBbE
[08/08/2026 01:44:00] FASTIFY: incoming request
[08/08/2026 01:44:00] Parents GET /mbtoday
[08/08/2026 01:44:00] FASTIFY: incoming request
[08/08/2026 01:44:00] FASTIFY: incoming request
[08/08/2026 01:44:00] Parents POST /wash/list
[08/08/2026 01:44:00] FASTIFY: incoming request
[08/08/2026 01:44:00] Parents GET /miele/token
[08/08/2026 01:44:00] FASTIFY: request completed
[08/08/2026 01:44:00] FASTIFY: request completed
[08/08/2026 01:44:00] FASTIFY: request completed
[08/08/2026 01:44:00] FASTIFY: request completed
[08/08/2026 01:44:00] FASTIFY: incoming request
[08/08/2026 01:44:00] Parents GET /miele/devices
[08/08/2026 01:44:00] FASTIFY: request completed
[08/08/2026 01:45:00] SID ab1ZmB7IGChIPBbE
[08/08/2026 01:45:01] SID v6_z0X8ICIoIOV8g
[08/08/2026 01:50:00] SID v6_z0X8ICIoIOV8g
[08/08/2026 01:50:01] SID tb6lDeIAPWfAvdI9
[08/08/2026 01:52:28] FASTIFY: incoming request
[08/08/2026 01:52:28] Parents GET /mbtoday
[08/08/2026 01:52:28] FASTIFY: incoming request
[08/08/2026 01:52:28] FASTIFY: incoming request
[08/08/2026 01:52:28] Parents GET /miele/token
[08/08/2026 01:52:28] FASTIFY: incoming request
[08/08/2026 01:52:28] Parents POST /wash/list
[08/08/2026 01:52:28] FASTIFY: request completed
[08/08/2026 01:52:28] FASTIFY: request completed
[08/08/2026 01:52:28] FASTIFY: request completed
[08/08/2026 01:52:28] FASTIFY: request completed
[08/08/2026 01:52:28] FASTIFY: incoming request
[08/08/2026 01:52:28] Parents GET /miele/devices
[08/08/2026 01:52:28] FASTIFY: request completed
[08/08/2026 01:55:00] SID tb6lDeIAPWfAvdI9
[08/08/2026 01:55:02] SID BzWXvs6R6klR3sKW
[08/08/2026 01:57:00] FASTIFY: incoming request
[08/08/2026 01:57:00] Parents POST /wash/list
[08/08/2026 01:57:00] FASTIFY: incoming request
[08/08/2026 01:57:00] Parents GET /mbtoday
[08/08/2026 01:57:00] FASTIFY: incoming request
[08/08/2026 01:57:00] FASTIFY: incoming request
[08/08/2026 01:57:00] Parents GET /miele/token
[08/08/2026 01:57:00] FASTIFY: request completed
[08/08/2026 01:57:00] FASTIFY: request completed
[08/08/2026 01:57:00] FASTIFY: request completed
[08/08/2026 01:57:00] FASTIFY: request completed
[08/08/2026 01:57:00] FASTIFY: incoming request
[08/08/2026 01:57:00] Parents GET /miele/devices
[08/08/2026 01:57:00] FASTIFY: request completed
[08/08/2026 02:00:00] SID BzWXvs6R6klR3sKW
[08/08/2026 02:00:03] SID QyWXJo_Vu_nVmovf
[08/08/2026 02:05:00] SID QyWXJo_Vu_nVmovf
[08/08/2026 02:05:01] SID R71bitLDyTRD-tbF
[08/08/2026 02:10:00] SID R71bitLDyTRD-tbF
[08/08/2026 02:10:01] SID gGHQgrcRoaJR2o8l
[08/08/2026 02:12:28] FASTIFY: incoming request
[08/08/2026 02:12:28] FASTIFY: incoming request
[08/08/2026 02:12:28] Parents GET /mbtoday
[08/08/2026 02:12:28] FASTIFY: incoming request
[08/08/2026 02:12:28] Parents POST /wash/list
[08/08/2026 02:12:28] FASTIFY: incoming request
[08/08/2026 02:12:28] Parents GET /miele/token
[08/08/2026 02:12:28] FASTIFY: request completed
[08/08/2026 02:12:28] FASTIFY: request completed
[08/08/2026 02:12:28] FASTIFY: request completed
[08/08/2026 02:12:28] FASTIFY: request completed
[08/08/2026 02:12:28] FASTIFY: incoming request
[08/08/2026 02:12:28] Parents GET /miele/devices
[08/08/2026 02:12:29] FASTIFY: request completed
[08/08/2026 02:15:00] SID gGHQgrcRoaJR2o8l
[08/08/2026 02:15:02] SID qr4uyBo9MSw9DCYB
[08/08/2026 02:17:00] FASTIFY: incoming request
[08/08/2026 02:17:00] Parents POST /wash/list
[08/08/2026 02:17:00] FASTIFY: incoming request
[08/08/2026 02:17:00] Parents GET /mbtoday
[08/08/2026 02:17:00] FASTIFY: incoming request
[08/08/2026 02:17:00] FASTIFY: incoming request
[08/08/2026 02:17:00] Parents GET /miele/token
[08/08/2026 02:17:00] FASTIFY: request completed
[08/08/2026 02:17:00] FASTIFY: request completed
[08/08/2026 02:17:00] FASTIFY: request completed
[08/08/2026 02:17:00] FASTIFY: request completed
[08/08/2026 02:17:00] FASTIFY: incoming request
[08/08/2026 02:17:00] Parents GET /miele/devices
[08/08/2026 02:17:00] FASTIFY: request completed
[08/08/2026 02:20:00] SID qr4uyBo9MSw9DCYB
[08/08/2026 02:20:00] SID 2a-1_z9iWnoi9zNi
[08/08/2026 02:25:00] SID 2a-1_z9iWnoi9zNi
[08/08/2026 02:25:01] SID BK_w6uOjuycj7vez
[08/08/2026 02:30:00] SID BK_w6uOjuycj7vez
[08/08/2026 02:30:02] SID J3N76PaUUxIUpMaj
[08/08/2026 02:31:28] FASTIFY: incoming request
[08/08/2026 02:31:28] Parents POST /wash/list
[08/08/2026 02:31:28] FASTIFY: incoming request
[08/08/2026 02:31:28] Parents GET /mbtoday
[08/08/2026 02:31:28] FASTIFY: incoming request
[08/08/2026 02:31:28] FASTIFY: incoming request
[08/08/2026 02:31:28] Parents GET /miele/token
[08/08/2026 02:31:28] FASTIFY: request completed
[08/08/2026 02:31:28] FASTIFY: request completed
[08/08/2026 02:31:28] FASTIFY: request completed
[08/08/2026 02:31:28] FASTIFY: request completed
[08/08/2026 02:31:28] FASTIFY: incoming request
[08/08/2026 02:31:28] Parents GET /miele/devices
[08/08/2026 02:31:29] FASTIFY: request completed
[08/08/2026 02:35:00] SID J3N76PaUUxIUpMaj
[08/08/2026 02:35:02] SID Uyc_g7fW5ZJWg4_l
[08/08/2026 02:36:00] FASTIFY: incoming request
[08/08/2026 02:36:00] Parents GET /mbtoday
[08/08/2026 02:36:00] FASTIFY: incoming request
[08/08/2026 02:36:00] FASTIFY: incoming request
[08/08/2026 02:36:00] Parents POST /wash/list
[08/08/2026 02:36:00] FASTIFY: incoming request
[08/08/2026 02:36:00] Parents GET /miele/token
[08/08/2026 02:36:00] FASTIFY: request completed
[08/08/2026 02:36:00] FASTIFY: request completed
[08/08/2026 02:36:00] FASTIFY: request completed
[08/08/2026 02:36:00] FASTIFY: request completed
[08/08/2026 02:36:00] FASTIFY: incoming request
[08/08/2026 02:36:00] Parents GET /miele/devices
[08/08/2026 02:36:00] FASTIFY: request completed
[08/08/2026 02:40:00] SID Uyc_g7fW5ZJWg4_l
[08/08/2026 02:40:01] SID fb3R_U7xWmkx9WLS
[08/08/2026 02:41:28] FASTIFY: incoming request
[08/08/2026 02:41:28] Parents POST /wash/list
[08/08/2026 02:41:28] FASTIFY: incoming request
[08/08/2026 02:41:28] Parents GET /mbtoday
[08/08/2026 02:41:28] FASTIFY: incoming request
[08/08/2026 02:41:28] FASTIFY: incoming request
[08/08/2026 02:41:28] Parents GET /miele/token
[08/08/2026 02:41:28] FASTIFY: request completed
[08/08/2026 02:41:28] FASTIFY: request completed
[08/08/2026 02:41:28] FASTIFY: request completed
[08/08/2026 02:41:28] FASTIFY: request completed
[08/08/2026 02:41:28] FASTIFY: incoming request
[08/08/2026 02:41:28] Parents GET /miele/devices
[08/08/2026 02:41:28] FASTIFY: request completed
[08/08/2026 02:45:00] SID fb3R_U7xWmkx9WLS
[08/08/2026 02:45:01] SID q6xLDC87SUv7TCM9
[08/08/2026 02:46:00] FASTIFY: incoming request
[08/08/2026 02:46:00] Parents POST /wash/list
[08/08/2026 02:46:00] FASTIFY: incoming request
[08/08/2026 02:46:00] Parents GET /mbtoday
[08/08/2026 02:46:00] FASTIFY: incoming request
[08/08/2026 02:46:00] FASTIFY: incoming request
[08/08/2026 02:46:00] Parents GET /miele/token
[08/08/2026 02:46:00] FASTIFY: request completed
[08/08/2026 02:46:00] FASTIFY: request completed
[08/08/2026 02:46:00] FASTIFY: request completed
[08/08/2026 02:46:00] FASTIFY: request completed
[08/08/2026 02:46:00] FASTIFY: incoming request
[08/08/2026 02:46:00] Parents GET /miele/devices
[08/08/2026 02:46:00] FASTIFY: request completed
[08/08/2026 02:50:00] SID q6xLDC87SUv7TCM9
[08/08/2026 02:50:00] SID x73TntJMGFRMNtJE
[08/08/2026 02:55:00] SID x73TntJMGFRMNtJE
[08/08/2026 02:55:05] SID LjTCEGK2RJf2mG68
[08/08/2026 02:57:29] FASTIFY: incoming request
[08/08/2026 02:57:29] Parents POST /wash/list
[08/08/2026 02:57:29] FASTIFY: incoming request
[08/08/2026 02:57:29] Parents GET /mbtoday
[08/08/2026 02:57:29] FASTIFY: incoming request
[08/08/2026 02:57:29] FASTIFY: incoming request
[08/08/2026 02:57:29] Parents GET /miele/token
[08/08/2026 02:57:29] FASTIFY: request completed
[08/08/2026 02:57:29] FASTIFY: request completed
[08/08/2026 02:57:29] FASTIFY: request completed
[08/08/2026 02:57:29] FASTIFY: request completed
[08/08/2026 02:57:29] FASTIFY: incoming request
[08/08/2026 02:57:29] Parents GET /miele/devices
[08/08/2026 02:57:29] FASTIFY: request completed
[08/08/2026 03:00:00] SID LjTCEGK2RJf2mG68
[08/08/2026 03:00:01] SID ICZoWKeUBAOUuIe4
[08/08/2026 03:02:00] FASTIFY: incoming request
[08/08/2026 03:02:00] Parents GET /mbtoday
[08/08/2026 03:02:00] FASTIFY: incoming request
[08/08/2026 03:02:00] FASTIFY: incoming request
[08/08/2026 03:02:00] Parents POST /wash/list
[08/08/2026 03:02:00] FASTIFY: incoming request
[08/08/2026 03:02:00] Parents GET /miele/token
[08/08/2026 03:02:00] FASTIFY: request completed
[08/08/2026 03:02:00] FASTIFY: request completed
[08/08/2026 03:02:00] FASTIFY: request completed
[08/08/2026 03:02:00] FASTIFY: request completed
[08/08/2026 03:02:00] FASTIFY: incoming request
[08/08/2026 03:02:00] Parents GET /miele/devices
[08/08/2026 03:02:00] FASTIFY: request completed
[08/08/2026 03:05:00] SID ICZoWKeUBAOUuIe4
[08/08/2026 03:05:00] SID Qb95uo7kqhlkTobW
[08/08/2026 03:10:00] SID Qb95uo7kqhlkTobW
[08/08/2026 03:10:04] SID hujCDtsRQXzRHvMN
[08/08/2026 03:15:00] SID hujCDtsRQXzRHvMN
[08/08/2026 03:15:00] SID q78_VAYMaPGMyCoY
[08/08/2026 03:17:28] FASTIFY: incoming request
[08/08/2026 03:17:28] Parents POST /wash/list
[08/08/2026 03:17:28] FASTIFY: incoming request
[08/08/2026 03:17:28] Parents GET /mbtoday
[08/08/2026 03:17:28] FASTIFY: incoming request
[08/08/2026 03:17:28] FASTIFY: incoming request
[08/08/2026 03:17:28] Parents GET /miele/token
[08/08/2026 03:17:28] FASTIFY: request completed
[08/08/2026 03:17:28] FASTIFY: request completed
[08/08/2026 03:17:28] FASTIFY: request completed
[08/08/2026 03:17:28] FASTIFY: request completed
[08/08/2026 03:17:28] FASTIFY: incoming request
[08/08/2026 03:17:28] Parents GET /miele/devices
[08/08/2026 03:17:29] FASTIFY: request completed
[08/08/2026 03:20:00] SID q78_VAYMaPGMyCoY
[08/08/2026 03:20:04] SID 02EfC49OOQnO_6dd
[08/08/2026 03:22:00] FASTIFY: incoming request
[08/08/2026 03:22:00] Parents POST /wash/list
[08/08/2026 03:22:00] FASTIFY: incoming request
[08/08/2026 03:22:00] Parents GET /mbtoday
[08/08/2026 03:22:00] FASTIFY: incoming request
[08/08/2026 03:22:00] FASTIFY: request completed
[08/08/2026 03:22:00] FASTIFY: request completed
[08/08/2026 03:22:00] FASTIFY: request completed
[08/08/2026 03:22:00] FASTIFY: incoming request
[08/08/2026 03:22:00] Parents GET /miele/token
[08/08/2026 03:22:00] FASTIFY: request completed
[08/08/2026 03:22:00] FASTIFY: incoming request
[08/08/2026 03:22:00] Parents GET /miele/devices
[08/08/2026 03:22:00] FASTIFY: request completed
[08/08/2026 03:25:00] SID 02EfC49OOQnO_6dd
[08/08/2026 03:25:03] SID B8jDou2tS5ttys23
[08/08/2026 03:30:00] SID B8jDou2tS5ttys23
[08/08/2026 03:30:03] SID Ib7hgLaFsYJFTK6l
[08/08/2026 03:35:00] SID Ib7hgLaFsYJFTK6l
[08/08/2026 03:35:02] SID Qibi4ofE-5EEWq_T
[08/08/2026 03:37:28] FASTIFY: incoming request
[08/08/2026 03:37:28] Parents GET /miele/token
[08/08/2026 03:37:28] FASTIFY: incoming request
[08/08/2026 03:37:28] Parents POST /wash/list
[08/08/2026 03:37:28] FASTIFY: incoming request
[08/08/2026 03:37:28] Parents GET /mbtoday
[08/08/2026 03:37:28] FASTIFY: incoming request
[08/08/2026 03:37:28] FASTIFY: request completed
[08/08/2026 03:37:28] FASTIFY: incoming request
[08/08/2026 03:37:28] Parents GET /miele/devices
[08/08/2026 03:37:28] FASTIFY: request completed
[08/08/2026 03:37:28] FASTIFY: request completed
[08/08/2026 03:37:28] FASTIFY: request completed
[08/08/2026 03:37:29] FASTIFY: request completed
[08/08/2026 03:40:00] SID Qibi4ofE-5EEWq_T
[08/08/2026 03:40:01] SID jfu1dmIyWseyAlo6
[08/08/2026 03:42:00] FASTIFY: incoming request
[08/08/2026 03:42:00] Parents POST /wash/list
[08/08/2026 03:42:00] FASTIFY: incoming request
[08/08/2026 03:42:00] Parents GET /mbtoday
[08/08/2026 03:42:00] FASTIFY: incoming request
[08/08/2026 03:42:00] FASTIFY: incoming request
[08/08/2026 03:42:00] Parents GET /miele/token
[08/08/2026 03:42:00] FASTIFY: request completed
[08/08/2026 03:42:00] FASTIFY: request completed
[08/08/2026 03:42:00] FASTIFY: request completed
[08/08/2026 03:42:00] FASTIFY: request completed
[08/08/2026 03:42:00] FASTIFY: incoming request
[08/08/2026 03:42:00] Parents GET /miele/devices
[08/08/2026 03:42:01] FASTIFY: request completed
[08/08/2026 03:45:00] SID jfu1dmIyWseyAlo6
[08/08/2026 03:45:01] SID mqxKLw8xH0nxNxMf
[08/08/2026 03:50:00] SID mqxKLw8xH0nxNxMf
[08/08/2026 03:50:03] SID 7XPxvG5H-mtHUGJ2
[08/08/2026 03:55:00] SID 7XPxvG5H-mtHUGJ2
[08/08/2026 03:55:00] SID 7qzCaG9ROxuRLHd7
[08/08/2026 03:57:28] FASTIFY: incoming request
[08/08/2026 03:57:28] Parents GET /mbtoday
[08/08/2026 03:57:28] FASTIFY: incoming request
[08/08/2026 03:57:28] FASTIFY: incoming request
[08/08/2026 03:57:28] Parents POST /wash/list
[08/08/2026 03:57:28] FASTIFY: incoming request
[08/08/2026 03:57:28] Parents GET /miele/token
[08/08/2026 03:57:28] FASTIFY: request completed
[08/08/2026 03:57:28] FASTIFY: request completed
[08/08/2026 03:57:28] FASTIFY: request completed
[08/08/2026 03:57:28] FASTIFY: request completed
[08/08/2026 03:57:29] FASTIFY: incoming request
[08/08/2026 03:57:29] Parents GET /miele/devices
[08/08/2026 03:57:29] FASTIFY: request completed
[08/08/2026 04:00:00] SID 7qzCaG9ROxuRLHd7
[08/08/2026 04:00:03] SID DCc81mepiNMpokuw
[08/08/2026 04:02:00] FASTIFY: incoming request
[08/08/2026 04:02:00] Parents GET /mbtoday
[08/08/2026 04:02:00] FASTIFY: incoming request
[08/08/2026 04:02:00] FASTIFY: incoming request
[08/08/2026 04:02:00] Parents POST /wash/list
[08/08/2026 04:02:00] FASTIFY: incoming request
[08/08/2026 04:02:00] Parents GET /miele/token
[08/08/2026 04:02:00] FASTIFY: request completed
[08/08/2026 04:02:00] FASTIFY: request completed
[08/08/2026 04:02:00] FASTIFY: request completed
[08/08/2026 04:02:00] FASTIFY: request completed
[08/08/2026 04:02:00] FASTIFY: incoming request
[08/08/2026 04:02:00] Parents GET /miele/devices
[08/08/2026 04:02:00] FASTIFY: request completed
[08/08/2026 04:05:00] SID DCc81mepiNMpokuw
[08/08/2026 04:05:03] SID Vje2G8LolAXou8bc
[08/08/2026 04:10:00] SID Vje2G8LolAXou8bc
[08/08/2026 04:10:02] SID XmDCF2PrAPfrj0v8
[08/08/2026 04:15:00] SID XmDCF2PrAPfrj0v8
[08/08/2026 04:15:03] SID tvnSmcI3eBV3NdYU
[08/08/2026 04:20:00] SID tvnSmcI3eBV3NdYU
[08/08/2026 04:20:03] SID xCd4itNkCSRkCsdF
[08/08/2026 04:25:00] SID xCd4itNkCSRkCsdF
[08/08/2026 04:25:01] SID CI0czg2I-UkIwiGR
[08/08/2026 04:29:28] FASTIFY: incoming request
[08/08/2026 04:29:28] Parents GET /mbtoday
[08/08/2026 04:29:28] FASTIFY: incoming request
[08/08/2026 04:29:28] FASTIFY: incoming request
[08/08/2026 04:29:28] Parents POST /wash/list
[08/08/2026 04:29:28] FASTIFY: incoming request
[08/08/2026 04:29:28] Parents GET /miele/token
[08/08/2026 04:29:28] FASTIFY: request completed
[08/08/2026 04:29:28] FASTIFY: request completed
[08/08/2026 04:29:28] FASTIFY: request completed
[08/08/2026 04:29:28] FASTIFY: request completed
[08/08/2026 04:29:29] FASTIFY: incoming request
[08/08/2026 04:29:29] Parents GET /miele/devices
[08/08/2026 04:29:29] FASTIFY: request completed
[08/08/2026 04:30:00] SID CI0czg2I-UkIwiGR
[08/08/2026 04:30:01] SID FbwNT-acuWOcl_K5
[08/08/2026 04:34:00] FASTIFY: incoming request
[08/08/2026 04:34:00] FASTIFY: incoming request
[08/08/2026 04:34:00] Parents GET /mbtoday
[08/08/2026 04:34:00] FASTIFY: incoming request
[08/08/2026 04:34:00] Parents POST /wash/list
[08/08/2026 04:34:00] FASTIFY: incoming request
[08/08/2026 04:34:00] Parents GET /miele/token
[08/08/2026 04:34:00] FASTIFY: request completed
[08/08/2026 04:34:00] FASTIFY: request completed
[08/08/2026 04:34:00] FASTIFY: request completed
[08/08/2026 04:34:00] FASTIFY: request completed
[08/08/2026 04:34:00] FASTIFY: incoming request
[08/08/2026 04:34:00] Parents GET /miele/devices
[08/08/2026 04:34:00] FASTIFY: request completed
[08/08/2026 04:35:00] SID FbwNT-acuWOcl_K5
[08/08/2026 04:35:01] SID ICYsFIuXVN3XLLuc
[08/08/2026 04:40:00] SID ICYsFIuXVN3XLLuc
[08/08/2026 04:40:02] SID hr5qbvojY26jZsIr
[08/08/2026 04:45:00] SID hr5qbvojY26jZsIr
[08/08/2026 04:45:00] SID eq1aSTPG2RaGASfp
[08/08/2026 04:50:00] SID eq1aSTPG2RaGASfp
[08/08/2026 04:50:00] SID 274vayprWz-r3wZ7
[08/08/2026 04:51:28] FASTIFY: incoming request
[08/08/2026 04:51:28] Parents POST /wash/list
[08/08/2026 04:51:28] FASTIFY: incoming request
[08/08/2026 04:51:28] Parents GET /mbtoday
[08/08/2026 04:51:28] FASTIFY: incoming request
[08/08/2026 04:51:28] FASTIFY: incoming request
[08/08/2026 04:51:28] Parents GET /miele/token
[08/08/2026 04:51:28] FASTIFY: request completed
[08/08/2026 04:51:29] FASTIFY: request completed
[08/08/2026 04:51:29] FASTIFY: request completed
[08/08/2026 04:51:29] FASTIFY: request completed
[08/08/2026 04:51:29] FASTIFY: incoming request
[08/08/2026 04:51:29] Parents GET /miele/devices
[08/08/2026 04:51:29] FASTIFY: request completed
[08/08/2026 04:55:00] SID 274vayprWz-r3wZ7
[08/08/2026 04:55:02] SID 7CakQH9UmYqUJH9p
[08/08/2026 04:56:00] FASTIFY: incoming request
[08/08/2026 04:56:00] Parents POST /wash/list
[08/08/2026 04:56:00] FASTIFY: incoming request
[08/08/2026 04:56:00] Parents GET /mbtoday
[08/08/2026 04:56:00] FASTIFY: incoming request
[08/08/2026 04:56:00] FASTIFY: incoming request
[08/08/2026 04:56:00] Parents GET /miele/token
[08/08/2026 04:56:00] FASTIFY: request completed
[08/08/2026 04:56:00] FASTIFY: request completed
[08/08/2026 04:56:00] FASTIFY: request completed
[08/08/2026 04:56:00] FASTIFY: request completed
[08/08/2026 04:56:01] FASTIFY: incoming request
[08/08/2026 04:56:01] Parents GET /miele/devices
[08/08/2026 04:56:01] FASTIFY: request completed
[08/08/2026 05:00:00] SID 7CakQH9UmYqUJH9p
[08/08/2026 05:00:01] SID QY95Up3vmJivko3I
[08/08/2026 05:02:28] FASTIFY: incoming request
[08/08/2026 05:02:28] Parents POST /wash/list
[08/08/2026 05:02:28] FASTIFY: incoming request
[08/08/2026 05:02:28] Parents GET /mbtoday
[08/08/2026 05:02:28] FASTIFY: incoming request
[08/08/2026 05:02:28] FASTIFY: incoming request
[08/08/2026 05:02:28] Parents GET /miele/token
[08/08/2026 05:02:28] FASTIFY: request completed
[08/08/2026 05:02:28] FASTIFY: request completed
[08/08/2026 05:02:28] FASTIFY: request completed
[08/08/2026 05:02:28] FASTIFY: request completed
[08/08/2026 05:02:28] FASTIFY: incoming request
[08/08/2026 05:02:28] Parents GET /miele/devices
[08/08/2026 05:02:29] FASTIFY: request completed
[08/08/2026 05:05:00] SID QY95Up3vmJivko3I
[08/08/2026 05:05:02] SID Vb5pL8bPI1HPh-Lf
[08/08/2026 05:07:00] FASTIFY: incoming request
[08/08/2026 05:07:00] Parents POST /wash/list
[08/08/2026 05:07:00] FASTIFY: incoming request
[08/08/2026 05:07:00] Parents GET /mbtoday
[08/08/2026 05:07:00] FASTIFY: incoming request
[08/08/2026 05:07:00] FASTIFY: incoming request
[08/08/2026 05:07:00] Parents GET /miele/token
[08/08/2026 05:07:00] FASTIFY: request completed
[08/08/2026 05:07:00] FASTIFY: request completed
[08/08/2026 05:07:00] FASTIFY: request completed
[08/08/2026 05:07:00] FASTIFY: request completed
[08/08/2026 05:07:00] FASTIFY: incoming request
[08/08/2026 05:07:00] Parents GET /miele/devices
[08/08/2026 05:07:01] FASTIFY: request completed
[08/08/2026 05:10:00] SID Vb5pL8bPI1HPh-Lf
[08/08/2026 05:10:01] SID N66nIcuvm63vgc-f
[08/08/2026 05:13:28] FASTIFY: incoming request
[08/08/2026 05:13:28] Parents POST /wash/list
[08/08/2026 05:13:28] FASTIFY: incoming request
[08/08/2026 05:13:28] Parents GET /mbtoday
[08/08/2026 05:13:28] FASTIFY: incoming request
[08/08/2026 05:13:28] FASTIFY: incoming request
[08/08/2026 05:13:28] Parents GET /miele/token
[08/08/2026 05:13:28] FASTIFY: request completed
[08/08/2026 05:13:28] FASTIFY: request completed
[08/08/2026 05:13:28] FASTIFY: request completed
[08/08/2026 05:13:28] FASTIFY: request completed
[08/08/2026 05:13:28] FASTIFY: incoming request
[08/08/2026 05:13:28] Parents GET /miele/devices
[08/08/2026 05:13:29] FASTIFY: request completed
[08/08/2026 05:15:00] SID N66nIcuvm63vgc-f
[08/08/2026 05:15:01] SID q77jBCI8Kef8vBo9
[08/08/2026 05:18:00] FASTIFY: incoming request
[08/08/2026 05:18:00] Parents POST /wash/list
[08/08/2026 05:18:00] FASTIFY: incoming request
[08/08/2026 05:18:00] Parents GET /mbtoday
[08/08/2026 05:18:00] FASTIFY: incoming request
[08/08/2026 05:18:00] FASTIFY: incoming request
[08/08/2026 05:18:00] Parents GET /miele/token
[08/08/2026 05:18:00] FASTIFY: request completed
[08/08/2026 05:18:00] FASTIFY: request completed
[08/08/2026 05:18:00] FASTIFY: request completed
[08/08/2026 05:18:00] FASTIFY: request completed
[08/08/2026 05:18:00] FASTIFY: incoming request
[08/08/2026 05:18:00] Parents GET /miele/devices
[08/08/2026 05:18:00] FASTIFY: request completed
[08/08/2026 05:20:00] SID q77jBCI8Kef8vBo9
[08/08/2026 05:20:01] SID ma_xjwMLWWVLMyMV
[08/08/2026 05:25:00] SID ma_xjwMLWWVLMyMV
[08/08/2026 05:25:00] SID E41bZ72zS_qzu5mr
[08/08/2026 05:30:00] SID E41bZ72zS_qzu5mr
[08/08/2026 05:30:02] SID DL6k-m6PbgsPdmay
[08/08/2026 05:35:00] SID DL6k-m6PbgsPdmay
[08/08/2026 05:35:03] SID jY4tPl0vjljvckEO
[08/08/2026 05:37:28] FASTIFY: incoming request
[08/08/2026 05:37:28] Parents GET /mbtoday
[08/08/2026 05:37:28] FASTIFY: incoming request
[08/08/2026 05:37:28] FASTIFY: incoming request
[08/08/2026 05:37:28] Parents POST /wash/list
[08/08/2026 05:37:28] FASTIFY: incoming request
[08/08/2026 05:37:28] Parents GET /miele/token
[08/08/2026 05:37:28] FASTIFY: request completed
[08/08/2026 05:37:28] FASTIFY: request completed
[08/08/2026 05:37:28] FASTIFY: request completed
[08/08/2026 05:37:28] FASTIFY: request completed
[08/08/2026 05:37:28] FASTIFY: incoming request
[08/08/2026 05:37:28] Parents GET /miele/devices
[08/08/2026 05:37:29] FASTIFY: request completed
[08/08/2026 05:40:00] SID jY4tPl0vjljvckEO
[08/08/2026 05:40:02] SID gb1ZAoYoEZHoEo4d
[08/08/2026 05:42:00] FASTIFY: incoming request
[08/08/2026 05:42:00] Parents POST /wash/list
[08/08/2026 05:42:00] FASTIFY: incoming request
[08/08/2026 05:42:00] Parents GET /mbtoday
[08/08/2026 05:42:00] FASTIFY: incoming request
[08/08/2026 05:42:00] FASTIFY: incoming request
[08/08/2026 05:42:00] Parents GET /miele/token
[08/08/2026 05:42:00] FASTIFY: request completed
[08/08/2026 05:42:00] FASTIFY: request completed
[08/08/2026 05:42:00] FASTIFY: request completed
[08/08/2026 05:42:00] FASTIFY: request completed
[08/08/2026 05:42:00] FASTIFY: incoming request
[08/08/2026 05:42:00] Parents GET /miele/devices
[08/08/2026 05:42:01] FASTIFY: request completed
[08/08/2026 05:45:00] SID gb1ZAoYoEZHoEo4d
[08/08/2026 05:45:00] SID Va1Zu9P4qhR4G9fG
[08/08/2026 05:50:00] SID Va1Zu9P4qhR4G9fG
[08/08/2026 05:50:03] SID 5r-2LPJ7D2b7LNJv
[08/08/2026 05:55:00] SID 5r-2LPJ7D2b7LNJv
[08/08/2026 05:55:01] SID xK0cbsdlW3Gl9sNb
[08/08/2026 06:00:00] SID xK0cbsdlW3Gl9sNb
[08/08/2026 06:00:01] SID UASEm5HbhDRbF7XE
[08/08/2026 06:05:00] SID UASEm5HbhDRbF7XE
[08/08/2026 06:05:01] SID KL7gHCKoeFfoKAK8
[08/08/2026 06:10:00] SID KL7gHCKoeFfoKAK8
[08/08/2026 06:10:02] SID JCVYZPOXK9aXwPur
[08/08/2026 06:15:00] SID JCVYZPOXK9aXwPur
[08/08/2026 06:15:01] SID n7yH53ohq94hr0oj
[08/08/2026 06:20:00] SID n7yH53ohq94hr0oj
[08/08/2026 06:20:03] SID hWEdYscJ04GJLu8b
[08/08/2026 06:22:28] FASTIFY: incoming request
[08/08/2026 06:22:28] Parents GET /mbtoday
[08/08/2026 06:22:28] FASTIFY: incoming request
[08/08/2026 06:22:28] FASTIFY: incoming request
[08/08/2026 06:22:28] Parents POST /wash/list
[08/08/2026 06:22:28] FASTIFY: incoming request
[08/08/2026 06:22:28] Parents GET /miele/token
[08/08/2026 06:22:28] FASTIFY: request completed
[08/08/2026 06:22:28] FASTIFY: request completed
[08/08/2026 06:22:28] FASTIFY: request completed
[08/08/2026 06:22:28] FASTIFY: request completed
[08/08/2026 06:22:28] FASTIFY: incoming request
[08/08/2026 06:22:28] Parents GET /miele/devices
[08/08/2026 06:22:29] FASTIFY: request completed
[08/08/2026 06:25:00] SID hWEdYscJ04GJLu8b
[08/08/2026 06:25:03] SID Kgd6UDWZGJKZKD2o
[08/08/2026 06:27:00] FASTIFY: incoming request
[08/08/2026 06:27:00] Parents POST /wash/list
[08/08/2026 06:27:00] FASTIFY: incoming request
[08/08/2026 06:27:00] Parents GET /mbtoday
[08/08/2026 06:27:00] FASTIFY: incoming request
[08/08/2026 06:27:00] FASTIFY: incoming request
[08/08/2026 06:27:00] Parents GET /miele/token
[08/08/2026 06:27:00] FASTIFY: request completed
[08/08/2026 06:27:00] FASTIFY: request completed
[08/08/2026 06:27:00] FASTIFY: request completed
[08/08/2026 06:27:00] FASTIFY: request completed
[08/08/2026 06:27:00] FASTIFY: incoming request
[08/08/2026 06:27:00] Parents GET /miele/devices
[08/08/2026 06:27:01] FASTIFY: request completed
[08/08/2026 06:30:00] SID Kgd6UDWZGJKZKD2o
[08/08/2026 06:30:01] SID 6a95DA9AeUnAzCNd
[08/08/2026 06:35:00] SID 6a95DA9AeUnAzCNd
[08/08/2026 06:35:00] SID gY894oUdy4EdEr0T
[08/08/2026 06:38:28] FASTIFY: incoming request
[08/08/2026 06:38:28] Parents GET /miele/token
[08/08/2026 06:38:28] FASTIFY: incoming request
[08/08/2026 06:38:28] Parents POST /wash/list
[08/08/2026 06:38:28] FASTIFY: incoming request
[08/08/2026 06:38:28] Parents GET /mbtoday
[08/08/2026 06:38:28] FASTIFY: incoming request
[08/08/2026 06:38:28] FASTIFY: request completed
[08/08/2026 06:38:28] FASTIFY: request completed
[08/08/2026 06:38:28] FASTIFY: request completed
[08/08/2026 06:38:28] FASTIFY: request completed
[08/08/2026 06:38:28] FASTIFY: incoming request
[08/08/2026 06:38:28] Parents GET /miele/devices
[08/08/2026 06:38:29] FASTIFY: request completed
[08/08/2026 06:40:00] SID gY894oUdy4EdEr0T
[08/08/2026 06:40:00] SID Wb_xUwb2WLG2qx7Y
[08/08/2026 06:43:00] FASTIFY: incoming request
[08/08/2026 06:43:00] Parents POST /wash/list
[08/08/2026 06:43:00] FASTIFY: incoming request
[08/08/2026 06:43:00] Parents GET /mbtoday
[08/08/2026 06:43:00] FASTIFY: incoming request
[08/08/2026 06:43:00] FASTIFY: incoming request
[08/08/2026 06:43:00] Parents GET /miele/token
[08/08/2026 06:43:00] FASTIFY: request completed
[08/08/2026 06:43:00] FASTIFY: request completed
[08/08/2026 06:43:00] FASTIFY: request completed
[08/08/2026 06:43:00] FASTIFY: request completed
[08/08/2026 06:43:00] FASTIFY: incoming request
[08/08/2026 06:43:00] Parents GET /miele/devices
[08/08/2026 06:43:01] FASTIFY: request completed
[08/08/2026 06:45:00] SID Wb_xUwb2WLG2qx7Y
[08/08/2026 06:45:02] SID Q60f7o_SA0kS_rPT
[08/08/2026 06:50:00] SID Q60f7o_SA0kS_rPT
[08/08/2026 06:50:01] SID z7zD-mpaGh8afnZy
[08/08/2026 06:55:00] SID z7zD-mpaGh8afnZy
[08/08/2026 06:55:02] SID saxJkZ8mwKhmtY8E
[08/08/2026 07:00:00] SID saxJkZ8mwKhmtY8E
[08/08/2026 07:00:03] SID ZgbioPXGq5JGuO3n
[08/08/2026 07:05:00] SID ZgbioPXGq5JGuO3n
[08/08/2026 07:05:04] SID MnIuVZKJ2NSJcaqI
[08/08/2026 07:10:00] SID MnIuVZKJ2NSJcaqI
[08/08/2026 07:10:05] SID FWN5q_eS4zJSz_en
[08/08/2026 07:13:28] FASTIFY: incoming request
[08/08/2026 07:13:28] Parents POST /wash/list
[08/08/2026 07:13:28] FASTIFY: incoming request
[08/08/2026 07:13:28] Parents GET /mbtoday
[08/08/2026 07:13:28] FASTIFY: incoming request
[08/08/2026 07:13:28] FASTIFY: incoming request
[08/08/2026 07:13:28] Parents GET /miele/token
[08/08/2026 07:13:28] FASTIFY: request completed
[08/08/2026 07:13:28] FASTIFY: request completed
[08/08/2026 07:13:28] FASTIFY: request completed
[08/08/2026 07:13:28] FASTIFY: request completed
[08/08/2026 07:13:28] FASTIFY: incoming request
[08/08/2026 07:13:28] Parents GET /miele/devices
[08/08/2026 07:13:29] FASTIFY: request completed
[08/08/2026 07:15:00] SID FWN5q_eS4zJSz_en
[08/08/2026 07:15:01] SID ir96ejIjOiaj3gYq
[08/08/2026 07:18:00] FASTIFY: incoming request
[08/08/2026 07:18:00] Parents POST /wash/list
[08/08/2026 07:18:00] FASTIFY: incoming request
[08/08/2026 07:18:00] Parents GET /mbtoday
[08/08/2026 07:18:00] FASTIFY: incoming request
[08/08/2026 07:18:00] FASTIFY: incoming request
[08/08/2026 07:18:00] Parents GET /miele/token
[08/08/2026 07:18:00] FASTIFY: request completed
[08/08/2026 07:18:00] FASTIFY: request completed
[08/08/2026 07:18:00] FASTIFY: request completed
[08/08/2026 07:18:00] FASTIFY: request completed
[08/08/2026 07:18:00] FASTIFY: incoming request
[08/08/2026 07:18:00] Parents GET /miele/devices
[08/08/2026 07:18:00] FASTIFY: request completed
[08/08/2026 07:20:00] SID ir96ejIjOiaj3gYq
[08/08/2026 07:20:09] SID q6-3rD8qm1pqXAMn
[08/08/2026 07:25:00] SID q6-3rD8qm1pqXAMn
[08/08/2026 07:25:05] SID NY6lLdGWW0TWlfGP
[08/08/2026 07:27:28] FASTIFY: incoming request
[08/08/2026 07:27:28] Parents POST /wash/list
[08/08/2026 07:27:28] FASTIFY: incoming request
[08/08/2026 07:27:28] Parents GET /mbtoday
[08/08/2026 07:27:28] FASTIFY: incoming request
[08/08/2026 07:27:28] FASTIFY: incoming request
[08/08/2026 07:27:28] Parents GET /miele/token
[08/08/2026 07:27:28] FASTIFY: request completed
[08/08/2026 07:27:28] FASTIFY: request completed
[08/08/2026 07:27:28] FASTIFY: request completed
[08/08/2026 07:27:28] FASTIFY: request completed
[08/08/2026 07:27:28] FASTIFY: incoming request
[08/08/2026 07:27:28] Parents GET /miele/devices
[08/08/2026 07:27:29] FASTIFY: request completed
[08/08/2026 07:30:00] SID NY6lLdGWW0TWlfGP
[08/08/2026 07:30:02] SID 0Okca4tVay2Vo7db
[08/08/2026 07:32:00] FASTIFY: incoming request
[08/08/2026 07:32:00] Parents POST /wash/list
[08/08/2026 07:32:00] FASTIFY: incoming request
[08/08/2026 07:32:00] Parents GET /mbtoday
[08/08/2026 07:32:00] FASTIFY: request completed
[08/08/2026 07:32:00] FASTIFY: request completed
[08/08/2026 07:32:00] FASTIFY: incoming request
[08/08/2026 07:32:00] FASTIFY: incoming request
[08/08/2026 07:32:00] Parents GET /miele/token
[08/08/2026 07:32:00] FASTIFY: request completed
[08/08/2026 07:32:00] FASTIFY: request completed
[08/08/2026 07:32:00] FASTIFY: incoming request
[08/08/2026 07:32:00] Parents GET /miele/devices
[08/08/2026 07:32:00] FASTIFY: request completed
[08/08/2026 07:35:00] SID 0Okca4tVay2Vo7db
[08/08/2026 07:35:04] SID sYyFUbUxuIKxFY0o
[08/08/2026 07:37:28] FASTIFY: incoming request
[08/08/2026 07:37:28] Parents POST /wash/list
[08/08/2026 07:37:28] FASTIFY: incoming request
[08/08/2026 07:37:28] Parents GET /mbtoday
[08/08/2026 07:37:28] FASTIFY: incoming request
[08/08/2026 07:37:28] FASTIFY: request completed
[08/08/2026 07:37:28] FASTIFY: incoming request
[08/08/2026 07:37:28] Parents GET /miele/token
[08/08/2026 07:37:28] FASTIFY: request completed
[08/08/2026 07:37:28] FASTIFY: request completed
[08/08/2026 07:37:28] FASTIFY: request completed
[08/08/2026 07:37:28] FASTIFY: incoming request
[08/08/2026 07:37:28] Parents GET /miele/devices
[08/08/2026 07:37:28] FASTIFY: request completed
[08/08/2026 07:40:00] SID sYyFUbUxuIKxFY0o
[08/08/2026 07:40:08] SID lHGUT94gWVigC9IJ
[08/08/2026 07:42:00] FASTIFY: incoming request
[08/08/2026 07:42:00] Parents POST /wash/list
[08/08/2026 07:42:00] FASTIFY: incoming request
[08/08/2026 07:42:00] Parents GET /mbtoday
[08/08/2026 07:42:00] FASTIFY: incoming request
[08/08/2026 07:42:00] FASTIFY: incoming request
[08/08/2026 07:42:00] Parents GET /miele/token
[08/08/2026 07:42:00] FASTIFY: request completed
[08/08/2026 07:42:00] FASTIFY: request completed
[08/08/2026 07:42:00] FASTIFY: request completed
[08/08/2026 07:42:00] FASTIFY: incoming request
[08/08/2026 07:42:00] Parents GET /miele/devices
[08/08/2026 07:42:00] FASTIFY: request completed
[08/08/2026 07:42:00] FASTIFY: request completed
[08/08/2026 07:45:00] SID lHGUT94gWVigC9IJ
[08/08/2026 07:45:01] SID AKxIjqeCOVNCLrO1
[08/08/2026 07:49:28] FASTIFY: incoming request
[08/08/2026 07:49:28] Parents POST /wash/list
[08/08/2026 07:49:28] FASTIFY: incoming request
[08/08/2026 07:49:28] Parents GET /mbtoday
[08/08/2026 07:49:28] FASTIFY: incoming request
[08/08/2026 07:49:28] FASTIFY: incoming request
[08/08/2026 07:49:28] Parents GET /miele/token
[08/08/2026 07:49:28] FASTIFY: request completed
[08/08/2026 07:49:28] FASTIFY: request completed
[08/08/2026 07:49:28] FASTIFY: request completed
[08/08/2026 07:49:28] FASTIFY: request completed
[08/08/2026 07:49:28] FASTIFY: incoming request
[08/08/2026 07:49:28] Parents GET /miele/devices
[08/08/2026 07:49:28] FASTIFY: request completed
[08/08/2026 07:50:00] SID AKxIjqeCOVNCLrO1
[08/08/2026 07:50:07] SID _HAMLUJFM2XFXXJf
[08/08/2026 07:54:00] FASTIFY: incoming request
[08/08/2026 07:54:00] Parents POST /wash/list
[08/08/2026 07:54:00] FASTIFY: incoming request
[08/08/2026 07:54:00] Parents GET /mbtoday
[08/08/2026 07:54:00] FASTIFY: incoming request
[08/08/2026 07:54:00] FASTIFY: incoming request
[08/08/2026 07:54:00] Parents GET /miele/token
[08/08/2026 07:54:00] FASTIFY: request completed
[08/08/2026 07:54:00] FASTIFY: request completed
[08/08/2026 07:54:00] FASTIFY: request completed
[08/08/2026 07:54:00] FASTIFY: request completed
[08/08/2026 07:54:00] FASTIFY: incoming request
[08/08/2026 07:54:00] Parents GET /miele/devices
[08/08/2026 07:54:00] FASTIFY: request completed
[08/08/2026 07:55:00] SID _HAMLUJFM2XFXXJf
[08/08/2026 08:00:00] SID _HAMLUJFM2XFXXJf
[08/08/2026 08:00:02] SID SY1ZohH036R0Vg3H
[08/08/2026 08:00:28] FASTIFY: incoming request
[08/08/2026 08:00:28] Parents POST /wash/list
[08/08/2026 08:00:28] FASTIFY: incoming request
[08/08/2026 08:00:28] Parents GET /mbtoday
[08/08/2026 08:00:28] FASTIFY: incoming request
[08/08/2026 08:00:28] FASTIFY: incoming request
[08/08/2026 08:00:28] Parents GET /miele/token
[08/08/2026 08:00:28] FASTIFY: request completed
[08/08/2026 08:00:28] FASTIFY: request completed
[08/08/2026 08:00:28] FASTIFY: request completed
[08/08/2026 08:00:28] FASTIFY: request completed
[08/08/2026 08:00:28] FASTIFY: incoming request
[08/08/2026 08:00:28] Parents GET /miele/devices
[08/08/2026 08:00:29] FASTIFY: request completed
[08/08/2026 08:05:00] SID SY1ZohH036R0Vg3H
[08/08/2026 08:05:00] FASTIFY: incoming request
[08/08/2026 08:05:00] Parents POST /wash/list
[08/08/2026 08:05:00] FASTIFY: incoming request
[08/08/2026 08:05:00] Parents GET /mbtoday
[08/08/2026 08:05:00] FASTIFY: incoming request
[08/08/2026 08:05:00] FASTIFY: incoming request
[08/08/2026 08:05:00] Parents GET /miele/token
[08/08/2026 08:05:00] FASTIFY: request completed
[08/08/2026 08:05:00] FASTIFY: request completed
[08/08/2026 08:05:00] FASTIFY: request completed
[08/08/2026 08:05:00] FASTIFY: request completed
[08/08/2026 08:05:00] FASTIFY: incoming request
[08/08/2026 08:05:00] Parents GET /miele/devices
[08/08/2026 08:05:00] FASTIFY: request completed
[08/08/2026 08:05:03] SID GvpqpyKNU-dNzzq3
[08/08/2026 08:10:00] SID GvpqpyKNU-dNzzq3
[08/08/2026 08:10:01] SID wY95IpFuu7Tuwp1P
[08/08/2026 08:13:28] FASTIFY: incoming request
[08/08/2026 08:13:28] Parents POST /wash/list
[08/08/2026 08:13:28] FASTIFY: incoming request
[08/08/2026 08:13:28] Parents GET /mbtoday
[08/08/2026 08:13:28] FASTIFY: incoming request
[08/08/2026 08:13:28] FASTIFY: incoming request
[08/08/2026 08:13:28] Parents GET /miele/token
[08/08/2026 08:13:28] FASTIFY: request completed
[08/08/2026 08:13:28] FASTIFY: request completed
[08/08/2026 08:13:28] FASTIFY: request completed
[08/08/2026 08:13:28] FASTIFY: request completed
[08/08/2026 08:13:28] FASTIFY: incoming request
[08/08/2026 08:13:28] Parents GET /miele/devices
[08/08/2026 08:13:29] FASTIFY: request completed
[08/08/2026 08:15:00] SID wY95IpFuu7Tuwp1P
[08/08/2026 08:15:03] SID kDQMg6I9mZd99441
[08/08/2026 08:18:00] FASTIFY: incoming request
[08/08/2026 08:18:00] Parents POST /wash/list
[08/08/2026 08:18:00] FASTIFY: incoming request
[08/08/2026 08:18:00] Parents GET /mbtoday
[08/08/2026 08:18:00] FASTIFY: incoming request
[08/08/2026 08:18:00] FASTIFY: incoming request
[08/08/2026 08:18:00] Parents GET /miele/token
[08/08/2026 08:18:00] FASTIFY: request completed
[08/08/2026 08:18:00] FASTIFY: request completed
[08/08/2026 08:18:00] FASTIFY: request completed
[08/08/2026 08:18:00] FASTIFY: request completed
[08/08/2026 08:18:00] FASTIFY: incoming request
[08/08/2026 08:18:00] Parents GET /miele/devices
[08/08/2026 08:18:00] FASTIFY: request completed
[08/08/2026 08:20:00] SID kDQMg6I9mZd99441
[08/08/2026 08:20:03] SID RenRQuP3kbe3Ws_5
[08/08/2026 08:25:00] SID RenRQuP3kbe3Ws_5
[08/08/2026 08:25:01] SID BQbhktGMJIRM7v2E
[08/08/2026 08:30:00] SID BQbhktGMJIRM7v2E
[08/08/2026 08:30:00] SID ma95fw8v-kmvzxMa
[08/08/2026 08:32:28] FASTIFY: incoming request
[08/08/2026 08:32:28] Parents POST /wash/list
[08/08/2026 08:32:28] FASTIFY: incoming request
[08/08/2026 08:32:28] Parents GET /mbtoday
[08/08/2026 08:32:28] FASTIFY: incoming request
[08/08/2026 08:32:28] FASTIFY: incoming request
[08/08/2026 08:32:28] Parents GET /miele/token
[08/08/2026 08:32:28] FASTIFY: request completed
[08/08/2026 08:32:28] FASTIFY: request completed
[08/08/2026 08:32:28] FASTIFY: request completed
[08/08/2026 08:32:28] FASTIFY: request completed
[08/08/2026 08:32:29] FASTIFY: incoming request
[08/08/2026 08:32:29] Parents GET /miele/devices
[08/08/2026 08:32:29] FASTIFY: request completed
[08/08/2026 08:35:00] SID ma95fw8v-kmvzxMa
[08/08/2026 08:37:00] FASTIFY: incoming request
[08/08/2026 08:37:00] Parents POST /wash/list
[08/08/2026 08:37:00] FASTIFY: incoming request
[08/08/2026 08:37:00] Parents GET /mbtoday
[08/08/2026 08:37:00] FASTIFY: incoming request
[08/08/2026 08:37:00] FASTIFY: incoming request
[08/08/2026 08:37:00] Parents GET /miele/token
[08/08/2026 08:37:00] FASTIFY: request completed
[08/08/2026 08:37:00] FASTIFY: request completed
[08/08/2026 08:37:00] FASTIFY: request completed
[08/08/2026 08:37:00] FASTIFY: request completed
[08/08/2026 08:37:00] FASTIFY: incoming request
[08/08/2026 08:37:00] Parents GET /miele/devices
[08/08/2026 08:37:01] FASTIFY: request completed
[08/08/2026 08:40:00] SID ma95fw8v-kmvzxMa
[08/08/2026 08:40:02] SID LnFazG6UYUsUcGKx
[08/08/2026 08:42:28] FASTIFY: incoming request
[08/08/2026 08:42:28] Parents POST /wash/list
[08/08/2026 08:42:28] FASTIFY: incoming request
[08/08/2026 08:42:28] Parents GET /mbtoday
[08/08/2026 08:42:28] FASTIFY: incoming request
[08/08/2026 08:42:28] FASTIFY: incoming request
[08/08/2026 08:42:28] Parents GET /miele/token
[08/08/2026 08:42:28] FASTIFY: request completed
[08/08/2026 08:42:28] FASTIFY: request completed
[08/08/2026 08:42:28] FASTIFY: request completed
[08/08/2026 08:42:28] FASTIFY: request completed
[08/08/2026 08:42:28] FASTIFY: incoming request
[08/08/2026 08:42:28] Parents GET /miele/devices
[08/08/2026 08:42:28] FASTIFY: request completed
[08/08/2026 08:45:00] SID LnFazG6UYUsUcGKx
[08/08/2026 08:45:03] SID FFHQ3-iCcE8Ca_Cw
[08/08/2026 08:47:00] FASTIFY: incoming request
[08/08/2026 08:47:00] Parents POST /wash/list
[08/08/2026 08:47:00] FASTIFY: incoming request
[08/08/2026 08:47:00] Parents GET /mbtoday
[08/08/2026 08:47:00] FASTIFY: incoming request
[08/08/2026 08:47:00] FASTIFY: request completed
[08/08/2026 08:47:00] FASTIFY: request completed
[08/08/2026 08:47:00] FASTIFY: request completed
[08/08/2026 08:47:00] FASTIFY: incoming request
[08/08/2026 08:47:00] Parents GET /miele/token
[08/08/2026 08:47:00] FASTIFY: request completed
[08/08/2026 08:47:00] FASTIFY: incoming request
[08/08/2026 08:47:00] Parents GET /miele/devices
[08/08/2026 08:47:00] FASTIFY: request completed
[08/08/2026 08:50:00] SID FFHQ3-iCcE8Ca_Cw
[08/08/2026 08:50:03] SID yL2UphZI5_BIwjpH
[08/08/2026 08:55:00] SID yL2UphZI5_BIwjpH
[08/08/2026 08:55:07] SID gifyyqsjxQ8jcpcx
[08/08/2026 09:00:00] SID gifyyqsjxQ8jcpcx
[08/08/2026 09:00:05] SID dEBIUdX6kLC66c3I
[08/08/2026 09:04:28] FASTIFY: incoming request
[08/08/2026 09:04:28] FASTIFY: incoming request
[08/08/2026 09:04:28] Parents GET /mbtoday
[08/08/2026 09:04:28] FASTIFY: incoming request
[08/08/2026 09:04:28] Parents POST /wash/list
[08/08/2026 09:04:28] FASTIFY: incoming request
[08/08/2026 09:04:28] Parents GET /miele/token
[08/08/2026 09:04:28] FASTIFY: request completed
[08/08/2026 09:04:28] FASTIFY: request completed
[08/08/2026 09:04:28] FASTIFY: request completed
[08/08/2026 09:04:28] FASTIFY: request completed
[08/08/2026 09:04:28] FASTIFY: incoming request
[08/08/2026 09:04:28] Parents GET /miele/devices
[08/08/2026 09:04:29] FASTIFY: request completed
[08/08/2026 09:05:00] SID dEBIUdX6kLC66c3I
[08/08/2026 09:05:08] SID LjamdHaZLuKZwGqq
[08/08/2026 09:09:00] FASTIFY: incoming request
[08/08/2026 09:09:00] Parents POST /wash/list
[08/08/2026 09:09:00] FASTIFY: incoming request
[08/08/2026 09:09:00] Parents GET /mbtoday
[08/08/2026 09:09:00] FASTIFY: incoming request
[08/08/2026 09:09:00] FASTIFY: request completed
[08/08/2026 09:09:00] FASTIFY: request completed
[08/08/2026 09:09:00] FASTIFY: request completed
[08/08/2026 09:09:00] FASTIFY: incoming request
[08/08/2026 09:09:00] Parents GET /miele/token
[08/08/2026 09:09:00] FASTIFY: request completed
[08/08/2026 09:09:00] FASTIFY: incoming request
[08/08/2026 09:09:00] Parents GET /miele/devices
[08/08/2026 09:09:00] FASTIFY: request completed
[08/08/2026 09:10:00] SID LjamdHaZLuKZwGqq
[08/08/2026 09:10:07] SID -ge2YSVIl6OI3T17
[08/08/2026 09:15:00] SID -ge2YSVIl6OI3T17
[08/08/2026 09:15:03] SID aDakNCr5Wv_5xAr-
[08/08/2026 09:20:00] SID aDakNCr5Wv_5xAr-
[08/08/2026 09:20:08] SID S6xLPjvK2m7KyjPu
[08/08/2026 09:22:28] FASTIFY: incoming request
[08/08/2026 09:22:28] Parents POST /wash/list
[08/08/2026 09:22:28] FASTIFY: incoming request
[08/08/2026 09:22:28] Parents GET /mbtoday
[08/08/2026 09:22:28] FASTIFY: incoming request
[08/08/2026 09:22:28] FASTIFY: incoming request
[08/08/2026 09:22:28] Parents GET /miele/token
[08/08/2026 09:22:28] FASTIFY: request completed
[08/08/2026 09:22:28] FASTIFY: request completed
[08/08/2026 09:22:28] FASTIFY: request completed
[08/08/2026 09:22:28] FASTIFY: request completed
[08/08/2026 09:22:28] FASTIFY: incoming request
[08/08/2026 09:22:28] Parents GET /miele/devices
[08/08/2026 09:22:29] FASTIFY: request completed
[08/08/2026 09:25:00] SID S6xLPjvK2m7KyjPu
[08/08/2026 09:25:05] SID Ao8-MqGXFofXFq2-
[08/08/2026 09:27:00] FASTIFY: incoming request
[08/08/2026 09:27:00] Parents POST /wash/list
[08/08/2026 09:27:00] FASTIFY: incoming request
[08/08/2026 09:27:00] Parents GET /mbtoday
[08/08/2026 09:27:00] FASTIFY: incoming request
[08/08/2026 09:27:00] FASTIFY: incoming request
[08/08/2026 09:27:00] Parents GET /miele/token
[08/08/2026 09:27:00] FASTIFY: request completed
[08/08/2026 09:27:00] FASTIFY: request completed
[08/08/2026 09:27:00] FASTIFY: request completed
[08/08/2026 09:27:00] FASTIFY: request completed
[08/08/2026 09:27:01] FASTIFY: incoming request
[08/08/2026 09:27:01] Parents GET /miele/devices
[08/08/2026 09:27:01] FASTIFY: request completed
[08/08/2026 09:30:00] SID Ao8-MqGXFofXFq2-
[08/08/2026 09:30:02] SID f2IvlUfr0NFr3VvU
[08/08/2026 09:35:00] SID f2IvlUfr0NFr3VvU
[08/08/2026 09:35:05] SID o40fbI0Gm1mGHLEb
[08/08/2026 09:40:00] SID o40fbI0Gm1mGHLEb
[08/08/2026 09:40:03] SID EzRLO6qWOh_WH6a-
[08/08/2026 09:44:28] FASTIFY: incoming request
[08/08/2026 09:44:28] Parents GET /mbtoday
[08/08/2026 09:44:28] FASTIFY: incoming request
[08/08/2026 09:44:28] FASTIFY: incoming request
[08/08/2026 09:44:28] Parents POST /wash/list
[08/08/2026 09:44:28] FASTIFY: incoming request
[08/08/2026 09:44:28] Parents GET /miele/token
[08/08/2026 09:44:28] FASTIFY: request completed
[08/08/2026 09:44:28] FASTIFY: request completed
[08/08/2026 09:44:28] FASTIFY: request completed
[08/08/2026 09:44:28] FASTIFY: request completed
[08/08/2026 09:44:28] FASTIFY: incoming request
[08/08/2026 09:44:28] Parents GET /miele/devices
[08/08/2026 09:44:29] FASTIFY: request completed
[08/08/2026 09:45:00] SID EzRLO6qWOh_WH6a-
[08/08/2026 09:45:03] SID HhTCQ2yWGZuWF2y5
[08/08/2026 09:49:00] FASTIFY: incoming request
[08/08/2026 09:49:00] FASTIFY: incoming request
[08/08/2026 09:49:00] Parents GET /mbtoday
[08/08/2026 09:49:00] FASTIFY: incoming request
[08/08/2026 09:49:00] Parents POST /wash/list
[08/08/2026 09:49:00] FASTIFY: request completed
[08/08/2026 09:49:00] FASTIFY: request completed
[08/08/2026 09:49:00] FASTIFY: request completed
[08/08/2026 09:49:00] FASTIFY: incoming request
[08/08/2026 09:49:00] Parents GET /miele/token
[08/08/2026 09:49:00] FASTIFY: request completed
[08/08/2026 09:49:00] FASTIFY: incoming request
[08/08/2026 09:49:00] Parents GET /miele/devices
[08/08/2026 09:49:00] FASTIFY: request completed
[08/08/2026 09:50:00] SID HhTCQ2yWGZuWF2y5
[08/08/2026 09:50:06] SID yL940gpp_J0p5h5Q
[08/08/2026 09:55:00] SID yL940gpp_J0p5h5Q
[08/08/2026 09:55:01] SID Eye3T5ej5UCjt5OJ
[08/08/2026 10:00:00] SID Eye3T5ej5UCjt5OJ
[08/08/2026 10:00:08] SID fwRLWWH3bAe3-UX4
[08/08/2026 10:03:28] FASTIFY: incoming request
[08/08/2026 10:03:28] Parents POST /wash/list
[08/08/2026 10:03:28] FASTIFY: incoming request
[08/08/2026 10:03:28] Parents GET /mbtoday
[08/08/2026 10:03:28] FASTIFY: incoming request
[08/08/2026 10:03:28] FASTIFY: incoming request
[08/08/2026 10:03:28] Parents GET /miele/token
[08/08/2026 10:03:28] FASTIFY: request completed
[08/08/2026 10:03:28] FASTIFY: request completed
[08/08/2026 10:03:28] FASTIFY: request completed
[08/08/2026 10:03:28] FASTIFY: request completed
[08/08/2026 10:03:28] FASTIFY: incoming request
[08/08/2026 10:03:28] Parents GET /miele/devices
[08/08/2026 10:03:29] FASTIFY: request completed
[08/08/2026 10:05:00] SID fwRLWWH3bAe3-UX4
[08/08/2026 10:05:06] SID 0a-1b4N3W3W3_4Nb
[08/08/2026 10:08:00] FASTIFY: incoming request
[08/08/2026 10:08:00] FASTIFY: incoming request
[08/08/2026 10:08:00] Parents GET /mbtoday
[08/08/2026 10:08:00] FASTIFY: incoming request
[08/08/2026 10:08:00] Parents POST /wash/list
[08/08/2026 10:08:00] FASTIFY: incoming request
[08/08/2026 10:08:00] Parents GET /miele/token
[08/08/2026 10:08:00] FASTIFY: request completed
[08/08/2026 10:08:00] FASTIFY: request completed
[08/08/2026 10:08:00] FASTIFY: request completed
[08/08/2026 10:08:00] FASTIFY: request completed
[08/08/2026 10:08:00] FASTIFY: incoming request
[08/08/2026 10:08:00] Parents GET /miele/devices
[08/08/2026 10:08:01] FASTIFY: request completed
[08/08/2026 10:10:00] SID 0a-1b4N3W3W3_4Nb
[08/08/2026 10:10:08] SID DthKgkyXEZlX7myV
[08/08/2026 10:15:00] SID DthKgkyXEZlX7myV
[08/08/2026 10:15:07] SID dfppyf7JeQoJCfbh
[08/08/2026 10:20:00] SID dfppyf7JeQoJCfbh
[08/08/2026 10:20:08] SID CCSEfg-KXmmKNjOa
[08/08/2026 10:25:00] SID CCSEfg-KXmmKNjOa
[08/08/2026 10:25:00] SID ur-2EQYQ2IHQmS4c
[08/08/2026 10:30:00] SID ur-2EQYQ2IHQmS4c
[08/08/2026 10:30:02] SID QemVaoP8uxW8Zofb
[08/08/2026 10:35:00] SID QemVaoP8uxW8Zofb
[08/08/2026 10:35:05] SID lgd6E_E7hLb7G80s
[08/08/2026 10:40:00] SID lgd6E_E7hLb7G80s
[08/08/2026 10:40:05] SID ArwO-qaTuhMTmqay
[08/08/2026 10:45:00] SID ArwO-qaTuhMTmqay
[08/08/2026 10:45:04] SID IZ_xOKibmh_bCKS-
[08/08/2026 10:50:00] SID IZ_xOKibmh_bCKS-
[08/08/2026 10:50:04] SID jzQPxmYl3eMl4lox
[08/08/2026 10:52:28] FASTIFY: incoming request
[08/08/2026 10:52:28] Parents GET /miele/token
[08/08/2026 10:52:28] FASTIFY: incoming request
[08/08/2026 10:52:28] Parents POST /wash/list
[08/08/2026 10:52:28] FASTIFY: incoming request
[08/08/2026 10:52:28] Parents GET /mbtoday
[08/08/2026 10:52:28] FASTIFY: incoming request
[08/08/2026 10:52:28] FASTIFY: request completed
[08/08/2026 10:52:28] FASTIFY: request completed
[08/08/2026 10:52:28] FASTIFY: request completed
[08/08/2026 10:52:28] FASTIFY: request completed
[08/08/2026 10:52:28] FASTIFY: incoming request
[08/08/2026 10:52:28] Parents GET /miele/devices
[08/08/2026 10:52:29] FASTIFY: request completed
[08/08/2026 10:55:00] SID jzQPxmYl3eMl4lox
[08/08/2026 10:55:08] SID I697iKet0QNtbJe1
[08/08/2026 10:57:00] FASTIFY: incoming request
[08/08/2026 10:57:00] Parents POST /wash/list
[08/08/2026 10:57:00] FASTIFY: incoming request
[08/08/2026 10:57:00] Parents GET /mbtoday
[08/08/2026 10:57:00] FASTIFY: incoming request
[08/08/2026 10:57:00] FASTIFY: incoming request
[08/08/2026 10:57:00] Parents GET /miele/token
[08/08/2026 10:57:00] FASTIFY: request completed
[08/08/2026 10:57:00] FASTIFY: request completed
[08/08/2026 10:57:00] FASTIFY: request completed
[08/08/2026 10:57:00] FASTIFY: request completed
[08/08/2026 10:57:00] FASTIFY: incoming request
[08/08/2026 10:57:00] Parents GET /miele/devices
[08/08/2026 10:57:01] FASTIFY: request completed
[08/08/2026 11:00:00] SID I697iKet0QNtbJe1
[08/08/2026 11:00:01] SID 9b1ZJeZQG9PQxep_
[08/08/2026 11:05:00] SID 9b1ZJeZQG9PQxep_
[08/08/2026 11:05:03] SID fazBqXv8Iw58DUfn
[08/08/2026 11:10:00] SID fazBqXv8Iw58DUfn
[08/08/2026 11:10:08] SID -MmUlTFVMMZVmSlk
[08/08/2026 11:15:00] SID -MmUlTFVMMZVmSlk
[08/08/2026 11:15:01] SID 966nOddW6gDWqedO
[08/08/2026 11:20:00] SID 966nOddW6gDWqedO
[08/08/2026 11:20:03] SID OVPxjRSz0UBz5QCF
[08/08/2026 11:25:00] SID OVPxjRSz0UBz5QCF
[08/08/2026 11:25:04] SID uzTDTQIgTXWg1RIZ
[08/08/2026 11:25:28] FASTIFY: incoming request
[08/08/2026 11:25:28] Parents GET /mbtoday
[08/08/2026 11:25:28] FASTIFY: incoming request
[08/08/2026 11:25:28] FASTIFY: incoming request
[08/08/2026 11:25:28] Parents POST /wash/list
[08/08/2026 11:25:28] FASTIFY: incoming request
[08/08/2026 11:25:28] Parents GET /miele/token
[08/08/2026 11:25:28] FASTIFY: request completed
[08/08/2026 11:25:28] FASTIFY: request completed
[08/08/2026 11:25:28] FASTIFY: request completed
[08/08/2026 11:25:28] FASTIFY: request completed
[08/08/2026 11:25:29] FASTIFY: incoming request
[08/08/2026 11:25:29] Parents GET /miele/devices
[08/08/2026 11:25:29] FASTIFY: request completed
[08/08/2026 11:30:00] SID uzTDTQIgTXWg1RIZ
[08/08/2026 11:30:00] FASTIFY: incoming request
[08/08/2026 11:30:00] Parents GET /miele/token
[08/08/2026 11:30:00] FASTIFY: incoming request
[08/08/2026 11:30:00] Parents POST /wash/list
[08/08/2026 11:30:00] FASTIFY: incoming request
[08/08/2026 11:30:00] Parents GET /mbtoday
[08/08/2026 11:30:00] FASTIFY: incoming request
[08/08/2026 11:30:00] FASTIFY: request completed
[08/08/2026 11:30:00] FASTIFY: request completed
[08/08/2026 11:30:00] FASTIFY: request completed
[08/08/2026 11:30:00] FASTIFY: request completed
[08/08/2026 11:30:00] FASTIFY: incoming request
[08/08/2026 11:30:00] Parents GET /miele/devices
[08/08/2026 11:30:01] FASTIFY: request completed
[08/08/2026 11:30:05] SID O6yH9ROtzsQtDRuC
[08/08/2026 11:35:00] SID O6yH9ROtzsQtDRuC
[08/08/2026 11:35:04] SID a4-3PD3dmmrdPCHu
[08/08/2026 11:36:28] FASTIFY: incoming request
[08/08/2026 11:36:28] Parents POST /wash/list
[08/08/2026 11:36:28] FASTIFY: incoming request
[08/08/2026 11:36:28] Parents GET /mbtoday
[08/08/2026 11:36:28] FASTIFY: incoming request
[08/08/2026 11:36:28] FASTIFY: incoming request
[08/08/2026 11:36:28] Parents GET /miele/token
[08/08/2026 11:36:28] FASTIFY: request completed
[08/08/2026 11:36:28] FASTIFY: request completed
[08/08/2026 11:36:28] FASTIFY: request completed
[08/08/2026 11:36:28] FASTIFY: incoming request
[08/08/2026 11:36:28] Parents GET /miele/devices
[08/08/2026 11:36:28] FASTIFY: request completed
[08/08/2026 11:36:28] FASTIFY: request completed
[08/08/2026 11:40:00] SID a4-3PD3dmmrdPCHu
[08/08/2026 11:40:07] SID 2iZq9wtYtv0YbytS
[08/08/2026 11:41:00] FASTIFY: incoming request
[08/08/2026 11:41:00] Parents POST /wash/list
[08/08/2026 11:41:00] FASTIFY: incoming request
[08/08/2026 11:41:00] Parents GET /mbtoday
[08/08/2026 11:41:00] FASTIFY: incoming request
[08/08/2026 11:41:00] FASTIFY: incoming request
[08/08/2026 11:41:00] Parents GET /miele/token
[08/08/2026 11:41:00] FASTIFY: request completed
[08/08/2026 11:41:00] FASTIFY: request completed
[08/08/2026 11:41:00] FASTIFY: request completed
[08/08/2026 11:41:00] FASTIFY: request completed
[08/08/2026 11:41:00] FASTIFY: incoming request
[08/08/2026 11:41:00] Parents GET /miele/devices
[08/08/2026 11:41:01] FASTIFY: request completed
[08/08/2026 11:45:00] SID 2iZq9wtYtv0YbytS
[08/08/2026 11:45:04] SID CZ952jSQ2BIQ7iSg
[08/08/2026 11:49:28] FASTIFY: incoming request
[08/08/2026 11:49:28] Parents POST /wash/list
[08/08/2026 11:49:28] FASTIFY: incoming request
[08/08/2026 11:49:28] Parents GET /mbtoday
[08/08/2026 11:49:28] FASTIFY: incoming request
[08/08/2026 11:49:28] FASTIFY: incoming request
[08/08/2026 11:49:28] Parents GET /miele/token
[08/08/2026 11:49:28] FASTIFY: request completed
[08/08/2026 11:49:28] FASTIFY: request completed
[08/08/2026 11:49:28] FASTIFY: request completed
[08/08/2026 11:49:28] FASTIFY: request completed
[08/08/2026 11:49:28] FASTIFY: incoming request
[08/08/2026 11:49:28] Parents GET /miele/devices
[08/08/2026 11:49:29] FASTIFY: request completed
[08/08/2026 11:50:00] SID CZ952jSQ2BIQ7iSg
[08/08/2026 11:50:10] SID vnIu_U4ZYlkZcWIS
[08/08/2026 11:54:00] FASTIFY: incoming request
[08/08/2026 11:54:00] Parents POST /wash/list
[08/08/2026 11:54:00] FASTIFY: incoming request
[08/08/2026 11:54:00] Parents GET /mbtoday
[08/08/2026 11:54:00] FASTIFY: request completed
[08/08/2026 11:54:00] FASTIFY: request completed
[08/08/2026 11:54:00] FASTIFY: incoming request
[08/08/2026 11:54:00] FASTIFY: incoming request
[08/08/2026 11:54:00] Parents GET /miele/token
[08/08/2026 11:54:00] FASTIFY: request completed
[08/08/2026 11:54:00] FASTIFY: request completed
[08/08/2026 11:54:00] FASTIFY: incoming request
[08/08/2026 11:54:00] Parents GET /miele/devices
[08/08/2026 11:54:00] FASTIFY: request completed
[08/08/2026 11:55:00] SID vnIu_U4ZYlkZcWIS
[08/08/2026 11:55:03] SID pNoscMQN0pGNJPwa
[08/08/2026 11:59:28] FASTIFY: incoming request
[08/08/2026 11:59:28] Parents POST /wash/list
[08/08/2026 11:59:28] FASTIFY: incoming request
[08/08/2026 11:59:28] Parents GET /mbtoday
[08/08/2026 11:59:28] FASTIFY: incoming request
[08/08/2026 11:59:28] FASTIFY: incoming request
[08/08/2026 11:59:28] Parents GET /miele/token
[08/08/2026 11:59:28] FASTIFY: request completed
[08/08/2026 11:59:28] FASTIFY: request completed
[08/08/2026 11:59:28] FASTIFY: request completed
[08/08/2026 11:59:28] FASTIFY: request completed
[08/08/2026 11:59:28] FASTIFY: incoming request
[08/08/2026 11:59:28] Parents GET /miele/devices
[08/08/2026 11:59:30] FASTIFY: request completed
[08/08/2026 12:00:00] SID pNoscMQN0pGNJPwa
[08/08/2026 12:00:08] SID OcmVKRGYAxTYeSWP
[08/08/2026 12:04:00] FASTIFY: incoming request
[08/08/2026 12:04:00] Parents POST /wash/list
[08/08/2026 12:04:00] FASTIFY: incoming request
[08/08/2026 12:04:00] Parents GET /mbtoday
[08/08/2026 12:04:00] FASTIFY: incoming request
[08/08/2026 12:04:00] FASTIFY: incoming request
[08/08/2026 12:04:00] Parents GET /miele/token
[08/08/2026 12:04:00] FASTIFY: request completed
[08/08/2026 12:04:00] FASTIFY: request completed
[08/08/2026 12:04:00] FASTIFY: request completed
[08/08/2026 12:04:00] FASTIFY: request completed
[08/08/2026 12:04:00] FASTIFY: incoming request
[08/08/2026 12:04:00] Parents GET /miele/devices
[08/08/2026 12:04:00] FASTIFY: request completed
[08/08/2026 12:05:00] SID OcmVKRGYAxTYeSWP
[08/08/2026 12:05:02] SID Ia-1_LOHqmYHjLOi
[08/08/2026 12:09:28] FASTIFY: incoming request
[08/08/2026 12:09:28] Parents POST /wash/list
[08/08/2026 12:09:28] FASTIFY: incoming request
[08/08/2026 12:09:28] Parents GET /mbtoday
[08/08/2026 12:09:28] FASTIFY: incoming request
[08/08/2026 12:09:28] FASTIFY: incoming request
[08/08/2026 12:09:28] Parents GET /miele/token
[08/08/2026 12:09:28] FASTIFY: request completed
[08/08/2026 12:09:28] FASTIFY: request completed
[08/08/2026 12:09:28] FASTIFY: request completed
[08/08/2026 12:09:28] FASTIFY: request completed
[08/08/2026 12:09:28] FASTIFY: incoming request
[08/08/2026 12:09:28] Parents GET /miele/devices
[08/08/2026 12:09:28] FASTIFY: request completed
[08/08/2026 12:10:00] SID Ia-1_LOHqmYHjLOi
[08/08/2026 12:10:01] SID Bq6msvOtTvZt0uum
[08/08/2026 12:14:00] FASTIFY: incoming request
[08/08/2026 12:14:00] Parents POST /wash/list
[08/08/2026 12:14:00] FASTIFY: incoming request
[08/08/2026 12:14:00] Parents GET /mbtoday
[08/08/2026 12:14:00] FASTIFY: incoming request
[08/08/2026 12:14:00] FASTIFY: incoming request
[08/08/2026 12:14:00] Parents GET /miele/token
[08/08/2026 12:14:00] FASTIFY: request completed
[08/08/2026 12:14:00] FASTIFY: request completed
[08/08/2026 12:14:00] FASTIFY: request completed
[08/08/2026 12:14:00] FASTIFY: request completed
[08/08/2026 12:14:00] FASTIFY: incoming request
[08/08/2026 12:14:00] Parents GET /miele/devices
[08/08/2026 12:14:00] FASTIFY: request completed
[08/08/2026 12:15:00] SID Bq6msvOtTvZt0uum
[08/08/2026 12:15:05] SID BenRSvujeX6jPuOp
[08/08/2026 12:20:00] SID BenRSvujeX6jPuOp
[08/08/2026 12:20:04] SID DOkc4nOeX-Ye6luj
[08/08/2026 12:25:00] SID DOkc4nOeX-Ye6luj
[08/08/2026 12:25:04] SID AenRJouX353Xap-f
[08/08/2026 12:25:28] FASTIFY: incoming request
[08/08/2026 12:25:28] Parents POST /wash/list
[08/08/2026 12:25:28] FASTIFY: incoming request
[08/08/2026 12:25:28] Parents GET /mbtoday
[08/08/2026 12:25:28] FASTIFY: incoming request
[08/08/2026 12:25:28] FASTIFY: incoming request
[08/08/2026 12:25:28] Parents GET /miele/token
[08/08/2026 12:25:28] FASTIFY: request completed
[08/08/2026 12:25:28] FASTIFY: request completed
[08/08/2026 12:25:28] FASTIFY: request completed
[08/08/2026 12:25:28] FASTIFY: request completed
[08/08/2026 12:25:28] FASTIFY: incoming request
[08/08/2026 12:25:28] Parents GET /miele/devices
[08/08/2026 12:25:28] FASTIFY: request completed
[08/08/2026 12:30:00] SID AenRJouX353Xap-f
[08/08/2026 12:30:00] FASTIFY: incoming request
[08/08/2026 12:30:00] Parents GET /mbtoday
[08/08/2026 12:30:00] FASTIFY: incoming request
[08/08/2026 12:30:00] FASTIFY: incoming request
[08/08/2026 12:30:00] Parents POST /wash/list
[08/08/2026 12:30:00] FASTIFY: incoming request
[08/08/2026 12:30:00] Parents GET /miele/token
[08/08/2026 12:30:00] FASTIFY: request completed
[08/08/2026 12:30:00] FASTIFY: request completed
[08/08/2026 12:30:00] FASTIFY: request completed
[08/08/2026 12:30:00] FASTIFY: request completed
[08/08/2026 12:30:00] FASTIFY: incoming request
[08/08/2026 12:30:00] Parents GET /miele/devices
[08/08/2026 12:30:00] FASTIFY: request completed
[08/08/2026 12:30:01] SID F-u3Q9-sHfis2-uJ
[08/08/2026 12:35:00] SID F-u3Q9-sHfis2-uJ
[08/08/2026 12:35:09] SID FehJW-OZKFeZi9O4
[08/08/2026 12:40:00] SID FehJW-OZKFeZi9O4
[08/08/2026 12:40:05] SID AyVbOq-0Znv0UrO-
[08/08/2026 12:45:00] SID AyVbOq-0Znv0UrO-
[08/08/2026 12:45:03] SID HiWWQ2uIHf-Iq0u5
[08/08/2026 12:50:00] SID HiWWQ2uIHf-Iq0u5
[08/08/2026 12:50:06] SID C2LjvieUjhNUYhe2
[08/08/2026 12:55:00] SID C2LjvieUjhNUYhe2
[08/08/2026 12:55:01] SID JupqwNugeewgJOuB
[08/08/2026 12:59:28] FASTIFY: incoming request
[08/08/2026 12:59:28] Parents POST /wash/list
[08/08/2026 12:59:28] FASTIFY: incoming request
[08/08/2026 12:59:28] Parents GET /mbtoday
[08/08/2026 12:59:28] FASTIFY: incoming request
[08/08/2026 12:59:28] FASTIFY: incoming request
[08/08/2026 12:59:28] Parents GET /miele/token
[08/08/2026 12:59:28] FASTIFY: request completed
[08/08/2026 12:59:28] FASTIFY: request completed
[08/08/2026 12:59:28] FASTIFY: request completed
[08/08/2026 12:59:28] FASTIFY: incoming request
[08/08/2026 12:59:28] Parents GET /miele/devices
[08/08/2026 12:59:28] FASTIFY: request completed
[08/08/2026 12:59:29] FASTIFY: request completed
[08/08/2026 13:00:00] SID JupqwNugeewgJOuB
[08/08/2026 13:00:02] SID FWM909-63Pg6n_uA
[08/08/2026 13:04:00] FASTIFY: incoming request
[08/08/2026 13:04:00] Parents POST /wash/list
[08/08/2026 13:04:00] FASTIFY: incoming request
[08/08/2026 13:04:00] Parents GET /mbtoday
[08/08/2026 13:04:00] FASTIFY: incoming request
[08/08/2026 13:04:00] FASTIFY: request completed
[08/08/2026 13:04:00] FASTIFY: request completed
[08/08/2026 13:04:00] FASTIFY: request completed
[08/08/2026 13:04:00] FASTIFY: incoming request
[08/08/2026 13:04:00] Parents GET /miele/token
[08/08/2026 13:04:00] FASTIFY: request completed
[08/08/2026 13:04:00] FASTIFY: incoming request
[08/08/2026 13:04:00] Parents GET /miele/devices
[08/08/2026 13:04:00] FASTIFY: request completed
[08/08/2026 13:05:00] SID FWM909-63Pg6n_uA
[08/08/2026 13:05:02] SID La89nFefbCBfwFeE
[08/08/2026 13:10:00] SID La89nFefbCBfwFeE
[08/08/2026 13:10:02] SID OWPxmQuM_F1M8QOU
[08/08/2026 13:15:00] SID OWPxmQuM_F1M8QOU
[08/08/2026 13:15:02] SID ECe005evVNAvy6uA
[08/08/2026 13:16:28] FASTIFY: incoming request
[08/08/2026 13:16:28] Parents POST /wash/list
[08/08/2026 13:16:28] FASTIFY: incoming request
[08/08/2026 13:16:28] Parents GET /mbtoday
[08/08/2026 13:16:28] FASTIFY: incoming request
[08/08/2026 13:16:28] FASTIFY: incoming request
[08/08/2026 13:16:28] Parents GET /miele/token
[08/08/2026 13:16:28] FASTIFY: request completed
[08/08/2026 13:16:28] FASTIFY: request completed
[08/08/2026 13:16:28] FASTIFY: request completed
[08/08/2026 13:16:28] FASTIFY: request completed
[08/08/2026 13:16:28] FASTIFY: incoming request
[08/08/2026 13:16:28] Parents GET /miele/devices
[08/08/2026 13:16:28] FASTIFY: request completed
[08/08/2026 13:20:00] SID ECe005evVNAvy6uA
[08/08/2026 13:20:03] SID K-prgDOm8dZmICul
[08/08/2026 13:21:00] FASTIFY: incoming request
[08/08/2026 13:21:00] Parents POST /wash/list
[08/08/2026 13:21:00] FASTIFY: incoming request
[08/08/2026 13:21:00] Parents GET /mbtoday
[08/08/2026 13:21:00] FASTIFY: incoming request
[08/08/2026 13:21:00] FASTIFY: request completed
[08/08/2026 13:21:00] FASTIFY: request completed
[08/08/2026 13:21:00] FASTIFY: request completed
[08/08/2026 13:21:00] FASTIFY: incoming request
[08/08/2026 13:21:00] Parents GET /miele/token
[08/08/2026 13:21:00] FASTIFY: request completed
[08/08/2026 13:21:00] FASTIFY: incoming request
[08/08/2026 13:21:00] Parents GET /miele/devices
[08/08/2026 13:21:00] FASTIFY: request completed
[08/08/2026 13:25:00] SID K-prgDOm8dZmICul
[08/08/2026 13:25:00] SID Cuu2Wi-3nHu3NjO4
[08/08/2026 13:30:00] SID Cuu2Wi-3nHu3NjO4
[08/08/2026 13:30:01] SID Wyc_NzPV1rbVHx_u
[08/08/2026 13:35:00] SID Wyc_NzPV1rbVHx_u
[08/08/2026 13:35:09] SID N-qnnc-nDDlnLeeU
[08/08/2026 13:36:28] FASTIFY: incoming request
[08/08/2026 13:36:28] Parents GET /mbtoday
[08/08/2026 13:36:28] FASTIFY: incoming request
[08/08/2026 13:36:28] FASTIFY: incoming request
[08/08/2026 13:36:28] Parents GET /miele/token
[08/08/2026 13:36:28] FASTIFY: incoming request
[08/08/2026 13:36:28] Parents POST /wash/list
[08/08/2026 13:36:28] FASTIFY: request completed
[08/08/2026 13:36:28] FASTIFY: request completed
[08/08/2026 13:36:28] FASTIFY: request completed
[08/08/2026 13:36:28] FASTIFY: request completed
[08/08/2026 13:36:28] FASTIFY: incoming request
[08/08/2026 13:36:28] Parents GET /miele/devices
[08/08/2026 13:36:29] FASTIFY: request completed
[08/08/2026 13:40:00] SID N-qnnc-nDDlnLeeU
[08/08/2026 13:40:10] SID EelZA6eDPfPDY4u9
[08/08/2026 13:41:00] FASTIFY: incoming request
[08/08/2026 13:41:00] Parents POST /wash/list
[08/08/2026 13:41:00] FASTIFY: incoming request
[08/08/2026 13:41:00] Parents GET /mbtoday
[08/08/2026 13:41:00] FASTIFY: incoming request
[08/08/2026 13:41:00] FASTIFY: incoming request
[08/08/2026 13:41:00] Parents GET /miele/token
[08/08/2026 13:41:00] FASTIFY: request completed
[08/08/2026 13:41:00] FASTIFY: request completed
[08/08/2026 13:41:00] FASTIFY: request completed
[08/08/2026 13:41:00] FASTIFY: request completed
[08/08/2026 13:41:00] FASTIFY: incoming request
[08/08/2026 13:41:00] Parents GET /miele/devices
[08/08/2026 13:41:00] FASTIFY: request completed
[08/08/2026 13:45:00] SID EelZA6eDPfPDY4u9
[08/08/2026 13:45:02] SID LSc9UHuD5N6DYEuo
[08/08/2026 13:50:00] SID LSc9UHuD5N6DYEuo
[08/08/2026 13:50:05] SID Dus-fkuOng2Otkea
[08/08/2026 13:53:28] FASTIFY: incoming request
[08/08/2026 13:53:28] Parents GET /mbtoday
[08/08/2026 13:53:28] FASTIFY: incoming request
[08/08/2026 13:53:28] FASTIFY: incoming request
[08/08/2026 13:53:28] Parents POST /wash/list
[08/08/2026 13:53:28] FASTIFY: request completed
[08/08/2026 13:53:28] FASTIFY: incoming request
[08/08/2026 13:53:28] Parents GET /miele/token
[08/08/2026 13:53:28] FASTIFY: request completed
[08/08/2026 13:53:28] FASTIFY: request completed
[08/08/2026 13:53:28] FASTIFY: request completed
[08/08/2026 13:53:28] FASTIFY: incoming request
[08/08/2026 13:53:28] Parents GET /miele/devices
[08/08/2026 13:53:28] FASTIFY: request completed
[08/08/2026 13:55:00] SID Dus-fkuOng2Otkea
[08/08/2026 13:55:03] SID Va7hd9f2jqC2A__K
[08/08/2026 13:58:00] FASTIFY: incoming request
[08/08/2026 13:58:00] Parents GET /miele/token
[08/08/2026 13:58:00] FASTIFY: incoming request
[08/08/2026 13:58:00] Parents POST /wash/list
[08/08/2026 13:58:00] FASTIFY: incoming request
[08/08/2026 13:58:00] Parents GET /mbtoday
[08/08/2026 13:58:00] FASTIFY: incoming request
[08/08/2026 13:58:00] FASTIFY: request completed
[08/08/2026 13:58:00] FASTIFY: request completed
[08/08/2026 13:58:00] FASTIFY: incoming request
[08/08/2026 13:58:00] Parents GET /miele/devices
[08/08/2026 13:58:00] FASTIFY: request completed
[08/08/2026 13:58:00] FASTIFY: request completed
[08/08/2026 13:58:00] FASTIFY: request completed
[08/08/2026 14:00:00] SID Va7hd9f2jqC2A__K
[08/08/2026 14:00:01] SID O2O3dTOlsqalOS-q
[08/08/2026 14:05:00] SID O2O3dTOlsqalOS-q
[08/08/2026 14:05:06] SID c-lbpbPEu4ZELY_n
[08/08/2026 14:07:28] FASTIFY: incoming request
[08/08/2026 14:07:28] Parents POST /wash/list
[08/08/2026 14:07:28] FASTIFY: incoming request
[08/08/2026 14:07:28] Parents GET /mbtoday
[08/08/2026 14:07:28] FASTIFY: incoming request
[08/08/2026 14:07:28] FASTIFY: incoming request
[08/08/2026 14:07:28] Parents GET /miele/token
[08/08/2026 14:07:28] FASTIFY: request completed
[08/08/2026 14:07:28] FASTIFY: request completed
[08/08/2026 14:07:28] FASTIFY: request completed
[08/08/2026 14:07:28] FASTIFY: request completed
[08/08/2026 14:07:28] FASTIFY: incoming request
[08/08/2026 14:07:28] Parents GET /miele/devices
[08/08/2026 14:07:28] FASTIFY: request completed
[08/08/2026 14:10:00] SID c-lbpbPEu4ZELY_n
[08/08/2026 14:10:02] SID L6zDWG-_nGu_jHO4
[08/08/2026 14:12:00] FASTIFY: incoming request
[08/08/2026 14:12:00] Parents POST /wash/list
[08/08/2026 14:12:00] FASTIFY: incoming request
[08/08/2026 14:12:00] Parents GET /mbtoday
[08/08/2026 14:12:00] FASTIFY: incoming request
[08/08/2026 14:12:00] FASTIFY: incoming request
[08/08/2026 14:12:00] Parents GET /miele/token
[08/08/2026 14:12:00] FASTIFY: request completed
[08/08/2026 14:12:00] FASTIFY: request completed
[08/08/2026 14:12:00] FASTIFY: request completed
[08/08/2026 14:12:00] FASTIFY: request completed
[08/08/2026 14:12:00] FASTIFY: incoming request
[08/08/2026 14:12:00] Parents GET /miele/devices
[08/08/2026 14:12:00] FASTIFY: request completed
[08/08/2026 14:15:00] SID L6zDWG-_nGu_jHO4
[08/08/2026 14:15:06] SID CmGW7gOVjyUVJheT
[08/08/2026 14:20:00] SID CmGW7gOVjyUVJheT
[08/08/2026 14:20:02] SID SOiEOg_9Rnn9pjPe
[08/08/2026 14:25:00] SID SOiEOg_9Rnn9pjPe
[08/08/2026 14:25:01] SID Aq3SHreBnBLBloes
[08/08/2026 14:29:28] FASTIFY: incoming request
[08/08/2026 14:29:28] Parents GET /miele/token
[08/08/2026 14:29:28] FASTIFY: incoming request
[08/08/2026 14:29:28] Parents POST /wash/list
[08/08/2026 14:29:28] FASTIFY: incoming request
[08/08/2026 14:29:28] Parents GET /mbtoday
[08/08/2026 14:29:28] FASTIFY: incoming request
[08/08/2026 14:29:28] FASTIFY: request completed
[08/08/2026 14:29:28] FASTIFY: incoming request
[08/08/2026 14:29:28] Parents GET /miele/devices
[08/08/2026 14:29:28] FASTIFY: request completed
[08/08/2026 14:29:28] FASTIFY: request completed
[08/08/2026 14:29:28] FASTIFY: request completed
[08/08/2026 14:29:28] FASTIFY: request completed
[08/08/2026 14:30:00] SID Aq3SHreBnBLBloes
[08/08/2026 14:30:03] SID cOiEZavtq5-tXa_7
[08/08/2026 14:34:00] FASTIFY: incoming request
[08/08/2026 14:34:00] FASTIFY: incoming request
[08/08/2026 14:34:00] Parents GET /mbtoday
[08/08/2026 14:34:00] FASTIFY: incoming request
[08/08/2026 14:34:00] Parents POST /wash/list
[08/08/2026 14:34:00] FASTIFY: incoming request
[08/08/2026 14:34:00] Parents GET /miele/token
[08/08/2026 14:34:00] FASTIFY: request completed
[08/08/2026 14:34:00] FASTIFY: request completed
[08/08/2026 14:34:00] FASTIFY: request completed
[08/08/2026 14:34:00] FASTIFY: request completed
[08/08/2026 14:34:00] FASTIFY: incoming request
[08/08/2026 14:34:00] Parents GET /miele/devices
[08/08/2026 14:34:00] FASTIFY: request completed
[08/08/2026 14:35:00] SID cOiEZavtq5-tXa_7
[08/08/2026 14:35:09] SID X-lbh0_UiYlUx1_V
[08/08/2026 14:40:00] SID X-lbh0_UiYlUx1_V
[08/08/2026 14:40:00] SID nelZX1c93DC9W3cI
[08/08/2026 14:45:00] SID nelZX1c93DC9W3cI
[08/08/2026 14:45:03] SID SOqkIgv7t937Kjvf
[08/08/2026 14:50:00] SID SOqkIgv7t937Kjvf
[08/08/2026 14:50:07] SID AK7gDquePR_efpe9
[08/08/2026 14:55:00] SID AK7gDquePR_efpe9
[08/08/2026 14:55:02] SID cSRJuavExk9E1YP2
[08/08/2026 14:55:28] FASTIFY: incoming request
[08/08/2026 14:55:28] Parents POST /wash/list
[08/08/2026 14:55:28] FASTIFY: incoming request
[08/08/2026 14:55:28] Parents GET /mbtoday
[08/08/2026 14:55:28] FASTIFY: incoming request
[08/08/2026 14:55:28] FASTIFY: incoming request
[08/08/2026 14:55:28] Parents GET /miele/token
[08/08/2026 14:55:28] FASTIFY: request completed
[08/08/2026 14:55:28] FASTIFY: request completed
[08/08/2026 14:55:28] FASTIFY: request completed
[08/08/2026 14:55:28] FASTIFY: request completed
[08/08/2026 14:55:28] FASTIFY: incoming request
[08/08/2026 14:55:28] Parents GET /miele/devices
[08/08/2026 14:55:28] FASTIFY: request completed
[08/08/2026 15:00:00] SID cSRJuavExk9E1YP2
[08/08/2026 15:00:00] FASTIFY: incoming request
[08/08/2026 15:00:00] Parents POST /wash/list
[08/08/2026 15:00:00] FASTIFY: incoming request
[08/08/2026 15:00:00] Parents GET /mbtoday
[08/08/2026 15:00:00] FASTIFY: incoming request
[08/08/2026 15:00:00] FASTIFY: incoming request
[08/08/2026 15:00:00] Parents GET /miele/token
[08/08/2026 15:00:00] FASTIFY: request completed
[08/08/2026 15:00:00] FASTIFY: request completed
[08/08/2026 15:00:00] FASTIFY: request completed
[08/08/2026 15:00:00] FASTIFY: request completed
[08/08/2026 15:00:00] FASTIFY: incoming request
[08/08/2026 15:00:00] Parents GET /miele/devices
[08/08/2026 15:00:00] FASTIFY: request completed
[08/08/2026 15:00:01] SID M61bYbu4P864Kbur
[08/08/2026 15:05:00] SID M61bYbu4P864Kbur
[08/08/2026 15:05:01] SID kOiE77MhexYht6cj
[08/08/2026 15:07:28] FASTIFY: incoming request
[08/08/2026 15:07:28] Parents POST /wash/list
[08/08/2026 15:07:28] FASTIFY: incoming request
[08/08/2026 15:07:28] Parents GET /mbtoday
[08/08/2026 15:07:28] FASTIFY: incoming request
[08/08/2026 15:07:28] FASTIFY: incoming request
[08/08/2026 15:07:28] Parents GET /miele/token
[08/08/2026 15:07:28] FASTIFY: request completed
[08/08/2026 15:07:28] FASTIFY: request completed
[08/08/2026 15:07:28] FASTIFY: request completed
[08/08/2026 15:07:28] FASTIFY: request completed
[08/08/2026 15:07:28] FASTIFY: incoming request
[08/08/2026 15:07:28] Parents GET /miele/devices
[08/08/2026 15:07:28] FASTIFY: request completed
[08/08/2026 15:10:00] SID kOiE77MhexYht6cj
[08/08/2026 15:10:02] SID X-gPx3vJma4JM0_h
[08/08/2026 15:12:00] FASTIFY: incoming request
[08/08/2026 15:12:00] Parents POST /wash/list
[08/08/2026 15:12:00] FASTIFY: incoming request
[08/08/2026 15:12:00] Parents GET /mbtoday
[08/08/2026 15:12:00] FASTIFY: incoming request
[08/08/2026 15:12:00] FASTIFY: incoming request
[08/08/2026 15:12:00] Parents GET /miele/token
[08/08/2026 15:12:00] FASTIFY: request completed
[08/08/2026 15:12:00] FASTIFY: request completed
[08/08/2026 15:12:00] FASTIFY: request completed
[08/08/2026 15:12:00] FASTIFY: request completed
[08/08/2026 15:12:00] FASTIFY: incoming request
[08/08/2026 15:12:00] Parents GET /miele/devices
[08/08/2026 15:12:00] FASTIFY: request completed
[08/08/2026 15:15:00] SID X-gPx3vJma4JM0_h
[08/08/2026 15:15:04] SID H-nT43Okn-Yk72uj
[08/08/2026 15:20:00] SID H-nT43Okn-Yk72uj
[08/08/2026 15:20:02] SID fK949Xv_Tr4_TX_i
[08/08/2026 15:22:28] FASTIFY: incoming request
[08/08/2026 15:22:28] Parents POST /wash/list
[08/08/2026 15:22:28] FASTIFY: incoming request
[08/08/2026 15:22:28] Parents GET /mbtoday
[08/08/2026 15:22:28] FASTIFY: incoming request
[08/08/2026 15:22:28] FASTIFY: incoming request
[08/08/2026 15:22:28] Parents GET /miele/token
[08/08/2026 15:22:28] FASTIFY: request completed
[08/08/2026 15:22:28] FASTIFY: request completed
[08/08/2026 15:22:28] FASTIFY: request completed
[08/08/2026 15:22:28] FASTIFY: request completed
[08/08/2026 15:22:28] FASTIFY: incoming request
[08/08/2026 15:22:28] Parents GET /miele/devices
[08/08/2026 15:22:28] FASTIFY: request completed
[08/08/2026 15:25:00] SID fK949Xv_Tr4_TX_i
[08/08/2026 15:25:01] SID Auvy_pOMXjQMeoeC
[08/08/2026 15:27:00] FASTIFY: incoming request
[08/08/2026 15:27:00] Parents GET /miele/token
[08/08/2026 15:27:00] FASTIFY: incoming request
[08/08/2026 15:27:00] Parents POST /wash/list
[08/08/2026 15:27:00] FASTIFY: incoming request
[08/08/2026 15:27:00] Parents GET /mbtoday
[08/08/2026 15:27:00] FASTIFY: incoming request
[08/08/2026 15:27:00] FASTIFY: request completed
[08/08/2026 15:27:00] FASTIFY: request completed
[08/08/2026 15:27:00] FASTIFY: request completed
[08/08/2026 15:27:00] FASTIFY: incoming request
[08/08/2026 15:27:00] Parents GET /miele/devices
[08/08/2026 15:27:00] FASTIFY: request completed
[08/08/2026 15:27:00] FASTIFY: request completed
[08/08/2026 15:30:00] SID Auvy_pOMXjQMeoeC
[08/08/2026 15:30:01] SID kevx07MIvOYIP4sg
[08/08/2026 15:35:00] SID kevx07MIvOYIP4sg
[08/08/2026 15:35:04] SID Wq6mux_WtkhWrxPG
[08/08/2026 15:40:00] SID Wq6mux_WtkhWrxPG
[08/08/2026 15:40:06] SID p-t7OM8DplnD-MMe
[08/08/2026 15:40:28] FASTIFY: incoming request
[08/08/2026 15:40:28] Parents POST /wash/list
[08/08/2026 15:40:28] FASTIFY: incoming request
[08/08/2026 15:40:28] Parents GET /mbtoday
[08/08/2026 15:40:28] FASTIFY: incoming request
[08/08/2026 15:40:28] FASTIFY: incoming request
[08/08/2026 15:40:28] Parents GET /miele/token
[08/08/2026 15:40:28] FASTIFY: request completed
[08/08/2026 15:40:28] FASTIFY: request completed
[08/08/2026 15:40:28] FASTIFY: request completed
[08/08/2026 15:40:28] FASTIFY: request completed
[08/08/2026 15:40:28] FASTIFY: incoming request
[08/08/2026 15:40:28] Parents GET /miele/devices
[08/08/2026 15:40:29] FASTIFY: request completed
[08/08/2026 15:45:00] SID p-t7OM8DplnD-MMe
[08/08/2026 15:45:00] FASTIFY: incoming request
[08/08/2026 15:45:00] Parents GET /mbtoday
[08/08/2026 15:45:00] FASTIFY: incoming request
[08/08/2026 15:45:00] FASTIFY: incoming request
[08/08/2026 15:45:00] Parents POST /wash/list
[08/08/2026 15:45:00] FASTIFY: incoming request
[08/08/2026 15:45:00] Parents GET /miele/token
[08/08/2026 15:45:00] FASTIFY: request completed
[08/08/2026 15:45:00] FASTIFY: request completed
[08/08/2026 15:45:00] FASTIFY: request completed
[08/08/2026 15:45:00] FASTIFY: request completed
[08/08/2026 15:45:00] FASTIFY: incoming request
[08/08/2026 15:45:00] Parents GET /miele/devices
[08/08/2026 15:45:00] FASTIFY: request completed
[08/08/2026 15:45:02] SID RSd56uvVJ08VktPz
[08/08/2026 15:50:00] SID RSd56uvVJ08VktPz
[08/08/2026 15:50:08] SID AOpoerOKdmaKcoOq
[08/08/2026 15:55:00] SID AOpoerOKdmaKcoOq
[08/08/2026 15:55:03] SID mekdEw8lyNnliysc
[08/08/2026 16:00:00] SID mekdEw8lyNnliysc
[08/08/2026 16:00:02] SID MK5o0Z-azPgadZuA
[08/08/2026 16:05:00] SID MK5o0Z-azPgadZuA
[08/08/2026 16:05:04] SID regNUG8YXOuYUFs4
[08/08/2026 16:10:00] SID regNUG8YXOuYUFs4
[08/08/2026 16:10:01] SID VegNq-f6_2N6R_P3
[08/08/2026 16:13:28] FASTIFY: incoming request
[08/08/2026 16:13:28] Parents POST /wash/list
[08/08/2026 16:13:28] FASTIFY: incoming request
[08/08/2026 16:13:28] Parents GET /mbtoday
[08/08/2026 16:13:28] FASTIFY: incoming request
[08/08/2026 16:13:28] FASTIFY: incoming request
[08/08/2026 16:13:28] Parents GET /miele/token
[08/08/2026 16:13:29] FASTIFY: request completed
[08/08/2026 16:13:29] FASTIFY: request completed
[08/08/2026 16:13:29] FASTIFY: request completed
[08/08/2026 16:13:29] FASTIFY: request completed
[08/08/2026 16:13:29] FASTIFY: incoming request
[08/08/2026 16:13:29] Parents GET /miele/devices
[08/08/2026 16:13:29] FASTIFY: request completed
[08/08/2026 16:15:00] SID VegNq-f6_2N6R_P3
[08/08/2026 16:15:06] SID _-gPjWtjmT9j3Wd1
[08/08/2026 16:18:00] FASTIFY: incoming request
[08/08/2026 16:18:00] Parents POST /wash/list
[08/08/2026 16:18:00] FASTIFY: incoming request
[08/08/2026 16:18:00] Parents GET /mbtoday
[08/08/2026 16:18:00] FASTIFY: incoming request
[08/08/2026 16:18:00] FASTIFY: incoming request
[08/08/2026 16:18:00] Parents GET /miele/token
[08/08/2026 16:18:00] FASTIFY: request completed
[08/08/2026 16:18:00] FASTIFY: request completed
[08/08/2026 16:18:00] FASTIFY: request completed
[08/08/2026 16:18:00] FASTIFY: request completed
[08/08/2026 16:18:00] FASTIFY: incoming request
[08/08/2026 16:18:00] Parents GET /miele/devices
[08/08/2026 16:18:00] FASTIFY: request completed
[08/08/2026 16:20:00] SID _-gPjWtjmT9j3Wd1
[08/08/2026 16:20:02] SID byTDlEvPtI1PFE_U
[08/08/2026 16:25:00] SID byTDlEvPtI1PFE_U
[08/08/2026 16:25:06] SID Oq8-fQuuLi2uGSea
[08/08/2026 16:30:00] SID Oq8-fQuuLi2uGSea
[08/08/2026 16:30:01] SID h-vzptM1X6R1pv8H
[08/08/2026 16:35:00] SID h-vzptM1X6R1pv8H
[08/08/2026 16:35:03] SID WugOVyvXdK-Xgx_4
[08/08/2026 16:37:28] FASTIFY: incoming request
[08/08/2026 16:37:28] FASTIFY: incoming request
[08/08/2026 16:37:28] Parents GET /mbtoday
[08/08/2026 16:37:28] FASTIFY: incoming request
[08/08/2026 16:37:28] Parents POST /wash/list
[08/08/2026 16:37:28] FASTIFY: incoming request
[08/08/2026 16:37:28] Parents GET /miele/token
[08/08/2026 16:37:28] FASTIFY: request completed
[08/08/2026 16:37:28] FASTIFY: request completed
[08/08/2026 16:37:29] FASTIFY: request completed
[08/08/2026 16:37:29] FASTIFY: request completed
[08/08/2026 16:37:29] FASTIFY: incoming request
[08/08/2026 16:37:29] Parents GET /miele/devices
[08/08/2026 16:37:29] FASTIFY: request completed
[08/08/2026 16:40:00] SID WugOVyvXdK-Xgx_4
[08/08/2026 16:42:00] FASTIFY: incoming request
[08/08/2026 16:42:00] Parents POST /wash/list
[08/08/2026 16:42:00] FASTIFY: incoming request
[08/08/2026 16:42:00] Parents GET /mbtoday
[08/08/2026 16:42:00] FASTIFY: incoming request
[08/08/2026 16:42:00] FASTIFY: incoming request
[08/08/2026 16:42:00] Parents GET /miele/token
[08/08/2026 16:42:00] FASTIFY: request completed
[08/08/2026 16:42:00] FASTIFY: request completed
[08/08/2026 16:42:00] FASTIFY: request completed
[08/08/2026 16:42:00] FASTIFY: request completed
[08/08/2026 16:42:00] FASTIFY: incoming request
[08/08/2026 16:42:00] Parents GET /miele/devices
[08/08/2026 16:42:01] FASTIFY: request completed
[08/08/2026 16:45:00] SID WugOVyvXdK-Xgx_4
[08/08/2026 16:45:00] SID eugOISvUn__USQv_
[08/08/2026 16:50:00] SID eugOISvUn__USQv_
[08/08/2026 16:50:05] SID GawN_yu-dg8-4yey
[08/08/2026 16:55:00] SID GawN_yu-dg8-4yey
[08/08/2026 16:55:02] SID jGCEJk8Fn5nFUl8f
[08/08/2026 16:55:28] FASTIFY: incoming request
[08/08/2026 16:55:28] Parents POST /wash/list
[08/08/2026 16:55:28] FASTIFY: incoming request
[08/08/2026 16:55:28] Parents GET /mbtoday
[08/08/2026 16:55:28] FASTIFY: incoming request
[08/08/2026 16:55:29] FASTIFY: incoming request
[08/08/2026 16:55:29] Parents GET /miele/token
[08/08/2026 16:55:29] FASTIFY: request completed
[08/08/2026 16:55:29] FASTIFY: request completed
[08/08/2026 16:55:29] FASTIFY: request completed
[08/08/2026 16:55:29] FASTIFY: request completed
[08/08/2026 16:55:29] FASTIFY: incoming request
[08/08/2026 16:55:29] Parents GET /miele/devices
[08/08/2026 16:55:29] FASTIFY: request completed
[08/08/2026 17:00:00] SID jGCEJk8Fn5nFUl8f
[08/08/2026 17:00:01] SID Beql1sOsXLUs0v-Q
[08/08/2026 17:00:01] FASTIFY: incoming request
[08/08/2026 17:00:01] Parents POST /wash/list
[08/08/2026 17:00:01] FASTIFY: incoming request
[08/08/2026 17:00:01] Parents GET /mbtoday
[08/08/2026 17:00:01] FASTIFY: incoming request
[08/08/2026 17:00:01] FASTIFY: incoming request
[08/08/2026 17:00:01] Parents GET /miele/token
[08/08/2026 17:00:01] FASTIFY: request completed
[08/08/2026 17:00:01] FASTIFY: request completed
[08/08/2026 17:00:01] FASTIFY: request completed
[08/08/2026 17:00:01] FASTIFY: request completed
[08/08/2026 17:00:01] FASTIFY: incoming request
[08/08/2026 17:00:01] Parents GET /miele/devices
[08/08/2026 17:00:01] FASTIFY: request completed
[08/08/2026 17:05:00] SID Beql1sOsXLUs0v-Q
[08/08/2026 17:05:07] SID wumWardeJ3Ke8oNr
[08/08/2026 17:07:28] FASTIFY: incoming request
[08/08/2026 17:07:28] Parents POST /wash/list
[08/08/2026 17:07:28] FASTIFY: incoming request
[08/08/2026 17:07:28] Parents GET /mbtoday
[08/08/2026 17:07:28] FASTIFY: incoming request
[08/08/2026 17:07:28] FASTIFY: incoming request
[08/08/2026 17:07:28] Parents GET /miele/token
[08/08/2026 17:07:28] FASTIFY: request completed
[08/08/2026 17:07:28] FASTIFY: request completed
[08/08/2026 17:07:28] FASTIFY: request completed
[08/08/2026 17:07:28] FASTIFY: request completed
[08/08/2026 17:07:28] FASTIFY: incoming request
[08/08/2026 17:07:28] Parents GET /miele/devices
[08/08/2026 17:07:29] FASTIFY: request completed
[08/08/2026 17:10:00] SID wumWardeJ3Ke8oNr
[08/08/2026 17:10:05] SID eq7ibS_m3xumdTf7
[08/08/2026 17:12:00] FASTIFY: incoming request
[08/08/2026 17:12:00] Parents POST /wash/list
[08/08/2026 17:12:00] FASTIFY: incoming request
[08/08/2026 17:12:00] Parents GET /mbtoday
[08/08/2026 17:12:00] FASTIFY: incoming request
[08/08/2026 17:12:00] FASTIFY: request completed
[08/08/2026 17:12:00] FASTIFY: request completed
[08/08/2026 17:12:00] FASTIFY: request completed
[08/08/2026 17:12:00] FASTIFY: incoming request
[08/08/2026 17:12:00] Parents GET /miele/token
[08/08/2026 17:12:00] FASTIFY: request completed
[08/08/2026 17:12:00] FASTIFY: incoming request
[08/08/2026 17:12:00] Parents GET /miele/devices
[08/08/2026 17:12:01] FASTIFY: request completed
[08/08/2026 17:15:00] SID eq7ibS_m3xumdTf7
[08/08/2026 17:15:03] SID 5-prwMNoodUonPtR
[08/08/2026 17:20:00] SID 5-prwMNoodUonPtR
[08/08/2026 17:20:07] SID ia3RqiszT19zHiM3
[08/08/2026 17:21:28] FASTIFY: incoming request
[08/08/2026 17:21:28] Parents POST /wash/list
[08/08/2026 17:21:28] FASTIFY: incoming request
[08/08/2026 17:21:28] Parents GET /mbtoday
[08/08/2026 17:21:28] FASTIFY: incoming request
[08/08/2026 17:21:28] FASTIFY: incoming request
[08/08/2026 17:21:28] Parents GET /miele/token
[08/08/2026 17:21:28] FASTIFY: request completed
[08/08/2026 17:21:28] FASTIFY: request completed
[08/08/2026 17:21:28] FASTIFY: request completed
[08/08/2026 17:21:28] FASTIFY: request completed
[08/08/2026 17:21:28] FASTIFY: incoming request
[08/08/2026 17:21:28] Parents GET /miele/devices
[08/08/2026 17:21:29] FASTIFY: request completed
[08/08/2026 17:25:00] SID ia3RqiszT19zHiM3
[08/08/2026 17:25:03] SID E2HT44edz8Ed_4uT
[08/08/2026 17:26:00] FASTIFY: incoming request
[08/08/2026 17:26:00] Parents POST /wash/list
[08/08/2026 17:26:00] FASTIFY: incoming request
[08/08/2026 17:26:00] Parents GET /mbtoday
[08/08/2026 17:26:00] FASTIFY: incoming request
[08/08/2026 17:26:00] FASTIFY: incoming request
[08/08/2026 17:26:00] Parents GET /miele/token
[08/08/2026 17:26:00] FASTIFY: request completed
[08/08/2026 17:26:00] FASTIFY: request completed
[08/08/2026 17:26:00] FASTIFY: request completed
[08/08/2026 17:26:00] FASTIFY: request completed
[08/08/2026 17:26:00] FASTIFY: incoming request
[08/08/2026 17:26:00] Parents GET /miele/devices
[08/08/2026 17:26:01] FASTIFY: request completed
[08/08/2026 17:30:00] SID E2HT44edz8Ed_4uT
[08/08/2026 17:30:02] SID r66n1G8gXLsgIH8w
[08/08/2026 17:35:00] SID r66n1G8gXLsgIH8w
[08/08/2026 17:35:02] SID L2O32EOmLFUmUHOQ
[08/08/2026 17:40:00] SID L2O32EOmLFUmUHOQ
[08/08/2026 17:40:10] SID CXFZDhK-PST-1iaN
[08/08/2026 17:45:00] SID CXFZDhK-PST-1iaN
[08/08/2026 17:45:03] SID eq-2ST_XXUqXRQPp
[08/08/2026 17:49:28] FASTIFY: incoming request
[08/08/2026 17:49:28] Parents POST /wash/list
[08/08/2026 17:49:28] FASTIFY: incoming request
[08/08/2026 17:49:28] Parents GET /mbtoday
[08/08/2026 17:49:28] FASTIFY: incoming request
[08/08/2026 17:49:28] FASTIFY: incoming request
[08/08/2026 17:49:28] Parents GET /miele/token
[08/08/2026 17:49:28] FASTIFY: request completed
[08/08/2026 17:49:28] FASTIFY: request completed
[08/08/2026 17:49:28] FASTIFY: request completed
[08/08/2026 17:49:28] FASTIFY: request completed
[08/08/2026 17:49:28] FASTIFY: incoming request
[08/08/2026 17:49:28] Parents GET /miele/devices
[08/08/2026 17:49:29] FASTIFY: request completed
[08/08/2026 17:50:00] SID eq-2ST_XXUqXRQPp
[08/08/2026 17:54:00] FASTIFY: incoming request
[08/08/2026 17:54:00] Parents POST /wash/list
[08/08/2026 17:54:00] FASTIFY: incoming request
[08/08/2026 17:54:00] Parents GET /mbtoday
[08/08/2026 17:54:00] FASTIFY: incoming request
[08/08/2026 17:54:00] FASTIFY: incoming request
[08/08/2026 17:54:00] Parents GET /miele/token
[08/08/2026 17:54:00] FASTIFY: request completed
[08/08/2026 17:54:00] FASTIFY: request completed
[08/08/2026 17:54:00] FASTIFY: request completed
[08/08/2026 17:54:00] FASTIFY: request completed
[08/08/2026 17:54:00] FASTIFY: incoming request
[08/08/2026 17:54:00] Parents GET /miele/devices
[08/08/2026 17:54:01] FASTIFY: request completed
[08/08/2026 17:55:00] SID eq-2ST_XXUqXRQPp
[08/08/2026 17:55:10] SID 1mJqa9NGH3SGJ9NL
[08/08/2026 18:00:00] SID 1mJqa9NGH3SGJ9NL
[08/08/2026 18:00:02] SID CayFNgeAnqHATh-e
[08/08/2026 18:02:28] FASTIFY: incoming request
[08/08/2026 18:02:28] Parents GET /miele/token
[08/08/2026 18:02:28] FASTIFY: incoming request
[08/08/2026 18:02:28] Parents POST /wash/list
[08/08/2026 18:02:28] FASTIFY: incoming request
[08/08/2026 18:02:28] Parents GET /mbtoday
[08/08/2026 18:02:28] FASTIFY: incoming request
[08/08/2026 18:02:28] FASTIFY: request completed
[08/08/2026 18:02:28] FASTIFY: request completed
[08/08/2026 18:02:28] FASTIFY: request completed
[08/08/2026 18:02:28] FASTIFY: request completed
[08/08/2026 18:02:28] FASTIFY: incoming request
[08/08/2026 18:02:28] Parents GET /miele/devices
[08/08/2026 18:02:29] FASTIFY: request completed
[08/08/2026 18:05:00] SID CayFNgeAnqHATh-e
[08/08/2026 18:05:06] SID 9Sc9EcdM1NHMidtc
[08/08/2026 18:07:00] FASTIFY: incoming request
[08/08/2026 18:07:00] Parents POST /wash/list
[08/08/2026 18:07:00] FASTIFY: incoming request
[08/08/2026 18:07:00] Parents GET /mbtoday
[08/08/2026 18:07:00] FASTIFY: incoming request
[08/08/2026 18:07:00] FASTIFY: incoming request
[08/08/2026 18:07:00] Parents GET /miele/token
[08/08/2026 18:07:00] FASTIFY: request completed
[08/08/2026 18:07:00] FASTIFY: request completed
[08/08/2026 18:07:00] FASTIFY: request completed
[08/08/2026 18:07:00] FASTIFY: request completed
[08/08/2026 18:07:00] FASTIFY: incoming request
[08/08/2026 18:07:00] Parents GET /miele/devices
[08/08/2026 18:07:01] FASTIFY: request completed
[08/08/2026 18:10:00] SID 9Sc9EcdM1NHMidtc
[08/08/2026 18:10:10] SID celZpZfk36BkFb_H
[08/08/2026 18:15:00] SID celZpZfk36BkFb_H
[08/08/2026 18:15:02] SID DLzAInau38Luvnqv
[08/08/2026 18:17:28] FASTIFY: incoming request
[08/08/2026 18:17:28] FASTIFY: incoming request
[08/08/2026 18:17:28] Parents GET /mbtoday
[08/08/2026 18:17:28] FASTIFY: incoming request
[08/08/2026 18:17:28] Parents POST /wash/list
[08/08/2026 18:17:28] FASTIFY: incoming request
[08/08/2026 18:17:29] Parents GET /miele/token
[08/08/2026 18:17:29] FASTIFY: request completed
[08/08/2026 18:17:29] FASTIFY: request completed
[08/08/2026 18:17:29] FASTIFY: request completed
[08/08/2026 18:17:29] FASTIFY: request completed
[08/08/2026 18:17:29] FASTIFY: incoming request
[08/08/2026 18:17:29] Parents GET /miele/devices
[08/08/2026 18:17:29] FASTIFY: request completed
[08/08/2026 18:20:00] SID DLzAInau38Luvnqv
[08/08/2026 18:20:03] SID nWHRG3sNEF7Nh1Ms
[08/08/2026 18:22:00] FASTIFY: incoming request
[08/08/2026 18:22:00] Parents GET /miele/token
[08/08/2026 18:22:00] FASTIFY: incoming request
[08/08/2026 18:22:00] Parents POST /wash/list
[08/08/2026 18:22:00] FASTIFY: incoming request
[08/08/2026 18:22:00] Parents GET /mbtoday
[08/08/2026 18:22:00] FASTIFY: incoming request
[08/08/2026 18:22:00] FASTIFY: request completed
[08/08/2026 18:22:00] FASTIFY: request completed
[08/08/2026 18:22:00] FASTIFY: request completed
[08/08/2026 18:22:00] FASTIFY: request completed
[08/08/2026 18:22:00] FASTIFY: incoming request
[08/08/2026 18:22:00] Parents GET /miele/devices
[08/08/2026 18:22:00] FASTIFY: request completed
[08/08/2026 18:25:00] SID nWHRG3sNEF7Nh1Ms
[08/08/2026 18:25:08] SID E6wPc4eRttGRd4ua
[08/08/2026 18:30:00] SID E6wPc4eRttGRd4ua
[08/08/2026 18:30:02] SID oSTBtLsX9q5XHI8m
[08/08/2026 18:35:00] SID oSTBtLsX9q5XHI8m
[08/08/2026 18:35:03] SID NulaUcOwtPWwaeuY
[08/08/2026 18:35:28] FASTIFY: incoming request
[08/08/2026 18:35:28] Parents POST /wash/list
[08/08/2026 18:35:28] FASTIFY: incoming request
[08/08/2026 18:35:29] Parents GET /mbtoday
[08/08/2026 18:35:29] FASTIFY: incoming request
[08/08/2026 18:35:29] FASTIFY: incoming request
[08/08/2026 18:35:29] Parents GET /miele/token
[08/08/2026 18:35:29] FASTIFY: request completed
[08/08/2026 18:35:29] FASTIFY: request completed
[08/08/2026 18:35:29] FASTIFY: request completed
[08/08/2026 18:35:29] FASTIFY: request completed
[08/08/2026 18:35:29] FASTIFY: incoming request
[08/08/2026 18:35:29] Parents GET /miele/devices
[08/08/2026 18:35:29] FASTIFY: request completed
[08/08/2026 18:40:00] SID NulaUcOwtPWwaeuY
[08/08/2026 18:40:00] FASTIFY: incoming request
[08/08/2026 18:40:00] Parents POST /wash/list
[08/08/2026 18:40:00] FASTIFY: incoming request
[08/08/2026 18:40:00] Parents GET /mbtoday
[08/08/2026 18:40:00] FASTIFY: incoming request
[08/08/2026 18:40:00] FASTIFY: incoming request
[08/08/2026 18:40:00] Parents GET /miele/token
[08/08/2026 18:40:00] FASTIFY: request completed
[08/08/2026 18:40:00] FASTIFY: request completed
[08/08/2026 18:40:00] FASTIFY: request completed
[08/08/2026 18:40:00] FASTIFY: request completed
[08/08/2026 18:40:00] FASTIFY: incoming request
[08/08/2026 18:40:00] Parents GET /miele/devices
[08/08/2026 18:40:01] FASTIFY: request completed
[08/08/2026 18:40:02] SID 5eotLOtemx_ehMd_
[08/08/2026 18:43:25] FASTIFY: incoming request
[08/08/2026 18:43:25] FASTIFY: incoming request
[08/08/2026 18:43:25] Parents GET /clim/status
[08/08/2026 18:43:25] FASTIFY: request completed
[08/08/2026 18:43:28] FASTIFY: request completed
[08/08/2026 18:43:35] FASTIFY: incoming request
[08/08/2026 18:43:35] Parents GET /clim/status
[08/08/2026 18:43:37] FASTIFY: request completed
[08/08/2026 18:43:40] FASTIFY: incoming request
[08/08/2026 18:43:40] Parents PUT /clim/set
[08/08/2026 18:43:44] FASTIFY: request completed
[08/08/2026 18:43:45] FASTIFY: incoming request
[08/08/2026 18:43:45] Parents GET /clim/status
[08/08/2026 18:43:47] FASTIFY: request completed
[08/08/2026 18:43:47] FASTIFY: incoming request
[08/08/2026 18:43:47] Parents GET /clim/status
[08/08/2026 18:43:50] FASTIFY: request completed
[08/08/2026 18:43:55] FASTIFY: incoming request
[08/08/2026 18:43:55] Parents GET /clim/status
[08/08/2026 18:43:57] FASTIFY: request completed
[08/08/2026 18:44:05] FASTIFY: incoming request
[08/08/2026 18:44:05] Parents GET /clim/status
[08/08/2026 18:44:07] FASTIFY: request completed
[08/08/2026 18:44:16] FASTIFY: incoming request
[08/08/2026 18:44:16] Parents GET /clim/status
[08/08/2026 18:44:19] FASTIFY: request completed
[08/08/2026 18:44:25] FASTIFY: incoming request
[08/08/2026 18:44:25] Parents GET /clim/status
[08/08/2026 18:44:28] FASTIFY: request completed
[08/08/2026 18:44:35] FASTIFY: incoming request
[08/08/2026 18:44:35] Parents GET /clim/status
[08/08/2026 18:44:38] FASTIFY: request completed
[08/08/2026 18:44:45] FASTIFY: incoming request
[08/08/2026 18:44:45] Parents GET /clim/status
[08/08/2026 18:44:48] FASTIFY: request completed
[08/08/2026 18:44:55] FASTIFY: incoming request
[08/08/2026 18:44:55] Parents GET /clim/status
[08/08/2026 18:45:00] SID 5eotLOtemx_ehMd_
[08/08/2026 18:45:02] FASTIFY: request completed
[08/08/2026 18:45:04] SID cet5VbvqHL6q3b_o
[08/08/2026 18:45:05] FASTIFY: incoming request
[08/08/2026 18:45:05] Parents GET /clim/status
[08/08/2026 18:45:08] FASTIFY: request completed
[08/08/2026 18:45:28] FASTIFY: incoming request
[08/08/2026 18:45:28] Parents POST /wash/list
[08/08/2026 18:45:28] FASTIFY: incoming request
[08/08/2026 18:45:28] Parents GET /mbtoday
[08/08/2026 18:45:28] FASTIFY: incoming request
[08/08/2026 18:45:28] FASTIFY: incoming request
[08/08/2026 18:45:28] Parents GET /miele/token
[08/08/2026 18:45:28] FASTIFY: request completed
[08/08/2026 18:45:28] FASTIFY: request completed
[08/08/2026 18:45:28] FASTIFY: request completed
[08/08/2026 18:45:28] FASTIFY: request completed
[08/08/2026 18:45:28] FASTIFY: incoming request
[08/08/2026 18:45:28] Parents GET /miele/devices
[08/08/2026 18:45:29] FASTIFY: request completed
[08/08/2026 18:50:00] SID cet5VbvqHL6q3b_o
[08/08/2026 18:50:00] FASTIFY: incoming request
[08/08/2026 18:50:00] Parents POST /wash/list
[08/08/2026 18:50:00] FASTIFY: incoming request
[08/08/2026 18:50:00] Parents GET /mbtoday
[08/08/2026 18:50:00] FASTIFY: incoming request
[08/08/2026 18:50:00] FASTIFY: incoming request
[08/08/2026 18:50:00] Parents GET /miele/token
[08/08/2026 18:50:00] FASTIFY: request completed
[08/08/2026 18:50:00] FASTIFY: request completed
[08/08/2026 18:50:00] FASTIFY: request completed
[08/08/2026 18:50:00] FASTIFY: request completed
[08/08/2026 18:50:00] FASTIFY: incoming request
[08/08/2026 18:50:00] Parents GET /miele/devices
[08/08/2026 18:50:00] FASTIFY: request completed
[08/08/2026 18:50:04] SID VPqkZ-rjf6-jQ_77
[08/08/2026 18:55:00] SID VPqkZ-rjf6-jQ_77
[08/08/2026 18:55:02] SID hOjAytcrXVAryvMB
[08/08/2026 19:00:00] SID hOjAytcrXVAryvMB
[08/08/2026 19:00:05] SID EeppC4enDUHn97Od
[08/08/2026 19:04:28] FASTIFY: incoming request
[08/08/2026 19:04:28] Parents POST /wash/list
[08/08/2026 19:04:28] FASTIFY: incoming request
[08/08/2026 19:04:28] Parents GET /mbtoday
[08/08/2026 19:04:28] FASTIFY: incoming request
[08/08/2026 19:04:28] FASTIFY: incoming request
[08/08/2026 19:04:28] Parents GET /miele/token
[08/08/2026 19:04:28] FASTIFY: request completed
[08/08/2026 19:04:28] FASTIFY: request completed
[08/08/2026 19:04:28] FASTIFY: request completed
[08/08/2026 19:04:28] FASTIFY: request completed
[08/08/2026 19:04:28] FASTIFY: incoming request
[08/08/2026 19:04:28] Parents GET /miele/devices
[08/08/2026 19:04:28] FASTIFY: request completed
[08/08/2026 19:05:00] SID EeppC4enDUHn97Od
[08/08/2026 19:05:07] SID 5GPwHNtrzAzrPPdM
[08/08/2026 19:09:00] FASTIFY: incoming request
[08/08/2026 19:09:00] Parents POST /wash/list
[08/08/2026 19:09:00] FASTIFY: incoming request
[08/08/2026 19:09:00] Parents GET /mbtoday
[08/08/2026 19:09:00] FASTIFY: incoming request
[08/08/2026 19:09:00] FASTIFY: incoming request
[08/08/2026 19:09:00] Parents GET /miele/token
[08/08/2026 19:09:00] FASTIFY: request completed
[08/08/2026 19:09:00] FASTIFY: request completed
[08/08/2026 19:09:00] FASTIFY: request completed
[08/08/2026 19:09:00] FASTIFY: request completed
[08/08/2026 19:09:00] FASTIFY: incoming request
[08/08/2026 19:09:00] Parents GET /miele/devices
[08/08/2026 19:09:00] FASTIFY: request completed
[08/08/2026 19:10:00] SID 5GPwHNtrzAzrPPdM
[08/08/2026 19:10:05] SID U-hLU4vAzP2Ag5vY
[08/08/2026 19:15:00] SID U-hLU4vAzP2Ag5vY
[08/08/2026 19:15:07] SID J_hL7P6OGwoOfNaj
[08/08/2026 19:16:28] FASTIFY: incoming request
[08/08/2026 19:16:28] Parents POST /wash/list
[08/08/2026 19:16:28] FASTIFY: incoming request
[08/08/2026 19:16:28] Parents GET /mbtoday
[08/08/2026 19:16:28] FASTIFY: incoming request
[08/08/2026 19:16:28] FASTIFY: incoming request
[08/08/2026 19:16:28] Parents GET /miele/token
[08/08/2026 19:16:28] FASTIFY: request completed
[08/08/2026 19:16:28] FASTIFY: request completed
[08/08/2026 19:16:28] FASTIFY: request completed
[08/08/2026 19:16:28] FASTIFY: request completed
[08/08/2026 19:16:28] FASTIFY: incoming request
[08/08/2026 19:16:28] Parents GET /miele/devices
[08/08/2026 19:16:28] FASTIFY: request completed
[08/08/2026 19:20:00] SID J_hL7P6OGwoOfNaj
[08/08/2026 19:20:03] SID ZGPwxP_RwaoRiM_h
[08/08/2026 19:21:00] FASTIFY: incoming request
[08/08/2026 19:21:00] Parents POST /wash/list
[08/08/2026 19:21:00] FASTIFY: incoming request
[08/08/2026 19:21:00] Parents GET /mbtoday
[08/08/2026 19:21:00] FASTIFY: incoming request
[08/08/2026 19:21:00] FASTIFY: incoming request
[08/08/2026 19:21:00] Parents GET /miele/token
[08/08/2026 19:21:00] FASTIFY: request completed
[08/08/2026 19:21:00] FASTIFY: request completed
[08/08/2026 19:21:00] FASTIFY: request completed
[08/08/2026 19:21:00] FASTIFY: request completed
[08/08/2026 19:21:00] FASTIFY: incoming request
[08/08/2026 19:21:00] Parents GET /miele/devices
[08/08/2026 19:21:00] FASTIFY: request completed
[08/08/2026 19:25:00] SID ZGPwxP_RwaoRiM_h
[08/08/2026 19:25:02] SID c_lbXY7rxAmrJbbY
[08/08/2026 19:30:00] SID c_lbXY7rxAmrJbbY
[08/08/2026 19:30:03] SID 3WBJn3NPPCZPb1dk
[08/08/2026 19:33:02] FASTIFY: incoming request
[08/08/2026 19:33:02] Parents POST /wash/list
[08/08/2026 19:33:02] FASTIFY: incoming request
[08/08/2026 19:33:02] Parents GET /mbtoday
[08/08/2026 19:33:02] FASTIFY: incoming request
[08/08/2026 19:33:02] FASTIFY: incoming request
[08/08/2026 19:33:02] Parents GET /miele/token
[08/08/2026 19:33:02] FASTIFY: request completed
[08/08/2026 19:33:03] FASTIFY: request completed
[08/08/2026 19:33:03] FASTIFY: request completed
[08/08/2026 19:33:03] FASTIFY: request completed
[08/08/2026 19:33:03] FASTIFY: incoming request
[08/08/2026 19:33:03] Parents GET /miele/devices
[08/08/2026 19:33:03] FASTIFY: request completed
[08/08/2026 19:35:00] SID 3WBJn3NPPCZPb1dk
[08/08/2026 19:35:01] SID G-s_rxuALwxAqxeH
[08/08/2026 19:39:31] FASTIFY: incoming request
[08/08/2026 19:39:31] Parents GET /mbtoday
[08/08/2026 19:39:31] FASTIFY: incoming request
[08/08/2026 19:39:31] FASTIFY: incoming request
[08/08/2026 19:39:31] Parents POST /wash/list
[08/08/2026 19:39:31] FASTIFY: incoming request
[08/08/2026 19:39:31] Parents GET /miele/token
[08/08/2026 19:39:31] FASTIFY: request completed
[08/08/2026 19:39:31] FASTIFY: request completed
[08/08/2026 19:39:31] FASTIFY: request completed
[08/08/2026 19:39:31] FASTIFY: request completed
[08/08/2026 19:39:32] FASTIFY: incoming request
[08/08/2026 19:39:32] Parents GET /miele/devices
[08/08/2026 19:39:32] FASTIFY: request completed
[08/08/2026 19:40:00] SID G-s_rxuALwxAqxeH
[08/08/2026 19:40:03] SID F3IvK8K__1X_V-Kf
[08/08/2026 19:44:01] FASTIFY: incoming request
[08/08/2026 19:44:01] Parents POST /wash/list
[08/08/2026 19:44:01] FASTIFY: incoming request
[08/08/2026 19:44:01] Parents GET /mbtoday
[08/08/2026 19:44:01] FASTIFY: incoming request
[08/08/2026 19:44:01] FASTIFY: incoming request
[08/08/2026 19:44:01] Parents GET /miele/token
[08/08/2026 19:44:01] FASTIFY: request completed
[08/08/2026 19:44:01] FASTIFY: request completed
[08/08/2026 19:44:01] FASTIFY: request completed
[08/08/2026 19:44:01] FASTIFY: request completed
[08/08/2026 19:44:01] FASTIFY: incoming request
[08/08/2026 19:44:01] Parents GET /miele/devices
[08/08/2026 19:44:02] FASTIFY: request completed
[08/08/2026 19:45:00] SID F3IvK8K__1X_V-Kf
[08/08/2026 19:45:03] SID Rus-VsvLVL2LFt_Y
[08/08/2026 19:50:00] SID Rus-VsvLVL2LFt_Y
[08/08/2026 19:50:01] SID X_t7D3LxXSbxo2bt
[08/08/2026 19:52:28] FASTIFY: incoming request
[08/08/2026 19:52:28] Parents POST /wash/list
[08/08/2026 19:52:28] FASTIFY: incoming request
[08/08/2026 19:52:28] Parents GET /mbtoday
[08/08/2026 19:52:28] FASTIFY: incoming request
[08/08/2026 19:52:28] FASTIFY: incoming request
[08/08/2026 19:52:28] Parents GET /miele/token
[08/08/2026 19:52:28] FASTIFY: request completed
[08/08/2026 19:52:28] FASTIFY: request completed
[08/08/2026 19:52:28] FASTIFY: request completed
[08/08/2026 19:52:28] FASTIFY: request completed
[08/08/2026 19:52:28] FASTIFY: incoming request
[08/08/2026 19:52:28] Parents GET /miele/devices
[08/08/2026 19:52:29] FASTIFY: request completed
[08/08/2026 19:55:00] SID X_t7D3LxXSbxo2bt
[08/08/2026 19:55:02] SID iupqOisTun_TjgM-
[08/08/2026 19:57:00] FASTIFY: incoming request
[08/08/2026 19:57:00] Parents POST /wash/list
[08/08/2026 19:57:00] FASTIFY: incoming request
[08/08/2026 19:57:00] Parents GET /mbtoday
[08/08/2026 19:57:00] FASTIFY: incoming request
[08/08/2026 19:57:00] FASTIFY: incoming request
[08/08/2026 19:57:00] Parents GET /miele/token
[08/08/2026 19:57:00] FASTIFY: request completed
[08/08/2026 19:57:00] FASTIFY: request completed
[08/08/2026 19:57:00] FASTIFY: request completed
[08/08/2026 19:57:00] FASTIFY: request completed
[08/08/2026 19:57:00] FASTIFY: incoming request
[08/08/2026 19:57:00] Parents GET /miele/devices
[08/08/2026 19:57:01] FASTIFY: request completed
[08/08/2026 19:57:24] FASTIFY: Stopping Solar's_Cam platform
[08/08/2026 19:57:24] FASTIFY: Solar's_Cam platform stopped
[08/08/2026 19:57:27] Weather : Already got data
[08/08/2026 19:57:30] Clim connectée: 31885837213310 | temp: 24.5 °C
[08/08/2026 19:57:30] FASTIFY: Server listening at http://127.0.0.1:3000
[08/08/2026 19:57:30] FASTIFY: Server listening at http://172.24.0.5:3000
[08/08/2026 19:57:32] FASTIFY: incoming request
[08/08/2026 19:57:32] Parents GET /clim/status
[08/08/2026 19:57:32] FASTIFY: incoming request
[08/08/2026 19:57:33] FASTIFY: request completed
[08/08/2026 19:57:36] FASTIFY: request completed
[08/08/2026 19:57:43] FASTIFY: incoming request
[08/08/2026 19:57:43] Parents GET /clim/status
[08/08/2026 19:57:45] FASTIFY: request completed
[08/08/2026 19:57:53] FASTIFY: incoming request
[08/08/2026 19:57:53] Parents GET /clim/status
[08/08/2026 19:57:57] FASTIFY: err is not defined
[08/08/2026 19:57:57] FASTIFY: request completed
[08/08/2026 19:58:03] FASTIFY: incoming request
[08/08/2026 19:58:03] Parents GET /clim/status
[08/08/2026 19:58:06] FASTIFY: request completed
[08/08/2026 19:58:13] FASTIFY: incoming request
[08/08/2026 19:58:13] Parents GET /clim/status
[08/08/2026 19:58:16] FASTIFY: request completed
[08/08/2026 19:58:23] FASTIFY: incoming request
[08/08/2026 19:58:23] Parents GET /clim/status
[08/08/2026 19:58:26] FASTIFY: request completed
[08/08/2026 19:58:33] FASTIFY: incoming request
[08/08/2026 19:58:33] Parents GET /clim/status
[08/08/2026 19:58:35] FASTIFY: request completed
[08/08/2026 19:58:43] FASTIFY: incoming request
[08/08/2026 19:58:43] Parents GET /clim/status
[08/08/2026 19:58:50] FASTIFY: request completed
[08/08/2026 19:59:27] FASTIFY: incoming request
[08/08/2026 19:59:27] Parents GET /clim/status
[08/08/2026 19:59:30] FASTIFY: request completed
[08/08/2026 20:00:00] SID null
[08/08/2026 20:00:00] SID kfrhH74ZXArZJ4Ys
[08/08/2026 20:00:27] FASTIFY: incoming request
[08/08/2026 20:00:27] Parents GET /clim/status
[08/08/2026 20:00:29] FASTIFY: request completed
[08/08/2026 20:01:27] FASTIFY: incoming request
[08/08/2026 20:01:27] Parents GET /clim/status
[08/08/2026 20:01:30] FASTIFY: request completed
[08/08/2026 20:02:27] FASTIFY: incoming request
[08/08/2026 20:02:27] Parents GET /clim/status
[08/08/2026 20:02:29] FASTIFY: Stopping Solar's_Cam platform
[08/08/2026 20:02:29] FASTIFY: err is not defined
[08/08/2026 20:02:29] FASTIFY: request completed
[08/08/2026 20:02:29] FASTIFY: Solar's_Cam platform stopped
[08/08/2026 20:03:18] Weather : Already got data
[08/08/2026 20:03:20] Clim connectée: 31885837213310 | temp: 24.5 °C
[08/08/2026 20:03:21] FASTIFY: Server listening at http://127.0.0.1:3000
[08/08/2026 20:03:21] FASTIFY: Server listening at http://172.24.0.5:3000
[08/08/2026 20:03:27] FASTIFY: incoming request
[08/08/2026 20:03:27] Parents GET /clim/status
[08/08/2026 20:03:28] FASTIFY: Stopping Solar's_Cam platform
[08/08/2026 20:03:28] FASTIFY: err is not defined
[08/08/2026 20:03:28] FASTIFY: request completed
[08/08/2026 20:03:28] FASTIFY: Solar's_Cam platform stopped
[08/08/2026 20:03:41] Weather : Already got data
[08/08/2026 20:03:44] Clim connectée: 31885837213310 | temp: 24.5 °C
[08/08/2026 20:03:44] FASTIFY: Server listening at http://127.0.0.1:3000
[08/08/2026 20:03:44] FASTIFY: Server listening at http://172.24.0.5:3000
[08/08/2026 20:03:53] FASTIFY: Stopping Solar's_Cam platform
[08/08/2026 20:03:53] FASTIFY: Solar's_Cam platform stopped
[08/08/2026 20:03:53] Weather : Already got data
[08/08/2026 20:03:56] Clim connectée: 31885837213310 | temp: 24.5 °C
[08/08/2026 20:03:56] FASTIFY: Server listening at http://127.0.0.1:3000
[08/08/2026 20:03:56] FASTIFY: Server listening at http://172.24.0.5:3000
[08/08/2026 20:04:20] FASTIFY: Stopping Solar's_Cam platform
[08/08/2026 20:04:20] FASTIFY: Solar's_Cam platform stopped
[08/08/2026 20:04:21] Weather : Already got data
[08/08/2026 20:04:24] Clim connectée: 31885837213310 | temp: 24.5 °C
[08/08/2026 20:04:24] FASTIFY: Server listening at http://127.0.0.1:3000
[08/08/2026 20:04:24] FASTIFY: Server listening at http://172.24.0.5:3000
[08/08/2026 20:04:26] FASTIFY: incoming request
[08/08/2026 20:04:26] FASTIFY: incoming request
[08/08/2026 20:04:26] Parents GET /clim/status
[08/08/2026 20:04:26] FASTIFY: request completed
[08/08/2026 20:04:32] FASTIFY: request completed
[08/08/2026 20:04:36] FASTIFY: incoming request
[08/08/2026 20:04:36] Parents GET /clim/status
[08/08/2026 20:04:39] FASTIFY: request completed
[08/08/2026 20:04:46] FASTIFY: incoming request
[08/08/2026 20:04:46] Parents GET /clim/status
[08/08/2026 20:04:49] FASTIFY: request completed
[08/08/2026 20:04:56] FASTIFY: incoming request
[08/08/2026 20:04:56] Parents GET /clim/status
[08/08/2026 20:04:59] FASTIFY: request completed
[08/08/2026 20:05:00] SID null
[08/08/2026 20:05:01] SID x-lbYv9hT-qhovtr
[08/08/2026 20:05:06] FASTIFY: incoming request
[08/08/2026 20:05:06] Parents GET /clim/status
[08/08/2026 20:05:09] FASTIFY: request completed
[08/08/2026 20:05:16] FASTIFY: incoming request
[08/08/2026 20:05:16] Parents GET /clim/status
[08/08/2026 20:05:19] FASTIFY: request completed
[08/08/2026 20:05:26] FASTIFY: incoming request
[08/08/2026 20:05:26] Parents GET /clim/status
[08/08/2026 20:05:29] FASTIFY: request completed
[08/08/2026 20:05:36] FASTIFY: incoming request
[08/08/2026 20:05:36] Parents GET /clim/status
[08/08/2026 20:05:38] FASTIFY: request completed
[08/08/2026 20:05:46] FASTIFY: incoming request
[08/08/2026 20:05:46] Parents GET /clim/status
[08/08/2026 20:05:49] FASTIFY: request completed
[08/08/2026 20:05:56] FASTIFY: incoming request
[08/08/2026 20:05:56] Parents GET /clim/status
[08/08/2026 20:05:59] FASTIFY: request completed
[08/08/2026 20:06:06] FASTIFY: incoming request
[08/08/2026 20:06:06] Parents GET /clim/status
[08/08/2026 20:06:12] FASTIFY: request completed
[08/08/2026 20:06:16] FASTIFY: incoming request
[08/08/2026 20:06:16] Parents GET /clim/status
[08/08/2026 20:06:18] FASTIFY: request completed
[08/08/2026 20:06:26] FASTIFY: incoming request
[08/08/2026 20:06:26] Parents GET /clim/status
[08/08/2026 20:06:29] FASTIFY: request completed
[08/08/2026 20:06:36] FASTIFY: incoming request
[08/08/2026 20:06:36] Parents GET /clim/status
[08/08/2026 20:06:43] FASTIFY: request completed
[08/08/2026 20:06:47] FASTIFY: incoming request
[08/08/2026 20:06:47] Parents GET /clim/status
[08/08/2026 20:06:50] FASTIFY: request completed
[08/08/2026 20:06:57] FASTIFY: incoming request
[08/08/2026 20:06:57] Parents GET /clim/status
[08/08/2026 20:07:04] FASTIFY: request completed
[08/08/2026 20:07:07] FASTIFY: incoming request
[08/08/2026 20:07:07] Parents GET /clim/status
[08/08/2026 20:07:09] FASTIFY: request completed
[08/08/2026 20:07:17] FASTIFY: incoming request
[08/08/2026 20:07:17] Parents GET /clim/status
[08/08/2026 20:07:20] FASTIFY: request completed
[08/08/2026 20:07:27] FASTIFY: incoming request
[08/08/2026 20:07:27] Parents GET /clim/status
[08/08/2026 20:07:29] FASTIFY: request completed
[08/08/2026 20:07:37] FASTIFY: incoming request
[08/08/2026 20:07:37] Parents GET /clim/status
[08/08/2026 20:07:39] FASTIFY: request completed
[08/08/2026 20:08:27] FASTIFY: incoming request
[08/08/2026 20:08:27] Parents GET /clim/status
[08/08/2026 20:08:30] FASTIFY: request completed
[08/08/2026 20:08:36] FASTIFY: Stopping Solar's_Cam platform
[08/08/2026 20:08:36] FASTIFY: Solar's_Cam platform stopped
[08/08/2026 20:08:36] Weather : Already got data
[08/08/2026 20:09:02] Weather : Already got data
[08/08/2026 20:09:05] Clim connectée: 31885837213310 | temp: 24.5 °C
[08/08/2026 20:09:05] FASTIFY: Server listening at http://127.0.0.1:3000
[08/08/2026 20:09:05] FASTIFY: Server listening at http://172.24.0.5:3000
[08/08/2026 20:09:27] FASTIFY: incoming request
[08/08/2026 20:09:27] Parents GET /clim/status
[08/08/2026 20:09:28] FASTIFY: incoming request
[08/08/2026 20:09:28] FASTIFY: incoming request
[08/08/2026 20:09:28] Parents GET /clim/status
[08/08/2026 20:09:28] FASTIFY: request completed
[08/08/2026 20:09:39] FASTIFY: request completed
[08/08/2026 20:09:39] FASTIFY: incoming request
[08/08/2026 20:09:39] Parents GET /clim/status
[08/08/2026 20:09:42] FASTIFY: request completed
[08/08/2026 20:09:49] FASTIFY: incoming request
[08/08/2026 20:09:49] Parents GET /clim/status
[08/08/2026 20:09:52] FASTIFY: request completed
[08/08/2026 20:09:59] FASTIFY: incoming request
[08/08/2026 20:09:59] Parents GET /clim/status
[08/08/2026 20:10:00] SID null
[08/08/2026 20:10:00] SID B-lbxtuXnawXus-B
[08/08/2026 20:10:01] FASTIFY: request completed
[08/08/2026 20:10:09] FASTIFY: incoming request
[08/08/2026 20:10:09] Parents GET /clim/status
[08/08/2026 20:10:12] FASTIFY: request completed
[08/08/2026 20:10:19] FASTIFY: incoming request
[08/08/2026 20:10:19] Parents GET /clim/status
[08/08/2026 20:10:21] FASTIFY: request completed
[08/08/2026 20:10:29] FASTIFY: incoming request
[08/08/2026 20:10:29] Parents GET /clim/status
[08/08/2026 20:10:31] FASTIFY: request completed
[08/08/2026 20:10:39] FASTIFY: incoming request
[08/08/2026 20:10:39] Parents GET /clim/status
[08/08/2026 20:10:51] FASTIFY: err is not defined
[08/08/2026 20:10:51] FASTIFY: request completed
[08/08/2026 20:10:51] FASTIFY: incoming request
[08/08/2026 20:10:51] Parents GET /clim/status
[08/08/2026 20:10:57] FASTIFY: request completed
[08/08/2026 20:10:59] FASTIFY: incoming request
[08/08/2026 20:10:59] Parents GET /clim/status
[08/08/2026 20:11:01] FASTIFY: request completed
[08/08/2026 20:11:09] FASTIFY: incoming request
[08/08/2026 20:11:09] Parents GET /clim/status
[08/08/2026 20:11:12] FASTIFY: request completed
[08/08/2026 20:11:19] FASTIFY: incoming request
[08/08/2026 20:11:19] Parents GET /clim/status
[08/08/2026 20:11:21] FASTIFY: request completed
[08/08/2026 20:11:29] FASTIFY: incoming request
[08/08/2026 20:11:29] Parents GET /clim/status
[08/08/2026 20:11:31] FASTIFY: request completed
[08/08/2026 20:11:39] FASTIFY: incoming request
[08/08/2026 20:11:39] Parents GET /clim/status
[08/08/2026 20:11:46] FASTIFY: request completed
[08/08/2026 20:11:49] FASTIFY: incoming request
[08/08/2026 20:11:49] Parents GET /clim/status
[08/08/2026 20:11:55] FASTIFY: request completed
[08/08/2026 20:11:59] FASTIFY: incoming request
[08/08/2026 20:11:59] Parents GET /clim/status
[08/08/2026 20:12:09] FASTIFY: request completed
[08/08/2026 20:12:09] FASTIFY: incoming request
[08/08/2026 20:12:09] Parents GET /clim/status
[08/08/2026 20:12:12] FASTIFY: request completed
[08/08/2026 20:12:19] FASTIFY: incoming request
[08/08/2026 20:12:19] Parents GET /clim/status
[08/08/2026 20:12:22] FASTIFY: request completed
[08/08/2026 20:12:29] FASTIFY: incoming request
[08/08/2026 20:12:29] Parents GET /clim/status
[08/08/2026 20:12:31] FASTIFY: request completed
[08/08/2026 20:12:39] FASTIFY: incoming request
[08/08/2026 20:12:39] Parents GET /clim/status
[08/08/2026 20:12:42] FASTIFY: request completed
[08/08/2026 20:12:49] FASTIFY: incoming request
[08/08/2026 20:12:49] Parents GET /clim/status
[08/08/2026 20:12:51] FASTIFY: request completed
[08/08/2026 20:12:59] FASTIFY: incoming request
[08/08/2026 20:12:59] Parents GET /clim/status
[08/08/2026 20:13:01] FASTIFY: request completed
[08/08/2026 20:13:09] FASTIFY: incoming request
[08/08/2026 20:13:09] Parents GET /clim/status
[08/08/2026 20:13:12] FASTIFY: request completed
[08/08/2026 20:13:19] FASTIFY: incoming request
[08/08/2026 20:13:19] Parents GET /clim/status
[08/08/2026 20:13:21] FASTIFY: request completed
[08/08/2026 20:13:29] FASTIFY: incoming request
[08/08/2026 20:13:29] Parents GET /clim/status
[08/08/2026 20:13:36] FASTIFY: request completed
[08/08/2026 20:13:39] FASTIFY: incoming request
[08/08/2026 20:13:39] Parents GET /clim/status
[08/08/2026 20:13:41] FASTIFY: request completed
[08/08/2026 20:13:49] FASTIFY: incoming request
[08/08/2026 20:13:49] Parents GET /clim/status
[08/08/2026 20:13:55] FASTIFY: request completed
[08/08/2026 20:13:59] FASTIFY: incoming request
[08/08/2026 20:13:59] Parents GET /clim/status
[08/08/2026 20:14:02] FASTIFY: request completed
[08/08/2026 20:14:09] FASTIFY: incoming request
[08/08/2026 20:14:09] Parents GET /clim/status
[08/08/2026 20:14:12] FASTIFY: request completed
[08/08/2026 20:14:19] FASTIFY: incoming request
[08/08/2026 20:14:19] Parents GET /clim/status
[08/08/2026 20:14:22] FASTIFY: request completed
[08/08/2026 20:14:29] FASTIFY: incoming request
[08/08/2026 20:14:29] Parents GET /clim/status
[08/08/2026 20:14:31] FASTIFY: request completed
[08/08/2026 20:14:39] FASTIFY: incoming request
[08/08/2026 20:14:39] Parents GET /clim/status
[08/08/2026 20:14:41] FASTIFY: request completed
[08/08/2026 20:15:00] SID B-lbxtuXnawXus-B
[08/08/2026 20:15:07] SID VDWUS_r-JV6-I-Lp
[08/08/2026 20:15:27] FASTIFY: incoming request
[08/08/2026 20:15:27] Parents GET /clim/status
[08/08/2026 20:15:29] FASTIFY: request completed
[08/08/2026 20:16:27] FASTIFY: incoming request
[08/08/2026 20:16:27] Parents GET /clim/status
[08/08/2026 20:16:29] FASTIFY: request completed
[08/08/2026 20:17:27] FASTIFY: incoming request
[08/08/2026 20:17:27] Parents GET /clim/status
[08/08/2026 20:17:33] FASTIFY: Stopping Solar's_Cam platform
[08/08/2026 20:17:33] FASTIFY: err is not defined
[08/08/2026 20:17:33] FASTIFY: request completed
[08/08/2026 20:17:33] FASTIFY: Solar's_Cam platform stopped
[08/08/2026 20:17:34] Weather : Already got data
[08/08/2026 20:17:34] FASTIFY: Server listening at http://127.0.0.1:3000
[08/08/2026 20:17:34] FASTIFY: Server listening at http://172.24.0.5:3000
[08/08/2026 20:17:36] Clim connectée: 31885837213310 | temp: 24.5 °C
[08/08/2026 20:18:27] FASTIFY: incoming request
[08/08/2026 20:18:27] Parents GET /clim/status
[08/08/2026 20:18:30] FASTIFY: request completed
[08/08/2026 20:19:27] FASTIFY: incoming request
[08/08/2026 20:19:27] Parents GET /clim/status
[08/08/2026 20:19:29] FASTIFY: request completed
[08/08/2026 20:20:00] SID null
[08/08/2026 20:20:05] SID mCZoeycMFnOMCxM6
[08/08/2026 20:20:27] FASTIFY: incoming request
[08/08/2026 20:20:27] Parents GET /clim/status
[08/08/2026 20:20:30] FASTIFY: request completed
[08/08/2026 20:21:27] FASTIFY: incoming request
[08/08/2026 20:21:27] Parents GET /clim/status
[08/08/2026 20:21:30] FASTIFY: request completed
[08/08/2026 20:22:27] FASTIFY: incoming request
[08/08/2026 20:22:27] Parents GET /clim/status
[08/08/2026 20:22:29] FASTIFY: request completed
[08/08/2026 20:23:27] FASTIFY: incoming request
[08/08/2026 20:23:27] Parents GET /clim/status
[08/08/2026 20:23:30] FASTIFY: request completed
[08/08/2026 20:24:27] FASTIFY: incoming request
[08/08/2026 20:24:27] Parents GET /clim/status
[08/08/2026 20:24:29] FASTIFY: request completed
[08/08/2026 20:25:00] SID mCZoeycMFnOMCxM6
[08/08/2026 20:25:03] FASTIFY: Stopping Solar's_Cam platform
[08/08/2026 20:25:03] FASTIFY: Solar's_Cam platform stopped
[08/08/2026 20:25:04] Weather : Already got data
[08/08/2026 20:25:04] FASTIFY: Server listening at http://127.0.0.1:3000
[08/08/2026 20:25:04] FASTIFY: Server listening at http://172.24.0.5:3000
[08/08/2026 20:25:06] Clim connectée: 31885837213310 | temp: 24.5 °C
[08/08/2026 20:25:27] FASTIFY: incoming request
[08/08/2026 20:25:27] Parents GET /clim/status
[08/08/2026 20:25:29] FASTIFY: request completed
[08/08/2026 20:25:31] FASTIFY: Stopping Solar's_Cam platform
[08/08/2026 20:25:31] FASTIFY: Solar's_Cam platform stopped
[08/08/2026 20:25:32] Weather : Already got data
[08/08/2026 20:25:32] FASTIFY: Server listening at http://127.0.0.1:3000
[08/08/2026 20:25:32] FASTIFY: Server listening at http://172.24.0.5:3000
[08/08/2026 20:25:35] Clim connectée: 31885837213310 | temp: 24.5 °C
[08/08/2026 20:25:46] FASTIFY: Stopping Solar's_Cam platform
[08/08/2026 20:25:46] FASTIFY: Solar's_Cam platform stopped
[08/08/2026 20:25:47] Weather : Already got data
[08/08/2026 20:25:47] FASTIFY: Server listening at http://127.0.0.1:3000
[08/08/2026 20:25:47] FASTIFY: Server listening at http://172.24.0.5:3000
[08/08/2026 20:25:49] Clim connectée: 31885837213310 | temp: 24.5 °C
[08/08/2026 20:26:02] FASTIFY: Stopping Solar's_Cam platform
[08/08/2026 20:26:02] FASTIFY: Solar's_Cam platform stopped
[08/08/2026 20:26:03] Weather : Already got data
[08/08/2026 20:26:20] Weather : Already got data
[08/08/2026 20:26:20] FASTIFY: Server listening at http://127.0.0.1:3000
[08/08/2026 20:26:20] FASTIFY: Server listening at http://172.24.0.5:3000
[08/08/2026 20:26:22] Clim connectée: 31885837213310 | temp: 24.5 °C
[08/08/2026 20:26:25] FASTIFY: Stopping Solar's_Cam platform
[08/08/2026 20:26:25] FASTIFY: Solar's_Cam platform stopped
[08/08/2026 20:26:26] Weather : Already got data
[08/08/2026 20:26:26] FASTIFY: Server listening at http://127.0.0.1:3000
[08/08/2026 20:26:26] FASTIFY: Server listening at http://172.24.0.5:3000
[08/08/2026 20:26:27] FASTIFY: incoming request
[08/08/2026 20:26:27] Parents GET /clim/status
[08/08/2026 20:26:30] FASTIFY: request completed
[08/08/2026 20:26:33] Clim connectée: 31885837213310 | temp: 24.5 °C
[08/08/2026 20:27:27] FASTIFY: incoming request
[08/08/2026 20:27:27] Parents GET /clim/status
[08/08/2026 20:27:30] FASTIFY: request completed
[08/08/2026 20:28:27] FASTIFY: incoming request
[08/08/2026 20:28:27] Parents GET /clim/status
[08/08/2026 20:28:30] FASTIFY: request completed
[08/08/2026 20:29:27] FASTIFY: incoming request
[08/08/2026 20:29:27] Parents GET /clim/status
[08/08/2026 20:29:29] FASTIFY: request completed
[08/08/2026 20:29:41] FASTIFY: Stopping Solar's_Cam platform
[08/08/2026 20:29:41] FASTIFY: Solar's_Cam platform stopped
[08/08/2026 20:29:42] Weather : Already got data
[08/08/2026 20:29:42] FASTIFY: Server listening at http://127.0.0.1:3000
[08/08/2026 20:29:42] FASTIFY: Server listening at http://172.24.0.5:3000
[08/08/2026 20:29:45] Clim connectée: 31885837213310 | temp: 24.5 °C
[08/08/2026 20:30:00] SID null
[08/08/2026 20:30:01] SID s-lbPZcG3jDGsZcO
[08/08/2026 20:30:11] FASTIFY: Stopping Solar's_Cam platform
[08/08/2026 20:30:11] FASTIFY: Solar's_Cam platform stopped
[08/08/2026 20:30:11] Weather : Already got data
[08/08/2026 20:30:11] FASTIFY: Server listening at http://127.0.0.1:3000
[08/08/2026 20:30:11] FASTIFY: Server listening at http://172.24.0.5:3000
[08/08/2026 20:30:14] Clim connectée: 31885837213310 | temp: 24.5 °C
[08/08/2026 20:30:27] FASTIFY: incoming request
[08/08/2026 20:30:27] Parents GET /clim/status
[08/08/2026 20:30:29] FASTIFY: incoming request
[08/08/2026 20:30:29] FASTIFY: incoming request
[08/08/2026 20:30:29] Parents GET /clim/status
[08/08/2026 20:30:29] FASTIFY: request completed
[08/08/2026 20:30:36] FASTIFY: request completed
[08/08/2026 20:30:39] FASTIFY: incoming request
[08/08/2026 20:30:39] Parents GET /clim/status
[08/08/2026 20:30:42] FASTIFY: request completed
[08/08/2026 20:30:49] FASTIFY: incoming request
[08/08/2026 20:30:49] Parents GET /clim/status
[08/08/2026 20:30:51] FASTIFY: request completed
[08/08/2026 20:30:59] FASTIFY: incoming request
[08/08/2026 20:30:59] Parents GET /clim/status
[08/08/2026 20:31:01] FASTIFY: request completed
[08/08/2026 20:31:09] FASTIFY: incoming request
[08/08/2026 20:31:09] Parents GET /clim/status
[08/08/2026 20:31:11] FASTIFY: request completed
[08/08/2026 20:31:19] FASTIFY: incoming request
[08/08/2026 20:31:19] Parents GET /clim/status
[08/08/2026 20:31:21] FASTIFY: request completed
[08/08/2026 20:31:29] FASTIFY: incoming request
[08/08/2026 20:31:29] Parents GET /clim/status
[08/08/2026 20:31:32] FASTIFY: request completed
[08/08/2026 20:31:39] FASTIFY: incoming request
[08/08/2026 20:31:39] Parents GET /clim/status
[08/08/2026 20:31:42] FASTIFY: request completed
[08/08/2026 20:32:27] FASTIFY: incoming request
[08/08/2026 20:32:27] Parents GET /clim/status
[08/08/2026 20:32:34] FASTIFY: request completed
[08/08/2026 20:33:27] FASTIFY: incoming request
[08/08/2026 20:33:27] Parents GET /clim/status
[08/08/2026 20:33:30] FASTIFY: request completed
[08/08/2026 20:34:27] FASTIFY: incoming request
[08/08/2026 20:34:27] Parents GET /clim/status
[08/08/2026 20:34:30] FASTIFY: request completed
[08/08/2026 20:34:43] FASTIFY: Stopping Solar's_Cam platform
[08/08/2026 20:34:43] FASTIFY: Solar's_Cam platform stopped
[08/08/2026 20:34:44] Weather : Already got data
[08/08/2026 20:34:44] FASTIFY: Server listening at http://127.0.0.1:3000
[08/08/2026 20:34:44] FASTIFY: Server listening at http://172.24.0.5:3000
[08/08/2026 20:34:47] Clim connectée: 31885837213310 | temp: 24.5 °C
[08/08/2026 20:35:00] SID null
[08/08/2026 20:35:27] FASTIFY: incoming request
[08/08/2026 20:35:27] Parents GET /clim/status
[08/08/2026 20:35:29] FASTIFY: request completed
[08/08/2026 20:36:27] FASTIFY: incoming request
[08/08/2026 20:36:27] Parents GET /clim/status
[08/08/2026 20:36:30] FASTIFY: request completed
[08/08/2026 20:37:27] FASTIFY: incoming request
[08/08/2026 20:37:27] Parents GET /clim/status
[08/08/2026 20:37:31] FASTIFY: err is not defined
[08/08/2026 20:37:31] FASTIFY: request completed
[08/08/2026 20:38:27] FASTIFY: incoming request
[08/08/2026 20:38:27] Parents GET /clim/status
[08/08/2026 20:38:30] FASTIFY: request completed
[08/08/2026 20:39:27] FASTIFY: incoming request
[08/08/2026 20:39:27] Parents GET /clim/status
[08/08/2026 20:39:28] FASTIFY: incoming request
[08/08/2026 20:39:28] FASTIFY: incoming request
[08/08/2026 20:39:28] Parents GET /clim/status
[08/08/2026 20:39:29] FASTIFY: request completed
[08/08/2026 20:39:32] FASTIFY: request completed
[08/08/2026 20:39:39] FASTIFY: incoming request
[08/08/2026 20:39:39] Parents GET /clim/status
[08/08/2026 20:39:41] FASTIFY: request completed
[08/08/2026 20:39:49] FASTIFY: incoming request
[08/08/2026 20:39:49] Parents GET /clim/status
[08/08/2026 20:39:51] FASTIFY: request completed
[08/08/2026 20:39:59] FASTIFY: incoming request
[08/08/2026 20:39:59] Parents GET /clim/status
[08/08/2026 20:40:00] SID null
[08/08/2026 20:40:00] SID 6OosxAdc8ZEcGA9R
[08/08/2026 20:40:01] FASTIFY: request completed
[08/08/2026 20:40:09] FASTIFY: incoming request
[08/08/2026 20:40:09] Parents GET /clim/status
[08/08/2026 20:40:12] FASTIFY: request completed
[08/08/2026 20:40:19] FASTIFY: incoming request
[08/08/2026 20:40:19] Parents GET /clim/status
[08/08/2026 20:40:21] FASTIFY: request completed
[08/08/2026 20:40:29] FASTIFY: incoming request
[08/08/2026 20:40:29] Parents GET /clim/status
[08/08/2026 20:40:31] FASTIFY: request completed
[08/08/2026 20:40:39] FASTIFY: incoming request
[08/08/2026 20:40:39] Parents GET /clim/status
[08/08/2026 20:40:41] FASTIFY: request completed
[08/08/2026 20:40:42] FASTIFY: Stopping Solar's_Cam platform
[08/08/2026 20:40:42] FASTIFY: Solar's_Cam platform stopped
[08/08/2026 20:40:43] Weather : Already got data
[08/08/2026 20:40:43] FASTIFY: Server listening at http://127.0.0.1:3000
[08/08/2026 20:40:43] FASTIFY: Server listening at http://172.24.0.5:3000
[08/08/2026 20:40:46] Clim connectée: 31885837213310 | temp: 24.5 °C
[08/08/2026 20:41:27] FASTIFY: incoming request
[08/08/2026 20:41:27] Parents GET /clim/status
[08/08/2026 20:41:30] FASTIFY: request completed
[08/08/2026 20:42:27] FASTIFY: incoming request
[08/08/2026 20:42:27] Parents GET /clim/status
[08/08/2026 20:42:29] FASTIFY: request completed
[08/08/2026 20:43:27] FASTIFY: incoming request
[08/08/2026 20:43:27] Parents GET /clim/status
[08/08/2026 20:43:30] FASTIFY: request completed
[08/08/2026 20:43:34] FASTIFY: Stopping Solar's_Cam platform
[08/08/2026 20:43:34] FASTIFY: Solar's_Cam platform stopped
[08/08/2026 20:43:49] Weather : Already got data
[08/08/2026 20:43:49] FASTIFY: Server listening at http://127.0.0.1:3000
[08/08/2026 20:43:49] FASTIFY: Server listening at http://172.24.0.5:3000
[08/08/2026 20:43:51] Clim connectée: 31885837213310 | temp: 24.5 °C
[08/08/2026 20:44:27] FASTIFY: incoming request
[08/08/2026 20:44:27] Parents GET /clim/status
[08/08/2026 20:44:30] FASTIFY: request completed
[08/08/2026 20:44:56] FASTIFY: Stopping Solar's_Cam platform
[08/08/2026 20:44:56] FASTIFY: Solar's_Cam platform stopped
[08/08/2026 20:44:57] Weather : Already got data
[08/08/2026 20:44:57] FASTIFY: Server listening at http://127.0.0.1:3000
[08/08/2026 20:44:57] FASTIFY: Server listening at http://172.24.0.5:3000
[08/08/2026 20:44:59] Clim connectée: 31885837213310 | temp: 24.5 °C
[08/08/2026 20:45:00] SID null
[08/08/2026 20:45:05] SID SerhcjP_Hua_Fivq
[08/08/2026 20:45:27] FASTIFY: incoming request
[08/08/2026 20:45:27] Parents GET /clim/status
[08/08/2026 20:45:30] FASTIFY: request completed
[08/08/2026 20:46:27] FASTIFY: incoming request
[08/08/2026 20:46:27] Parents GET /clim/status
[08/08/2026 20:46:30] FASTIFY: request completed
[08/08/2026 20:47:27] FASTIFY: incoming request
[08/08/2026 20:47:27] Parents GET /clim/status
[08/08/2026 20:47:29] FASTIFY: request completed
[08/08/2026 20:48:27] FASTIFY: incoming request
[08/08/2026 20:48:27] Parents GET /clim/status
[08/08/2026 20:48:29] FASTIFY: request completed
[08/08/2026 20:49:27] FASTIFY: incoming request
[08/08/2026 20:49:27] Parents GET /clim/status
[08/08/2026 20:49:30] FASTIFY: request completed
[08/08/2026 20:50:00] SID SerhcjP_Hua_Fivq
[08/08/2026 20:50:27] FASTIFY: incoming request
[08/08/2026 20:50:27] Parents GET /clim/status
[08/08/2026 20:50:33] FASTIFY: request completed
[08/08/2026 20:51:01] FASTIFY: Stopping Solar's_Cam platform
[08/08/2026 20:51:01] FASTIFY: Solar's_Cam platform stopped
[08/08/2026 20:51:02] Weather : Already got data
[08/08/2026 20:51:02] FASTIFY: Server listening at http://127.0.0.1:3000
[08/08/2026 20:51:02] FASTIFY: Server listening at http://172.24.0.5:3000
[08/08/2026 20:51:04] Clim connectée: 31885837213310 | temp: 24.5 °C
[08/08/2026 20:51:27] FASTIFY: incoming request
[08/08/2026 20:51:27] Parents GET /clim/status
[08/08/2026 20:51:30] FASTIFY: request completed
[08/08/2026 20:52:05] FASTIFY: Stopping Solar's_Cam platform
[08/08/2026 20:52:05] FASTIFY: Solar's_Cam platform stopped
[08/08/2026 20:52:09] Weather : Already got data
[08/08/2026 20:52:09] FASTIFY: Server listening at http://127.0.0.1:3000
[08/08/2026 20:52:09] FASTIFY: Server listening at http://172.24.0.5:3000
[08/08/2026 20:52:12] Clim connectée: 31885837213310 | temp: 24.5 °C
[08/08/2026 20:52:26] FASTIFY: Stopping Solar's_Cam platform
[08/08/2026 20:52:26] FASTIFY: Solar's_Cam platform stopped
[08/08/2026 20:52:26] Weather : Already got data
[08/08/2026 20:52:26] FASTIFY: Server listening at http://127.0.0.1:3000
[08/08/2026 20:52:26] FASTIFY: Server listening at http://172.24.0.5:3000
[08/08/2026 20:52:27] FASTIFY: incoming request
[08/08/2026 20:52:27] Parents GET /clim/status
[08/08/2026 20:52:31] Clim connectée: 31885837213310 | temp: 2.2250738585072014e-308 °C
[08/08/2026 20:52:34] FASTIFY: request completed
[08/08/2026 20:53:27] FASTIFY: incoming request
[08/08/2026 20:53:27] Parents GET /clim/status
[08/08/2026 20:53:29] FASTIFY: request completed
[08/08/2026 20:54:27] FASTIFY: incoming request
[08/08/2026 20:54:27] Parents GET /clim/status
[08/08/2026 20:54:30] FASTIFY: request completed
[08/08/2026 20:55:00] SID null
[08/08/2026 20:55:02] SID lSQNM9M1BuT1v-sO
[08/08/2026 20:55:27] FASTIFY: incoming request
[08/08/2026 20:55:27] Parents GET /clim/status
[08/08/2026 20:55:29] FASTIFY: request completed
[08/08/2026 20:55:40] FASTIFY: Stopping Solar's_Cam platform
[08/08/2026 20:55:40] FASTIFY: Solar's_Cam platform stopped
[08/08/2026 20:55:41] Weather : Already got data
[08/08/2026 20:55:41] FASTIFY: Server listening at http://127.0.0.1:3000
[08/08/2026 20:55:41] FASTIFY: Server listening at http://172.24.0.5:3000
[08/08/2026 20:55:43] Clim connectée: 31885837213310 | temp: 24.5 °C
[08/08/2026 20:56:27] FASTIFY: incoming request
[08/08/2026 20:56:27] Parents GET /clim/status
[08/08/2026 20:56:29] FASTIFY: request completed
[08/08/2026 20:57:27] FASTIFY: incoming request
[08/08/2026 20:57:27] Parents GET /clim/status
[08/08/2026 20:57:29] FASTIFY: incoming request
[08/08/2026 20:57:29] FASTIFY: incoming request
[08/08/2026 20:57:29] Parents GET /clim/status
[08/08/2026 20:57:29] FASTIFY: request completed
[08/08/2026 20:57:32] FASTIFY: request completed
[08/08/2026 20:57:39] FASTIFY: incoming request
[08/08/2026 20:57:39] Parents GET /clim/status
[08/08/2026 20:57:41] FASTIFY: request completed
[08/08/2026 20:57:49] FASTIFY: incoming request
[08/08/2026 20:57:49] Parents GET /clim/status
[08/08/2026 20:57:51] FASTIFY: request completed
[08/08/2026 20:57:59] FASTIFY: incoming request
[08/08/2026 20:57:59] Parents GET /clim/status
[08/08/2026 20:58:01] FASTIFY: request completed
[08/08/2026 20:58:09] FASTIFY: incoming request
[08/08/2026 20:58:09] Parents GET /clim/status
[08/08/2026 20:58:11] FASTIFY: request completed
[08/08/2026 20:58:19] FASTIFY: incoming request
[08/08/2026 20:58:19] Parents GET /clim/status
[08/08/2026 20:58:22] FASTIFY: request completed
[08/08/2026 20:58:29] FASTIFY: incoming request
[08/08/2026 20:58:29] Parents GET /clim/status
[08/08/2026 20:58:32] FASTIFY: request completed
[08/08/2026 20:58:39] FASTIFY: incoming request
[08/08/2026 20:58:39] Parents GET /clim/status
[08/08/2026 20:58:41] FASTIFY: request completed
[08/08/2026 20:59:14] FASTIFY: Stopping Solar's_Cam platform
[08/08/2026 20:59:14] FASTIFY: Solar's_Cam platform stopped
[08/08/2026 20:59:15] Weather : Already got data
[08/08/2026 20:59:15] FASTIFY: Server listening at http://127.0.0.1:3000
[08/08/2026 20:59:15] FASTIFY: Server listening at http://172.24.0.5:3000
[08/08/2026 20:59:18] Clim connectée: 31885837213310 | temp: 24.5 °C
[08/08/2026 20:59:27] FASTIFY: incoming request
[08/08/2026 20:59:27] Parents GET /clim/status
[08/08/2026 20:59:29] FASTIFY: request completed
[08/08/2026 21:00:00] SID null
[08/08/2026 21:00:05] SID 2r0exxZi_bAi1z5B
[08/08/2026 21:00:27] FASTIFY: incoming request
[08/08/2026 21:00:27] Parents GET /clim/status
[08/08/2026 21:00:34] FASTIFY: request completed
[08/08/2026 21:01:15] FASTIFY: incoming request
[08/08/2026 21:01:15] Parents GET /clim/status
[08/08/2026 21:01:18] FASTIFY: request completed
[08/08/2026 21:01:19] FASTIFY: incoming request
[08/08/2026 21:01:19] FASTIFY: incoming request
[08/08/2026 21:01:19] Parents GET /mbtoday
[08/08/2026 21:01:19] FASTIFY: incoming request
[08/08/2026 21:01:19] Parents POST /wash/list
[08/08/2026 21:01:19] FASTIFY: incoming request
[08/08/2026 21:01:19] Parents GET /miele/token
[08/08/2026 21:01:19] FASTIFY: request completed
[08/08/2026 21:01:19] FASTIFY: request completed
[08/08/2026 21:01:19] FASTIFY: request completed
[08/08/2026 21:01:19] FASTIFY: request completed
[08/08/2026 21:01:19] FASTIFY: incoming request
[08/08/2026 21:01:19] Parents GET /miele/devices
[08/08/2026 21:01:19] FASTIFY: request completed
[08/08/2026 21:01:23] FASTIFY: incoming request
[08/08/2026 21:01:23] Parents GET /miele/devices/:deviceId
[08/08/2026 21:01:23] FASTIFY: incoming request
[08/08/2026 21:01:23] Parents GET /miele/devices/:deviceId/programs
[08/08/2026 21:01:23] FASTIFY: request completed
[08/08/2026 21:01:23] FASTIFY: request completed
[08/08/2026 21:04:38] FASTIFY: Stopping Solar's_Cam platform
[08/08/2026 21:04:38] FASTIFY: Solar's_Cam platform stopped
[08/08/2026 21:04:39] Weather : Already got data
[08/08/2026 21:04:39] FASTIFY: Server listening at http://127.0.0.1:3000
[08/08/2026 21:04:39] FASTIFY: Server listening at http://172.24.0.5:3000
[08/08/2026 21:04:41] Clim connectée: 31885837213310 | temp: 24.5 °C
[08/08/2026 21:04:50] FASTIFY: Stopping Solar's_Cam platform
[08/08/2026 21:04:50] FASTIFY: Solar's_Cam platform stopped
[08/08/2026 21:04:50] Weather : Already got data
[08/08/2026 21:04:50] FASTIFY: Server listening at http://127.0.0.1:3000
[08/08/2026 21:04:50] FASTIFY: Server listening at http://172.24.0.5:3000
[08/08/2026 21:04:53] Clim connectée: 31885837213310 | temp: 24.5 °C
[08/08/2026 21:05:00] SID null
[08/08/2026 21:05:00] SID 1-s_48t3U803j-tT
[08/08/2026 21:05:30] FASTIFY: Stopping Solar's_Cam platform
[08/08/2026 21:05:30] FASTIFY: Solar's_Cam platform stopped
[08/08/2026 21:05:30] Weather : Already got data
[08/08/2026 21:05:30] FASTIFY: Server listening at http://127.0.0.1:3000
[08/08/2026 21:05:30] FASTIFY: Server listening at http://172.24.0.5:3000
[08/08/2026 21:05:33] Clim connectée: 31885837213310 | temp: 24.5 °C
[08/08/2026 21:10:00] SID null
[08/08/2026 21:10:05] SID A-hL3oeyTAEy2qeQ
[08/08/2026 21:11:06] FASTIFY: Stopping Solar's_Cam platform
[08/08/2026 21:11:06] FASTIFY: Solar's_Cam platform stopped
[08/08/2026 21:11:07] Weather : Already got data
[08/08/2026 21:11:07] FASTIFY: Server listening at http://127.0.0.1:3000
[08/08/2026 21:11:07] FASTIFY: Server listening at http://172.24.0.5:3000
[08/08/2026 21:11:10] Clim connectée: 31885837213310 | temp: 24.5 °C
[08/08/2026 21:11:14] FASTIFY: Stopping Solar's_Cam platform
[08/08/2026 21:11:14] FASTIFY: Solar's_Cam platform stopped
[08/08/2026 21:11:15] Weather : Already got data
[08/08/2026 21:11:15] FASTIFY: Server listening at http://127.0.0.1:3000
[08/08/2026 21:11:15] FASTIFY: Server listening at http://172.24.0.5:3000
[08/08/2026 21:11:18] Clim connectée: 31885837213310 | temp: 24.5 °C
[08/08/2026 21:11:22] FASTIFY: Stopping Solar's_Cam platform
[08/08/2026 21:11:22] FASTIFY: Solar's_Cam platform stopped
[08/08/2026 21:11:23] Weather : Already got data
[08/08/2026 21:11:23] FASTIFY: Server listening at http://127.0.0.1:3000
[08/08/2026 21:11:23] FASTIFY: Server listening at http://172.24.0.5:3000
[08/08/2026 21:11:26] Clim connectée: 31885837213310 | temp: 24.5 °C
[08/08/2026 21:12:52] Weather : Getting new data
[08/08/2026 21:12:53] FASTIFY: Server listening at http://127.0.0.1:3000
[08/08/2026 21:12:53] FASTIFY: Server listening at http://172.24.0.5:3000
[08/08/2026 21:12:55] Clim connectée: 31885837213310 | temp: 24.5 °C
[08/08/2026 21:13:51] FASTIFY: incoming request
[08/08/2026 21:13:51] Parents POST /wash/list
[08/08/2026 21:13:51] FASTIFY: incoming request
[08/08/2026 21:13:51] Parents GET /mbtoday
[08/08/2026 21:13:51] FASTIFY: incoming request
[08/08/2026 21:13:51] FASTIFY: incoming request
[08/08/2026 21:13:51] Parents GET /miele/token
[08/08/2026 21:13:51] FASTIFY: 
Invalid `prisma.washing_Program.findMany()` invocation:

{
  take: 5,
  orderBy: {
    time: "desc",
    ~~~~
?   id?: SortOrder,
?   type?: SortOrder,
?   name?: SortOrder,
?   createdAt?: SortOrder,
?   startAt?: SortOrder,
?   finished?: SortOrder,
?   authorId?: SortOrder,
?   author?: UserOrderByWithRelationInput
  },
  include: {
    author: {
      select: {
        username: true
      }
    }
  }
}

Unknown argument `time`. Did you mean `type`? Available options are marked with ?.
[08/08/2026 21:13:51] FASTIFY: request completed
[08/08/2026 21:13:51] FASTIFY: request completed
[08/08/2026 21:13:51] FASTIFY: request completed
[08/08/2026 21:13:51] FASTIFY: request completed
[08/08/2026 21:15:00] SID null
[08/08/2026 21:15:00] SID PPpofU6knimkTUaa
[08/08/2026 21:15:16] FASTIFY: incoming request
[08/08/2026 21:15:16] FASTIFY: incoming request
[08/08/2026 21:15:16] Parents GET /mbtoday
[08/08/2026 21:15:16] FASTIFY: incoming request
[08/08/2026 21:15:16] Parents POST /wash/list
[08/08/2026 21:15:16] FASTIFY: request completed
[08/08/2026 21:15:16] FASTIFY: 
Invalid `prisma.washing_Program.findMany()` invocation:

{
  take: 5,
  orderBy: {
    time: "desc",
    ~~~~
?   id?: SortOrder,
?   type?: SortOrder,
?   name?: SortOrder,
?   createdAt?: SortOrder,
?   startAt?: SortOrder,
?   finished?: SortOrder,
?   authorId?: SortOrder,
?   author?: UserOrderByWithRelationInput
  },
  include: {
    author: {
      select: {
        username: true
      }
    }
  }
}

Unknown argument `time`. Did you mean `type`? Available options are marked with ?.
[08/08/2026 21:15:16] FASTIFY: request completed
[08/08/2026 21:15:16] FASTIFY: incoming request
[08/08/2026 21:15:16] Parents GET /miele/token
[08/08/2026 21:15:16] FASTIFY: request completed
[08/08/2026 21:15:16] FASTIFY: request completed
[08/08/2026 21:15:27] FASTIFY: incoming request
[08/08/2026 21:15:27] FASTIFY: incoming request
[08/08/2026 21:15:27] Parents GET /mbtoday
[08/08/2026 21:15:27] FASTIFY: incoming request
[08/08/2026 21:15:27] Parents POST /wash/list
[08/08/2026 21:15:27] FASTIFY: incoming request
[08/08/2026 21:15:27] Parents GET /miele/token
[08/08/2026 21:15:27] FASTIFY: request completed
[08/08/2026 21:15:27] FASTIFY: 
Invalid `prisma.washing_Program.findMany()` invocation:

{
  take: 5,
  orderBy: {
    time: "desc",
    ~~~~
?   id?: SortOrder,
?   type?: SortOrder,
?   name?: SortOrder,
?   createdAt?: SortOrder,
?   startAt?: SortOrder,
?   finished?: SortOrder,
?   authorId?: SortOrder,
?   author?: UserOrderByWithRelationInput
  },
  include: {
    author: {
      select: {
        username: true
      }
    }
  }
}

Unknown argument `time`. Did you mean `type`? Available options are marked with ?.
[08/08/2026 21:15:27] FASTIFY: request completed
[08/08/2026 21:15:27] FASTIFY: request completed
[08/08/2026 21:15:27] FASTIFY: request completed
[08/08/2026 21:15:33] FASTIFY: incoming request
[08/08/2026 21:15:33] FASTIFY: incoming request
[08/08/2026 21:15:33] Parents GET /mbtoday
[08/08/2026 21:15:33] FASTIFY: incoming request
[08/08/2026 21:15:33] Parents POST /wash/list
[08/08/2026 21:15:33] FASTIFY: incoming request
[08/08/2026 21:15:33] Parents GET /miele/token
[08/08/2026 21:15:33] FASTIFY: request completed
[08/08/2026 21:15:33] FASTIFY: request completed
[08/08/2026 21:15:33] FASTIFY: 
Invalid `prisma.washing_Program.findMany()` invocation:

{
  take: 5,
  orderBy: {
    time: "desc",
    ~~~~
?   id?: SortOrder,
?   type?: SortOrder,
?   name?: SortOrder,
?   createdAt?: SortOrder,
?   startAt?: SortOrder,
?   finished?: SortOrder,
?   authorId?: SortOrder,
?   author?: UserOrderByWithRelationInput
  },
  include: {
    author: {
      select: {
        username: true
      }
    }
  }
}

Unknown argument `time`. Did you mean `type`? Available options are marked with ?.
[08/08/2026 21:15:33] FASTIFY: request completed
[08/08/2026 21:15:33] FASTIFY: request completed
[08/08/2026 21:16:37] FASTIFY: Stopping Solar's_Cam platform
[08/08/2026 21:16:37] FASTIFY: Solar's_Cam platform stopped
[08/08/2026 21:16:39] Weather : Already got data
[08/08/2026 21:16:39] FASTIFY: Server listening at http://127.0.0.1:3000
[08/08/2026 21:16:39] FASTIFY: Server listening at http://172.24.0.5:3000
[08/08/2026 21:16:42] Clim connectée: 31885837213310 | temp: 24.5 °C
[08/08/2026 21:16:45] FASTIFY: Stopping Solar's_Cam platform
[08/08/2026 21:16:45] FASTIFY: Solar's_Cam platform stopped
[08/08/2026 21:16:45] Weather : Already got data
[08/08/2026 21:16:45] FASTIFY: Server listening at http://127.0.0.1:3000
[08/08/2026 21:16:45] FASTIFY: Server listening at http://172.24.0.5:3000
[08/08/2026 21:16:48] Clim connectée: 31885837213310 | temp: 24.5 °C
[08/08/2026 21:16:49] FASTIFY: incoming request
[08/08/2026 21:16:49] Parents GET /miele/token
[08/08/2026 21:16:49] FASTIFY: incoming request
[08/08/2026 21:16:49] Parents POST /wash/list
[08/08/2026 21:16:49] FASTIFY: incoming request
[08/08/2026 21:16:49] Parents GET /mbtoday
[08/08/2026 21:16:49] FASTIFY: incoming request
[08/08/2026 21:16:49] FASTIFY: request completed
[08/08/2026 21:16:49] FASTIFY: request completed
[08/08/2026 21:16:49] FASTIFY: request completed
[08/08/2026 21:16:49] FASTIFY: request completed
[08/08/2026 21:20:00] SID null
[08/08/2026 21:20:05] SID e2Ef6RP3u0Q3dRPD
[08/08/2026 21:21:20] FASTIFY: incoming request
[08/08/2026 21:21:20] FASTIFY: incoming request
[08/08/2026 21:21:20] Parents GET /mbtoday
[08/08/2026 21:21:20] FASTIFY: incoming request
[08/08/2026 21:21:20] Parents POST /wash/list
[08/08/2026 21:21:20] FASTIFY: incoming request
[08/08/2026 21:21:20] Parents GET /miele/token
[08/08/2026 21:21:20] FASTIFY: request completed
[08/08/2026 21:21:20] FASTIFY: request completed
[08/08/2026 21:21:20] FASTIFY: request completed
[08/08/2026 21:21:20] FASTIFY: request completed
[08/08/2026 21:25:00] SID e2Ef6RP3u0Q3dRPD
[08/08/2026 21:25:05] SID hfotUsIBXMWBGuoY
[08/08/2026 21:27:28] FASTIFY: incoming request
[08/08/2026 21:27:28] Parents POST /wash/list
[08/08/2026 21:27:28] FASTIFY: incoming request
[08/08/2026 21:27:28] Parents GET /mbtoday
[08/08/2026 21:27:28] FASTIFY: incoming request
[08/08/2026 21:27:28] FASTIFY: incoming request
[08/08/2026 21:27:28] Parents GET /miele/token
[08/08/2026 21:27:28] FASTIFY: request completed
[08/08/2026 21:27:28] FASTIFY: request completed
[08/08/2026 21:27:28] FASTIFY: request completed
[08/08/2026 21:27:28] FASTIFY: request completed
[08/08/2026 21:28:05] FASTIFY: Stopping Solar's_Cam platform
[08/08/2026 21:28:05] FASTIFY: Solar's_Cam platform stopped
[08/08/2026 21:28:06] Weather : Already got data
[08/08/2026 21:28:07] FASTIFY: Server listening at http://127.0.0.1:3000
[08/08/2026 21:28:07] FASTIFY: Server listening at http://172.24.0.5:3000
[08/08/2026 21:28:10] Clim connectée: 31885837213310 | temp: 24.5 °C
[08/08/2026 21:29:57] FASTIFY: Stopping Solar's_Cam platform
[08/08/2026 21:29:57] FASTIFY: Solar's_Cam platform stopped
[08/08/2026 21:29:58] Weather : Already got data
[08/08/2026 21:29:58] FASTIFY: Server listening at http://127.0.0.1:3000
[08/08/2026 21:29:58] FASTIFY: Server listening at http://172.24.0.5:3000
[08/08/2026 21:30:00] SID null
[08/08/2026 21:30:00] SID h63TRscbJbGbuv8Z
[08/08/2026 21:30:00] Clim connectée: 31885837213310 | temp: 24.5 °C
[08/08/2026 21:31:32] FASTIFY: Stopping Solar's_Cam platform
[08/08/2026 21:31:32] FASTIFY: Solar's_Cam platform stopped
[08/08/2026 21:31:33] Weather : Already got data
[08/08/2026 21:31:33] FASTIFY: Server listening at http://127.0.0.1:3000
[08/08/2026 21:31:33] FASTIFY: Server listening at http://172.24.0.5:3000
[08/08/2026 21:31:35] Clim connectée: 31885837213310 | temp: 24.5 °C
[08/08/2026 21:32:00] FASTIFY: incoming request
[08/08/2026 21:32:00] Parents GET /miele/token
[08/08/2026 21:32:00] FASTIFY: incoming request
[08/08/2026 21:32:00] Parents POST /wash/list
[08/08/2026 21:32:00] FASTIFY: incoming request
[08/08/2026 21:32:00] Parents GET /mbtoday
[08/08/2026 21:32:00] FASTIFY: incoming request
[08/08/2026 21:32:00] FASTIFY: request completed
[08/08/2026 21:32:00] FASTIFY: request completed
[08/08/2026 21:32:00] FASTIFY: request completed
[08/08/2026 21:32:00] FASTIFY: request completed
[08/08/2026 21:33:19] FASTIFY: Stopping Solar's_Cam platform
[08/08/2026 21:33:19] FASTIFY: Solar's_Cam platform stopped
[08/08/2026 21:33:20] Weather : Already got data
[08/08/2026 21:33:20] FASTIFY: Server listening at http://127.0.0.1:3000
[08/08/2026 21:33:20] FASTIFY: Server listening at http://172.24.0.5:3000
[08/08/2026 21:33:26] Clim connectée: 31885837213310 | temp: 24.5 °C
[08/08/2026 21:35:00] SID null
[08/08/2026 21:35:00] SID 0Pu0O7Z8AkL815Ju
[08/08/2026 21:35:07] FASTIFY: Stopping Solar's_Cam platform
[08/08/2026 21:35:07] FASTIFY: Solar's_Cam platform stopped
[08/08/2026 21:35:08] Weather : Already got data
[08/08/2026 21:35:08] FASTIFY: Server listening at http://127.0.0.1:3000
[08/08/2026 21:35:08] FASTIFY: Server listening at http://172.24.0.5:3000
[08/08/2026 21:35:10] Clim connectée: 31885837213310 | temp: 24.5 °C
[08/08/2026 21:35:41] FASTIFY: Stopping Solar's_Cam platform
[08/08/2026 21:35:41] FASTIFY: Solar's_Cam platform stopped
[08/08/2026 21:35:41] Weather : Already got data
[08/08/2026 21:35:41] FASTIFY: Server listening at http://127.0.0.1:3000
[08/08/2026 21:35:41] FASTIFY: Server listening at http://172.24.0.5:3000
[08/08/2026 21:35:44] Clim connectée: 31885837213310 | temp: 24.5 °C
[08/08/2026 21:36:38] FASTIFY: Stopping Solar's_Cam platform
[08/08/2026 21:36:38] FASTIFY: Solar's_Cam platform stopped
[08/08/2026 21:36:39] Weather : Already got data
[08/08/2026 21:36:39] FASTIFY: Server listening at http://127.0.0.1:3000
[08/08/2026 21:36:39] FASTIFY: Server listening at http://172.24.0.5:3000
[08/08/2026 21:36:52] Clim connectée: 31885837213310 | temp: 2.2250738585072014e-308 °C
[08/08/2026 21:38:36] FASTIFY: Stopping Solar's_Cam platform
[08/08/2026 21:38:36] FASTIFY: Solar's_Cam platform stopped
[08/08/2026 21:38:37] Weather : Already got data
[08/08/2026 21:38:37] FASTIFY: Server listening at http://127.0.0.1:3000
[08/08/2026 21:38:37] FASTIFY: Server listening at http://172.24.0.5:3000
[08/08/2026 21:38:39] Clim connectée: 31885837213310 | temp: 24.5 °C
[08/08/2026 21:40:00] SID null
[08/08/2026 21:40:00] SID 8yVbrZNZTxRZibdH
[08/08/2026 21:40:28] FASTIFY: incoming request
[08/08/2026 21:40:28] Parents POST /wash/list
[08/08/2026 21:40:28] FASTIFY: incoming request
[08/08/2026 21:40:28] Parents GET /mbtoday
[08/08/2026 21:40:28] FASTIFY: incoming request
[08/08/2026 21:40:28] FASTIFY: incoming request
[08/08/2026 21:40:28] Parents GET /miele/token
[08/08/2026 21:40:28] FASTIFY: request completed
[08/08/2026 21:40:28] FASTIFY: request completed
[08/08/2026 21:40:28] FASTIFY: request completed
[08/08/2026 21:40:28] FASTIFY: request completed
[08/08/2026 21:41:54] FASTIFY: Stopping Solar's_Cam platform
[08/08/2026 21:41:54] FASTIFY: Solar's_Cam platform stopped
[08/08/2026 21:41:55] Weather : Already got data
[08/08/2026 21:41:55] FASTIFY: Server listening at http://127.0.0.1:3000
[08/08/2026 21:41:55] FASTIFY: Server listening at http://172.24.0.5:3000
[08/08/2026 21:41:58] Clim connectée: 31885837213310 | temp: 24.5 °C
[08/08/2026 21:42:51] FASTIFY: incoming request
[08/08/2026 21:42:51] FASTIFY: incoming request
[08/08/2026 21:42:51] Parents GET /clim/status
[08/08/2026 21:42:51] FASTIFY: request completed
[08/08/2026 21:42:51] FASTIFY: incoming request
[08/08/2026 21:42:51] FASTIFY: incoming request
[08/08/2026 21:42:51] Parents GET /mbtoday
[08/08/2026 21:42:51] FASTIFY: request completed
[08/08/2026 21:42:51] FASTIFY: incoming request
[08/08/2026 21:42:51] Parents POST /wash/list
[08/08/2026 21:42:51] FASTIFY: request completed
[08/08/2026 21:42:51] FASTIFY: incoming request
[08/08/2026 21:42:51] Parents GET /miele/token
[08/08/2026 21:42:51] FASTIFY: request completed
[08/08/2026 21:42:51] FASTIFY: request completed
[08/08/2026 21:42:52] FASTIFY: incoming request
[08/08/2026 21:42:52] FASTIFY: request completed
[08/08/2026 21:42:52] FASTIFY: incoming request
[08/08/2026 21:42:52] FASTIFY: incoming request
[08/08/2026 21:42:52] Parents GET /mbtoday
[08/08/2026 21:42:52] FASTIFY: request completed
[08/08/2026 21:42:52] FASTIFY: request completed
[08/08/2026 21:42:52] FASTIFY: incoming request
[08/08/2026 21:42:52] Parents POST /wash/list
[08/08/2026 21:42:52] FASTIFY: request completed
[08/08/2026 21:42:52] FASTIFY: incoming request
[08/08/2026 21:42:52] Parents GET /miele/token
[08/08/2026 21:42:52] FASTIFY: request completed
[08/08/2026 21:42:53] FASTIFY: incoming request
[08/08/2026 21:42:53] FASTIFY: request completed
[08/08/2026 21:42:53] FASTIFY: incoming request
[08/08/2026 21:42:53] FASTIFY: incoming request
[08/08/2026 21:42:53] Parents GET /mbtoday
[08/08/2026 21:42:53] FASTIFY: request completed
[08/08/2026 21:42:53] FASTIFY: request completed
[08/08/2026 21:42:53] FASTIFY: incoming request
[08/08/2026 21:42:53] Parents POST /wash/list
[08/08/2026 21:42:53] FASTIFY: incoming request
[08/08/2026 21:42:53] Parents GET /miele/token
[08/08/2026 21:42:53] FASTIFY: request completed
[08/08/2026 21:42:53] FASTIFY: request completed
[08/08/2026 21:42:53] FASTIFY: request completed
[08/08/2026 21:42:53] FASTIFY: incoming request
[08/08/2026 21:42:53] Parents GET /clim/status
[08/08/2026 21:42:55] FASTIFY: incoming request
[08/08/2026 21:42:55] Parents GET /miele/connect
[08/08/2026 21:42:55] FASTIFY: request completed
[08/08/2026 21:43:12] FASTIFY: incoming request
[08/08/2026 21:43:12] FASTIFY: request completed
[08/08/2026 21:43:14] FASTIFY: incoming request
[08/08/2026 21:43:14] FASTIFY: request completed
[08/08/2026 21:43:16] FASTIFY: incoming request
[08/08/2026 21:43:16] Parents POST /wash/list
[08/08/2026 21:43:16] FASTIFY: request completed
[08/08/2026 21:43:21] FASTIFY: incoming request
[08/08/2026 21:43:21] FASTIFY: incoming request
[08/08/2026 21:43:21] Parents GET /mbtoday
[08/08/2026 21:43:21] FASTIFY: incoming request
[08/08/2026 21:43:21] Parents POST /wash/list
[08/08/2026 21:43:21] FASTIFY: incoming request
[08/08/2026 21:43:21] Parents GET /miele/token
[08/08/2026 21:43:21] FASTIFY: request completed
[08/08/2026 21:43:21] FASTIFY: request completed
[08/08/2026 21:43:21] FASTIFY: request completed
[08/08/2026 21:43:21] FASTIFY: request completed
[08/08/2026 21:43:22] FASTIFY: incoming request
[08/08/2026 21:43:22] Parents GET /miele/connect
[08/08/2026 21:43:22] FASTIFY: request completed
[08/08/2026 21:43:26] FASTIFY: incoming request
[08/08/2026 21:43:26] FASTIFY: request completed
[08/08/2026 21:44:19] FASTIFY: incoming request
[08/08/2026 21:44:19] Parents POST /wash/list
[08/08/2026 21:44:19] FASTIFY: request completed
[08/08/2026 21:44:39] FASTIFY: incoming request
[08/08/2026 21:44:39] Parents GET /miele/connect
[08/08/2026 21:44:39] FASTIFY: request completed
[08/08/2026 21:44:45] FASTIFY: incoming request
[08/08/2026 21:44:45] FASTIFY: request completed
[08/08/2026 21:44:53] FASTIFY: incoming request
[08/08/2026 21:44:53] Parents POST /wash/list
[08/08/2026 21:44:53] FASTIFY: request completed
[08/08/2026 21:44:59] FASTIFY: incoming request
[08/08/2026 21:44:59] Parents GET /miele/connect
[08/08/2026 21:44:59] FASTIFY: request completed
[08/08/2026 21:45:00] SID null
[08/08/2026 21:45:00] SID DOnQcne6PtK6uluq
[08/08/2026 21:45:02] FASTIFY: incoming request
[08/08/2026 21:45:02] FASTIFY: request completed
[08/08/2026 21:45:08] FASTIFY: incoming request
[08/08/2026 21:45:08] FASTIFY: request completed
[08/08/2026 21:45:14] FASTIFY: incoming request
[08/08/2026 21:45:14] FASTIFY: request completed
[08/08/2026 21:45:17] FASTIFY: incoming request
[08/08/2026 21:45:17] Parents POST /wash/list
[08/08/2026 21:45:17] FASTIFY: request completed
[08/08/2026 21:45:24] FASTIFY: incoming request
[08/08/2026 21:45:24] FASTIFY: request completed
[08/08/2026 21:45:24] FASTIFY: incoming request
[08/08/2026 21:45:24] FASTIFY: request completed
[08/08/2026 21:45:24] FASTIFY: incoming request
[08/08/2026 21:45:24] FASTIFY: request completed
[08/08/2026 21:45:24] FASTIFY: incoming request
[08/08/2026 21:45:24] FASTIFY: request completed
[08/08/2026 21:45:32] FASTIFY: incoming request
[08/08/2026 21:45:32] FASTIFY: server.writeLog is not a function
[08/08/2026 21:45:32] FASTIFY: request completed
[08/08/2026 21:45:40] FASTIFY: incoming request
[08/08/2026 21:45:40] FASTIFY: server.writeLog is not a function
[08/08/2026 21:45:40] FASTIFY: request completed
[08/08/2026 21:46:20] FASTIFY: Stopping Solar's_Cam platform
[08/08/2026 21:46:20] FASTIFY: Solar's_Cam platform stopped
[08/08/2026 21:46:21] Weather : Already got data
[08/08/2026 21:46:21] FASTIFY: Server listening at http://127.0.0.1:3000
[08/08/2026 21:46:21] FASTIFY: Server listening at http://172.24.0.5:3000
[08/08/2026 21:46:27] Clim connectée: 31885837213310 | temp: 24.5 °C
[08/08/2026 21:46:33] FASTIFY: Stopping Solar's_Cam platform
[08/08/2026 21:46:33] FASTIFY: Solar's_Cam platform stopped
[08/08/2026 21:46:34] Weather : Already got data
[08/08/2026 21:46:34] FASTIFY: Server listening at http://127.0.0.1:3000
[08/08/2026 21:46:34] FASTIFY: Server listening at http://172.24.0.5:3000
[08/08/2026 21:46:37] Clim connectée: 31885837213310 | temp: 24.5 °C
[08/08/2026 21:46:43] FASTIFY: Stopping Solar's_Cam platform
[08/08/2026 21:46:43] FASTIFY: Solar's_Cam platform stopped
[08/08/2026 21:46:44] Weather : Already got data
[08/08/2026 21:46:44] FASTIFY: Server listening at http://127.0.0.1:3000
[08/08/2026 21:46:44] FASTIFY: Server listening at http://172.24.0.5:3000
[08/08/2026 21:46:47] Clim connectée: 31885837213310 | temp: 24.5 °C
[08/08/2026 21:46:49] FASTIFY: Stopping Solar's_Cam platform
[08/08/2026 21:46:49] FASTIFY: Solar's_Cam platform stopped
[08/08/2026 21:46:49] Weather : Already got data
[08/08/2026 21:46:49] FASTIFY: Server listening at http://127.0.0.1:3000
[08/08/2026 21:46:49] FASTIFY: Server listening at http://172.24.0.5:3000
[08/08/2026 21:46:52] Clim connectée: 31885837213310 | temp: 24.5 °C
[08/08/2026 21:47:13] FASTIFY: Stopping Solar's_Cam platform
[08/08/2026 21:47:13] FASTIFY: Solar's_Cam platform stopped
[08/08/2026 21:47:14] Weather : Already got data
[08/08/2026 21:47:14] FASTIFY: Server listening at http://127.0.0.1:3000
[08/08/2026 21:47:14] FASTIFY: Server listening at http://172.24.0.5:3000
[08/08/2026 21:47:17] Clim connectée: 31885837213310 | temp: 24.5 °C
[08/08/2026 21:47:19] FASTIFY: incoming request
[08/08/2026 21:47:19] POST /login
[08/08/2026 21:47:19] FASTIFY: request completed
[08/08/2026 21:47:19] FASTIFY: incoming request
[08/08/2026 21:47:19] FASTIFY: incoming request
[08/08/2026 21:47:19] Parents GET /clim/status
[08/08/2026 21:47:19] FASTIFY: request completed
[08/08/2026 21:47:24] FASTIFY: incoming request
[08/08/2026 21:47:24] FASTIFY: incoming request
[08/08/2026 21:47:24] Parents GET /mbtoday
[08/08/2026 21:47:24] FASTIFY: request completed
[08/08/2026 21:47:24] FASTIFY: incoming request
[08/08/2026 21:47:24] Parents POST /wash/list
[08/08/2026 21:47:24] FASTIFY: incoming request
[08/08/2026 21:47:24] Parents GET /miele/token
[08/08/2026 21:47:24] FASTIFY: request completed
[08/08/2026 21:47:24] FASTIFY: request completed
[08/08/2026 21:47:24] FASTIFY: request completed
[08/08/2026 21:47:25] FASTIFY: incoming request
[08/08/2026 21:47:25] Parents GET /miele/connect
[08/08/2026 21:47:25] FASTIFY: request completed
[08/08/2026 21:47:29] FASTIFY: incoming request
[08/08/2026 21:47:29] FASTIFY: request completed
[08/08/2026 21:48:40] FASTIFY: Stopping Solar's_Cam platform
[08/08/2026 21:48:40] FASTIFY: Solar's_Cam platform stopped
[08/08/2026 21:48:41] Weather : Already got data
[08/08/2026 21:48:41] FASTIFY: Server listening at http://127.0.0.1:3000
[08/08/2026 21:48:41] FASTIFY: Server listening at http://172.24.0.5:3000
[08/08/2026 21:48:44] Clim connectée: 31885837213310 | temp: 24.5 °C
[08/08/2026 21:49:24] FASTIFY: incoming request
[08/08/2026 21:49:24] FASTIFY: request completed
[08/08/2026 21:49:41] FASTIFY: incoming request
[08/08/2026 21:49:41] FASTIFY: incoming request
[08/08/2026 21:49:41] Parents GET /mbtoday
[08/08/2026 21:49:41] FASTIFY: incoming request
[08/08/2026 21:49:41] Parents POST /wash/list
[08/08/2026 21:49:41] FASTIFY: incoming request
[08/08/2026 21:49:41] Parents GET /miele/token
[08/08/2026 21:49:41] FASTIFY: request completed
[08/08/2026 21:49:41] FASTIFY: request completed
[08/08/2026 21:49:41] FASTIFY: request completed
[08/08/2026 21:49:41] FASTIFY: request completed


[08/08/2026 21:49:48] FASTIFY: incoming request
[08/08/2026 21:49:48] Parents GET /miele/connect
[08/08/2026 21:49:48] FASTIFY: request completed
[08/08/2026 21:50:00] SID null
[08/08/2026 21:50:00] SID W3GXjx7_KQh_3xbF
[08/08/2026 21:50:01] FASTIFY: incoming request
[08/08/2026 21:50:01] FASTIFY: request completed
[08/08/2026 21:50:27] FASTIFY: incoming request
[08/08/2026 21:50:27] FASTIFY: incoming request
[08/08/2026 21:50:27] Parents GET /mbtoday
[08/08/2026 21:50:27] FASTIFY: incoming request
[08/08/2026 21:50:27] Parents POST /wash/list
[08/08/2026 21:50:27] FASTIFY: request completed
[08/08/2026 21:50:27] FASTIFY: request completed
[08/08/2026 21:50:27] FASTIFY: request completed
[08/08/2026 21:50:27] FASTIFY: incoming request
[08/08/2026 21:50:27] Parents GET /miele/token
[08/08/2026 21:50:27] FASTIFY: request completed
[08/08/2026 21:50:27] FASTIFY: incoming request
[08/08/2026 21:50:27] FASTIFY: incoming request
[08/08/2026 21:50:27] Parents GET /mbtoday
[08/08/2026 21:50:27] FASTIFY: incoming request
[08/08/2026 21:50:27] Parents POST /wash/list
[08/08/2026 21:50:27] FASTIFY: request completed
[08/08/2026 21:50:27] FASTIFY: request completed
[08/08/2026 21:50:27] FASTIFY: request completed
[08/08/2026 21:50:27] FASTIFY: incoming request
[08/08/2026 21:50:27] Parents GET /miele/token
[08/08/2026 21:50:27] FASTIFY: request completed
[08/08/2026 21:50:28] FASTIFY: incoming request
[08/08/2026 21:50:28] Parents GET /miele/connect
[08/08/2026 21:50:28] FASTIFY: request completed
[08/08/2026 21:50:35] FASTIFY: incoming request
[08/08/2026 21:50:35] FASTIFY: request completed
[08/08/2026 21:50:59] FASTIFY: incoming request
[08/08/2026 21:50:59] FASTIFY: request completed
[08/08/2026 21:53:24] FASTIFY: Stopping Solar's_Cam platform
[08/08/2026 21:53:24] FASTIFY: Solar's_Cam platform stopped
[08/08/2026 21:53:25] Weather : Already got data
[08/08/2026 21:53:25] FASTIFY: Server listening at http://127.0.0.1:3000
[08/08/2026 21:53:25] FASTIFY: Server listening at http://172.24.0.5:3000
[08/08/2026 21:53:28] Clim connectée: 31885837213310 | temp: 24.5 °C
[08/08/2026 21:53:28] FASTIFY: incoming request
[08/08/2026 21:53:28] Parents GET /miele/token
[08/08/2026 21:53:28] FASTIFY: incoming request
[08/08/2026 21:53:28] Parents POST /wash/list
[08/08/2026 21:53:28] FASTIFY: incoming request
[08/08/2026 21:53:28] Parents GET /mbtoday
[08/08/2026 21:53:28] FASTIFY: incoming request
[08/08/2026 21:53:28] FASTIFY: request completed
[08/08/2026 21:53:28] FASTIFY: request completed
[08/08/2026 21:53:28] FASTIFY: request completed
[08/08/2026 21:53:28] FASTIFY: request completed
[08/08/2026 21:53:32] FASTIFY: incoming request
[08/08/2026 21:53:32] FASTIFY: incoming request
[08/08/2026 21:53:32] Parents GET /clim/status
[08/08/2026 21:53:32] FASTIFY: request completed
[08/08/2026 21:53:34] FASTIFY: incoming request
[08/08/2026 21:53:34] FASTIFY: incoming request
[08/08/2026 21:53:34] Parents GET /mbtoday
[08/08/2026 21:53:34] FASTIFY: request completed
[08/08/2026 21:53:34] FASTIFY: incoming request
[08/08/2026 21:53:34] Parents POST /wash/list
[08/08/2026 21:53:34] FASTIFY: request completed
[08/08/2026 21:53:34] FASTIFY: incoming request
[08/08/2026 21:53:34] Parents GET /miele/token
[08/08/2026 21:53:34] FASTIFY: request completed
[08/08/2026 21:53:34] FASTIFY: request completed
[08/08/2026 21:53:35] FASTIFY: request completed
[08/08/2026 21:53:44] FASTIFY: incoming request
[08/08/2026 21:53:44] FASTIFY: incoming request
[08/08/2026 21:53:44] Parents GET /clim/status
[08/08/2026 21:53:44] FASTIFY: request completed
[08/08/2026 21:53:47] FASTIFY: request completed
[08/08/2026 21:53:52] FASTIFY: incoming request
[08/08/2026 21:53:52] FASTIFY: incoming request
[08/08/2026 21:53:52] Parents GET /mbtoday
[08/08/2026 21:53:52] FASTIFY: incoming request
[08/08/2026 21:53:52] Parents POST /wash/list
[08/08/2026 21:53:52] FASTIFY: request completed
[08/08/2026 21:53:52] FASTIFY: request completed
[08/08/2026 21:53:52] FASTIFY: request completed
[08/08/2026 21:53:52] FASTIFY: incoming request
[08/08/2026 21:53:52] Parents GET /miele/token
[08/08/2026 21:53:52] FASTIFY: request completed
[08/08/2026 21:53:53] FASTIFY: incoming request
[08/08/2026 21:53:53] Parents GET /miele/connect
[08/08/2026 21:53:53] FASTIFY: request completed
[08/08/2026 21:53:55] FASTIFY: incoming request
[08/08/2026 21:53:55] FASTIFY: incoming request
[08/08/2026 21:53:55] Parents GET /mbtoday
[08/08/2026 21:53:55] FASTIFY: incoming request
[08/08/2026 21:53:55] Parents POST /wash/list
[08/08/2026 21:53:55] FASTIFY: incoming request
[08/08/2026 21:53:55] Parents GET /miele/token
[08/08/2026 21:53:55] FASTIFY: request completed
[08/08/2026 21:53:55] FASTIFY: request completed
[08/08/2026 21:53:55] FASTIFY: request completed
[08/08/2026 21:53:55] FASTIFY: request completed
[08/08/2026 21:54:37] FASTIFY: incoming request
[08/08/2026 21:54:37] Parents GET /miele/token
[08/08/2026 21:54:37] FASTIFY: incoming request
[08/08/2026 21:54:37] Parents POST /wash/list
[08/08/2026 21:54:37] FASTIFY: incoming request
[08/08/2026 21:54:37] Parents GET /mbtoday
[08/08/2026 21:54:37] FASTIFY: request completed
[08/08/2026 21:54:37] FASTIFY: request completed
[08/08/2026 21:54:37] FASTIFY: request completed
[08/08/2026 21:54:37] FASTIFY: incoming request
[08/08/2026 21:54:37] FASTIFY: request completed
[08/08/2026 21:54:53] FASTIFY: incoming request
[08/08/2026 21:54:53] FASTIFY: incoming request
[08/08/2026 21:54:53] Parents GET /mbtoday
[08/08/2026 21:54:53] FASTIFY: incoming request
[08/08/2026 21:54:53] Parents POST /wash/list
[08/08/2026 21:54:53] FASTIFY: request completed
[08/08/2026 21:54:53] FASTIFY: request completed
[08/08/2026 21:54:53] FASTIFY: request completed
[08/08/2026 21:54:53] FASTIFY: incoming request
[08/08/2026 21:54:53] Parents GET /miele/token
[08/08/2026 21:54:53] FASTIFY: request completed
[08/08/2026 21:54:57] FASTIFY: incoming request
[08/08/2026 21:54:57] Parents GET /miele/connect
[08/08/2026 21:54:57] FASTIFY: request completed
[08/08/2026 21:55:00] SID null
[08/08/2026 21:55:01] SID deiFhc_wzalwKd_V
[08/08/2026 21:55:50] FASTIFY: incoming request
[08/08/2026 21:55:50] Parents POST /wash/list
[08/08/2026 21:55:50] FASTIFY: request completed
[08/08/2026 21:56:09] FASTIFY: incoming request
[08/08/2026 21:56:09] FASTIFY: incoming request
[08/08/2026 21:56:09] Parents GET /mbtoday
[08/08/2026 21:56:09] FASTIFY: incoming request
[08/08/2026 21:56:09] Parents POST /wash/list
[08/08/2026 21:56:09] FASTIFY: request completed
[08/08/2026 21:56:09] FASTIFY: request completed
[08/08/2026 21:56:09] FASTIFY: request completed
[08/08/2026 21:56:09] FASTIFY: incoming request
[08/08/2026 21:56:09] Parents GET /miele/token
[08/08/2026 21:56:09] FASTIFY: request completed
[08/08/2026 21:56:10] FASTIFY: incoming request
[08/08/2026 21:56:10] Parents GET /miele/connect
[08/08/2026 21:56:10] FASTIFY: request completed
[08/08/2026 21:56:13] FASTIFY: incoming request
[08/08/2026 21:56:13] FASTIFY: request completed
[08/08/2026 21:56:33] FASTIFY: Stopping Solar's_Cam platform
[08/08/2026 21:56:33] FASTIFY: Solar's_Cam platform stopped
[08/08/2026 21:56:33] Weather : Already got data
[08/08/2026 21:56:33] FASTIFY: Server listening at http://127.0.0.1:3000
[08/08/2026 21:56:33] FASTIFY: Server listening at http://172.24.0.5:3000
[08/08/2026 21:56:36] Clim connectée: 31885837213310 | temp: 24.5 °C
[08/08/2026 21:56:40] FASTIFY: incoming request
[08/08/2026 21:56:40] Parents POST /wash/list
[08/08/2026 21:56:40] FASTIFY: request completed
[08/08/2026 21:56:42] FASTIFY: incoming request
[08/08/2026 21:56:42] FASTIFY: incoming request
[08/08/2026 21:56:42] Parents GET /mbtoday
[08/08/2026 21:56:42] FASTIFY: request completed
[08/08/2026 21:56:42] FASTIFY: incoming request
[08/08/2026 21:56:42] Parents POST /wash/list
[08/08/2026 21:56:42] FASTIFY: incoming request
[08/08/2026 21:56:42] Parents GET /miele/token
[08/08/2026 21:56:42] FASTIFY: request completed
[08/08/2026 21:56:42] FASTIFY: request completed
[08/08/2026 21:56:42] FASTIFY: request completed
[08/08/2026 21:56:42] FASTIFY: incoming request
[08/08/2026 21:56:42] Parents GET /miele/connect
[08/08/2026 21:56:42] FASTIFY: request completed
[08/08/2026 21:56:47] FASTIFY: incoming request
[08/08/2026 21:56:47] FASTIFY: request completed
[08/08/2026 22:00:00] SID null
[08/08/2026 22:00:05] SID 2jWWTwJ9rSW9-xZZ
[08/08/2026 22:01:26] FASTIFY: incoming request
[08/08/2026 22:01:26] POST /login
[08/08/2026 22:01:26] FASTIFY: request completed
[08/08/2026 22:01:26] FASTIFY: incoming request
[08/08/2026 22:01:26] FASTIFY: incoming request
[08/08/2026 22:01:26] Parents GET /clim/status
[08/08/2026 22:01:26] FASTIFY: request completed
[08/08/2026 22:01:29] FASTIFY: request completed
[08/08/2026 22:01:37] FASTIFY: incoming request
[08/08/2026 22:01:37] Parents GET /clim/status
[08/08/2026 22:01:40] FASTIFY: request completed
[08/08/2026 22:01:47] FASTIFY: incoming request
[08/08/2026 22:01:47] Parents GET /clim/status
[08/08/2026 22:01:49] FASTIFY: request completed
[08/08/2026 22:01:57] FASTIFY: incoming request
[08/08/2026 22:01:57] Parents GET /clim/status
[08/08/2026 22:01:59] FASTIFY: request completed
[08/08/2026 22:02:07] FASTIFY: incoming request
[08/08/2026 22:02:07] Parents GET /clim/status
[08/08/2026 22:02:10] FASTIFY: request completed
[08/08/2026 22:02:13] FASTIFY: incoming request
[08/08/2026 22:02:13] FASTIFY: incoming request
[08/08/2026 22:02:13] Parents GET /mbtoday
[08/08/2026 22:02:13] FASTIFY: incoming request
[08/08/2026 22:02:13] Parents GET /miele/token
[08/08/2026 22:02:13] FASTIFY: incoming request
[08/08/2026 22:02:13] Parents POST /wash/list
[08/08/2026 22:02:13] FASTIFY: request completed
[08/08/2026 22:02:13] FASTIFY: request completed
[08/08/2026 22:02:13] FASTIFY: request completed
[08/08/2026 22:02:13] FASTIFY: request completed
[08/08/2026 22:02:19] FASTIFY: incoming request
[08/08/2026 22:02:19] Parents POST /wash/list
[08/08/2026 22:02:19] FASTIFY: request completed
[08/08/2026 22:02:20] FASTIFY: incoming request
[08/08/2026 22:02:20] FASTIFY: incoming request
[08/08/2026 22:02:20] Parents GET /mbtoday
[08/08/2026 22:02:20] FASTIFY: incoming request
[08/08/2026 22:02:20] Parents POST /wash/list
[08/08/2026 22:02:20] FASTIFY: request completed
[08/08/2026 22:02:20] FASTIFY: request completed
[08/08/2026 22:02:20] FASTIFY: incoming request
[08/08/2026 22:02:20] Parents GET /miele/token
[08/08/2026 22:02:20] FASTIFY: request completed
[08/08/2026 22:02:20] FASTIFY: request completed
[08/08/2026 22:02:27] FASTIFY: incoming request
[08/08/2026 22:02:27] POST /login
[08/08/2026 22:02:27] FASTIFY: request completed
[08/08/2026 22:02:27] FASTIFY: incoming request
[08/08/2026 22:02:27] FASTIFY: incoming request
[08/08/2026 22:02:27] Parents GET /clim/status
[08/08/2026 22:02:27] FASTIFY: request completed
[08/08/2026 22:02:30] FASTIFY: request completed
[08/08/2026 22:02:33] FASTIFY: incoming request
[08/08/2026 22:02:33] Parents POST /wash/list
[08/08/2026 22:02:33] FASTIFY: incoming request
[08/08/2026 22:02:33] Parents GET /mbtoday
[08/08/2026 22:02:33] FASTIFY: incoming request
[08/08/2026 22:02:34] FASTIFY: incoming request
[08/08/2026 22:02:34] Parents GET /miele/token
[08/08/2026 22:02:34] FASTIFY: request completed
[08/08/2026 22:02:34] FASTIFY: request completed
[08/08/2026 22:02:34] FASTIFY: request completed
[08/08/2026 22:02:34] FASTIFY: request completed
[08/08/2026 22:02:35] FASTIFY: incoming request
[08/08/2026 22:02:35] Parents GET /miele/connect
[08/08/2026 22:02:35] FASTIFY: request completed
[08/08/2026 22:02:39] FASTIFY: incoming request
[08/08/2026 22:02:39] FASTIFY: request completed
[08/08/2026 22:02:42] FASTIFY: incoming request
[08/08/2026 22:02:42] Parents POST /wash/list
[08/08/2026 22:02:42] FASTIFY: request completed
[08/08/2026 22:04:33] FASTIFY: Stopping Solar's_Cam platform
[08/08/2026 22:04:33] FASTIFY: Solar's_Cam platform stopped
[08/08/2026 22:04:34] Weather : Already got data
[08/08/2026 22:04:34] FASTIFY: Server listening at http://127.0.0.1:3000
[08/08/2026 22:04:34] FASTIFY: Server listening at http://172.24.0.5:3000
[08/08/2026 22:04:36] Clim connectée: 31885837213310 | temp: 24.5 °C
[08/08/2026 22:05:00] SID null
[08/08/2026 22:05:05] SID wmCG6rNMG3YM7qNj
[08/08/2026 22:07:12] FASTIFY: incoming request
[08/08/2026 22:07:12] Parents POST /wash/list
[08/08/2026 22:07:12] FASTIFY: incoming request
[08/08/2026 22:07:12] Parents GET /mbtoday
[08/08/2026 22:07:12] FASTIFY: incoming request
[08/08/2026 22:07:12] FASTIFY: request completed
[08/08/2026 22:07:12] FASTIFY: request completed
[08/08/2026 22:07:12] FASTIFY: incoming request
[08/08/2026 22:07:12] Parents GET /miele/token
[08/08/2026 22:07:12] FASTIFY: request completed
[08/08/2026 22:07:12] FASTIFY: request completed
[08/08/2026 22:10:00] SID wmCG6rNMG3YM7qNj
[08/08/2026 22:10:40] FASTIFY: incoming request
[08/08/2026 22:10:40] FASTIFY: incoming request
[08/08/2026 22:10:40] Parents GET /mbtoday
[08/08/2026 22:10:40] FASTIFY: incoming request
[08/08/2026 22:10:40] Parents POST /wash/list
[08/08/2026 22:10:40] FASTIFY: incoming request
[08/08/2026 22:10:40] Parents GET /miele/token
[08/08/2026 22:10:40] FASTIFY: request completed
[08/08/2026 22:10:40] FASTIFY: request completed
[08/08/2026 22:10:40] FASTIFY: request completed
[08/08/2026 22:10:40] FASTIFY: request completed
[08/08/2026 22:12:16] FASTIFY: incoming request
[08/08/2026 22:12:16] FASTIFY: incoming request
[08/08/2026 22:12:16] Parents GET /mbtoday
[08/08/2026 22:12:16] FASTIFY: incoming request
[08/08/2026 22:12:16] Parents POST /wash/list
[08/08/2026 22:12:16] FASTIFY: incoming request
[08/08/2026 22:12:16] Parents GET /miele/token
[08/08/2026 22:12:16] FASTIFY: request completed
[08/08/2026 22:12:16] FASTIFY: request completed
[08/08/2026 22:12:16] FASTIFY: request completed
[08/08/2026 22:12:16] FASTIFY: request completed
[08/08/2026 22:12:19] FASTIFY: incoming request
[08/08/2026 22:12:19] FASTIFY: incoming request
[08/08/2026 22:12:19] Parents GET /mbtoday
[08/08/2026 22:12:19] FASTIFY: incoming request
[08/08/2026 22:12:19] Parents POST /wash/list
[08/08/2026 22:12:19] FASTIFY: incoming request
[08/08/2026 22:12:19] Parents GET /miele/token
[08/08/2026 22:12:19] FASTIFY: request completed
[08/08/2026 22:12:19] FASTIFY: request completed
[08/08/2026 22:12:19] FASTIFY: request completed
[08/08/2026 22:12:19] FASTIFY: request completed
[08/08/2026 22:12:19] FASTIFY: incoming request
[08/08/2026 22:12:19] Parents GET /miele/connect
[08/08/2026 22:12:19] FASTIFY: request completed
[08/08/2026 22:12:23] FASTIFY: incoming request
[08/08/2026 22:12:23] FASTIFY: request completed
[08/08/2026 22:15:00] SID wmCG6rNMG3YM7qNj
[08/08/2026 22:15:02] FASTIFY: Stopping Solar's_Cam platform
[08/08/2026 22:15:02] FASTIFY: Solar's_Cam platform stopped
[08/08/2026 22:15:03] Weather : Already got data
[08/08/2026 22:15:03] FASTIFY: Server listening at http://127.0.0.1:3000
[08/08/2026 22:15:03] FASTIFY: Server listening at http://172.24.0.5:3000
[08/08/2026 22:15:05] Clim connectée: 31885837213310 | temp: 24.5 °C
[08/08/2026 22:16:59] FASTIFY: incoming request
[08/08/2026 22:16:59] FASTIFY: Cannot read properties of null (reading 'name')
[08/08/2026 22:16:59] FASTIFY: request completed
[08/08/2026 22:17:21] FASTIFY: Stopping Solar's_Cam platform
[08/08/2026 22:17:21] FASTIFY: Solar's_Cam platform stopped
[08/08/2026 22:17:22] Weather : Already got data
[08/08/2026 22:17:22] FASTIFY: Server listening at http://127.0.0.1:3000
[08/08/2026 22:17:22] FASTIFY: Server listening at http://172.24.0.5:3000
[08/08/2026 22:17:25] Clim connectée: 31885837213310 | temp: 24.5 °C
[08/08/2026 22:17:27] FASTIFY: incoming request
[08/08/2026 22:17:27] GET /miele/callback
[08/08/2026 22:17:27] Connexion à Miele réussie et sauvegardée !
[08/08/2026 22:17:27] FASTIFY: request completed
[08/08/2026 22:17:27] FASTIFY: incoming request
[08/08/2026 22:17:27] FASTIFY: incoming request
[08/08/2026 22:17:27] Parents GET /mbtoday
[08/08/2026 22:17:27] FASTIFY: incoming request
[08/08/2026 22:17:27] Parents POST /wash/list
[08/08/2026 22:17:27] FASTIFY: request completed
[08/08/2026 22:17:27] FASTIFY: request completed
[08/08/2026 22:17:27] FASTIFY: incoming request
[08/08/2026 22:17:27] Parents GET /miele/token
[08/08/2026 22:17:27] FASTIFY: request completed
[08/08/2026 22:17:28] FASTIFY: request completed
[08/08/2026 22:17:28] FASTIFY: incoming request
[08/08/2026 22:17:28] Parents GET /miele/devices
[08/08/2026 22:17:28] FASTIFY: request completed
[08/08/2026 22:17:30] FASTIFY: incoming request
[08/08/2026 22:17:30] Parents GET /miele/devices/:deviceId/programs
[08/08/2026 22:17:30] FASTIFY: incoming request
[08/08/2026 22:17:30] Parents GET /miele/devices/:deviceId
[08/08/2026 22:17:31] FASTIFY: request completed
[08/08/2026 22:17:31] FASTIFY: request completed
[08/08/2026 22:17:41] FASTIFY: incoming request
[08/08/2026 22:17:41] Parents PUT /miele/devices/:deviceId/programs
[08/08/2026 22:17:41] PrismaClientValidationError: 
Invalid `prisma.washing_Program.create()` invocation:

{
  data: {
    name: "Express 20",
    type: 122,
    createdAt: new Date("2026-08-08T20:17:41.317Z"),
    startAt: new Date("2026-08-08T20:17:41.317Z"),
    finished: false,
    authorId: 1,
    deviceId: "000185936843",
    ~~~~~~~~
?   id?: Int
  }
}

Unknown argument `deviceId`. Available options are marked with ?.
    at wn (/data/node_modules/@prisma/client/runtime/library.js:29:1363)
    at $n.handleRequestError (/data/node_modules/@prisma/client/runtime/library.js:121:6958)
    at $n.handleAndLogRequestError (/data/node_modules/@prisma/client/runtime/library.js:121:6623)
    at $n.request (/data/node_modules/@prisma/client/runtime/library.js:121:6307)
    at async l (/data/node_modules/@prisma/client/runtime/library.js:130:9633)
    at async savePrgmDb (file:///data/src/plugins/Solar_Wash/mieleWashing.js:94:2)
    at async Object.<anonymous> (file:///data/src/routes/Solar_Wash/mieleWashing.js:259:13) {
  clientVersion: '5.22.0'
}
[08/08/2026 22:17:41] FASTIFY: request completed
[08/08/2026 22:17:41] FASTIFY: incoming request
[08/08/2026 22:17:41] Parents GET /miele/devices/:deviceId
[08/08/2026 22:17:41] FASTIFY: incoming request
[08/08/2026 22:17:41] Parents GET /miele/devices/:deviceId/programs
[08/08/2026 22:17:41] FASTIFY: request completed
[08/08/2026 22:17:42] FASTIFY: request completed
[08/08/2026 22:18:01] FASTIFY: incoming request
[08/08/2026 22:18:01] Parents GET /miele/devices/:deviceId/programs
[08/08/2026 22:18:01] FASTIFY: incoming request
[08/08/2026 22:18:01] Parents GET /miele/devices/:deviceId
[08/08/2026 22:18:01] FASTIFY: request completed
[08/08/2026 22:18:02] FASTIFY: request completed
[08/08/2026 22:19:29] Weather : Getting new data
[08/08/2026 22:19:30] FASTIFY: Server listening at http://127.0.0.1:3000
[08/08/2026 22:19:30] FASTIFY: Server listening at http://172.24.0.5:3000
[08/08/2026 22:19:31] FASTIFY: incoming request
[08/08/2026 22:19:31] Parents GET /miele/devices/:deviceId
[08/08/2026 22:19:31] FASTIFY: incoming request
[08/08/2026 22:19:31] Parents GET /miele/devices/:deviceId/programs
[08/08/2026 22:19:31] FASTIFY: Aucun compte Miele associé
[08/08/2026 22:19:31] FASTIFY: request completed
[08/08/2026 22:19:31] FASTIFY: Aucun compte Miele associé
[08/08/2026 22:19:31] FASTIFY: request completed
[08/08/2026 22:19:33] Clim connectée: 31885837213310 | temp: 24.5 °C
[08/08/2026 22:20:00] SID null
[08/08/2026 22:20:00] SID OmKmPQ-FGjnFYSee
[08/08/2026 22:20:01] FASTIFY: incoming request
[08/08/2026 22:20:01] Parents GET /miele/devices/:deviceId/programs
[08/08/2026 22:20:01] FASTIFY: incoming request
[08/08/2026 22:20:01] Parents GET /miele/devices/:deviceId
[08/08/2026 22:20:01] FASTIFY: Aucun compte Miele associé
[08/08/2026 22:20:01] FASTIFY: request completed
[08/08/2026 22:20:01] FASTIFY: Aucun compte Miele associé
[08/08/2026 22:20:01] FASTIFY: request completed
[08/08/2026 22:20:06] FASTIFY: Stopping Solar's_Cam platform
[08/08/2026 22:20:06] FASTIFY: Solar's_Cam platform stopped
[08/08/2026 22:20:07] Weather : Already got data
[08/08/2026 22:20:07] FASTIFY: Server listening at http://127.0.0.1:3000
[08/08/2026 22:20:07] FASTIFY: Server listening at http://172.24.0.5:3000
[08/08/2026 22:20:10] Clim connectée: 31885837213310 | temp: 24.5 °C
[08/08/2026 22:20:10] FASTIFY: incoming request
[08/08/2026 22:20:10] FASTIFY: incoming request
[08/08/2026 22:20:10] Parents GET /mbtoday
[08/08/2026 22:20:10] FASTIFY: incoming request
[08/08/2026 22:20:10] Parents POST /wash/list
[08/08/2026 22:20:10] FASTIFY: incoming request
[08/08/2026 22:20:10] Parents GET /miele/token
[08/08/2026 22:20:11] FASTIFY: request completed
[08/08/2026 22:20:11] FASTIFY: request completed
[08/08/2026 22:20:11] FASTIFY: request completed
[08/08/2026 22:20:11] FASTIFY: request completed
[08/08/2026 22:20:12] FASTIFY: incoming request
[08/08/2026 22:20:12] FASTIFY: incoming request
[08/08/2026 22:20:12] Parents GET /mbtoday
[08/08/2026 22:20:12] FASTIFY: incoming request
[08/08/2026 22:20:12] Parents POST /wash/list
[08/08/2026 22:20:12] FASTIFY: request completed
[08/08/2026 22:20:12] FASTIFY: request completed
[08/08/2026 22:20:12] FASTIFY: request completed
[08/08/2026 22:20:12] FASTIFY: incoming request
[08/08/2026 22:20:12] Parents GET /miele/token
[08/08/2026 22:20:12] FASTIFY: request completed
[08/08/2026 22:20:13] FASTIFY: incoming request
[08/08/2026 22:20:13] Parents GET /miele/connect
[08/08/2026 22:20:13] FASTIFY: request completed
[08/08/2026 22:20:17] FASTIFY: incoming request
[08/08/2026 22:20:17] GET /miele/callback
[08/08/2026 22:20:17] Connexion à Miele réussie et sauvegardée !
[08/08/2026 22:20:17] FASTIFY: request completed
[08/08/2026 22:20:17] FASTIFY: incoming request
[08/08/2026 22:20:17] FASTIFY: request completed
[08/08/2026 22:20:17] FASTIFY: incoming request
[08/08/2026 22:20:17] Parents GET /mbtoday
[08/08/2026 22:20:17] FASTIFY: incoming request
[08/08/2026 22:20:17] Parents POST /wash/list
[08/08/2026 22:20:17] FASTIFY: incoming request
[08/08/2026 22:20:17] Parents GET /miele/token
[08/08/2026 22:20:17] FASTIFY: request completed
[08/08/2026 22:20:17] FASTIFY: request completed
[08/08/2026 22:20:17] FASTIFY: request completed
[08/08/2026 22:20:17] FASTIFY: incoming request
[08/08/2026 22:20:17] Parents GET /miele/devices
[08/08/2026 22:20:17] FASTIFY: request completed
[08/08/2026 22:20:20] FASTIFY: incoming request
[08/08/2026 22:20:20] Parents GET /miele/devices/:deviceId
[08/08/2026 22:20:20] FASTIFY: incoming request
[08/08/2026 22:20:20] Parents GET /miele/devices/:deviceId/programs
[08/08/2026 22:20:20] FASTIFY: request completed
[08/08/2026 22:20:21] FASTIFY: request completed
[08/08/2026 22:20:51] FASTIFY: incoming request
[08/08/2026 22:20:51] Parents GET /miele/devices/:deviceId/programs
[08/08/2026 22:20:51] FASTIFY: incoming request
[08/08/2026 22:20:51] Parents GET /miele/devices/:deviceId
[08/08/2026 22:20:51] FASTIFY: request completed
[08/08/2026 22:20:52] FASTIFY: request completed
[08/08/2026 22:21:21] FASTIFY: incoming request
[08/08/2026 22:21:21] Parents GET /miele/devices/:deviceId
[08/08/2026 22:21:21] FASTIFY: incoming request
[08/08/2026 22:21:21] Parents GET /miele/devices/:deviceId/programs
[08/08/2026 22:21:21] FASTIFY: request completed
[08/08/2026 22:21:21] FASTIFY: request completed
[08/08/2026 22:21:51] FASTIFY: incoming request
[08/08/2026 22:21:51] Parents GET /miele/devices/:deviceId/programs
[08/08/2026 22:21:51] FASTIFY: incoming request
[08/08/2026 22:21:51] Parents GET /miele/devices/:deviceId
[08/08/2026 22:21:51] FASTIFY: request completed
[08/08/2026 22:21:52] FASTIFY: request completed
[08/08/2026 22:22:21] FASTIFY: incoming request
[08/08/2026 22:22:21] Parents GET /miele/devices/:deviceId
[08/08/2026 22:22:21] FASTIFY: incoming request
[08/08/2026 22:22:21] Parents GET /miele/devices/:deviceId/programs
[08/08/2026 22:22:21] FASTIFY: request completed
[08/08/2026 22:22:21] FASTIFY: request completed
[08/08/2026 22:22:51] FASTIFY: incoming request
[08/08/2026 22:22:51] Parents GET /miele/devices/:deviceId/programs
[08/08/2026 22:22:51] FASTIFY: incoming request
[08/08/2026 22:22:51] Parents GET /miele/devices/:deviceId
[08/08/2026 22:22:51] FASTIFY: request completed
[08/08/2026 22:22:51] FASTIFY: request completed
[08/08/2026 22:23:09] FASTIFY: incoming request
[08/08/2026 22:23:09] Parents PUT /miele/devices/:deviceId/programs
[08/08/2026 22:23:09] PrismaClientValidationError: 
Invalid `prisma.washing_Program.create()` invocation:

{
  data: {
    name: "Express 20",
    type: 122,
    createdAt: new Date("2026-08-08T20:23:09.302Z"),
    startAt: new Date("2026-08-08T20:23:09.302Z"),
    finished: false,
    authorId: 1,
    deviceId: "000185936843"
              ~~~~~~~~~~~~~~
  }
}

Argument `deviceId`: Invalid value provided. Expected Int, provided String.
    at wn (/data/node_modules/@prisma/client/runtime/library.js:29:1363)
    at $n.handleRequestError (/data/node_modules/@prisma/client/runtime/library.js:121:6958)
    at $n.handleAndLogRequestError (/data/node_modules/@prisma/client/runtime/library.js:121:6623)
    at $n.request (/data/node_modules/@prisma/client/runtime/library.js:121:6307)
    at async l (/data/node_modules/@prisma/client/runtime/library.js:130:9633)
    at async savePrgmDb (file:///data/src/plugins/Solar_Wash/mieleWashing.js:94:2)
    at async Object.<anonymous> (file:///data/src/routes/Solar_Wash/mieleWashing.js:259:13) {
  clientVersion: '5.22.0'
}
[08/08/2026 22:23:09] FASTIFY: request completed
[08/08/2026 22:23:09] FASTIFY: incoming request
[08/08/2026 22:23:09] Parents GET /miele/devices/:deviceId
[08/08/2026 22:23:09] FASTIFY: incoming request
[08/08/2026 22:23:09] Parents GET /miele/devices/:deviceId/programs
[08/08/2026 22:23:09] FASTIFY: request completed
[08/08/2026 22:23:09] FASTIFY: request completed
[08/08/2026 22:23:21] FASTIFY: incoming request
[08/08/2026 22:23:21] Parents GET /miele/devices/:deviceId
[08/08/2026 22:23:21] FASTIFY: incoming request
[08/08/2026 22:23:21] Parents GET /miele/devices/:deviceId/programs
[08/08/2026 22:23:21] FASTIFY: request completed
[08/08/2026 22:23:22] FASTIFY: request completed
[08/08/2026 22:23:51] FASTIFY: incoming request
[08/08/2026 22:23:51] Parents GET /miele/devices/:deviceId/programs
[08/08/2026 22:23:51] FASTIFY: incoming request
[08/08/2026 22:23:51] Parents GET /miele/devices/:deviceId
[08/08/2026 22:23:51] FASTIFY: request completed
[08/08/2026 22:23:51] FASTIFY: request completed
[08/08/2026 22:24:10] FASTIFY: incoming request
[08/08/2026 22:24:10] Parents PUT /miele/devices/:deviceId/programs
[08/08/2026 22:24:10] FASTIFY: request completed
[08/08/2026 22:24:10] FASTIFY: incoming request
[08/08/2026 22:24:10] Parents GET /miele/devices/:deviceId
[08/08/2026 22:24:10] FASTIFY: incoming request
[08/08/2026 22:24:10] Parents GET /miele/devices/:deviceId/programs
[08/08/2026 22:24:10] FASTIFY: request completed
[08/08/2026 22:24:11] FASTIFY: request completed
[08/08/2026 22:24:21] FASTIFY: incoming request
[08/08/2026 22:24:21] Parents GET /miele/devices/:deviceId
[08/08/2026 22:24:21] FASTIFY: incoming request
[08/08/2026 22:24:21] Parents GET /miele/devices/:deviceId/programs
[08/08/2026 22:24:21] FASTIFY: request completed
[08/08/2026 22:24:21] FASTIFY: request completed
[08/08/2026 22:24:41] FASTIFY: Stopping Solar's_Cam platform
[08/08/2026 22:24:41] FASTIFY: Solar's_Cam platform stopped
[08/08/2026 22:24:42] Weather : Already got data
[08/08/2026 22:24:42] FASTIFY: Server listening at http://127.0.0.1:3000
[08/08/2026 22:24:42] FASTIFY: Server listening at http://172.24.0.5:3000
[08/08/2026 22:24:44] Clim connectée: 31885837213310 | temp: 24.5 °C
[08/08/2026 22:24:51] FASTIFY: incoming request
[08/08/2026 22:24:51] Parents GET /miele/devices/:deviceId/programs
[08/08/2026 22:24:51] FASTIFY: incoming request
[08/08/2026 22:24:51] Parents GET /miele/devices/:deviceId
[08/08/2026 22:24:51] FASTIFY: request completed
[08/08/2026 22:24:52] FASTIFY: request completed
[08/08/2026 22:24:53] FASTIFY: Stopping Solar's_Cam platform
[08/08/2026 22:24:53] FASTIFY: Solar's_Cam platform stopped
[08/08/2026 22:24:54] Weather : Already got data
[08/08/2026 22:24:54] FASTIFY: Server listening at http://127.0.0.1:3000
[08/08/2026 22:24:54] FASTIFY: Server listening at http://172.24.0.5:3000
[08/08/2026 22:24:56] Clim connectée: 31885837213310 | temp: 24.5 °C
[08/08/2026 22:25:00] SID null
[08/08/2026 22:25:01] SID bfnRvHbSrjJSZHbm
[08/08/2026 22:25:13] FASTIFY: Stopping Solar's_Cam platform
[08/08/2026 22:25:13] FASTIFY: Solar's_Cam platform stopped
[08/08/2026 22:25:14] Weather : Already got data
[08/08/2026 22:25:14] FASTIFY: Server listening at http://127.0.0.1:3000
[08/08/2026 22:25:14] FASTIFY: Server listening at http://172.24.0.5:3000
[08/08/2026 22:25:17] Clim connectée: 31885837213310 | temp: 24.5 °C
[08/08/2026 22:25:27] FASTIFY: incoming request
[08/08/2026 22:25:27] Parents GET /miele/devices/:deviceId/programs
[08/08/2026 22:25:27] FASTIFY: incoming request
[08/08/2026 22:25:27] Parents GET /miele/devices/:deviceId
[08/08/2026 22:25:27] FASTIFY: request completed
[08/08/2026 22:25:28] FASTIFY: request completed
[08/08/2026 22:25:50] FASTIFY: Stopping Solar's_Cam platform
[08/08/2026 22:25:50] FASTIFY: Solar's_Cam platform stopped
[08/08/2026 22:25:59] Weather : Already got data
[08/08/2026 22:25:59] FASTIFY: Server listening at http://127.0.0.1:3000
[08/08/2026 22:25:59] FASTIFY: Server listening at http://172.24.0.5:3000
[08/08/2026 22:26:02] Clim connectée: 31885837213310 | temp: 24.5 °C
[08/08/2026 22:26:27] FASTIFY: incoming request
[08/08/2026 22:26:27] Parents GET /miele/devices/:deviceId/programs
[08/08/2026 22:26:27] FASTIFY: incoming request
[08/08/2026 22:26:27] Parents GET /miele/devices/:deviceId
[08/08/2026 22:26:27] FASTIFY: request completed
[08/08/2026 22:26:28] FASTIFY: request completed
[08/08/2026 22:26:28] FASTIFY: Stopping Solar's_Cam platform
[08/08/2026 22:26:28] FASTIFY: Solar's_Cam platform stopped
[08/08/2026 22:26:29] Weather : Already got data
[08/08/2026 22:26:29] FASTIFY: Server listening at http://127.0.0.1:3000
[08/08/2026 22:26:29] FASTIFY: Server listening at http://172.24.0.5:3000
[08/08/2026 22:26:32] Clim connectée: 31885837213310 | temp: 24.5 °C
[08/08/2026 22:26:46] FASTIFY: Stopping Solar's_Cam platform
[08/08/2026 22:26:46] FASTIFY: Solar's_Cam platform stopped
[08/08/2026 22:26:46] Weather : Already got data
[08/08/2026 22:26:46] FASTIFY: Server listening at http://127.0.0.1:3000
[08/08/2026 22:26:46] FASTIFY: Server listening at http://172.24.0.5:3000
[08/08/2026 22:26:49] Clim connectée: 31885837213310 | temp: 24.5 °C
[08/08/2026 22:27:27] FASTIFY: incoming request
[08/08/2026 22:27:27] Parents GET /miele/devices/:deviceId/programs
[08/08/2026 22:27:27] FASTIFY: incoming request
[08/08/2026 22:27:27] Parents GET /miele/devices/:deviceId
[08/08/2026 22:27:27] FASTIFY: request completed
[08/08/2026 22:27:28] FASTIFY: request completed
[08/08/2026 22:28:27] FASTIFY: incoming request
[08/08/2026 22:28:27] Parents GET /miele/devices/:deviceId/programs
[08/08/2026 22:28:27] FASTIFY: incoming request
[08/08/2026 22:28:27] Parents GET /miele/devices/:deviceId
[08/08/2026 22:28:27] FASTIFY: request completed
[08/08/2026 22:28:28] FASTIFY: request completed
[08/08/2026 22:29:27] FASTIFY: incoming request
[08/08/2026 22:29:27] Parents GET /miele/devices/:deviceId/programs
[08/08/2026 22:29:27] FASTIFY: incoming request
[08/08/2026 22:29:27] Parents GET /miele/devices/:deviceId
[08/08/2026 22:29:27] FASTIFY: request completed
[08/08/2026 22:29:28] FASTIFY: request completed
[08/08/2026 22:30:00] SID null
[08/08/2026 22:30:03] SID gugO0qMfCPcftrsw
[08/08/2026 22:30:27] FASTIFY: incoming request
[08/08/2026 22:30:27] Parents GET /miele/devices/:deviceId/programs
[08/08/2026 22:30:27] FASTIFY: incoming request
[08/08/2026 22:30:27] Parents GET /miele/devices/:deviceId
[08/08/2026 22:30:27] FASTIFY: request completed
[08/08/2026 22:30:28] FASTIFY: incoming request
[08/08/2026 22:30:28] FASTIFY: incoming request
[08/08/2026 22:30:28] Parents GET /mbtoday
[08/08/2026 22:30:28] FASTIFY: incoming request
[08/08/2026 22:30:28] Parents POST /wash/list
[08/08/2026 22:30:28] FASTIFY: request completed
[08/08/2026 22:30:28] FASTIFY: request completed
[08/08/2026 22:30:28] FASTIFY: incoming request
[08/08/2026 22:30:28] Parents GET /miele/token
[08/08/2026 22:30:28] FASTIFY: request completed
[08/08/2026 22:30:28] FASTIFY: request completed
[08/08/2026 22:30:28] FASTIFY: incoming request
[08/08/2026 22:30:28] Parents GET /miele/devices
[08/08/2026 22:30:28] FASTIFY: request completed
[08/08/2026 22:30:38] FASTIFY: Stopping Solar's_Cam platform
[08/08/2026 22:30:38] FASTIFY: Solar's_Cam platform stopped
[08/08/2026 22:30:39] Weather : Already got data
[08/08/2026 22:30:39] FASTIFY: Server listening at http://127.0.0.1:3000
[08/08/2026 22:30:39] FASTIFY: Server listening at http://172.24.0.5:3000
[08/08/2026 22:30:42] Clim connectée: 31885837213310 | temp: 24.5 °C
[08/08/2026 22:31:43] FASTIFY: Stopping Solar's_Cam platform
[08/08/2026 22:31:43] FASTIFY: Solar's_Cam platform stopped
[08/08/2026 22:31:43] Weather : Already got data
[08/08/2026 22:31:43] FASTIFY: Server listening at http://127.0.0.1:3000
[08/08/2026 22:31:43] FASTIFY: Server listening at http://172.24.0.5:3000
[08/08/2026 22:33:47] FASTIFY: Stopping Solar's_Cam platform
[08/08/2026 22:33:47] FASTIFY: Solar's_Cam platform stopped
[08/08/2026 22:33:48] Weather : Already got data
[08/08/2026 22:33:48] FASTIFY: Server listening at http://127.0.0.1:3000
[08/08/2026 22:33:48] FASTIFY: Server listening at http://172.24.0.5:3000
[08/08/2026 22:33:51] Clim connectée: 31885837213310 | temp: 24.5 °C
[08/08/2026 22:33:57] FASTIFY: Stopping Solar's_Cam platform
[08/08/2026 22:33:57] FASTIFY: Solar's_Cam platform stopped
[08/08/2026 22:33:58] Weather : Already got data
[08/08/2026 22:33:58] FASTIFY: Server listening at http://127.0.0.1:3000
[08/08/2026 22:33:58] FASTIFY: Server listening at http://172.24.0.5:3000
[08/08/2026 22:34:00] Clim connectée: 31885837213310 | temp: 24.5 °C
[08/08/2026 22:34:58] FASTIFY: incoming request
[08/08/2026 22:34:58] Parents POST /wash/list
[08/08/2026 22:34:58] FASTIFY: incoming request
[08/08/2026 22:34:58] Parents GET /mbtoday
[08/08/2026 22:34:58] FASTIFY: incoming request
[08/08/2026 22:34:58] FASTIFY: incoming request
[08/08/2026 22:34:58] Parents GET /miele/token
[08/08/2026 22:34:58] FASTIFY: request completed
[08/08/2026 22:34:58] FASTIFY: request completed
[08/08/2026 22:34:58] FASTIFY: request completed
[08/08/2026 22:34:58] FASTIFY: request completed
[08/08/2026 22:34:58] FASTIFY: incoming request
[08/08/2026 22:34:58] Parents GET /miele/devices
[08/08/2026 22:34:59] FASTIFY: request completed
[08/08/2026 22:35:00] SID null
[08/08/2026 22:35:02] SID 9PhIYepdm_-dkfp7
[08/08/2026 22:36:09] FASTIFY: Stopping Solar's_Cam platform
[08/08/2026 22:36:09] FASTIFY: Solar's_Cam platform stopped
[08/08/2026 22:36:09] Weather : Already got data
[08/08/2026 22:36:10] FASTIFY: Server listening at http://127.0.0.1:3000
[08/08/2026 22:36:10] FASTIFY: Server listening at http://172.24.0.5:3000
[08/08/2026 22:36:12] Clim connectée: 31885837213310 | temp: 24.5 °C
[08/08/2026 22:36:36] FASTIFY: Stopping Solar's_Cam platform
[08/08/2026 22:36:36] FASTIFY: Solar's_Cam platform stopped
[08/08/2026 22:36:37] Weather : Already got data
[08/08/2026 22:36:37] FASTIFY: Server listening at http://127.0.0.1:3000
[08/08/2026 22:36:37] FASTIFY: Server listening at http://172.24.0.5:3000
[08/08/2026 22:36:43] Clim connectée: 31885837213310 | temp: 24.5 °C
[08/08/2026 22:37:48] FASTIFY: Stopping Solar's_Cam platform
[08/08/2026 22:37:48] FASTIFY: Solar's_Cam platform stopped
[08/08/2026 22:37:49] Weather : Already got data
[08/08/2026 22:37:49] FASTIFY: Server listening at http://127.0.0.1:3000
[08/08/2026 22:37:49] FASTIFY: Server listening at http://172.24.0.5:3000
[08/08/2026 22:37:52] Clim connectée: 31885837213310 | temp: 24.5 °C
[08/08/2026 22:38:08] FASTIFY: Stopping Solar's_Cam platform
[08/08/2026 22:38:08] FASTIFY: Solar's_Cam platform stopped
[08/08/2026 22:38:09] Weather : Already got data
[08/08/2026 22:38:09] FASTIFY: Server listening at http://127.0.0.1:3000
[08/08/2026 22:38:09] FASTIFY: Server listening at http://172.24.0.5:3000
[08/08/2026 22:38:16] Clim connectée: 31885837213310 | temp: 24.5 °C
[08/08/2026 22:38:49] FASTIFY: Stopping Solar's_Cam platform
[08/08/2026 22:38:49] FASTIFY: Solar's_Cam platform stopped
[08/08/2026 22:38:49] Weather : Already got data
[08/08/2026 22:38:49] FASTIFY: Server listening at http://127.0.0.1:3000
[08/08/2026 22:38:49] FASTIFY: Server listening at http://172.24.0.5:3000
[08/08/2026 22:38:52] Clim connectée: 31885837213310 | temp: 24.5 °C
[08/08/2026 22:39:05] FASTIFY: Stopping Solar's_Cam platform
[08/08/2026 22:39:05] FASTIFY: Solar's_Cam platform stopped
[08/08/2026 22:39:06] Weather : Already got data
[08/08/2026 22:39:06] FASTIFY: Server listening at http://127.0.0.1:3000
[08/08/2026 22:39:06] FASTIFY: Server listening at http://172.24.0.5:3000
[08/08/2026 22:39:09] Clim connectée: 31885837213310 | temp: 24.5 °C
[08/08/2026 22:40:00] SID null
[08/08/2026 22:40:01] SID zK7gDmNJtSfJwmd9
[08/08/2026 22:40:24] FASTIFY: Stopping Solar's_Cam platform
[08/08/2026 22:40:24] FASTIFY: Solar's_Cam platform stopped
[08/08/2026 22:40:25] Weather : Already got data
[08/08/2026 22:40:25] FASTIFY: Server listening at http://127.0.0.1:3000
[08/08/2026 22:40:25] FASTIFY: Server listening at http://172.24.0.5:3000
[08/08/2026 22:40:27] FASTIFY: incoming request
[08/08/2026 22:40:27] Parents POST /wash/list
[08/08/2026 22:40:27] FASTIFY: incoming request
[08/08/2026 22:40:27] Parents GET /mbtoday
[08/08/2026 22:40:27] FASTIFY: incoming request
[08/08/2026 22:40:27] FASTIFY: incoming request
[08/08/2026 22:40:27] Parents GET /miele/token
[08/08/2026 22:40:27] FASTIFY: request completed
[08/08/2026 22:40:27] FASTIFY: request completed
[08/08/2026 22:40:27] FASTIFY: request completed
[08/08/2026 22:40:27] FASTIFY: request completed
[08/08/2026 22:40:27] FASTIFY: incoming request
[08/08/2026 22:40:27] Parents GET /miele/devices
[08/08/2026 22:40:28] FASTIFY: request completed
[08/08/2026 22:40:31] Clim connectée: 31885837213310 | temp: 24.5 °C
[08/08/2026 22:40:47] FASTIFY: incoming request
[08/08/2026 22:40:47] FASTIFY: incoming request
[08/08/2026 22:40:47] Parents GET /clim/status
[08/08/2026 22:40:47] FASTIFY: request completed
[08/08/2026 22:40:50] FASTIFY: request completed
[08/08/2026 22:40:57] FASTIFY: incoming request
[08/08/2026 22:40:57] Parents GET /clim/status
[08/08/2026 22:40:59] FASTIFY: request completed
[08/08/2026 22:41:07] FASTIFY: incoming request
[08/08/2026 22:41:07] Parents GET /clim/status
[08/08/2026 22:41:10] FASTIFY: request completed
[08/08/2026 22:41:17] FASTIFY: incoming request
[08/08/2026 22:41:17] Parents GET /clim/status
[08/08/2026 22:41:24] FASTIFY: incoming request
[08/08/2026 22:41:24] FASTIFY: incoming request
[08/08/2026 22:41:24] Parents GET /clim/status
[08/08/2026 22:41:24] FASTIFY: request completed
[08/08/2026 22:41:26] FASTIFY: request completed
[08/08/2026 22:41:29] FASTIFY: incoming request
[08/08/2026 22:41:29] FASTIFY: incoming request
[08/08/2026 22:41:29] Parents POST /wash/list
[08/08/2026 22:41:29] FASTIFY: incoming request
[08/08/2026 22:41:29] Parents GET /mbtoday
[08/08/2026 22:41:29] FASTIFY: request completed
[08/08/2026 22:41:29] FASTIFY: request completed
[08/08/2026 22:41:29] FASTIFY: incoming request
[08/08/2026 22:41:29] Parents GET /miele/token
[08/08/2026 22:41:29] FASTIFY: request completed
[08/08/2026 22:41:29] FASTIFY: request completed
[08/08/2026 22:41:29] FASTIFY: incoming request
[08/08/2026 22:41:29] Parents GET /miele/devices
[08/08/2026 22:41:29] FASTIFY: request completed
[08/08/2026 22:41:32] FASTIFY: incoming request
[08/08/2026 22:41:32] Parents GET /miele/devices/:deviceId
[08/08/2026 22:41:32] FASTIFY: incoming request
[08/08/2026 22:41:32] Parents GET /miele/devices/:deviceId/programs
[08/08/2026 22:41:32] FASTIFY: request completed
[08/08/2026 22:41:32] FASTIFY: request completed
[08/08/2026 22:42:18] FASTIFY: incoming request
[08/08/2026 22:42:18] Parents GET /miele/devices/:deviceId/programs
[08/08/2026 22:42:18] FASTIFY: incoming request
[08/08/2026 22:42:18] Parents GET /miele/devices/:deviceId
[08/08/2026 22:42:18] FASTIFY: request completed
[08/08/2026 22:42:19] FASTIFY: request completed
[08/08/2026 22:42:23] FASTIFY: Stopping Solar's_Cam platform
[08/08/2026 22:42:23] FASTIFY: Solar's_Cam platform stopped
[08/08/2026 22:42:24] Weather : Already got data
[08/08/2026 22:42:24] FASTIFY: Server listening at http://127.0.0.1:3000
[08/08/2026 22:42:24] FASTIFY: Server listening at http://172.24.0.5:3000
[08/08/2026 22:42:27] Clim connectée: 31885837213310 | temp: 24.5 °C
[08/08/2026 22:42:42] FASTIFY: Stopping Solar's_Cam platform
[08/08/2026 22:42:42] FASTIFY: Solar's_Cam platform stopped
[08/08/2026 22:42:42] Weather : Already got data
[08/08/2026 22:42:42] FASTIFY: Server listening at http://127.0.0.1:3000
[08/08/2026 22:42:42] FASTIFY: Server listening at http://172.24.0.5:3000
[08/08/2026 22:42:45] Clim connectée: 31885837213310 | temp: 24.5 °C
[08/08/2026 22:42:56] FASTIFY: incoming request
[08/08/2026 22:42:56] FASTIFY: incoming request
[08/08/2026 22:42:56] Parents POST /wash/list
[08/08/2026 22:42:56] FASTIFY: incoming request
[08/08/2026 22:42:56] Parents GET /mbtoday
[08/08/2026 22:42:56] FASTIFY: request completed
[08/08/2026 22:42:56] FASTIFY: request completed
[08/08/2026 22:42:56] FASTIFY: incoming request
[08/08/2026 22:42:56] Parents GET /miele/token
[08/08/2026 22:42:56] FASTIFY: request completed
[08/08/2026 22:42:56] FASTIFY: request completed
[08/08/2026 22:42:57] FASTIFY: incoming request
[08/08/2026 22:42:57] Parents GET /miele/devices
[08/08/2026 22:42:58] FASTIFY: request completed
[08/08/2026 22:43:52] FASTIFY: Stopping Solar's_Cam platform
[08/08/2026 22:43:52] FASTIFY: Solar's_Cam platform stopped
[08/08/2026 22:43:53] Weather : Already got data
[08/08/2026 22:43:53] FASTIFY: Server listening at http://127.0.0.1:3000
[08/08/2026 22:43:53] FASTIFY: Server listening at http://172.24.0.5:3000
[08/08/2026 22:43:55] Clim connectée: 31885837213310 | temp: 24.5 °C
[08/08/2026 22:43:57] FASTIFY: incoming request
[08/08/2026 22:43:57] FASTIFY: incoming request
[08/08/2026 22:43:57] Parents POST /wash/list
[08/08/2026 22:43:57] FASTIFY: incoming request
[08/08/2026 22:43:57] Parents GET /mbtoday
[08/08/2026 22:43:57] FASTIFY: request completed
[08/08/2026 22:43:57] FASTIFY: incoming request
[08/08/2026 22:43:57] Parents GET /miele/token
[08/08/2026 22:43:57] FASTIFY: request completed
[08/08/2026 22:43:57] FASTIFY: request completed
[08/08/2026 22:43:57] FASTIFY: request completed
[08/08/2026 22:44:03] FASTIFY: incoming request
[08/08/2026 22:44:03] Parents GET /miele/devices
[08/08/2026 22:44:03] FASTIFY: request completed
[08/08/2026 22:44:34] FASTIFY: Stopping Solar's_Cam platform
[08/08/2026 22:44:34] FASTIFY: Solar's_Cam platform stopped
[08/08/2026 22:44:35] Weather : Already got data
[08/08/2026 22:44:35] FASTIFY: Server listening at http://127.0.0.1:3000
[08/08/2026 22:44:35] FASTIFY: Server listening at http://172.24.0.5:3000
[08/08/2026 22:44:38] Clim connectée: 31885837213310 | temp: 24.5 °C
[08/08/2026 22:44:58] FASTIFY: incoming request
[08/08/2026 22:44:58] Parents POST /wash/list
[08/08/2026 22:44:58] FASTIFY: incoming request
[08/08/2026 22:44:58] Parents GET /mbtoday
[08/08/2026 22:44:58] FASTIFY: incoming request
[08/08/2026 22:44:58] FASTIFY: incoming request
[08/08/2026 22:44:58] Parents GET /miele/token
[08/08/2026 22:44:58] FASTIFY: request completed
[08/08/2026 22:44:58] FASTIFY: request completed
[08/08/2026 22:44:58] FASTIFY: request completed
[08/08/2026 22:44:58] FASTIFY: request completed
[08/08/2026 22:44:58] FASTIFY: incoming request
[08/08/2026 22:44:58] Parents GET /miele/devices
[08/08/2026 22:44:58] FASTIFY: request completed
[08/08/2026 22:45:00] SID null
[08/08/2026 22:45:01] SID VshKC93RXVjRS_HN
[08/08/2026 22:45:03] FASTIFY: incoming request
[08/08/2026 22:45:03] FASTIFY: incoming request
[08/08/2026 22:45:03] Parents POST /wash/list
[08/08/2026 22:45:03] FASTIFY: request completed
[08/08/2026 22:45:03] FASTIFY: incoming request
[08/08/2026 22:45:03] Parents GET /mbtoday
[08/08/2026 22:45:03] FASTIFY: incoming request
[08/08/2026 22:45:03] Parents GET /miele/token
[08/08/2026 22:45:03] FASTIFY: request completed
[08/08/2026 22:45:03] FASTIFY: request completed
[08/08/2026 22:45:03] FASTIFY: request completed
[08/08/2026 22:45:06] FASTIFY: incoming request
[08/08/2026 22:45:06] Parents GET /miele/devices
[08/08/2026 22:45:07] FASTIFY: request completed
[08/08/2026 22:45:58] FASTIFY: incoming request
[08/08/2026 22:45:58] FASTIFY: incoming request
[08/08/2026 22:45:58] Parents POST /wash/list
[08/08/2026 22:45:58] FASTIFY: incoming request
[08/08/2026 22:45:58] Parents GET /mbtoday
[08/08/2026 22:45:58] FASTIFY: incoming request
[08/08/2026 22:45:58] Parents GET /miele/token
[08/08/2026 22:45:58] FASTIFY: request completed
[08/08/2026 22:45:58] FASTIFY: request completed
[08/08/2026 22:45:58] FASTIFY: request completed
[08/08/2026 22:45:58] FASTIFY: request completed
[08/08/2026 22:45:59] FASTIFY: incoming request
[08/08/2026 22:45:59] Parents GET /miele/devices
[08/08/2026 22:45:59] FASTIFY: request completed
[08/08/2026 22:47:00] FASTIFY: Stopping Solar's_Cam platform
[08/08/2026 22:47:00] FASTIFY: Solar's_Cam platform stopped
[08/08/2026 22:47:00] Weather : Already got data
[08/08/2026 22:47:00] FASTIFY: Server listening at http://127.0.0.1:3000
[08/08/2026 22:47:00] FASTIFY: Server listening at http://172.24.0.5:3000
[08/08/2026 22:47:03] Clim connectée: 31885837213310 | temp: 24.5 °C
[08/08/2026 22:47:27] FASTIFY: Stopping Solar's_Cam platform
[08/08/2026 22:47:27] FASTIFY: Solar's_Cam platform stopped
[08/08/2026 22:47:28] Weather : Already got data
[08/08/2026 22:47:28] FASTIFY: Server listening at http://127.0.0.1:3000
[08/08/2026 22:47:28] FASTIFY: Server listening at http://172.24.0.5:3000
[08/08/2026 22:47:30] Clim connectée: 31885837213310 | temp: 24.5 °C
[08/08/2026 22:47:37] FASTIFY: Stopping Solar's_Cam platform
[08/08/2026 22:47:37] FASTIFY: Solar's_Cam platform stopped
[08/08/2026 22:47:37] Weather : Already got data
[08/08/2026 22:47:37] FASTIFY: Server listening at http://127.0.0.1:3000
[08/08/2026 22:47:37] FASTIFY: Server listening at http://172.24.0.5:3000
[08/08/2026 22:47:44] Clim connectée: 31885837213310 | temp: 24.5 °C
[08/08/2026 22:48:19] FASTIFY: Stopping Solar's_Cam platform
[08/08/2026 22:48:19] FASTIFY: Solar's_Cam platform stopped
[08/08/2026 22:48:20] Weather : Already got data
[08/08/2026 22:48:20] FASTIFY: Server listening at http://127.0.0.1:3000
[08/08/2026 22:48:20] FASTIFY: Server listening at http://172.24.0.5:3000
[08/08/2026 22:48:22] Clim connectée: 31885837213310 | temp: 24.5 °C
[08/08/2026 22:48:26] FASTIFY: Stopping Solar's_Cam platform
[08/08/2026 22:48:26] FASTIFY: Solar's_Cam platform stopped
[08/08/2026 22:48:27] Weather : Already got data
[08/08/2026 22:48:27] FASTIFY: Server listening at http://127.0.0.1:3000
[08/08/2026 22:48:27] FASTIFY: Server listening at http://172.24.0.5:3000
[08/08/2026 22:48:30] Clim connectée: 31885837213310 | temp: 24.5 °C
[08/08/2026 22:50:00] SID null
[08/08/2026 22:50:00] FASTIFY: Stopping Solar's_Cam platform
[08/08/2026 22:50:00] FASTIFY: Solar's_Cam platform stopped
[08/08/2026 22:50:00] Weather : Already got data
[08/08/2026 22:50:00] FASTIFY: Server listening at http://127.0.0.1:3000
[08/08/2026 22:50:00] FASTIFY: Server listening at http://172.24.0.5:3000
[08/08/2026 22:50:03] Clim connectée: 31885837213310 | temp: 24.5 °C
[08/08/2026 22:50:05] FASTIFY: Stopping Solar's_Cam platform
[08/08/2026 22:50:05] FASTIFY: Solar's_Cam platform stopped
[08/08/2026 22:50:05] Weather : Already got data
[08/08/2026 22:50:05] FASTIFY: Server listening at http://127.0.0.1:3000
[08/08/2026 22:50:05] FASTIFY: Server listening at http://172.24.0.5:3000
[08/08/2026 22:50:08] Clim connectée: 31885837213310 | temp: 24.5 °C
[08/08/2026 22:50:18] FASTIFY: Stopping Solar's_Cam platform
[08/08/2026 22:50:18] FASTIFY: Solar's_Cam platform stopped
[08/08/2026 22:50:19] Weather : Already got data
[08/08/2026 22:50:19] FASTIFY: Server listening at http://127.0.0.1:3000
[08/08/2026 22:50:19] FASTIFY: Server listening at http://172.24.0.5:3000
[08/08/2026 22:50:22] Clim connectée: 31885837213310 | temp: 24.5 °C
[08/08/2026 22:50:32] FASTIFY: Stopping Solar's_Cam platform
[08/08/2026 22:50:32] FASTIFY: Solar's_Cam platform stopped
[08/08/2026 22:50:33] Weather : Already got data
[08/08/2026 22:50:33] FASTIFY: Server listening at http://127.0.0.1:3000
[08/08/2026 22:50:33] FASTIFY: Server listening at http://172.24.0.5:3000
[08/08/2026 22:50:35] FASTIFY: Stopping Solar's_Cam platform
[08/08/2026 22:50:35] FASTIFY: Solar's_Cam platform stopped
[08/08/2026 22:50:35] Weather : Already got data
[08/08/2026 22:50:35] FASTIFY: Server listening at http://127.0.0.1:3000
[08/08/2026 22:50:35] FASTIFY: Server listening at http://172.24.0.5:3000
[08/08/2026 22:50:38] Clim connectée: 31885837213310 | temp: 24.5 °C
[08/08/2026 22:50:40] FASTIFY: Stopping Solar's_Cam platform
[08/08/2026 22:50:40] FASTIFY: Solar's_Cam platform stopped
[08/08/2026 22:50:41] Weather : Already got data
[08/08/2026 22:50:41] FASTIFY: Server listening at http://127.0.0.1:3000
[08/08/2026 22:50:41] FASTIFY: Server listening at http://172.24.0.5:3000
[08/08/2026 22:50:47] Clim connectée: 31885837213310 | temp: 24.5 °C
[08/08/2026 22:52:28] FASTIFY: Stopping Solar's_Cam platform
[08/08/2026 22:52:28] FASTIFY: Solar's_Cam platform stopped
[08/08/2026 22:52:29] Weather : Already got data
[08/08/2026 22:52:29] FASTIFY: Server listening at http://127.0.0.1:3000
[08/08/2026 22:52:29] FASTIFY: Server listening at http://172.24.0.5:3000
[08/08/2026 22:52:31] Clim connectée: 31885837213310 | temp: 24.5 °C
[08/08/2026 22:52:39] FASTIFY: Stopping Solar's_Cam platform
[08/08/2026 22:52:39] FASTIFY: Solar's_Cam platform stopped
[08/08/2026 22:52:40] Weather : Already got data
[08/08/2026 22:52:40] FASTIFY: Server listening at http://127.0.0.1:3000
[08/08/2026 22:52:40] FASTIFY: Server listening at http://172.24.0.5:3000
[08/08/2026 22:52:46] Clim connectée: 31885837213310 | temp: 24.0 °C
[08/08/2026 22:52:54] FASTIFY: Stopping Solar's_Cam platform
[08/08/2026 22:52:54] FASTIFY: Solar's_Cam platform stopped
[08/08/2026 22:52:55] Weather : Already got data
[08/08/2026 22:52:55] FASTIFY: Server listening at http://127.0.0.1:3000
[08/08/2026 22:52:55] FASTIFY: Server listening at http://172.24.0.5:3000
[08/08/2026 22:52:58] Clim connectée: 31885837213310 | temp: 24.5 °C
[08/08/2026 22:53:23] FASTIFY: incoming request
[08/08/2026 22:53:23] FASTIFY: incoming request
[08/08/2026 22:53:23] Parents POST /wash/list
[08/08/2026 22:53:23] FASTIFY: incoming request
[08/08/2026 22:53:23] Parents GET /mbtoday
[08/08/2026 22:53:23] FASTIFY: request completed
[08/08/2026 22:53:23] FASTIFY: request completed
[08/08/2026 22:53:23] FASTIFY: incoming request
[08/08/2026 22:53:23] Parents GET /miele/token
[08/08/2026 22:53:23] FASTIFY: request completed
[08/08/2026 22:53:23] FASTIFY: request completed
[08/08/2026 22:53:24] FASTIFY: incoming request
[08/08/2026 22:53:24] Parents GET /miele/devices
[08/08/2026 22:53:24] FASTIFY: request completed
[08/08/2026 22:54:28] FASTIFY: incoming request
[08/08/2026 22:54:28] Parents GET /miele/token
[08/08/2026 22:54:28] FASTIFY: incoming request
[08/08/2026 22:54:28] Parents POST /wash/list
[08/08/2026 22:54:28] FASTIFY: incoming request
[08/08/2026 22:54:28] Parents GET /mbtoday
[08/08/2026 22:54:28] FASTIFY: request completed
[08/08/2026 22:54:28] FASTIFY: request completed
[08/08/2026 22:54:28] FASTIFY: incoming request
[08/08/2026 22:54:28] FASTIFY: incoming request
[08/08/2026 22:54:28] Parents GET /miele/devices
[08/08/2026 22:54:28] FASTIFY: request completed
[08/08/2026 22:54:28] FASTIFY: request completed
[08/08/2026 22:54:28] FASTIFY: request completed
[08/08/2026 22:55:00] SID null
[08/08/2026 22:55:04] SID d63Tbe_xZzuxQdf7
[08/08/2026 22:58:58] FASTIFY: incoming request
[08/08/2026 22:58:58] Parents POST /wash/list
[08/08/2026 22:58:58] FASTIFY: incoming request
[08/08/2026 22:58:58] Parents GET /mbtoday
[08/08/2026 22:58:58] FASTIFY: incoming request
[08/08/2026 22:58:58] FASTIFY: incoming request
[08/08/2026 22:58:58] Parents GET /miele/token
[08/08/2026 22:58:58] FASTIFY: request completed
[08/08/2026 22:58:58] FASTIFY: request completed
[08/08/2026 22:58:58] FASTIFY: request completed
[08/08/2026 22:58:58] FASTIFY: request completed
[08/08/2026 22:58:58] FASTIFY: incoming request
[08/08/2026 22:58:58] Parents GET /miele/devices
[08/08/2026 22:58:58] FASTIFY: request completed
[08/08/2026 22:59:31] FASTIFY: incoming request
[08/08/2026 22:59:31] FASTIFY: incoming request
[08/08/2026 22:59:31] Parents POST /wash/list
[08/08/2026 22:59:31] FASTIFY: incoming request
[08/08/2026 22:59:31] Parents GET /mbtoday
[08/08/2026 22:59:31] FASTIFY: incoming request
[08/08/2026 22:59:32] Parents GET /miele/token
[08/08/2026 22:59:32] FASTIFY: request completed
[08/08/2026 22:59:32] FASTIFY: request completed
[08/08/2026 22:59:32] FASTIFY: request completed
[08/08/2026 22:59:32] FASTIFY: request completed
[08/08/2026 22:59:36] FASTIFY: incoming request
[08/08/2026 22:59:36] Parents GET /miele/devices
[08/08/2026 22:59:36] FASTIFY: request completed
[08/08/2026 23:00:00] SID d63Tbe_xZzuxQdf7
[08/08/2026 23:00:01] SID t3DDzc4syTksrcYR
[08/08/2026 23:00:32] FASTIFY: incoming request
[08/08/2026 23:00:32] FASTIFY: incoming request
[08/08/2026 23:00:32] Parents POST /wash/list
[08/08/2026 23:00:32] FASTIFY: incoming request
[08/08/2026 23:00:32] Parents GET /mbtoday
[08/08/2026 23:00:32] FASTIFY: incoming request
[08/08/2026 23:00:32] Parents GET /miele/token
[08/08/2026 23:00:32] FASTIFY: request completed
[08/08/2026 23:00:32] FASTIFY: request completed
[08/08/2026 23:00:32] FASTIFY: request completed
[08/08/2026 23:00:32] FASTIFY: request completed
[08/08/2026 23:00:43] FASTIFY: incoming request
[08/08/2026 23:00:43] Parents GET /miele/devices
[08/08/2026 23:00:44] FASTIFY: request completed
[08/08/2026 23:02:10] FASTIFY: Stopping Solar's_Cam platform
[08/08/2026 23:02:10] FASTIFY: Solar's_Cam platform stopped
[08/08/2026 23:02:11] Weather : Already got data
[08/08/2026 23:02:11] FASTIFY: Server listening at http://127.0.0.1:3000
[08/08/2026 23:02:11] FASTIFY: Server listening at http://172.24.0.5:3000
[08/08/2026 23:02:13] Clim connectée: 31885837213310 | temp: 24.0 °C
[08/08/2026 23:02:24] FASTIFY: Stopping Solar's_Cam platform
[08/08/2026 23:02:24] FASTIFY: Solar's_Cam platform stopped
[08/08/2026 23:02:25] Weather : Already got data
[08/08/2026 23:02:25] FASTIFY: Server listening at http://127.0.0.1:3000
[08/08/2026 23:02:25] FASTIFY: Server listening at http://172.24.0.5:3000
[08/08/2026 23:02:27] Clim connectée: 31885837213310 | temp: 24.0 °C
[08/08/2026 23:03:40] FASTIFY: Stopping Solar's_Cam platform
[08/08/2026 23:03:40] FASTIFY: Solar's_Cam platform stopped
[08/08/2026 23:03:40] Weather : Already got data
[08/08/2026 23:03:40] FASTIFY: Server listening at http://127.0.0.1:3000
[08/08/2026 23:03:40] FASTIFY: Server listening at http://172.24.0.5:3000
[08/08/2026 23:03:43] Clim connectée: 31885837213310 | temp: 24.0 °C
[08/08/2026 23:04:46] FASTIFY: Stopping Solar's_Cam platform
[08/08/2026 23:04:46] FASTIFY: Solar's_Cam platform stopped
[08/08/2026 23:04:47] Weather : Already got data
[08/08/2026 23:04:47] FASTIFY: Server listening at http://127.0.0.1:3000
[08/08/2026 23:04:47] FASTIFY: Server listening at http://172.24.0.5:3000
[08/08/2026 23:04:50] Clim connectée: 31885837213310 | temp: 24.0 °C
[08/08/2026 23:04:53] FASTIFY: Stopping Solar's_Cam platform
[08/08/2026 23:04:53] FASTIFY: Solar's_Cam platform stopped
[08/08/2026 23:04:53] Weather : Already got data
[08/08/2026 23:04:53] FASTIFY: Server listening at http://127.0.0.1:3000
[08/08/2026 23:04:53] FASTIFY: Server listening at http://172.24.0.5:3000
[08/08/2026 23:04:56] Clim connectée: 31885837213310 | temp: 24.0 °C
[08/08/2026 23:05:00] SID null
[08/08/2026 23:05:03] SID 02Ivx4tRzZ0Rf79R
[08/08/2026 23:05:23] FASTIFY: Stopping Solar's_Cam platform
[08/08/2026 23:05:23] FASTIFY: Solar's_Cam platform stopped
[08/08/2026 23:05:24] Weather : Already got data
[08/08/2026 23:05:24] FASTIFY: Server listening at http://127.0.0.1:3000
[08/08/2026 23:05:24] FASTIFY: Server listening at http://172.24.0.5:3000
[08/08/2026 23:05:26] Clim connectée: 31885837213310 | temp: 24.0 °C
[08/08/2026 23:05:45] FASTIFY: Stopping Solar's_Cam platform
[08/08/2026 23:05:45] FASTIFY: Solar's_Cam platform stopped
[08/08/2026 23:05:45] Weather : Already got data
[08/08/2026 23:05:45] FASTIFY: Server listening at http://127.0.0.1:3000
[08/08/2026 23:05:45] FASTIFY: Server listening at http://172.24.0.5:3000
[08/08/2026 23:05:48] Clim connectée: 31885837213310 | temp: 24.0 °C
[08/08/2026 23:06:46] FASTIFY: Stopping Solar's_Cam platform
[08/08/2026 23:06:46] FASTIFY: Solar's_Cam platform stopped
[08/08/2026 23:06:46] Weather : Already got data
[08/08/2026 23:06:46] FASTIFY: Server listening at http://127.0.0.1:3000
[08/08/2026 23:06:46] FASTIFY: Server listening at http://172.24.0.5:3000
[08/08/2026 23:07:25] FASTIFY: incoming request
[08/08/2026 23:07:25] Parents GET /miele/devices/:deviceId/programs
[08/08/2026 23:07:25] FASTIFY: incoming request
[08/08/2026 23:07:25] Parents GET /miele/devices/:deviceId
[08/08/2026 23:07:26] FASTIFY: request completed
[08/08/2026 23:07:26] FASTIFY: request completed
[08/08/2026 23:07:56] FASTIFY: incoming request
[08/08/2026 23:07:56] Parents GET /miele/devices/:deviceId/programs
[08/08/2026 23:07:56] FASTIFY: incoming request
[08/08/2026 23:07:56] Parents GET /miele/devices/:deviceId
[08/08/2026 23:07:56] FASTIFY: request completed
[08/08/2026 23:07:56] FASTIFY: request completed
[08/08/2026 23:09:45] Weather : Getting new data
[08/08/2026 23:09:46] FASTIFY: Server listening at http://127.0.0.1:3000
[08/08/2026 23:09:46] FASTIFY: Server listening at http://172.24.0.5:3000
[08/08/2026 23:09:52] Clim connectée: 31885837213310 | temp: 24.0 °C
[08/08/2026 23:09:56] FASTIFY: incoming request
[08/08/2026 23:09:56] Parents GET /miele/devices/:deviceId
[08/08/2026 23:09:56] FASTIFY: incoming request
[08/08/2026 23:09:56] Parents GET /miele/devices/:deviceId/programs
[08/08/2026 23:09:56] FASTIFY: Aucun compte Miele associé
[08/08/2026 23:09:56] FASTIFY: request completed
[08/08/2026 23:09:56] FASTIFY: Aucun compte Miele associé
[08/08/2026 23:09:56] FASTIFY: request completed
[08/08/2026 23:10:00] SID null
[08/08/2026 23:10:02] SID DAbgwk2lZeklMkmR
[08/08/2026 23:10:26] FASTIFY: incoming request
[08/08/2026 23:10:26] Parents GET /miele/devices/:deviceId/programs
[08/08/2026 23:10:26] FASTIFY: incoming request
[08/08/2026 23:10:26] Parents GET /miele/devices/:deviceId
[08/08/2026 23:10:26] FASTIFY: Aucun compte Miele associé
[08/08/2026 23:10:26] FASTIFY: request completed
[08/08/2026 23:10:26] FASTIFY: Aucun compte Miele associé
[08/08/2026 23:10:26] FASTIFY: request completed
[08/08/2026 23:10:56] FASTIFY: incoming request
[08/08/2026 23:10:56] Parents GET /miele/devices/:deviceId
[08/08/2026 23:10:56] FASTIFY: incoming request
[08/08/2026 23:10:56] Parents GET /miele/devices/:deviceId/programs
[08/08/2026 23:10:56] FASTIFY: Aucun compte Miele associé
[08/08/2026 23:10:56] FASTIFY: request completed
[08/08/2026 23:10:56] FASTIFY: Aucun compte Miele associé
[08/08/2026 23:10:56] FASTIFY: request completed
[08/08/2026 23:11:10] FASTIFY: incoming request
[08/08/2026 23:11:10] FASTIFY: incoming request
[08/08/2026 23:11:10] Parents GET /mbtoday
[08/08/2026 23:11:10] FASTIFY: incoming request
[08/08/2026 23:11:10] Parents POST /wash/list
[08/08/2026 23:11:10] FASTIFY: request completed
[08/08/2026 23:11:10] FASTIFY: request completed
[08/08/2026 23:11:10] FASTIFY: request completed
[08/08/2026 23:11:10] FASTIFY: incoming request
[08/08/2026 23:11:10] Parents GET /miele/token
[08/08/2026 23:11:10] FASTIFY: request completed
[08/08/2026 23:11:12] FASTIFY: incoming request
[08/08/2026 23:11:12] Parents GET /miele/connect
[08/08/2026 23:11:12] FASTIFY: request completed
[08/08/2026 23:11:16] FASTIFY: incoming request
[08/08/2026 23:11:16] GET /miele/callback
[08/08/2026 23:11:16] Connexion à Miele réussie et sauvegardée !
[08/08/2026 23:11:16] FASTIFY: request completed
[08/08/2026 23:11:17] FASTIFY: incoming request
[08/08/2026 23:11:17] FASTIFY: incoming request
[08/08/2026 23:11:17] Parents GET /mbtoday
[08/08/2026 23:11:17] FASTIFY: request completed
[08/08/2026 23:11:17] FASTIFY: request completed
[08/08/2026 23:11:17] FASTIFY: incoming request
[08/08/2026 23:11:17] Parents POST /wash/list
[08/08/2026 23:11:17] FASTIFY: incoming request
[08/08/2026 23:11:17] Parents GET /miele/token
[08/08/2026 23:11:17] FASTIFY: request completed
[08/08/2026 23:11:17] FASTIFY: request completed
[08/08/2026 23:11:17] FASTIFY: incoming request
[08/08/2026 23:11:17] Parents GET /miele/devices
[08/08/2026 23:11:17] FASTIFY: request completed
[08/08/2026 23:11:23] FASTIFY: incoming request
[08/08/2026 23:11:23] Parents GET /miele/devices/:deviceId
[08/08/2026 23:11:23] FASTIFY: incoming request
[08/08/2026 23:11:23] Parents GET /miele/devices/:deviceId/programs
[08/08/2026 23:11:24] FASTIFY: request completed
[08/08/2026 23:11:24] FASTIFY: request completed
[08/08/2026 23:11:43] FASTIFY: incoming request
[08/08/2026 23:11:43] Parents PUT /miele/devices/:deviceId/programs
[08/08/2026 23:11:43] FASTIFY: request completed
[08/08/2026 23:11:43] FASTIFY: incoming request
[08/08/2026 23:11:43] Parents GET /miele/devices/:deviceId
[08/08/2026 23:11:43] FASTIFY: incoming request
[08/08/2026 23:11:43] Parents GET /miele/devices/:deviceId/programs
[08/08/2026 23:11:43] FASTIFY: request completed
[08/08/2026 23:11:43] FASTIFY: request completed
[08/08/2026 23:11:54] FASTIFY: incoming request
[08/08/2026 23:11:54] Parents GET /miele/devices/:deviceId
[08/08/2026 23:11:54] FASTIFY: incoming request
[08/08/2026 23:11:54] Parents GET /miele/devices/:deviceId/programs
[08/08/2026 23:11:54] FASTIFY: request completed
[08/08/2026 23:11:54] FASTIFY: request completed
[08/08/2026 23:12:24] FASTIFY: incoming request
[08/08/2026 23:12:24] Parents GET /miele/devices/:deviceId/programs
[08/08/2026 23:12:24] FASTIFY: incoming request
[08/08/2026 23:12:24] Parents GET /miele/devices/:deviceId
[08/08/2026 23:12:24] FASTIFY: request completed
[08/08/2026 23:12:24] FASTIFY: request completed
[08/08/2026 23:12:54] FASTIFY: incoming request
[08/08/2026 23:12:54] Parents GET /miele/devices/:deviceId
[08/08/2026 23:12:54] FASTIFY: incoming request
[08/08/2026 23:12:54] Parents GET /miele/devices/:deviceId/programs
[08/08/2026 23:12:54] FASTIFY: request completed
[08/08/2026 23:12:54] FASTIFY: request completed
[08/08/2026 23:13:24] FASTIFY: incoming request
[08/08/2026 23:13:24] Parents GET /miele/devices/:deviceId/programs
[08/08/2026 23:13:24] FASTIFY: incoming request
[08/08/2026 23:13:24] Parents GET /miele/devices/:deviceId
[08/08/2026 23:13:24] FASTIFY: request completed
[08/08/2026 23:13:24] FASTIFY: request completed
[08/08/2026 23:13:54] FASTIFY: incoming request
[08/08/2026 23:13:54] Parents GET /miele/devices/:deviceId
[08/08/2026 23:13:54] FASTIFY: incoming request
[08/08/2026 23:13:54] Parents GET /miele/devices/:deviceId/programs
[08/08/2026 23:13:54] FASTIFY: request completed
[08/08/2026 23:13:54] FASTIFY: request completed
[08/08/2026 23:14:24] FASTIFY: incoming request
[08/08/2026 23:14:24] Parents GET /miele/devices/:deviceId/programs
[08/08/2026 23:14:24] FASTIFY: incoming request
[08/08/2026 23:14:24] Parents GET /miele/devices/:deviceId
[08/08/2026 23:14:24] FASTIFY: request completed
[08/08/2026 23:14:24] FASTIFY: request completed
[08/08/2026 23:15:00] SID DAbgwk2lZeklMkmR
[08/08/2026 23:15:06] SID Ujd6q5bjB2BjR4LH
[08/08/2026 23:15:26] FASTIFY: Stopping Solar's_Cam platform
[08/08/2026 23:15:26] FASTIFY: Solar's_Cam platform stopped
[08/08/2026 23:15:26] Weather : Already got data
[08/08/2026 23:15:26] FASTIFY: Server listening at http://127.0.0.1:3000
[08/08/2026 23:15:26] FASTIFY: Server listening at http://172.24.0.5:3000
[08/08/2026 23:15:27] FASTIFY: incoming request
[08/08/2026 23:15:27] Parents GET /miele/devices/:deviceId/programs
[08/08/2026 23:15:27] FASTIFY: incoming request
[08/08/2026 23:15:27] Parents GET /miele/devices/:deviceId
[08/08/2026 23:15:27] FASTIFY: request completed
[08/08/2026 23:15:27] FASTIFY: request completed
[08/08/2026 23:15:30] Clim connectée: 31885837213310 | temp: 24.0 °C
[08/08/2026 23:16:27] FASTIFY: incoming request
[08/08/2026 23:16:27] Parents GET /miele/devices/:deviceId/programs
[08/08/2026 23:16:27] FASTIFY: incoming request
[08/08/2026 23:16:27] Parents GET /miele/devices/:deviceId
[08/08/2026 23:16:27] FASTIFY: request completed
[08/08/2026 23:16:28] FASTIFY: request completed
[08/08/2026 23:17:13] FASTIFY: Stopping Solar's_Cam platform
[08/08/2026 23:17:13] FASTIFY: Solar's_Cam platform stopped
[08/08/2026 23:17:13] Weather : Already got data
[08/08/2026 23:17:13] FASTIFY: Server listening at http://127.0.0.1:3000
[08/08/2026 23:17:13] FASTIFY: Server listening at http://172.24.0.5:3000
[08/08/2026 23:17:27] FASTIFY: incoming request
[08/08/2026 23:17:27] Parents GET /miele/devices/:deviceId/programs
[08/08/2026 23:17:27] FASTIFY: incoming request
[08/08/2026 23:17:27] Parents GET /miele/devices/:deviceId
[08/08/2026 23:17:27] FASTIFY: request completed
[08/08/2026 23:17:28] FASTIFY: request completed
[08/08/2026 23:17:45] FASTIFY: Stopping Solar's_Cam platform
[08/08/2026 23:17:45] FASTIFY: Solar's_Cam platform stopped
[08/08/2026 23:17:45] Weather : Already got data
[08/08/2026 23:17:45] FASTIFY: Server listening at http://127.0.0.1:3000
[08/08/2026 23:17:45] FASTIFY: Server listening at http://172.24.0.5:3000
[08/08/2026 23:17:49] Clim connectée: 31885837213310 | temp: 24.0 °C
[08/08/2026 23:17:53] FASTIFY: incoming request
[08/08/2026 23:17:53] FASTIFY: incoming request
[08/08/2026 23:17:53] Parents POST /wash/list
[08/08/2026 23:17:53] FASTIFY: incoming request
[08/08/2026 23:17:53] Parents GET /mbtoday
[08/08/2026 23:17:53] FASTIFY: request completed
[08/08/2026 23:17:53] FASTIFY: request completed
[08/08/2026 23:17:53] FASTIFY: incoming request
[08/08/2026 23:17:53] Parents GET /miele/token
[08/08/2026 23:17:53] FASTIFY: request completed
[08/08/2026 23:17:53] FASTIFY: request completed
[08/08/2026 23:17:54] FASTIFY: incoming request
[08/08/2026 23:17:54] Parents GET /miele/devices
[08/08/2026 23:17:54] FASTIFY: request completed
[08/08/2026 23:17:57] FASTIFY: incoming request
[08/08/2026 23:17:57] FASTIFY: incoming request
[08/08/2026 23:17:57] Parents GET /clim/status
[08/08/2026 23:17:57] FASTIFY: request completed
[08/08/2026 23:17:58] FASTIFY: incoming request
[08/08/2026 23:17:58] FASTIFY: request completed
[08/08/2026 23:18:03] FASTIFY: request completed
[08/08/2026 23:18:06] FASTIFY: incoming request
[08/08/2026 23:18:06] Parents GET /clim/status
[08/08/2026 23:18:09] FASTIFY: request completed
[08/08/2026 23:18:17] FASTIFY: incoming request
[08/08/2026 23:18:17] Parents GET /clim/status
[08/08/2026 23:18:20] FASTIFY: request completed
[08/08/2026 23:18:27] FASTIFY: incoming request
[08/08/2026 23:18:27] Parents GET /clim/status
[08/08/2026 23:18:27] FASTIFY: incoming request
[08/08/2026 23:18:27] Parents GET /miele/devices/:deviceId
[08/08/2026 23:18:27] FASTIFY: incoming request
[08/08/2026 23:18:27] Parents GET /miele/devices/:deviceId/programs
[08/08/2026 23:18:27] FASTIFY: request completed
[08/08/2026 23:18:27] FASTIFY: incoming request
[08/08/2026 23:18:27] FASTIFY: incoming request
[08/08/2026 23:18:27] Parents GET /mbtoday
[08/08/2026 23:18:27] FASTIFY: request completed
[08/08/2026 23:18:27] FASTIFY: request completed
[08/08/2026 23:18:27] FASTIFY: incoming request
[08/08/2026 23:18:27] Parents POST /wash/list
[08/08/2026 23:18:27] FASTIFY: incoming request
[08/08/2026 23:18:27] Parents GET /miele/token
[08/08/2026 23:18:27] FASTIFY: request completed
[08/08/2026 23:18:27] FASTIFY: request completed
[08/08/2026 23:18:27] FASTIFY: incoming request
[08/08/2026 23:18:27] Parents GET /miele/devices
[08/08/2026 23:18:27] FASTIFY: request completed
[08/08/2026 23:18:29] FASTIFY: request completed
[08/08/2026 23:18:30] FASTIFY: Stopping Solar's_Cam platform
[08/08/2026 23:18:30] FASTIFY: Solar's_Cam platform stopped
[08/08/2026 23:18:31] Weather : Already got data
[08/08/2026 23:18:31] FASTIFY: Server listening at http://127.0.0.1:3000
[08/08/2026 23:18:31] FASTIFY: Server listening at http://172.24.0.5:3000
[08/08/2026 23:18:34] Clim connectée: 31885837213310 | temp: 24.0 °C
[08/08/2026 23:18:36] FASTIFY: incoming request
[08/08/2026 23:18:36] Parents GET /clim/status
[08/08/2026 23:18:39] FASTIFY: request completed
[08/08/2026 23:18:47] FASTIFY: incoming request
[08/08/2026 23:18:47] Parents GET /clim/status
[08/08/2026 23:18:49] FASTIFY: request completed
[08/08/2026 23:18:57] FASTIFY: incoming request
[08/08/2026 23:18:57] Parents GET /clim/status
[08/08/2026 23:18:59] FASTIFY: request completed
[08/08/2026 23:19:07] FASTIFY: incoming request
[08/08/2026 23:19:07] Parents GET /clim/status
[08/08/2026 23:19:13] FASTIFY: request completed
[08/08/2026 23:19:16] FASTIFY: incoming request
[08/08/2026 23:19:17] Parents GET /clim/status
[08/08/2026 23:19:23] FASTIFY: request completed
[08/08/2026 23:19:26] FASTIFY: incoming request
[08/08/2026 23:19:26] FASTIFY: request completed
[08/08/2026 23:19:26] FASTIFY: incoming request
[08/08/2026 23:19:26] Parents GET /mbtoday
[08/08/2026 23:19:26] FASTIFY: incoming request
[08/08/2026 23:19:26] Parents POST /wash/list
[08/08/2026 23:19:26] FASTIFY: request completed
[08/08/2026 23:19:26] FASTIFY: incoming request
[08/08/2026 23:19:26] Parents GET /miele/token
[08/08/2026 23:19:26] FASTIFY: request completed
[08/08/2026 23:19:26] FASTIFY: request completed
[08/08/2026 23:19:26] FASTIFY: incoming request
[08/08/2026 23:19:26] Parents GET /miele/devices
[08/08/2026 23:19:26] FASTIFY: request completed
[08/08/2026 23:20:00] SID null
[08/08/2026 23:20:05] SID IenRFKeGzLPGEK-8
[08/08/2026 23:22:16] FASTIFY: Stopping Solar's_Cam platform
[08/08/2026 23:22:16] FASTIFY: Solar's_Cam platform stopped
[08/08/2026 23:22:17] Weather : Already got data
[08/08/2026 23:22:17] FASTIFY: Server listening at http://127.0.0.1:3000
[08/08/2026 23:22:17] FASTIFY: Server listening at http://172.24.0.5:3000
[08/08/2026 23:22:21] Clim connectée: 31885837213310 | temp: 24.0 °C
[08/08/2026 23:22:58] FASTIFY: incoming request
[08/08/2026 23:22:58] FASTIFY: incoming request
[08/08/2026 23:22:58] Parents GET /mbtoday
[08/08/2026 23:22:58] FASTIFY: incoming request
[08/08/2026 23:22:58] Parents POST /wash/list
[08/08/2026 23:22:58] FASTIFY: request completed
[08/08/2026 23:22:58] FASTIFY: incoming request
[08/08/2026 23:22:58] Parents GET /miele/token
[08/08/2026 23:22:58] FASTIFY: request completed
[08/08/2026 23:22:58] FASTIFY: request completed
[08/08/2026 23:22:58] FASTIFY: request completed
[08/08/2026 23:22:58] FASTIFY: incoming request
[08/08/2026 23:22:58] Parents GET /miele/devices
[08/08/2026 23:22:59] FASTIFY: request completed
[08/08/2026 23:25:00] SID null
[08/08/2026 23:25:00] SID YHDAwJrbaewbwLrB
[08/08/2026 23:25:29] FASTIFY: incoming request
[08/08/2026 23:25:29] Parents GET /mbtoday
[08/08/2026 23:25:29] FASTIFY: incoming request
[08/08/2026 23:25:29] Parents POST /wash/list
[08/08/2026 23:25:29] FASTIFY: incoming request
[08/08/2026 23:25:29] FASTIFY: request completed
[08/08/2026 23:25:29] FASTIFY: request completed
[08/08/2026 23:25:29] FASTIFY: request completed
[08/08/2026 23:25:30] FASTIFY: incoming request
[08/08/2026 23:25:30] Parents GET /miele/token
[08/08/2026 23:25:30] FASTIFY: request completed
[08/08/2026 23:25:37] FASTIFY: incoming request
[08/08/2026 23:25:37] Parents GET /miele/devices
[08/08/2026 23:25:37] FASTIFY: request completed
[08/08/2026 23:28:40] FASTIFY: Stopping Solar's_Cam platform
[08/08/2026 23:28:40] FASTIFY: Solar's_Cam platform stopped
[08/08/2026 23:28:41] Weather : Already got data
[08/08/2026 23:28:41] FASTIFY: Server listening at http://127.0.0.1:3000
[08/08/2026 23:28:41] FASTIFY: Server listening at http://172.24.0.5:3000
[08/08/2026 23:28:43] Clim connectée: 31885837213310 | temp: 24.0 °C
[08/08/2026 23:30:00] SID null
[08/08/2026 23:30:00] SID c60fXbfZZCKZ6bfo
[08/08/2026 23:30:13] FASTIFY: Stopping Solar's_Cam platform
[08/08/2026 23:30:13] FASTIFY: Solar's_Cam platform stopped
[08/08/2026 23:30:14] Weather : Already got data
[08/08/2026 23:30:14] FASTIFY: Server listening at http://127.0.0.1:3000
[08/08/2026 23:30:14] FASTIFY: Server listening at http://172.24.0.5:3000
[08/08/2026 23:30:25] Clim connectée: 31885837213310 | temp: 24.0 °C
[08/08/2026 23:30:27] FASTIFY: incoming request
[08/08/2026 23:30:27] Parents POST /wash/list
[08/08/2026 23:30:28] FASTIFY: incoming request
[08/08/2026 23:30:28] Parents GET /mbtoday
[08/08/2026 23:30:28] FASTIFY: incoming request
[08/08/2026 23:30:28] FASTIFY: incoming request
[08/08/2026 23:30:28] Parents GET /miele/token
[08/08/2026 23:30:28] FASTIFY: request completed
[08/08/2026 23:30:28] FASTIFY: request completed
[08/08/2026 23:30:28] FASTIFY: request completed
[08/08/2026 23:30:28] FASTIFY: request completed
[08/08/2026 23:30:28] FASTIFY: incoming request
[08/08/2026 23:30:28] Parents GET /miele/devices
[08/08/2026 23:30:28] FASTIFY: request completed
[08/08/2026 23:30:35] FASTIFY: Stopping Solar's_Cam platform
[08/08/2026 23:30:35] FASTIFY: Solar's_Cam platform stopped
[08/08/2026 23:30:36] Weather : Already got data
[08/08/2026 23:30:36] FASTIFY: Server listening at http://127.0.0.1:3000
[08/08/2026 23:30:36] FASTIFY: Server listening at http://172.24.0.5:3000
[08/08/2026 23:30:39] Clim connectée: 31885837213310 | temp: 24.0 °C
[08/08/2026 23:31:14] FASTIFY: Stopping Solar's_Cam platform
[08/08/2026 23:31:14] FASTIFY: Solar's_Cam platform stopped
[08/08/2026 23:31:14] Weather : Already got data
[08/08/2026 23:31:14] FASTIFY: Server listening at http://127.0.0.1:3000
[08/08/2026 23:31:14] FASTIFY: Server listening at http://172.24.0.5:3000
[08/08/2026 23:31:17] Clim connectée: 31885837213310 | temp: 24.0 °C
[08/08/2026 23:32:06] FASTIFY: Stopping Solar's_Cam platform
[08/08/2026 23:32:07] FASTIFY: Solar's_Cam platform stopped
[08/08/2026 23:32:07] Weather : Already got data
[08/08/2026 23:32:07] FASTIFY: Server listening at http://127.0.0.1:3000
[08/08/2026 23:32:07] FASTIFY: Server listening at http://172.24.0.5:3000
[08/08/2026 23:32:10] Clim connectée: 31885837213310 | temp: 24.0 °C
[08/08/2026 23:32:21] FASTIFY: Stopping Solar's_Cam platform
[08/08/2026 23:32:21] FASTIFY: Solar's_Cam platform stopped
[08/08/2026 23:32:22] Weather : Already got data
[08/08/2026 23:32:22] FASTIFY: Server listening at http://127.0.0.1:3000
[08/08/2026 23:32:22] FASTIFY: Server listening at http://172.24.0.5:3000
[08/08/2026 23:32:24] Clim connectée: 31885837213310 | temp: 24.0 °C
[08/08/2026 23:33:06] FASTIFY: Stopping Solar's_Cam platform
[08/08/2026 23:33:06] FASTIFY: Solar's_Cam platform stopped
[08/08/2026 23:33:07] Weather : Already got data
[08/08/2026 23:33:07] FASTIFY: Server listening at http://127.0.0.1:3000
[08/08/2026 23:33:07] FASTIFY: Server listening at http://172.24.0.5:3000
[08/08/2026 23:33:14] Clim connectée: 31885837213310 | temp: 24.0 °C
[08/08/2026 23:33:37] FASTIFY: Stopping Solar's_Cam platform
[08/08/2026 23:33:37] FASTIFY: Solar's_Cam platform stopped
[08/08/2026 23:33:38] Weather : Already got data
[08/08/2026 23:33:38] FASTIFY: Server listening at http://127.0.0.1:3000
[08/08/2026 23:33:38] FASTIFY: Server listening at http://172.24.0.5:3000
[08/08/2026 23:33:41] Clim connectée: 31885837213310 | temp: 24.0 °C
[08/08/2026 23:33:48] FASTIFY: Stopping Solar's_Cam platform
[08/08/2026 23:33:48] FASTIFY: Solar's_Cam platform stopped
[08/08/2026 23:33:48] Weather : Already got data
[08/08/2026 23:33:48] FASTIFY: Server listening at http://127.0.0.1:3000
[08/08/2026 23:33:48] FASTIFY: Server listening at http://172.24.0.5:3000
[08/08/2026 23:33:52] Clim connectée: 31885837213310 | temp: 24.0 °C
[08/08/2026 23:34:00] FASTIFY: Stopping Solar's_Cam platform
[08/08/2026 23:34:00] FASTIFY: Solar's_Cam platform stopped
[08/08/2026 23:34:01] Weather : Already got data
[08/08/2026 23:34:01] FASTIFY: Server listening at http://127.0.0.1:3000
[08/08/2026 23:34:01] FASTIFY: Server listening at http://172.24.0.5:3000
[08/08/2026 23:34:04] Clim connectée: 31885837213310 | temp: 24.0 °C
[08/08/2026 23:34:30] FASTIFY: Stopping Solar's_Cam platform
[08/08/2026 23:34:30] FASTIFY: Solar's_Cam platform stopped
[08/08/2026 23:34:31] Weather : Already got data
[08/08/2026 23:34:31] FASTIFY: Server listening at http://127.0.0.1:3000
[08/08/2026 23:34:31] FASTIFY: Server listening at http://172.24.0.5:3000
[08/08/2026 23:34:34] Clim connectée: 31885837213310 | temp: 24.0 °C
[08/08/2026 23:34:58] FASTIFY: incoming request
[08/08/2026 23:34:58] Parents POST /wash/list
[08/08/2026 23:34:58] FASTIFY: incoming request
[08/08/2026 23:34:58] Parents GET /mbtoday
[08/08/2026 23:34:58] FASTIFY: incoming request
[08/08/2026 23:34:58] FASTIFY: incoming request
[08/08/2026 23:34:58] Parents GET /miele/token
[08/08/2026 23:34:58] FASTIFY: request completed
[08/08/2026 23:34:58] FASTIFY: request completed
[08/08/2026 23:34:58] FASTIFY: request completed
[08/08/2026 23:34:58] FASTIFY: request completed
[08/08/2026 23:34:58] FASTIFY: incoming request
[08/08/2026 23:34:58] Parents GET /miele/devices
[08/08/2026 23:34:59] FASTIFY: request completed
[08/08/2026 23:35:00] SID null
[08/08/2026 23:35:05] SID 7vgOCFJxMUTxlFJN
[08/08/2026 23:49:21] Weather : Getting new data
[08/08/2026 23:49:22] FASTIFY: Server listening at http://127.0.0.1:3000
[08/08/2026 23:49:22] FASTIFY: Server listening at http://172.24.0.5:3000
[08/08/2026 23:49:25] Clim connectée: 31885837213310 | temp: 23.5 °C
[08/08/2026 23:49:58] FASTIFY: incoming request
[08/08/2026 23:49:58] Parents GET /miele/token
[08/08/2026 23:49:58] FASTIFY: incoming request
[08/08/2026 23:49:58] Parents POST /wash/list
[08/08/2026 23:49:58] FASTIFY: incoming request
[08/08/2026 23:49:58] Parents GET /mbtoday
[08/08/2026 23:49:58] FASTIFY: incoming request
[08/08/2026 23:49:58] FASTIFY: request completed
[08/08/2026 23:49:58] FASTIFY: request completed
[08/08/2026 23:49:58] FASTIFY: request completed
[08/08/2026 23:49:58] FASTIFY: request completed
[08/08/2026 23:49:59] FASTIFY: incoming request
[08/08/2026 23:49:59] Parents GET /miele/connect
[08/08/2026 23:49:59] FASTIFY: request completed
[08/08/2026 23:50:00] SID null
[08/08/2026 23:50:00] SID IPhIDIagUSHglIad
[08/08/2026 23:50:03] FASTIFY: incoming request
[08/08/2026 23:50:03] GET /miele/callback
[08/08/2026 23:50:03] Connexion à Miele réussie et sauvegardée !
[08/08/2026 23:50:03] FASTIFY: request completed
[08/08/2026 23:50:04] FASTIFY: incoming request
[08/08/2026 23:50:04] FASTIFY: incoming request
[08/08/2026 23:50:04] Parents GET /mbtoday
[08/08/2026 23:50:04] FASTIFY: request completed
[08/08/2026 23:50:04] FASTIFY: incoming request
[08/08/2026 23:50:04] Parents POST /wash/list
[08/08/2026 23:50:04] FASTIFY: request completed
[08/08/2026 23:50:04] FASTIFY: request completed
[08/08/2026 23:50:04] FASTIFY: incoming request
[08/08/2026 23:50:04] Parents GET /miele/token
[08/08/2026 23:50:04] FASTIFY: request completed
[08/08/2026 23:50:04] FASTIFY: incoming request
[08/08/2026 23:50:04] Parents GET /miele/devices
[08/08/2026 23:50:04] FASTIFY: request completed
[08/08/2026 23:50:07] FASTIFY: incoming request
[08/08/2026 23:50:07] Parents GET /miele/devices/:deviceId
[08/08/2026 23:50:07] FASTIFY: incoming request
[08/08/2026 23:50:07] Parents GET /miele/devices/:deviceId/programs
[08/08/2026 23:50:07] FASTIFY: request completed
[08/08/2026 23:50:07] FASTIFY: request completed
[08/08/2026 23:50:37] FASTIFY: incoming request
[08/08/2026 23:50:37] Parents GET /miele/devices/:deviceId/programs
[08/08/2026 23:50:37] FASTIFY: incoming request
[08/08/2026 23:50:37] Parents GET /miele/devices/:deviceId
[08/08/2026 23:50:37] FASTIFY: request completed
[08/08/2026 23:50:38] FASTIFY: request completed
[08/08/2026 23:50:58] FASTIFY: incoming request
[08/08/2026 23:50:58] Parents PUT /miele/devices/:deviceId/programs
[08/08/2026 23:50:58] FASTIFY: request completed
[08/08/2026 23:50:58] FASTIFY: incoming request
[08/08/2026 23:50:58] Parents GET /miele/devices/:deviceId
[08/08/2026 23:50:58] FASTIFY: incoming request
[08/08/2026 23:50:58] Parents GET /miele/devices/:deviceId/programs
[08/08/2026 23:50:58] FASTIFY: request completed
[08/08/2026 23:50:59] FASTIFY: request completed
[08/08/2026 23:51:08] FASTIFY: incoming request
[08/08/2026 23:51:08] Parents GET /miele/devices/:deviceId/programs
[08/08/2026 23:51:08] FASTIFY: incoming request
[08/08/2026 23:51:08] Parents GET /miele/devices/:deviceId
[08/08/2026 23:51:08] FASTIFY: request completed
[08/08/2026 23:51:08] FASTIFY: request completed
[08/08/2026 23:51:14] FASTIFY: incoming request
[08/08/2026 23:51:14] FASTIFY: incoming request
[08/08/2026 23:51:14] Parents POST /wash/list
[08/08/2026 23:51:14] FASTIFY: incoming request
[08/08/2026 23:51:14] Parents GET /mbtoday
[08/08/2026 23:51:14] FASTIFY: request completed
[08/08/2026 23:51:14] FASTIFY: request completed
[08/08/2026 23:51:14] FASTIFY: request completed
[08/08/2026 23:51:14] FASTIFY: incoming request
[08/08/2026 23:51:14] Parents GET /miele/token
[08/08/2026 23:51:14] FASTIFY: request completed
[08/08/2026 23:51:15] FASTIFY: incoming request
[08/08/2026 23:51:15] Parents GET /miele/devices
[08/08/2026 23:51:15] FASTIFY: request completed
[08/08/2026 23:51:15] FASTIFY: incoming request
[08/08/2026 23:51:15] FASTIFY: request completed
[08/08/2026 23:51:15] FASTIFY: incoming request
[08/08/2026 23:51:15] Parents POST /wash/list
[08/08/2026 23:51:15] FASTIFY: request completed
[08/08/2026 23:51:15] FASTIFY: incoming request
[08/08/2026 23:51:15] Parents GET /mbtoday
[08/08/2026 23:51:15] FASTIFY: incoming request
[08/08/2026 23:51:15] Parents GET /miele/token
[08/08/2026 23:51:15] FASTIFY: request completed
[08/08/2026 23:51:15] FASTIFY: request completed
[08/08/2026 23:51:15] FASTIFY: incoming request
[08/08/2026 23:51:15] Parents GET /miele/devices
[08/08/2026 23:51:16] FASTIFY: request completed
[08/08/2026 23:51:18] FASTIFY: incoming request
[08/08/2026 23:51:18] FASTIFY: incoming request
[08/08/2026 23:51:18] Parents GET /clim/status
[08/08/2026 23:51:18] FASTIFY: request completed
[08/08/2026 23:51:19] FASTIFY: incoming request
[08/08/2026 23:51:19] FASTIFY: request completed
[08/08/2026 23:51:20] FASTIFY: request completed
[08/08/2026 23:51:28] FASTIFY: incoming request
[08/08/2026 23:51:28] Parents GET /clim/status
[08/08/2026 23:51:30] FASTIFY: request completed
[08/08/2026 23:51:38] FASTIFY: incoming request
[08/08/2026 23:51:38] Parents GET /clim/status
[08/08/2026 23:51:38] FASTIFY: incoming request
[08/08/2026 23:51:38] Parents GET /miele/devices/:deviceId
[08/08/2026 23:51:38] FASTIFY: incoming request
[08/08/2026 23:51:38] Parents GET /miele/devices/:deviceId/programs
[08/08/2026 23:51:38] FASTIFY: request completed
[08/08/2026 23:51:39] FASTIFY: request completed
[08/08/2026 23:51:40] FASTIFY: request completed
[08/08/2026 23:51:48] FASTIFY: incoming request
[08/08/2026 23:51:48] Parents GET /clim/status
[08/08/2026 23:51:50] FASTIFY: request completed
[08/08/2026 23:51:58] FASTIFY: incoming request
[08/08/2026 23:51:58] Parents GET /clim/status
[08/08/2026 23:52:05] FASTIFY: request completed
[08/08/2026 23:52:08] FASTIFY: incoming request
[08/08/2026 23:52:08] Parents GET /clim/status
[08/08/2026 23:52:08] FASTIFY: incoming request
[08/08/2026 23:52:08] Parents GET /miele/devices/:deviceId
[08/08/2026 23:52:08] FASTIFY: incoming request
[08/08/2026 23:52:08] Parents GET /miele/devices/:deviceId/programs
[08/08/2026 23:52:08] FASTIFY: request completed
[08/08/2026 23:52:08] FASTIFY: request completed
[08/08/2026 23:52:10] FASTIFY: request completed
[08/08/2026 23:52:18] FASTIFY: incoming request
[08/08/2026 23:52:18] Parents GET /clim/status
[08/08/2026 23:52:21] FASTIFY: request completed
[08/08/2026 23:52:28] FASTIFY: incoming request
[08/08/2026 23:52:28] Parents GET /clim/status
[08/08/2026 23:52:34] FASTIFY: request completed
[08/08/2026 23:52:38] FASTIFY: incoming request
[08/08/2026 23:52:38] Parents GET /clim/status
[08/08/2026 23:52:38] FASTIFY: incoming request
[08/08/2026 23:52:38] Parents GET /miele/devices/:deviceId
[08/08/2026 23:52:38] FASTIFY: incoming request
[08/08/2026 23:52:38] Parents GET /miele/devices/:deviceId/programs
[08/08/2026 23:52:38] FASTIFY: request completed
[08/08/2026 23:52:38] FASTIFY: request completed
[08/08/2026 23:52:41] FASTIFY: request completed
[08/08/2026 23:52:48] FASTIFY: incoming request
[08/08/2026 23:52:48] Parents GET /clim/status
[08/08/2026 23:52:48] FASTIFY: Stopping Solar's_Cam platform
[08/08/2026 23:52:48] FASTIFY: err is not defined
[08/08/2026 23:52:48] FASTIFY: request completed
[08/08/2026 23:52:48] FASTIFY: Solar's_Cam platform stopped
[08/08/2026 23:52:49] Weather : Already got data
[08/08/2026 23:52:49] FASTIFY: Server listening at http://127.0.0.1:3000
[08/08/2026 23:52:49] FASTIFY: Server listening at http://172.24.0.5:3000
[08/08/2026 23:52:52] Clim connectée: 31885837213310 | temp: 23.5 °C
[08/08/2026 23:52:58] FASTIFY: incoming request
[08/08/2026 23:52:58] Parents GET /clim/status
[08/08/2026 23:53:01] FASTIFY: request completed
[08/08/2026 23:53:08] FASTIFY: incoming request
[08/08/2026 23:53:08] Parents GET /clim/status
[08/08/2026 23:53:08] FASTIFY: incoming request
[08/08/2026 23:53:08] Parents GET /miele/devices/:deviceId
[08/08/2026 23:53:08] FASTIFY: incoming request
[08/08/2026 23:53:08] Parents GET /miele/devices/:deviceId/programs
[08/08/2026 23:53:08] FASTIFY: request completed
[08/08/2026 23:53:08] FASTIFY: request completed
[08/08/2026 23:53:10] FASTIFY: request completed
[08/08/2026 23:53:18] FASTIFY: incoming request
[08/08/2026 23:53:18] Parents GET /clim/status
[08/08/2026 23:53:20] FASTIFY: request completed
[08/08/2026 23:53:28] FASTIFY: incoming request
[08/08/2026 23:53:28] Parents GET /clim/status
[08/08/2026 23:53:31] FASTIFY: request completed
[08/08/2026 23:53:38] FASTIFY: incoming request
[08/08/2026 23:53:38] Parents GET /clim/status
[08/08/2026 23:53:45] FASTIFY: request completed
[08/08/2026 23:53:48] FASTIFY: incoming request
[08/08/2026 23:53:48] Parents GET /clim/status
[08/08/2026 23:53:50] FASTIFY: request completed
[08/08/2026 23:53:58] FASTIFY: incoming request
[08/08/2026 23:53:58] Parents GET /clim/status
[08/08/2026 23:54:01] FASTIFY: request completed
[08/08/2026 23:54:08] FASTIFY: incoming request
[08/08/2026 23:54:08] Parents GET /clim/status
[08/08/2026 23:54:11] FASTIFY: request completed
[08/08/2026 23:54:18] FASTIFY: incoming request
[08/08/2026 23:54:18] Parents GET /clim/status
[08/08/2026 23:54:21] FASTIFY: request completed
[08/08/2026 23:54:27] FASTIFY: incoming request
[08/08/2026 23:54:27] Parents GET /miele/devices/:deviceId/programs
[08/08/2026 23:54:27] FASTIFY: incoming request
[08/08/2026 23:54:27] Parents GET /miele/devices/:deviceId
[08/08/2026 23:54:27] FASTIFY: request completed
[08/08/2026 23:54:28] FASTIFY: request completed
[08/08/2026 23:55:00] SID null
[08/08/2026 23:55:00] SID CSRJ3jusnC4sXgeg
[08/08/2026 23:55:13] FASTIFY: Stopping Solar's_Cam platform
[08/08/2026 23:55:13] FASTIFY: Solar's_Cam platform stopped
[08/08/2026 23:55:13] Weather : Already got data
[08/08/2026 23:55:13] FASTIFY: Server listening at http://127.0.0.1:3000
[08/08/2026 23:55:13] FASTIFY: Server listening at http://172.24.0.5:3000
[08/08/2026 23:55:16] Clim connectée: 31885837213310 | temp: 23.5 °C
[08/08/2026 23:55:27] FASTIFY: incoming request
[08/08/2026 23:55:27] Parents GET /miele/devices/:deviceId/programs
[08/08/2026 23:55:27] FASTIFY: incoming request
[08/08/2026 23:55:27] Parents GET /miele/devices/:deviceId
[08/08/2026 23:55:27] FASTIFY: request completed
[08/08/2026 23:55:28] FASTIFY: request completed
[08/08/2026 23:56:27] FASTIFY: incoming request
[08/08/2026 23:56:27] Parents GET /miele/devices/:deviceId/programs
[08/08/2026 23:56:27] FASTIFY: incoming request
[08/08/2026 23:56:27] Parents GET /miele/devices/:deviceId
[08/08/2026 23:56:27] FASTIFY: request completed
[08/08/2026 23:56:28] FASTIFY: request completed
[08/08/2026 23:57:27] FASTIFY: incoming request
[08/08/2026 23:57:27] Parents GET /miele/devices/:deviceId/programs
[08/08/2026 23:57:27] FASTIFY: incoming request
[08/08/2026 23:57:27] Parents GET /miele/devices/:deviceId
[08/08/2026 23:57:27] FASTIFY: request completed
[08/08/2026 23:57:28] FASTIFY: request completed
[08/08/2026 23:58:27] FASTIFY: incoming request
[08/08/2026 23:58:27] Parents GET /miele/devices/:deviceId/programs
[08/08/2026 23:58:27] FASTIFY: incoming request
[08/08/2026 23:58:27] Parents GET /miele/devices/:deviceId
[08/08/2026 23:58:27] FASTIFY: request completed
[08/08/2026 23:58:28] FASTIFY: request completed
[08/08/2026 23:59:19] FASTIFY: Stopping Solar's_Cam platform
[08/08/2026 23:59:19] FASTIFY: Solar's_Cam platform stopped
[08/08/2026 23:59:20] Weather : Already got data
[08/08/2026 23:59:20] FASTIFY: Server listening at http://127.0.0.1:3000
[08/08/2026 23:59:20] FASTIFY: Server listening at http://172.24.0.5:3000
[08/08/2026 23:59:26] Clim connectée: 31885837213310 | temp: 23.5 °C
[08/08/2026 23:59:27] FASTIFY: incoming request
[08/08/2026 23:59:27] Parents GET /miele/devices/:deviceId/programs
[08/08/2026 23:59:27] FASTIFY: incoming request
[08/08/2026 23:59:27] Parents GET /miele/devices/:deviceId
[08/08/2026 23:59:27] FASTIFY: request completed
[08/08/2026 23:59:28] FASTIFY: request completed
[08/08/2026 23:59:43] FASTIFY: Stopping Solar's_Cam platform
[08/08/2026 23:59:43] FASTIFY: Solar's_Cam platform stopped
[08/08/2026 23:59:44] Weather : Already got data
[08/08/2026 23:59:44] FASTIFY: Server listening at http://127.0.0.1:3000
[08/08/2026 23:59:44] FASTIFY: Server listening at http://172.24.0.5:3000
[08/08/2026 23:59:47] Clim connectée: 31885837213310 | temp: 23.5 °C
[09/08/2026 00:00:00] SID null
[09/08/2026 00:00:00] SID sflZRbYz3aKzrZ4p
[09/08/2026 00:00:27] FASTIFY: incoming request
[09/08/2026 00:00:27] Parents GET /miele/devices/:deviceId/programs
[09/08/2026 00:00:27] FASTIFY: incoming request
[09/08/2026 00:00:27] Parents GET /miele/devices/:deviceId
[09/08/2026 00:00:27] FASTIFY: request completed
[09/08/2026 00:00:28] FASTIFY: request completed
[09/08/2026 00:00:48] FASTIFY: Stopping Solar's_Cam platform
[09/08/2026 00:00:48] FASTIFY: Solar's_Cam platform stopped
[09/08/2026 00:00:49] Weather : Already got data
[09/08/2026 00:00:49] FASTIFY: Server listening at http://127.0.0.1:3000
[09/08/2026 00:00:49] FASTIFY: Server listening at http://172.24.0.5:3000
[09/08/2026 00:00:56] Clim connectée: 31885837213310 | temp: 23.5 °C
[09/08/2026 00:01:27] FASTIFY: incoming request
[09/08/2026 00:01:27] Parents GET /miele/devices/:deviceId/programs
[09/08/2026 00:01:27] FASTIFY: incoming request
[09/08/2026 00:01:27] Parents GET /miele/devices/:deviceId
[09/08/2026 00:01:27] FASTIFY: request completed
[09/08/2026 00:01:28] FASTIFY: request completed
[09/08/2026 00:02:27] FASTIFY: incoming request
[09/08/2026 00:02:27] Parents GET /miele/devices/:deviceId/programs
[09/08/2026 00:02:27] FASTIFY: incoming request
[09/08/2026 00:02:27] Parents GET /miele/devices/:deviceId
[09/08/2026 00:02:27] FASTIFY: request completed
[09/08/2026 00:02:28] FASTIFY: request completed
[09/08/2026 00:03:27] FASTIFY: incoming request
[09/08/2026 00:03:27] Parents GET /miele/devices/:deviceId/programs
[09/08/2026 00:03:27] FASTIFY: incoming request
[09/08/2026 00:03:27] Parents GET /miele/devices/:deviceId
[09/08/2026 00:03:27] FASTIFY: request completed
[09/08/2026 00:03:27] FASTIFY: request completed
[09/08/2026 00:04:27] FASTIFY: incoming request
[09/08/2026 00:04:27] Parents GET /miele/devices/:deviceId/programs
[09/08/2026 00:04:27] FASTIFY: incoming request
[09/08/2026 00:04:27] Parents GET /miele/devices/:deviceId
[09/08/2026 00:04:27] FASTIFY: request completed
[09/08/2026 00:04:28] FASTIFY: request completed
[09/08/2026 00:05:00] SID null
[09/08/2026 00:05:02] SID iq96Agc8XfH8Zhsd
[09/08/2026 00:05:27] FASTIFY: incoming request
[09/08/2026 00:05:27] Parents GET /miele/devices/:deviceId/programs
[09/08/2026 00:05:27] FASTIFY: incoming request
[09/08/2026 00:05:27] Parents GET /miele/devices/:deviceId
[09/08/2026 00:05:27] FASTIFY: request completed
[09/08/2026 00:05:28] FASTIFY: request completed
[09/08/2026 00:05:39] FASTIFY: incoming request
[09/08/2026 00:05:39] Parents GET /clim/status
[09/08/2026 00:05:41] FASTIFY: incoming request
[09/08/2026 00:05:41] FASTIFY: incoming request
[09/08/2026 00:05:41] Parents GET /clim/status
[09/08/2026 00:05:41] FASTIFY: request completed
[09/08/2026 00:05:42] FASTIFY: incoming request
[09/08/2026 00:05:42] FASTIFY: request completed
[09/08/2026 00:05:44] FASTIFY: request completed
[09/08/2026 00:05:51] FASTIFY: incoming request
[09/08/2026 00:05:51] Parents GET /clim/status
[09/08/2026 00:05:54] FASTIFY: request completed
[09/08/2026 00:06:01] FASTIFY: incoming request
[09/08/2026 00:06:01] Parents GET /clim/status
[09/08/2026 00:06:03] FASTIFY: request completed
[09/08/2026 00:06:11] FASTIFY: incoming request
[09/08/2026 00:06:11] Parents GET /clim/status
[09/08/2026 00:06:14] FASTIFY: request completed
[09/08/2026 00:06:21] FASTIFY: incoming request
[09/08/2026 00:06:21] Parents GET /clim/status
[09/08/2026 00:06:24] FASTIFY: request completed
[09/08/2026 00:06:27] FASTIFY: incoming request
[09/08/2026 00:06:27] FASTIFY: incoming request
[09/08/2026 00:06:27] Parents GET /clim/status
[09/08/2026 00:06:27] FASTIFY: request completed
[09/08/2026 00:06:27] FASTIFY: incoming request
[09/08/2026 00:06:27] Parents GET /miele/devices/:deviceId
[09/08/2026 00:06:27] FASTIFY: incoming request
[09/08/2026 00:06:27] Parents GET /miele/devices/:deviceId/programs
[09/08/2026 00:06:27] FASTIFY: request completed
[09/08/2026 00:06:27] FASTIFY: request completed
[09/08/2026 00:06:30] FASTIFY: request completed
[09/08/2026 00:06:34] FASTIFY: incoming request
[09/08/2026 00:06:34] FASTIFY: request completed
[09/08/2026 00:06:37] FASTIFY: incoming request
[09/08/2026 00:06:37] Parents GET /clim/status
[09/08/2026 00:06:40] FASTIFY: request completed
[09/08/2026 00:06:47] FASTIFY: incoming request
[09/08/2026 00:06:47] Parents GET /clim/status
[09/08/2026 00:06:50] FASTIFY: request completed
[09/08/2026 00:06:57] FASTIFY: incoming request
[09/08/2026 00:06:57] Parents GET /clim/status
[09/08/2026 00:06:59] FASTIFY: request completed
[09/08/2026 00:07:07] FASTIFY: incoming request
[09/08/2026 00:07:07] Parents GET /clim/status
[09/08/2026 00:07:09] FASTIFY: request completed
[09/08/2026 00:07:17] FASTIFY: incoming request
[09/08/2026 00:07:17] Parents GET /clim/status
[09/08/2026 00:07:20] FASTIFY: request completed
[09/08/2026 00:07:27] FASTIFY: incoming request
[09/08/2026 00:07:27] Parents GET /clim/status
[09/08/2026 00:07:27] FASTIFY: incoming request
[09/08/2026 00:07:27] Parents GET /miele/devices/:deviceId
[09/08/2026 00:07:27] FASTIFY: incoming request
[09/08/2026 00:07:27] Parents GET /miele/devices/:deviceId/programs
[09/08/2026 00:07:27] FASTIFY: request completed
[09/08/2026 00:07:27] FASTIFY: request completed
[09/08/2026 00:07:27] FASTIFY: incoming request
[09/08/2026 00:07:27] FASTIFY: incoming request
[09/08/2026 00:07:27] Parents GET /mbtoday
[09/08/2026 00:07:27] FASTIFY: incoming request
[09/08/2026 00:07:27] Parents POST /wash/list
[09/08/2026 00:07:27] FASTIFY: request completed
[09/08/2026 00:07:27] FASTIFY: request completed
[09/08/2026 00:07:27] FASTIFY: incoming request
[09/08/2026 00:07:27] Parents GET /miele/token
[09/08/2026 00:07:27] FASTIFY: request completed
[09/08/2026 00:07:27] FASTIFY: request completed
[09/08/2026 00:07:27] FASTIFY: incoming request
[09/08/2026 00:07:27] Parents GET /miele/devices
[09/08/2026 00:07:28] FASTIFY: request completed
[09/08/2026 00:07:29] FASTIFY: request completed
[09/08/2026 00:07:37] FASTIFY: incoming request
[09/08/2026 00:07:37] Parents GET /clim/status
[09/08/2026 00:07:39] FASTIFY: request completed
[09/08/2026 00:07:47] FASTIFY: incoming request
[09/08/2026 00:07:47] Parents GET /clim/status
[09/08/2026 00:07:50] FASTIFY: request completed
[09/08/2026 00:07:57] FASTIFY: incoming request
[09/08/2026 00:07:57] Parents GET /clim/status
[09/08/2026 00:07:59] FASTIFY: request completed
[09/08/2026 00:08:07] FASTIFY: incoming request
[09/08/2026 00:08:07] Parents GET /clim/status
[09/08/2026 00:08:09] FASTIFY: request completed
[09/08/2026 00:08:17] FASTIFY: incoming request
[09/08/2026 00:08:17] Parents GET /clim/status
[09/08/2026 00:08:20] FASTIFY: request completed
[09/08/2026 00:08:27] FASTIFY: incoming request
[09/08/2026 00:08:27] Parents GET /clim/status
[09/08/2026 00:08:30] FASTIFY: request completed
[09/08/2026 00:08:37] FASTIFY: incoming request
[09/08/2026 00:08:37] Parents GET /clim/status
[09/08/2026 00:08:40] FASTIFY: request completed
[09/08/2026 00:08:47] FASTIFY: incoming request
[09/08/2026 00:08:47] Parents GET /clim/status
[09/08/2026 00:08:57] FASTIFY: request completed
[09/08/2026 00:08:57] FASTIFY: incoming request
[09/08/2026 00:08:57] Parents GET /clim/status
[09/08/2026 00:09:00] FASTIFY: request completed
[09/08/2026 00:09:07] FASTIFY: incoming request
[09/08/2026 00:09:07] Parents GET /clim/status
[09/08/2026 00:09:09] FASTIFY: request completed
[09/08/2026 00:09:54] FASTIFY: Stopping Solar's_Cam platform
[09/08/2026 00:09:54] FASTIFY: Solar's_Cam platform stopped
[09/08/2026 00:09:55] Weather : Already got data
[09/08/2026 00:09:55] FASTIFY: Server listening at http://127.0.0.1:3000
[09/08/2026 00:09:55] FASTIFY: Server listening at http://172.24.0.5:3000
[09/08/2026 00:10:00] SID null
[09/08/2026 00:10:00] SID HgWWP0GNfhXNd2We
[09/08/2026 00:10:01] Clim connectée: 31885837213310 | temp: 23.5 °C
[09/08/2026 00:10:54] FASTIFY: Stopping Solar's_Cam platform
[09/08/2026 00:10:54] FASTIFY: Solar's_Cam platform stopped
[09/08/2026 00:10:55] Weather : Already got data
[09/08/2026 00:10:55] FASTIFY: Server listening at http://127.0.0.1:3000
[09/08/2026 00:10:55] FASTIFY: Server listening at http://172.24.0.5:3000
[09/08/2026 00:10:58] Clim connectée: 31885837213310 | temp: 23.5 °C
[09/08/2026 00:14:15] FASTIFY: Stopping Solar's_Cam platform
[09/08/2026 00:14:15] FASTIFY: Solar's_Cam platform stopped
[09/08/2026 00:14:16] Weather : Already got data
[09/08/2026 00:14:16] FASTIFY: Server listening at http://127.0.0.1:3000
[09/08/2026 00:14:16] FASTIFY: Server listening at http://172.24.0.5:3000
[09/08/2026 00:14:22] Clim connectée: 31885837213310 | temp: 23.5 °C
[09/08/2026 00:15:00] SID null
[09/08/2026 00:15:00] SID 4q_yEINCZOXCiKtc
[09/08/2026 00:16:47] FASTIFY: Stopping Solar's_Cam platform
[09/08/2026 00:16:47] FASTIFY: Solar's_Cam platform stopped
[09/08/2026 00:16:48] Weather : Already got data
[09/08/2026 00:16:48] FASTIFY: Server listening at http://127.0.0.1:3000
[09/08/2026 00:16:48] FASTIFY: Server listening at http://172.24.0.5:3000
[09/08/2026 00:16:55] Clim connectée: 31885837213310 | temp: 23.5 °C
[09/08/2026 00:16:57] FASTIFY: Stopping Solar's_Cam platform
[09/08/2026 00:16:57] FASTIFY: Solar's_Cam platform stopped
[09/08/2026 00:16:57] Weather : Already got data
[09/08/2026 00:16:57] FASTIFY: Server listening at http://127.0.0.1:3000
[09/08/2026 00:16:57] FASTIFY: Server listening at http://172.24.0.5:3000
[09/08/2026 00:17:00] Clim connectée: 31885837213310 | temp: 23.5 °C
[09/08/2026 00:17:10] FASTIFY: Stopping Solar's_Cam platform
[09/08/2026 00:17:10] FASTIFY: Solar's_Cam platform stopped
[09/08/2026 00:17:11] Weather : Already got data
[09/08/2026 00:17:11] FASTIFY: Server listening at http://127.0.0.1:3000
[09/08/2026 00:17:11] FASTIFY: Server listening at http://172.24.0.5:3000
[09/08/2026 00:17:13] Clim connectée: 31885837213310 | temp: 23.5 °C
[09/08/2026 00:17:55] FASTIFY: Stopping Solar's_Cam platform
[09/08/2026 00:17:55] FASTIFY: Solar's_Cam platform stopped
[09/08/2026 00:17:56] Weather : Already got data
[09/08/2026 00:17:56] FASTIFY: Server listening at http://127.0.0.1:3000
[09/08/2026 00:17:56] FASTIFY: Server listening at http://172.24.0.5:3000
[09/08/2026 00:17:59] Clim connectée: 31885837213310 | temp: 23.5 °C
[09/08/2026 00:20:00] SID null
[09/08/2026 00:20:02] SID go2WgqkQ7f9Qprk1
[09/08/2026 00:20:16] FASTIFY: Stopping Solar's_Cam platform
[09/08/2026 00:20:16] FASTIFY: Solar's_Cam platform stopped
[09/08/2026 00:20:17] Weather : Already got data
[09/08/2026 00:20:17] FASTIFY: Server listening at http://127.0.0.1:3000
[09/08/2026 00:20:17] FASTIFY: Server listening at http://172.24.0.5:3000
[09/08/2026 00:20:27] Clim connectée: 31885837213310 | temp: 23.5 °C
[09/08/2026 00:20:37] FASTIFY: Stopping Solar's_Cam platform
[09/08/2026 00:20:37] FASTIFY: Solar's_Cam platform stopped
[09/08/2026 00:20:38] Weather : Already got data
[09/08/2026 00:20:38] FASTIFY: Server listening at http://127.0.0.1:3000
[09/08/2026 00:20:38] FASTIFY: Server listening at http://172.24.0.5:3000
[09/08/2026 00:20:40] Clim connectée: 31885837213310 | temp: 23.5 °C
[09/08/2026 00:22:26] FASTIFY: incoming request
[09/08/2026 00:22:26] Parents GET /miele/token
[09/08/2026 00:22:26] FASTIFY: incoming request
[09/08/2026 00:22:26] Parents POST /wash/list
[09/08/2026 00:22:26] FASTIFY: incoming request
[09/08/2026 00:22:26] Parents GET /mbtoday
[09/08/2026 00:22:26] FASTIFY: request completed
[09/08/2026 00:22:26] FASTIFY: request completed
[09/08/2026 00:22:26] FASTIFY: incoming request
[09/08/2026 00:22:26] FASTIFY: incoming request
[09/08/2026 00:22:26] Parents GET /miele/devices
[09/08/2026 00:22:26] FASTIFY: request completed
[09/08/2026 00:22:26] FASTIFY: request completed
[09/08/2026 00:22:26] FASTIFY: request completed
[09/08/2026 00:23:11] FASTIFY: incoming request
[09/08/2026 00:23:11] Parents GET /miele/token
[09/08/2026 00:23:11] FASTIFY: incoming request
[09/08/2026 00:23:11] Parents POST /wash/list
[09/08/2026 00:23:11] FASTIFY: incoming request
[09/08/2026 00:23:11] Parents GET /mbtoday
[09/08/2026 00:23:11] FASTIFY: request completed
[09/08/2026 00:23:11] FASTIFY: request completed
[09/08/2026 00:23:11] FASTIFY: request completed
[09/08/2026 00:23:11] FASTIFY: incoming request
[09/08/2026 00:23:11] FASTIFY: incoming request
[09/08/2026 00:23:11] Parents GET /miele/devices
[09/08/2026 00:23:11] FASTIFY: request completed
[09/08/2026 00:23:11] FASTIFY: request completed
[09/08/2026 00:23:33] FASTIFY: Stopping Solar's_Cam platform
[09/08/2026 00:23:34] FASTIFY: Solar's_Cam platform stopped
[09/08/2026 00:23:34] Weather : Already got data
[09/08/2026 00:23:34] FASTIFY: Server listening at http://127.0.0.1:3000
[09/08/2026 00:23:34] FASTIFY: Server listening at http://172.24.0.5:3000
[09/08/2026 00:23:37] Clim connectée: 31885837213310 | temp: 23.5 °C
[09/08/2026 00:23:50] FASTIFY: incoming request
[09/08/2026 00:23:50] Parents GET /miele/token
[09/08/2026 00:23:50] FASTIFY: incoming request
[09/08/2026 00:23:50] Parents POST /wash/list
[09/08/2026 00:23:50] FASTIFY: incoming request
[09/08/2026 00:23:50] Parents GET /mbtoday
[09/08/2026 00:23:50] FASTIFY: request completed
[09/08/2026 00:23:50] FASTIFY: incoming request
[09/08/2026 00:23:50] FASTIFY: incoming request
[09/08/2026 00:23:50] Parents GET /miele/devices
[09/08/2026 00:23:50] FASTIFY: request completed
[09/08/2026 00:23:50] FASTIFY: request completed
[09/08/2026 00:23:50] FASTIFY: request completed
[09/08/2026 00:23:50] FASTIFY: request completed
[09/08/2026 00:24:05] FASTIFY: incoming request
[09/08/2026 00:24:05] FASTIFY: incoming request
[09/08/2026 00:24:05] Parents GET /mbtoday
[09/08/2026 00:24:05] FASTIFY: incoming request
[09/08/2026 00:24:05] Parents POST /wash/list
[09/08/2026 00:24:05] FASTIFY: request completed
[09/08/2026 00:24:05] FASTIFY: incoming request
[09/08/2026 00:24:05] Parents GET /miele/token
[09/08/2026 00:24:05] FASTIFY: request completed
[09/08/2026 00:24:05] FASTIFY: request completed
[09/08/2026 00:24:05] FASTIFY: request completed
[09/08/2026 00:24:05] FASTIFY: incoming request
[09/08/2026 00:24:05] Parents GET /miele/devices
[09/08/2026 00:24:05] FASTIFY: request completed
[09/08/2026 00:24:20] FASTIFY: incoming request
[09/08/2026 00:24:20] FASTIFY: incoming request
[09/08/2026 00:24:20] Parents GET /mbtoday
[09/08/2026 00:24:20] FASTIFY: incoming request
[09/08/2026 00:24:20] Parents POST /wash/list
[09/08/2026 00:24:20] FASTIFY: incoming request
[09/08/2026 00:24:20] Parents GET /miele/token
[09/08/2026 00:24:20] FASTIFY: request completed
[09/08/2026 00:24:20] FASTIFY: request completed
[09/08/2026 00:24:20] FASTIFY: request completed
[09/08/2026 00:24:20] FASTIFY: request completed
[09/08/2026 00:24:20] FASTIFY: incoming request
[09/08/2026 00:24:20] Parents GET /miele/devices
[09/08/2026 00:24:20] FASTIFY: request completed
[09/08/2026 00:24:48] FASTIFY: incoming request
[09/08/2026 00:24:48] Parents GET /clim/status
[09/08/2026 00:24:48] FASTIFY: incoming request
[09/08/2026 00:24:48] FASTIFY: request completed
[09/08/2026 00:24:51] FASTIFY: request completed
[09/08/2026 00:24:59] FASTIFY: incoming request
[09/08/2026 00:24:59] Parents GET /clim/status
[09/08/2026 00:25:00] SID null
[09/08/2026 00:25:00] SID dfppQc7PrcmPTerZ
[09/08/2026 00:25:02] FASTIFY: request completed
[09/08/2026 00:25:09] FASTIFY: incoming request
[09/08/2026 00:25:09] Parents GET /clim/status
[09/08/2026 00:25:11] FASTIFY: request completed
[09/08/2026 00:25:19] FASTIFY: incoming request
[09/08/2026 00:25:19] Parents GET /clim/status
[09/08/2026 00:25:22] FASTIFY: request completed
[09/08/2026 00:25:29] FASTIFY: incoming request
[09/08/2026 00:25:29] Parents GET /clim/status
[09/08/2026 00:25:31] FASTIFY: request completed
[09/08/2026 00:25:39] FASTIFY: incoming request
[09/08/2026 00:25:39] Parents GET /clim/status
[09/08/2026 00:25:42] FASTIFY: request completed
[09/08/2026 00:25:49] FASTIFY: incoming request
[09/08/2026 00:25:49] Parents GET /clim/status
[09/08/2026 00:25:52] FASTIFY: request completed
[09/08/2026 00:25:59] FASTIFY: incoming request
[09/08/2026 00:25:59] Parents GET /clim/status
[09/08/2026 00:26:01] FASTIFY: request completed
[09/08/2026 00:26:27] FASTIFY: incoming request
[09/08/2026 00:26:27] Parents GET /clim/status
[09/08/2026 00:26:30] FASTIFY: request completed
[09/08/2026 00:27:18] FASTIFY: incoming request
[09/08/2026 00:27:18] Parents GET /clim/status
[09/08/2026 00:27:22] FASTIFY: request completed
[09/08/2026 00:27:29] FASTIFY: incoming request
[09/08/2026 00:27:29] Parents GET /clim/status
[09/08/2026 00:27:36] FASTIFY: request completed
[09/08/2026 00:27:39] FASTIFY: incoming request
[09/08/2026 00:27:39] Parents GET /clim/status
[09/08/2026 00:27:42] FASTIFY: request completed
[09/08/2026 00:27:49] FASTIFY: incoming request
[09/08/2026 00:27:49] Parents GET /clim/status
[09/08/2026 00:27:51] FASTIFY: request completed
[09/08/2026 00:27:59] FASTIFY: incoming request
[09/08/2026 00:27:59] Parents GET /clim/status
[09/08/2026 00:28:02] FASTIFY: request completed
[09/08/2026 00:28:09] FASTIFY: incoming request
[09/08/2026 00:28:09] Parents GET /clim/status
[09/08/2026 00:28:16] FASTIFY: request completed
[09/08/2026 00:28:19] FASTIFY: incoming request
[09/08/2026 00:28:19] Parents GET /clim/status
[09/08/2026 00:28:22] FASTIFY: request completed
[09/08/2026 00:29:27] FASTIFY: incoming request
[09/08/2026 00:29:27] Parents GET /clim/status
[09/08/2026 00:29:27] FASTIFY: incoming request
[09/08/2026 00:29:27] FASTIFY: incoming request
[09/08/2026 00:29:27] Parents GET /clim/status
[09/08/2026 00:29:27] FASTIFY: request completed
[09/08/2026 00:29:31] FASTIFY: request completed
[09/08/2026 00:29:38] FASTIFY: incoming request
[09/08/2026 00:29:38] Parents GET /clim/status
[09/08/2026 00:29:41] FASTIFY: request completed
[09/08/2026 00:29:48] FASTIFY: incoming request
[09/08/2026 00:29:48] Parents GET /clim/status
[09/08/2026 00:29:50] FASTIFY: request completed
[09/08/2026 00:29:58] FASTIFY: incoming request
[09/08/2026 00:29:58] Parents GET /clim/status
[09/08/2026 00:30:00] SID dfppQc7PrcmPTerZ
[09/08/2026 00:30:00] FASTIFY: request completed
[09/08/2026 00:30:01] SID LOu0kEOEEMVE9GuU
[09/08/2026 00:30:08] FASTIFY: incoming request
[09/08/2026 00:30:08] Parents GET /clim/status
[09/08/2026 00:30:10] FASTIFY: request completed
[09/08/2026 00:30:18] FASTIFY: incoming request
[09/08/2026 00:30:18] Parents GET /clim/status
[09/08/2026 00:30:21] FASTIFY: request completed
[09/08/2026 00:30:28] FASTIFY: incoming request
[09/08/2026 00:30:28] Parents GET /clim/status
[09/08/2026 00:30:30] FASTIFY: request completed
[09/08/2026 00:30:38] FASTIFY: incoming request
[09/08/2026 00:30:38] Parents GET /clim/status
[09/08/2026 00:30:40] FASTIFY: request completed
[09/08/2026 00:31:27] FASTIFY: incoming request
[09/08/2026 00:31:27] Parents GET /clim/status
[09/08/2026 00:31:30] FASTIFY: request completed
[09/08/2026 00:32:27] FASTIFY: incoming request
[09/08/2026 00:32:27] Parents GET /clim/status
[09/08/2026 00:32:30] FASTIFY: request completed
[09/08/2026 00:34:28] FASTIFY: incoming request
[09/08/2026 00:34:28] Parents GET /clim/status
[09/08/2026 00:34:28] FASTIFY: incoming request
[09/08/2026 00:34:28] FASTIFY: request completed
[09/08/2026 00:34:31] FASTIFY: request completed
[09/08/2026 00:34:34] FASTIFY: incoming request
[09/08/2026 00:34:34] FASTIFY: incoming request
[09/08/2026 00:34:34] Parents GET /clim/status
[09/08/2026 00:34:34] FASTIFY: request completed
[09/08/2026 00:34:37] FASTIFY: request completed
[09/08/2026 00:34:45] FASTIFY: incoming request
[09/08/2026 00:34:45] Parents GET /clim/status
[09/08/2026 00:34:47] FASTIFY: request completed
[09/08/2026 00:34:55] FASTIFY: incoming request
[09/08/2026 00:34:55] Parents GET /clim/status
[09/08/2026 00:34:57] FASTIFY: request completed
[09/08/2026 00:35:00] SID LOu0kEOEEMVE9GuU
[09/08/2026 00:35:00] SID x_mXmuZa7FNaGvJ0
[09/08/2026 00:35:05] FASTIFY: incoming request
[09/08/2026 00:35:05] Parents GET /clim/status
[09/08/2026 00:35:08] FASTIFY: request completed
[09/08/2026 00:35:15] FASTIFY: incoming request
[09/08/2026 00:35:15] Parents GET /clim/status
[09/08/2026 00:35:18] FASTIFY: request completed
[09/08/2026 00:35:25] FASTIFY: incoming request
[09/08/2026 00:35:25] Parents GET /clim/status
[09/08/2026 00:35:27] FASTIFY: request completed
[09/08/2026 00:35:35] FASTIFY: incoming request
[09/08/2026 00:35:35] Parents GET /clim/status
[09/08/2026 00:35:38] FASTIFY: request completed
[09/08/2026 00:35:45] FASTIFY: incoming request
[09/08/2026 00:35:45] Parents GET /clim/status
[09/08/2026 00:35:48] FASTIFY: request completed
[09/08/2026 00:35:54] FASTIFY: incoming request
[09/08/2026 00:35:54] Parents GET /clim/status
[09/08/2026 00:35:54] FASTIFY: incoming request
[09/08/2026 00:35:54] Parents GET /clim/status
[09/08/2026 00:35:56] FASTIFY: incoming request
[09/08/2026 00:35:56] FASTIFY: incoming request
[09/08/2026 00:35:56] Parents GET /clim/status
[09/08/2026 00:35:56] FASTIFY: request completed
[09/08/2026 00:35:57] FASTIFY: request completed
[09/08/2026 00:35:59] FASTIFY: incoming request
[09/08/2026 00:35:59] FASTIFY: request completed
[09/08/2026 00:35:59] FASTIFY: incoming request
[09/08/2026 00:35:59] Parents GET /clim/status
[09/08/2026 00:36:02] FASTIFY: request completed
[09/08/2026 00:36:04] FASTIFY: incoming request
[09/08/2026 00:36:04] Parents GET /clim/status
[09/08/2026 00:36:07] FASTIFY: request completed
[09/08/2026 00:36:09] FASTIFY: incoming request
[09/08/2026 00:36:09] Parents GET /clim/status
[09/08/2026 00:36:12] FASTIFY: request completed
[09/08/2026 00:36:15] FASTIFY: incoming request
[09/08/2026 00:36:15] Parents GET /clim/status
[09/08/2026 00:36:18] FASTIFY: request completed
[09/08/2026 00:36:25] FASTIFY: incoming request
[09/08/2026 00:36:25] Parents GET /clim/status
[09/08/2026 00:36:28] FASTIFY: request completed
[09/08/2026 00:36:31] FASTIFY: incoming request
[09/08/2026 00:36:31] Parents GET /clim/status
[09/08/2026 00:36:32] FASTIFY: incoming request
[09/08/2026 00:36:32] FASTIFY: incoming request
[09/08/2026 00:36:32] Parents GET /clim/status
[09/08/2026 00:36:32] FASTIFY: request completed
[09/08/2026 00:36:33] FASTIFY: incoming request
[09/08/2026 00:36:33] FASTIFY: request completed
[09/08/2026 00:36:34] FASTIFY: request completed
[09/08/2026 00:36:34] FASTIFY: incoming request
[09/08/2026 00:36:34] Parents GET /clim/status
[09/08/2026 00:36:39] FASTIFY: request completed
[09/08/2026 00:36:41] FASTIFY: request completed
[09/08/2026 00:36:42] FASTIFY: incoming request
[09/08/2026 00:36:42] Parents GET /clim/status
[09/08/2026 00:36:43] FASTIFY: incoming request
[09/08/2026 00:36:43] Parents GET /clim/status
[09/08/2026 00:36:47] FASTIFY: request completed
[09/08/2026 00:36:48] FASTIFY: request completed
[09/08/2026 00:36:52] FASTIFY: incoming request
[09/08/2026 00:36:52] Parents GET /clim/status
[09/08/2026 00:36:55] FASTIFY: request completed
[09/08/2026 00:37:02] FASTIFY: incoming request
[09/08/2026 00:37:02] Parents GET /clim/status
[09/08/2026 00:37:04] FASTIFY: request completed
[09/08/2026 00:37:07] FASTIFY: incoming request
[09/08/2026 00:37:07] Parents GET /clim/status
[09/08/2026 00:37:12] FASTIFY: incoming request
[09/08/2026 00:37:12] Parents GET /clim/status
[09/08/2026 00:37:15] FASTIFY: request completed
[09/08/2026 00:37:15] FASTIFY: request completed
[09/08/2026 00:37:22] FASTIFY: incoming request
[09/08/2026 00:37:22] Parents GET /clim/status
[09/08/2026 00:37:25] FASTIFY: request completed
[09/08/2026 00:37:32] FASTIFY: incoming request
[09/08/2026 00:37:32] Parents GET /clim/status
[09/08/2026 00:37:35] FASTIFY: request completed
[09/08/2026 00:37:42] FASTIFY: incoming request
[09/08/2026 00:37:42] Parents GET /clim/status
[09/08/2026 00:37:43] FASTIFY: incoming request
[09/08/2026 00:37:43] FASTIFY: incoming request
[09/08/2026 00:37:43] Parents GET /clim/status
[09/08/2026 00:37:43] FASTIFY: request completed
[09/08/2026 00:37:49] FASTIFY: request completed
[09/08/2026 00:37:50] FASTIFY: request completed
[09/08/2026 00:37:52] FASTIFY: incoming request
[09/08/2026 00:37:52] Parents GET /clim/status
[09/08/2026 00:37:58] FASTIFY: request completed
[09/08/2026 00:38:02] FASTIFY: incoming request
[09/08/2026 00:38:02] Parents GET /clim/status
[09/08/2026 00:38:04] FASTIFY: request completed
[09/08/2026 00:38:12] FASTIFY: incoming request
[09/08/2026 00:38:12] Parents GET /clim/status
[09/08/2026 00:38:14] FASTIFY: request completed
[09/08/2026 00:38:22] FASTIFY: incoming request
[09/08/2026 00:38:22] Parents GET /clim/status
[09/08/2026 00:38:25] FASTIFY: request completed
[09/08/2026 00:38:25] FASTIFY: incoming request
[09/08/2026 00:38:25] Parents GET /clim/status
[09/08/2026 00:38:28] FASTIFY: request completed
[09/08/2026 00:38:43] FASTIFY: incoming request
[09/08/2026 00:38:43] FASTIFY: incoming request
[09/08/2026 00:38:43] Parents GET /clim/status
[09/08/2026 00:38:43] FASTIFY: request completed
[09/08/2026 00:38:46] FASTIFY: request completed
[09/08/2026 00:39:05] FASTIFY: incoming request
[09/08/2026 00:39:05] Parents GET /clim/status
[09/08/2026 00:39:05] FASTIFY: incoming request
[09/08/2026 00:39:05] FASTIFY: request completed
[09/08/2026 00:39:08] FASTIFY: request completed
[09/08/2026 00:39:16] FASTIFY: incoming request
[09/08/2026 00:39:16] Parents GET /clim/status
[09/08/2026 00:39:19] FASTIFY: request completed
[09/08/2026 00:39:20] FASTIFY: incoming request
[09/08/2026 00:39:20] Parents GET /clim/status
[09/08/2026 00:39:22] FASTIFY: request completed
[09/08/2026 00:39:26] FASTIFY: incoming request
[09/08/2026 00:39:26] Parents GET /clim/status
[09/08/2026 00:39:28] FASTIFY: request completed
[09/08/2026 00:39:36] FASTIFY: incoming request
[09/08/2026 00:39:36] Parents GET /clim/status
[09/08/2026 00:39:38] FASTIFY: request completed
[09/08/2026 00:39:44] FASTIFY: incoming request
[09/08/2026 00:39:44] FASTIFY: incoming request
[09/08/2026 00:39:44] Parents GET /clim/status
[09/08/2026 00:39:44] FASTIFY: request completed
[09/08/2026 00:39:46] FASTIFY: incoming request
[09/08/2026 00:39:46] Parents GET /clim/status
[09/08/2026 00:39:49] FASTIFY: request completed
[09/08/2026 00:39:50] FASTIFY: Stopping Solar's_Cam platform
[09/08/2026 00:39:50] FASTIFY: err is not defined
[09/08/2026 00:39:50] FASTIFY: request completed
[09/08/2026 00:39:50] FASTIFY: Solar's_Cam platform stopped
[09/08/2026 00:39:51] Weather : Already got data
[09/08/2026 00:39:51] FASTIFY: Server listening at http://127.0.0.1:3000
[09/08/2026 00:39:51] FASTIFY: Server listening at http://172.24.0.5:3000
[09/08/2026 00:39:54] FASTIFY: incoming request
[09/08/2026 00:39:54] FASTIFY: request completed
[09/08/2026 00:39:54] Clim connectée: 31885837213310 | temp: 23.5 °C
[09/08/2026 00:40:00] SID null
[09/08/2026 00:40:01] SID uKzAbR82Nwi2rRcL
[09/08/2026 00:40:19] FASTIFY: incoming request
[09/08/2026 00:40:19] Parents GET /clim/status
[09/08/2026 00:40:21] FASTIFY: request completed
[09/08/2026 00:40:46] FASTIFY: incoming request
[09/08/2026 00:40:46] FASTIFY: incoming request
[09/08/2026 00:40:46] Parents GET /clim/status
[09/08/2026 00:40:46] FASTIFY: request completed
[09/08/2026 00:40:49] FASTIFY: request completed
[09/08/2026 00:40:57] FASTIFY: incoming request
[09/08/2026 00:40:57] Parents GET /clim/status
[09/08/2026 00:40:59] FASTIFY: request completed
[09/08/2026 00:45:00] SID uKzAbR82Nwi2rRcL
[09/08/2026 00:45:01] SID Vcotc-36svu6a9n6
[09/08/2026 00:46:13] FASTIFY: incoming request
[09/08/2026 00:46:13] Parents GET /clim/status
[09/08/2026 00:46:13] FASTIFY: incoming request
[09/08/2026 00:46:13] FASTIFY: request completed
[09/08/2026 00:46:15] FASTIFY: request completed
[09/08/2026 00:46:30] FASTIFY: incoming request
[09/08/2026 00:46:30] FASTIFY: incoming request
[09/08/2026 00:46:30] Parents GET /clim/status
[09/08/2026 00:46:30] FASTIFY: request completed
[09/08/2026 00:46:33] FASTIFY: request completed
[09/08/2026 00:46:41] FASTIFY: incoming request
[09/08/2026 00:46:41] Parents GET /clim/status
[09/08/2026 00:46:44] FASTIFY: request completed
[09/08/2026 00:46:51] FASTIFY: incoming request
[09/08/2026 00:46:51] Parents GET /clim/status
[09/08/2026 00:46:54] FASTIFY: request completed
[09/08/2026 00:47:01] FASTIFY: incoming request
[09/08/2026 00:47:01] Parents GET /clim/status
[09/08/2026 00:47:03] FASTIFY: request completed
[09/08/2026 00:47:07] FASTIFY: incoming request
[09/08/2026 00:47:07] FASTIFY: incoming request
[09/08/2026 00:47:07] Parents GET /clim/status
[09/08/2026 00:47:07] FASTIFY: request completed
[09/08/2026 00:47:10] FASTIFY: request completed
[09/08/2026 00:47:18] FASTIFY: incoming request
[09/08/2026 00:47:18] Parents GET /clim/status
[09/08/2026 00:47:20] FASTIFY: request completed
[09/08/2026 00:47:25] FASTIFY: incoming request
[09/08/2026 00:47:25] Parents GET /mbtoday
[09/08/2026 00:47:25] FASTIFY: incoming request
[09/08/2026 00:47:25] FASTIFY: request completed
[09/08/2026 00:47:25] FASTIFY: request completed
[09/08/2026 00:47:48] FASTIFY: incoming request
[09/08/2026 00:47:48] FASTIFY: incoming request
[09/08/2026 00:47:48] Parents GET /clim/status
[09/08/2026 00:47:48] FASTIFY: request completed
[09/08/2026 00:47:55] FASTIFY: request completed
[09/08/2026 00:47:59] FASTIFY: incoming request
[09/08/2026 00:47:59] Parents GET /clim/status
[09/08/2026 00:48:01] FASTIFY: request completed
[09/08/2026 00:48:09] FASTIFY: incoming request
[09/08/2026 00:48:09] Parents GET /clim/status
[09/08/2026 00:48:16] FASTIFY: request completed
[09/08/2026 00:48:19] FASTIFY: incoming request
[09/08/2026 00:48:19] Parents GET /clim/status
[09/08/2026 00:48:21] FASTIFY: request completed
[09/08/2026 00:48:21] FASTIFY: incoming request
[09/08/2026 00:48:21] Parents GET /clim/status
[09/08/2026 00:48:22] FASTIFY: incoming request
[09/08/2026 00:48:22] FASTIFY: incoming request
[09/08/2026 00:48:22] Parents GET /clim/status
[09/08/2026 00:48:22] FASTIFY: request completed
[09/08/2026 00:48:25] FASTIFY: request completed
[09/08/2026 00:48:29] FASTIFY: incoming request
[09/08/2026 00:48:29] Parents GET /clim/status
[09/08/2026 00:48:32] FASTIFY: request completed
[09/08/2026 00:48:33] FASTIFY: incoming request
[09/08/2026 00:48:33] Parents GET /clim/status
[09/08/2026 00:48:35] FASTIFY: request completed
[09/08/2026 00:48:39] FASTIFY: incoming request
[09/08/2026 00:48:39] Parents GET /clim/status
[09/08/2026 00:48:42] FASTIFY: request completed
[09/08/2026 00:48:43] FASTIFY: incoming request
[09/08/2026 00:48:43] Parents GET /clim/status
[09/08/2026 00:48:45] FASTIFY: request completed
[09/08/2026 00:48:49] FASTIFY: incoming request
[09/08/2026 00:48:49] Parents GET /clim/status
[09/08/2026 00:48:52] FASTIFY: request completed
[09/08/2026 00:48:53] FASTIFY: incoming request
[09/08/2026 00:48:53] Parents GET /clim/status
[09/08/2026 00:48:55] FASTIFY: request completed
[09/08/2026 00:48:59] FASTIFY: incoming request
[09/08/2026 00:48:59] Parents GET /clim/status
[09/08/2026 00:49:01] FASTIFY: request completed
[09/08/2026 00:49:03] FASTIFY: incoming request
[09/08/2026 00:49:03] Parents GET /clim/status
[09/08/2026 00:49:05] FASTIFY: request completed
[09/08/2026 00:49:13] FASTIFY: incoming request
[09/08/2026 00:49:13] Parents GET /clim/status
[09/08/2026 00:49:16] FASTIFY: request completed
[09/08/2026 00:49:23] FASTIFY: incoming request
[09/08/2026 00:49:23] Parents GET /clim/status
[09/08/2026 00:49:25] FASTIFY: request completed
[09/08/2026 00:49:27] FASTIFY: incoming request
[09/08/2026 00:49:27] Parents GET /clim/status
[09/08/2026 00:49:29] FASTIFY: request completed
[09/08/2026 00:50:00] SID Vcotc-36svu6a9n6
[09/08/2026 00:50:05] SID WHN4zxbzKRAz_xbB
[09/08/2026 00:50:27] FASTIFY: incoming request
[09/08/2026 00:50:27] Parents GET /clim/status
[09/08/2026 00:50:30] FASTIFY: request completed
[09/08/2026 00:51:08] FASTIFY: incoming request
[09/08/2026 00:51:08] FASTIFY: incoming request
[09/08/2026 00:51:08] Parents GET /clim/status
[09/08/2026 00:51:08] FASTIFY: request completed
[09/08/2026 00:51:15] FASTIFY: request completed
[09/08/2026 00:51:19] FASTIFY: incoming request
[09/08/2026 00:51:19] Parents GET /clim/status
[09/08/2026 00:51:21] FASTIFY: request completed
[09/08/2026 00:51:29] FASTIFY: incoming request
[09/08/2026 00:51:29] Parents GET /clim/status
[09/08/2026 00:51:32] FASTIFY: request completed
[09/08/2026 00:51:39] FASTIFY: incoming request
[09/08/2026 00:51:39] Parents GET /clim/status
[09/08/2026 00:51:41] FASTIFY: request completed
[09/08/2026 00:51:49] FASTIFY: incoming request
[09/08/2026 00:51:49] Parents GET /clim/status
[09/08/2026 00:51:51] FASTIFY: request completed
[09/08/2026 00:51:59] FASTIFY: incoming request
[09/08/2026 00:51:59] Parents GET /clim/status
[09/08/2026 00:52:01] FASTIFY: request completed
[09/08/2026 00:52:09] FASTIFY: incoming request
[09/08/2026 00:52:09] Parents GET /clim/status
[09/08/2026 00:52:12] FASTIFY: request completed
[09/08/2026 00:52:19] FASTIFY: incoming request
[09/08/2026 00:52:19] Parents GET /clim/status
[09/08/2026 00:52:22] FASTIFY: request completed
[09/08/2026 00:53:20] FASTIFY: incoming request
[09/08/2026 00:53:20] Parents GET /clim/status
[09/08/2026 00:53:26] FASTIFY: request completed
[09/08/2026 00:54:21] FASTIFY: incoming request
[09/08/2026 00:54:21] Parents GET /clim/status
[09/08/2026 00:54:24] FASTIFY: request completed
[09/08/2026 00:55:00] SID WHN4zxbzKRAz_xbB
[09/08/2026 00:55:03] SID EOt4U4-qWMmqY4uY
[09/08/2026 00:55:09] FASTIFY: incoming request
[09/08/2026 00:55:09] Parents GET /clim/status
[09/08/2026 00:55:09] FASTIFY: incoming request
[09/08/2026 00:55:09] FASTIFY: request completed
[09/08/2026 00:55:12] FASTIFY: request completed
[09/08/2026 00:55:20] FASTIFY: incoming request
[09/08/2026 00:55:20] Parents GET /clim/status
[09/08/2026 00:55:23] FASTIFY: request completed
[09/08/2026 00:55:30] FASTIFY: incoming request
[09/08/2026 00:55:30] Parents GET /clim/status
[09/08/2026 00:55:33] FASTIFY: request completed
[09/08/2026 00:55:40] FASTIFY: incoming request
[09/08/2026 00:55:40] Parents GET /clim/status
[09/08/2026 00:55:43] FASTIFY: request completed
[09/08/2026 00:55:50] FASTIFY: incoming request
[09/08/2026 00:55:50] Parents GET /clim/status
[09/08/2026 00:55:52] FASTIFY: request completed
[09/08/2026 00:56:00] FASTIFY: incoming request
[09/08/2026 00:56:00] Parents GET /clim/status
[09/08/2026 00:56:03] FASTIFY: request completed
[09/08/2026 00:56:10] FASTIFY: incoming request
[09/08/2026 00:56:10] Parents GET /clim/status
[09/08/2026 00:56:13] FASTIFY: request completed
[09/08/2026 00:56:20] FASTIFY: incoming request
[09/08/2026 00:56:20] Parents GET /clim/status
[09/08/2026 00:56:23] FASTIFY: request completed
[09/08/2026 00:57:21] FASTIFY: incoming request
[09/08/2026 00:57:21] Parents GET /clim/status
[09/08/2026 00:57:24] FASTIFY: request completed
[09/08/2026 00:58:22] FASTIFY: incoming request
[09/08/2026 00:58:22] Parents GET /clim/status
[09/08/2026 00:58:24] FASTIFY: request completed
[09/08/2026 00:59:10] FASTIFY: incoming request
[09/08/2026 00:59:10] Parents GET /clim/status
[09/08/2026 00:59:10] FASTIFY: incoming request
[09/08/2026 00:59:10] FASTIFY: request completed
[09/08/2026 00:59:13] FASTIFY: request completed
[09/08/2026 00:59:21] FASTIFY: incoming request
[09/08/2026 00:59:21] Parents GET /clim/status
[09/08/2026 00:59:24] FASTIFY: request completed
[09/08/2026 00:59:31] FASTIFY: incoming request
[09/08/2026 00:59:31] Parents GET /clim/status
[09/08/2026 00:59:34] FASTIFY: request completed
[09/08/2026 00:59:41] FASTIFY: incoming request
[09/08/2026 00:59:41] Parents GET /clim/status
[09/08/2026 00:59:43] FASTIFY: request completed
[09/08/2026 00:59:51] FASTIFY: incoming request
[09/08/2026 00:59:51] Parents GET /clim/status
[09/08/2026 00:59:54] FASTIFY: request completed
[09/08/2026 01:00:00] SID EOt4U4-qWMmqY4uY
[09/08/2026 01:00:01] FASTIFY: incoming request
[09/08/2026 01:00:01] Parents GET /clim/status
[09/08/2026 01:00:03] SID vfiFfVIWVjSWsXYK
[09/08/2026 01:00:08] FASTIFY: request completed
[09/08/2026 01:00:11] FASTIFY: incoming request
[09/08/2026 01:00:11] Parents GET /clim/status
[09/08/2026 01:00:13] FASTIFY: request completed
[09/08/2026 01:00:21] FASTIFY: incoming request
[09/08/2026 01:00:21] Parents GET /clim/status
[09/08/2026 01:00:27] FASTIFY: request completed
[09/08/2026 01:01:22] FASTIFY: incoming request
[09/08/2026 01:01:22] Parents GET /clim/status
[09/08/2026 01:01:24] FASTIFY: request completed
[09/08/2026 01:02:23] FASTIFY: incoming request
[09/08/2026 01:02:23] Parents GET /clim/status
[09/08/2026 01:02:30] FASTIFY: request completed
[09/08/2026 01:03:11] FASTIFY: incoming request
[09/08/2026 01:03:11] Parents GET /clim/status
[09/08/2026 01:03:11] FASTIFY: incoming request
[09/08/2026 01:03:11] FASTIFY: request completed
[09/08/2026 01:03:14] FASTIFY: request completed
[09/08/2026 01:03:22] FASTIFY: incoming request
[09/08/2026 01:03:22] Parents GET /clim/status
[09/08/2026 01:03:24] FASTIFY: request completed
[09/08/2026 01:03:32] FASTIFY: incoming request
[09/08/2026 01:03:32] Parents GET /clim/status
[09/08/2026 01:03:35] FASTIFY: request completed
[09/08/2026 01:03:42] FASTIFY: incoming request
[09/08/2026 01:03:42] Parents GET /clim/status
[09/08/2026 01:03:45] FASTIFY: request completed
[09/08/2026 01:03:52] FASTIFY: incoming request
[09/08/2026 01:03:52] Parents GET /clim/status
[09/08/2026 01:03:54] FASTIFY: request completed
[09/08/2026 01:04:02] FASTIFY: incoming request
[09/08/2026 01:04:02] Parents GET /clim/status
[09/08/2026 01:04:05] FASTIFY: request completed
[09/08/2026 01:04:12] FASTIFY: incoming request
[09/08/2026 01:04:12] Parents GET /clim/status
[09/08/2026 01:04:15] FASTIFY: request completed
[09/08/2026 01:04:22] FASTIFY: incoming request
[09/08/2026 01:04:22] Parents GET /clim/status
[09/08/2026 01:04:24] FASTIFY: request completed
[09/08/2026 01:05:00] SID vfiFfVIWVjSWsXYK
[09/08/2026 01:05:01] SID ca-1lb_W9LpWtb_k
[09/08/2026 01:05:23] FASTIFY: incoming request
[09/08/2026 01:05:23] Parents GET /clim/status
[09/08/2026 01:05:26] FASTIFY: request completed
[09/08/2026 01:06:24] FASTIFY: incoming request
[09/08/2026 01:06:24] Parents GET /clim/status
[09/08/2026 01:06:27] FASTIFY: request completed
[09/08/2026 01:07:12] FASTIFY: incoming request
[09/08/2026 01:07:12] Parents GET /clim/status
[09/08/2026 01:07:12] FASTIFY: incoming request
[09/08/2026 01:07:12] FASTIFY: request completed
[09/08/2026 01:07:15] FASTIFY: request completed
[09/08/2026 01:07:23] FASTIFY: incoming request
[09/08/2026 01:07:23] Parents GET /clim/status
[09/08/2026 01:07:25] FASTIFY: request completed
[09/08/2026 01:07:33] FASTIFY: incoming request
[09/08/2026 01:07:33] Parents GET /clim/status
[09/08/2026 01:07:36] FASTIFY: request completed
[09/08/2026 01:07:43] FASTIFY: incoming request
[09/08/2026 01:07:43] Parents GET /clim/status
[09/08/2026 01:07:46] FASTIFY: request completed
[09/08/2026 01:07:53] FASTIFY: incoming request
[09/08/2026 01:07:53] Parents GET /clim/status
[09/08/2026 01:07:56] FASTIFY: request completed
[09/08/2026 01:08:03] FASTIFY: incoming request
[09/08/2026 01:08:03] Parents GET /clim/status
[09/08/2026 01:08:05] FASTIFY: request completed
[09/08/2026 01:08:13] FASTIFY: incoming request
[09/08/2026 01:08:13] Parents GET /clim/status
[09/08/2026 01:08:15] FASTIFY: request completed
[09/08/2026 01:08:23] FASTIFY: incoming request
[09/08/2026 01:08:23] Parents GET /clim/status
[09/08/2026 01:08:26] FASTIFY: request completed
[09/08/2026 01:08:27] FASTIFY: incoming request
[09/08/2026 01:08:27] FASTIFY: incoming request
[09/08/2026 01:08:27] Parents GET /clim/status
[09/08/2026 01:08:27] FASTIFY: request completed
[09/08/2026 01:25:11] FASTIFY: request completed
[09/08/2026 01:25:13] FASTIFY: incoming request
[09/08/2026 01:25:13] Parents GET /clim/status
[09/08/2026 01:25:21] FASTIFY: err is not defined
[09/08/2026 01:25:21] FASTIFY: request completed
[09/08/2026 01:25:23] FASTIFY: incoming request
[09/08/2026 01:25:23] Parents GET /clim/status
[09/08/2026 01:25:28] FASTIFY: request completed
[09/08/2026 01:25:33] FASTIFY: incoming request
[09/08/2026 01:25:33] Parents GET /clim/status
[09/08/2026 01:25:36] FASTIFY: request completed
[09/08/2026 02:04:31] FASTIFY: incoming request
[09/08/2026 02:04:31] Parents GET /clim/status
[09/08/2026 02:04:35] FASTIFY: request completed
[09/08/2026 02:04:41] FASTIFY: incoming request
[09/08/2026 02:04:41] Parents GET /clim/status
[09/08/2026 02:04:44] FASTIFY: request completed
[09/08/2026 02:04:51] FASTIFY: incoming request
[09/08/2026 02:04:51] Parents GET /clim/status
[09/08/2026 02:04:54] FASTIFY: request completed
[09/08/2026 02:05:01] FASTIFY: Stopping Solar's_Cam platform
[09/08/2026 02:05:01] FASTIFY: Solar's_Cam platform stopped
[09/08/2026 02:05:17] Weather : Already got data
[09/08/2026 02:05:17] FASTIFY: Server listening at http://127.0.0.1:3000
[09/08/2026 02:05:17] FASTIFY: Server listening at http://172.24.0.5:3000
[09/08/2026 02:05:19] Clim connectée: 31885837213310 | temp: 23.5 °C
[09/08/2026 02:05:29] FASTIFY: Stopping Solar's_Cam platform
[09/08/2026 02:05:29] FASTIFY: Solar's_Cam platform stopped
[09/08/2026 02:05:30] Weather : Already got data
[09/08/2026 02:05:30] FASTIFY: Server listening at http://127.0.0.1:3000
[09/08/2026 02:05:30] FASTIFY: Server listening at http://172.24.0.5:3000
[09/08/2026 02:05:33] Clim connectée: 31885837213310 | temp: 23.5 °C
[09/08/2026 02:05:52] FASTIFY: incoming request
[09/08/2026 02:05:52] Parents GET /clim/status
[09/08/2026 02:05:54] FASTIFY: request completed
[09/08/2026 02:05:59] FASTIFY: Stopping Solar's_Cam platform
[09/08/2026 02:05:59] FASTIFY: Solar's_Cam platform stopped
[09/08/2026 02:05:59] Weather : Already got data
[09/08/2026 02:05:59] FASTIFY: Server listening at http://127.0.0.1:3000
[09/08/2026 02:05:59] FASTIFY: Server listening at http://172.24.0.5:3000
[09/08/2026 02:06:02] Clim connectée: 31885837213310 | temp: 23.5 °C
[09/08/2026 02:06:51] FASTIFY: incoming request
[09/08/2026 02:06:51] Parents GET /clim/status
[09/08/2026 02:06:54] FASTIFY: request completed
[09/08/2026 02:07:23] FASTIFY: Stopping Solar's_Cam platform
[09/08/2026 02:07:23] FASTIFY: Solar's_Cam platform stopped
[09/08/2026 02:07:23] Weather : Already got data
[09/08/2026 02:07:23] FASTIFY: Server listening at http://127.0.0.1:3000
[09/08/2026 02:07:23] FASTIFY: Server listening at http://172.24.0.5:3000
[09/08/2026 02:07:30] Clim connectée: 31885837213310 | temp: 23.5 °C
[09/08/2026 02:07:52] FASTIFY: incoming request
[09/08/2026 02:07:52] Parents GET /clim/status
[09/08/2026 02:07:52] FASTIFY: incoming request
[09/08/2026 02:07:52] FASTIFY: incoming request
[09/08/2026 02:07:52] Parents GET /clim/status
[09/08/2026 02:07:52] FASTIFY: request completed
[09/08/2026 02:07:54] FASTIFY: Stopping Solar's_Cam platform
[09/08/2026 02:07:54] FASTIFY: err is not defined
[09/08/2026 02:07:54] FASTIFY: err is not defined
[09/08/2026 02:07:54] FASTIFY: request completed
[09/08/2026 02:07:54] FASTIFY: Solar's_Cam platform stopped
[09/08/2026 02:07:55] Weather : Already got data
[09/08/2026 02:07:56] FASTIFY: Server listening at http://127.0.0.1:3000
[09/08/2026 02:07:56] FASTIFY: Server listening at http://172.24.0.5:3000
[09/08/2026 02:07:58] Clim connectée: 31885837213310 | temp: 23.5 °C
[09/08/2026 02:08:00] FASTIFY: Stopping Solar's_Cam platform
[09/08/2026 02:08:00] FASTIFY: Solar's_Cam platform stopped
[09/08/2026 02:08:01] Weather : Already got data
[09/08/2026 02:08:01] FASTIFY: Server listening at http://127.0.0.1:3000
[09/08/2026 02:08:01] FASTIFY: Server listening at http://172.24.0.5:3000
[09/08/2026 02:08:02] FASTIFY: incoming request
[09/08/2026 02:08:02] Parents GET /clim/status
[09/08/2026 02:08:03] Clim connectée: 31885837213310 | temp: 23.5 °C
[09/08/2026 02:08:05] FASTIFY: request completed
[09/08/2026 02:08:05] FASTIFY: Stopping Solar's_Cam platform
[09/08/2026 02:08:06] FASTIFY: Solar's_Cam platform stopped
[09/08/2026 02:08:06] Weather : Already got data
[09/08/2026 02:08:06] FASTIFY: Server listening at http://127.0.0.1:3000
[09/08/2026 02:08:06] FASTIFY: Server listening at http://172.24.0.5:3000
[09/08/2026 02:08:09] Clim connectée: 31885837213310 | temp: 23.5 °C
[09/08/2026 02:08:12] FASTIFY: incoming request
[09/08/2026 02:08:12] Parents GET /clim/status
[09/08/2026 02:08:15] FASTIFY: request completed
[09/08/2026 02:08:22] FASTIFY: incoming request
[09/08/2026 02:08:22] Parents GET /clim/status
[09/08/2026 02:08:26] FASTIFY: request completed
[09/08/2026 02:08:29] FASTIFY: Stopping Solar's_Cam platform
[09/08/2026 02:08:29] FASTIFY: Solar's_Cam platform stopped
[09/08/2026 02:08:29] Weather : Already got data
[09/08/2026 02:08:29] FASTIFY: Server listening at http://127.0.0.1:3000
[09/08/2026 02:08:29] FASTIFY: Server listening at http://172.24.0.5:3000
[09/08/2026 02:08:32] Clim connectée: 31885837213310 | temp: 23.5 °C
[09/08/2026 02:08:32] FASTIFY: incoming request
[09/08/2026 02:08:32] Parents GET /clim/status
[09/08/2026 02:08:39] FASTIFY: request completed
[09/08/2026 02:08:42] FASTIFY: incoming request
[09/08/2026 02:08:42] Parents GET /clim/status
[09/08/2026 02:08:44] FASTIFY: Stopping Solar's_Cam platform
[09/08/2026 02:08:44] FASTIFY: err is not defined
[09/08/2026 02:08:44] FASTIFY: request completed
[09/08/2026 02:08:44] FASTIFY: Solar's_Cam platform stopped
[09/08/2026 02:08:44] Weather : Already got data
[09/08/2026 02:08:44] FASTIFY: Server listening at http://127.0.0.1:3000
[09/08/2026 02:08:44] FASTIFY: Server listening at http://172.24.0.5:3000
[09/08/2026 02:08:47] Clim connectée: 31885837213310 | temp: 23.5 °C
[09/08/2026 02:08:52] FASTIFY: incoming request
[09/08/2026 02:08:52] Parents GET /clim/status
[09/08/2026 02:08:55] FASTIFY: request completed
[09/08/2026 02:09:02] FASTIFY: incoming request
[09/08/2026 02:09:02] Parents GET /clim/status
[09/08/2026 02:09:10] FASTIFY: request completed
[09/08/2026 02:09:16] FASTIFY: Stopping Solar's_Cam platform
[09/08/2026 02:09:16] FASTIFY: Solar's_Cam platform stopped
[09/08/2026 02:09:17] Weather : Already got data
[09/08/2026 02:09:17] FASTIFY: Server listening at http://127.0.0.1:3000
[09/08/2026 02:09:17] FASTIFY: Server listening at http://172.24.0.5:3000
[09/08/2026 02:09:24] Clim connectée: 31885837213310 | temp: 23.5 °C
[09/08/2026 02:09:51] FASTIFY: incoming request
[09/08/2026 02:09:51] Parents GET /clim/status
[09/08/2026 02:09:54] FASTIFY: request completed
[09/08/2026 02:10:00] SID null
[09/08/2026 02:10:02] SID HUFZh1mwMYxwH02F
[09/08/2026 02:10:51] FASTIFY: incoming request
[09/08/2026 02:10:51] Parents GET /clim/status
[09/08/2026 02:10:54] FASTIFY: request completed
[09/08/2026 02:10:59] FASTIFY: Stopping Solar's_Cam platform
[09/08/2026 02:10:59] FASTIFY: Solar's_Cam platform stopped
[09/08/2026 02:11:00] Weather : Already got data
[09/08/2026 02:11:00] FASTIFY: Server listening at http://127.0.0.1:3000
[09/08/2026 02:11:00] FASTIFY: Server listening at http://172.24.0.5:3000
[09/08/2026 02:11:03] Clim connectée: 31885837213310 | temp: 23.5 °C
[09/08/2026 02:11:12] FASTIFY: Stopping Solar's_Cam platform
[09/08/2026 02:11:12] FASTIFY: Solar's_Cam platform stopped
[09/08/2026 02:11:12] Weather : Already got data
[09/08/2026 02:11:12] FASTIFY: Server listening at http://127.0.0.1:3000
[09/08/2026 02:11:12] FASTIFY: Server listening at http://172.24.0.5:3000
[09/08/2026 02:11:15] Clim connectée: 31885837213310 | temp: 23.5 °C
[09/08/2026 02:11:20] FASTIFY: Stopping Solar's_Cam platform
[09/08/2026 02:11:20] FASTIFY: Solar's_Cam platform stopped
[09/08/2026 02:11:20] Weather : Already got data
[09/08/2026 02:11:20] FASTIFY: Server listening at http://127.0.0.1:3000
[09/08/2026 02:11:20] FASTIFY: Server listening at http://172.24.0.5:3000
[09/08/2026 02:11:23] Clim connectée: 31885837213310 | temp: 23.5 °C
[09/08/2026 02:11:51] FASTIFY: incoming request
[09/08/2026 02:11:51] Parents GET /clim/status
[09/08/2026 02:11:54] FASTIFY: request completed
[09/08/2026 02:12:24] FASTIFY: Stopping Solar's_Cam platform
[09/08/2026 02:12:24] FASTIFY: Solar's_Cam platform stopped
[09/08/2026 02:12:25] Weather : Already got data
[09/08/2026 02:12:25] FASTIFY: Server listening at http://127.0.0.1:3000
[09/08/2026 02:12:25] FASTIFY: Server listening at http://172.24.0.5:3000
[09/08/2026 02:12:28] Clim connectée: 31885837213310 | temp: 23.5 °C
[09/08/2026 02:12:51] FASTIFY: incoming request
[09/08/2026 02:12:51] Parents GET /clim/status
[09/08/2026 02:12:54] FASTIFY: request completed
[09/08/2026 02:13:51] FASTIFY: incoming request
[09/08/2026 02:13:51] Parents GET /clim/status
[09/08/2026 02:13:52] FASTIFY: incoming request
[09/08/2026 02:13:52] FASTIFY: incoming request
[09/08/2026 02:13:52] Parents GET /clim/status
[09/08/2026 02:13:52] FASTIFY: request completed
[09/08/2026 02:13:55] FASTIFY: request completed
[09/08/2026 02:14:02] FASTIFY: incoming request
[09/08/2026 02:14:02] Parents GET /clim/status
[09/08/2026 02:14:05] FASTIFY: request completed
[09/08/2026 02:14:12] FASTIFY: incoming request
[09/08/2026 02:14:12] Parents GET /clim/status
[09/08/2026 02:14:15] FASTIFY: request completed
[09/08/2026 02:14:22] FASTIFY: incoming request
[09/08/2026 02:14:23] Parents GET /clim/status
[09/08/2026 02:14:25] FASTIFY: request completed
[09/08/2026 02:14:32] FASTIFY: incoming request
[09/08/2026 02:14:32] Parents GET /clim/status
[09/08/2026 02:14:35] FASTIFY: request completed
[09/08/2026 02:14:42] FASTIFY: incoming request
[09/08/2026 02:14:42] Parents GET /clim/status
[09/08/2026 02:14:45] FASTIFY: request completed
[09/08/2026 02:14:52] FASTIFY: incoming request
[09/08/2026 02:14:52] Parents GET /clim/status
[09/08/2026 02:14:55] FASTIFY: request completed
[09/08/2026 02:15:00] SID null
[09/08/2026 02:15:02] FASTIFY: incoming request
[09/08/2026 02:15:02] Parents GET /clim/status
[09/08/2026 02:15:03] SID 0-prO49JaknJh7Ne
[09/08/2026 02:15:05] FASTIFY: request completed
[09/08/2026 02:15:51] FASTIFY: incoming request
[09/08/2026 02:15:51] Parents GET /clim/status
[09/08/2026 02:15:54] FASTIFY: request completed
[09/08/2026 02:16:51] FASTIFY: incoming request
[09/08/2026 02:16:51] Parents GET /clim/status
[09/08/2026 02:16:54] FASTIFY: request completed
[09/08/2026 02:17:34] FASTIFY: Stopping Solar's_Cam platform
[09/08/2026 02:17:34] FASTIFY: Solar's_Cam platform stopped
[09/08/2026 02:17:35] Weather : Already got data
[09/08/2026 02:18:39] Weather : Already got data
[09/08/2026 02:18:39] FASTIFY: Server listening at http://127.0.0.1:3000
[09/08/2026 02:18:39] FASTIFY: Server listening at http://172.24.0.5:3000
[09/08/2026 02:18:46] Clim connectée: 31885837213310 | temp: 23.5 °C
[09/08/2026 02:18:51] FASTIFY: incoming request
[09/08/2026 02:18:52] Parents GET /clim/status
[09/08/2026 02:18:52] FASTIFY: incoming request
[09/08/2026 02:18:52] FASTIFY: incoming request
[09/08/2026 02:18:52] Parents GET /clim/status
[09/08/2026 02:18:52] FASTIFY: request completed
[09/08/2026 02:18:55] FASTIFY: request completed
[09/08/2026 02:19:02] FASTIFY: incoming request
[09/08/2026 02:19:02] Parents GET /clim/status
[09/08/2026 02:19:05] FASTIFY: request completed
[09/08/2026 02:19:12] FASTIFY: incoming request
[09/08/2026 02:19:12] Parents GET /clim/status
[09/08/2026 02:19:18] FASTIFY: Stopping Solar's_Cam platform
[09/08/2026 02:19:18] FASTIFY: err is not defined
[09/08/2026 02:19:18] FASTIFY: request completed
[09/08/2026 02:19:18] FASTIFY: Solar's_Cam platform stopped
[09/08/2026 02:19:19] Weather : Already got data
[09/08/2026 02:19:19] FASTIFY: Server listening at http://127.0.0.1:3000
[09/08/2026 02:19:19] FASTIFY: Server listening at http://172.24.0.5:3000
[09/08/2026 02:19:22] Clim connectée: 31885837213310 | temp: 23.5 °C
[09/08/2026 02:19:22] FASTIFY: incoming request
[09/08/2026 02:19:22] Parents GET /clim/status
[09/08/2026 02:19:25] FASTIFY: request completed
[09/08/2026 02:19:32] FASTIFY: incoming request
[09/08/2026 02:19:32] Parents GET /clim/status
[09/08/2026 02:19:35] FASTIFY: request completed
[09/08/2026 02:19:42] FASTIFY: incoming request
[09/08/2026 02:19:42] Parents GET /clim/status
[09/08/2026 02:19:45] FASTIFY: request completed
[09/08/2026 02:19:50] FASTIFY: Stopping Solar's_Cam platform
[09/08/2026 02:19:50] FASTIFY: Solar's_Cam platform stopped
[09/08/2026 02:19:50] Weather : Already got data
[09/08/2026 02:19:50] FASTIFY: Server listening at http://127.0.0.1:3000
[09/08/2026 02:19:50] FASTIFY: Server listening at http://172.24.0.5:3000
[09/08/2026 02:19:52] FASTIFY: incoming request
[09/08/2026 02:19:52] Parents GET /clim/status
[09/08/2026 02:19:57] Clim connectée: 31885837213310 | temp: 23.5 °C
[09/08/2026 02:20:00] SID null
[09/08/2026 02:20:03] FASTIFY: request completed
[09/08/2026 02:20:03] FASTIFY: incoming request
[09/08/2026 02:20:03] Parents GET /clim/status
[09/08/2026 02:20:05] SID uI6k_TUIRgIImTUi
[09/08/2026 02:20:06] FASTIFY: request completed
[09/08/2026 02:20:18] FASTIFY: Stopping Solar's_Cam platform
[09/08/2026 02:20:18] FASTIFY: Solar's_Cam platform stopped
[09/08/2026 02:20:19] Weather : Already got data
[09/08/2026 02:20:29] Weather : Already got data
[09/08/2026 02:20:38] Weather : Already got data
[09/08/2026 02:20:38] FASTIFY: Server listening at http://127.0.0.1:3000
[09/08/2026 02:20:38] FASTIFY: Server listening at http://172.24.0.5:3000
[09/08/2026 02:20:40] Clim connectée: 31885837213310 | temp: 23.5 °C
[09/08/2026 02:20:51] FASTIFY: incoming request
[09/08/2026 02:20:51] Parents GET /clim/status
[09/08/2026 02:20:54] FASTIFY: request completed
[09/08/2026 02:21:21] FASTIFY: incoming request
[09/08/2026 02:21:21] Parents GET /clim/status
[09/08/2026 02:21:24] FASTIFY: request completed
[09/08/2026 02:21:24] FASTIFY: incoming request
[09/08/2026 02:21:24] Parents GET /clim/status
[09/08/2026 02:21:27] FASTIFY: request completed
[09/08/2026 02:21:32] FASTIFY: incoming request
[09/08/2026 02:21:32] Parents GET /clim/status
[09/08/2026 02:21:35] FASTIFY: request completed
[09/08/2026 02:21:42] FASTIFY: incoming request
[09/08/2026 02:21:42] Parents GET /clim/status
[09/08/2026 02:21:45] FASTIFY: request completed
[09/08/2026 02:21:52] FASTIFY: incoming request
[09/08/2026 02:21:53] Parents GET /clim/status
[09/08/2026 02:21:55] FASTIFY: request completed
[09/08/2026 02:22:02] FASTIFY: incoming request
[09/08/2026 02:22:02] Parents GET /clim/status
[09/08/2026 02:22:05] FASTIFY: request completed
[09/08/2026 02:22:12] FASTIFY: incoming request
[09/08/2026 02:22:12] Parents GET /clim/status
[09/08/2026 02:22:15] FASTIFY: request completed
[09/08/2026 02:22:22] FASTIFY: incoming request
[09/08/2026 02:22:22] Parents GET /clim/status
[09/08/2026 02:22:26] FASTIFY: request completed
[09/08/2026 02:22:32] FASTIFY: incoming request
[09/08/2026 02:22:32] Parents GET /clim/status
[09/08/2026 02:22:39] FASTIFY: request completed
[09/08/2026 02:22:42] FASTIFY: incoming request
[09/08/2026 02:22:42] Parents GET /clim/status
[09/08/2026 02:22:45] FASTIFY: request completed
[09/08/2026 02:22:52] FASTIFY: incoming request
[09/08/2026 02:22:52] Parents GET /clim/status
[09/08/2026 02:22:59] FASTIFY: request completed
[09/08/2026 02:23:02] FASTIFY: incoming request
[09/08/2026 02:23:02] Parents GET /clim/status
[09/08/2026 02:23:05] FASTIFY: request completed
[09/08/2026 02:23:12] FASTIFY: incoming request
[09/08/2026 02:23:12] Parents GET /clim/status
[09/08/2026 02:23:15] FASTIFY: request completed
[09/08/2026 02:23:22] FASTIFY: incoming request
[09/08/2026 02:23:22] Parents GET /clim/status
[09/08/2026 02:23:26] FASTIFY: request completed
[09/08/2026 02:23:32] FASTIFY: incoming request
[09/08/2026 02:23:32] Parents GET /clim/status
[09/08/2026 02:23:35] FASTIFY: request completed
[09/08/2026 02:23:42] FASTIFY: incoming request
[09/08/2026 02:23:42] Parents GET /clim/status
[09/08/2026 02:23:45] FASTIFY: request completed
[09/08/2026 02:23:52] FASTIFY: incoming request
[09/08/2026 02:23:52] Parents GET /clim/status
[09/08/2026 02:23:56] FASTIFY: request completed
[09/08/2026 02:24:02] FASTIFY: incoming request
[09/08/2026 02:24:02] Parents GET /clim/status
[09/08/2026 02:24:05] FASTIFY: request completed
[09/08/2026 02:24:12] FASTIFY: incoming request
[09/08/2026 02:24:12] Parents GET /clim/status
[09/08/2026 02:24:15] FASTIFY: request completed
[09/08/2026 02:24:23] FASTIFY: incoming request
[09/08/2026 02:24:23] Parents GET /clim/status
[09/08/2026 02:24:26] FASTIFY: request completed
[09/08/2026 02:24:32] FASTIFY: incoming request
[09/08/2026 02:24:32] Parents GET /clim/status
[09/08/2026 02:24:36] FASTIFY: request completed
[09/08/2026 02:24:36] FASTIFY: Stopping Solar's_Cam platform
[09/08/2026 02:24:36] FASTIFY: Solar's_Cam platform stopped
[09/08/2026 02:24:37] Weather : Already got data
[09/08/2026 02:25:00] Weather : Already got data
[09/08/2026 02:25:14] Weather : Already got data
[09/08/2026 02:25:14] FASTIFY: Server listening at http://127.0.0.1:3000
[09/08/2026 02:25:14] FASTIFY: Server listening at http://172.24.0.5:3000
[09/08/2026 02:25:16] Clim connectée: 31885837213310 | temp: 23.5 °C
[09/08/2026 02:25:22] FASTIFY: incoming request
[09/08/2026 02:25:22] Parents GET /clim/status
[09/08/2026 02:25:25] FASTIFY: request completed
[09/08/2026 02:25:28] FASTIFY: Stopping Solar's_Cam platform
[09/08/2026 02:25:28] FASTIFY: Solar's_Cam platform stopped
[09/08/2026 02:25:29] Weather : Already got data
[09/08/2026 02:25:29] FASTIFY: Server listening at http://127.0.0.1:3000
[09/08/2026 02:25:29] FASTIFY: Server listening at http://172.24.0.5:3000
[09/08/2026 02:25:32] Clim connectée: 31885837213310 | temp: 23.5 °C
[09/08/2026 02:25:32] FASTIFY: incoming request
[09/08/2026 02:25:32] Parents GET /clim/status
[09/08/2026 02:25:39] FASTIFY: request completed
[09/08/2026 02:25:42] FASTIFY: incoming request
[09/08/2026 02:25:42] Parents GET /clim/status
[09/08/2026 02:25:45] FASTIFY: request completed
[09/08/2026 02:25:52] FASTIFY: incoming request
[09/08/2026 02:25:52] Parents GET /clim/status
[09/08/2026 02:25:55] FASTIFY: request completed
[09/08/2026 02:26:02] FASTIFY: incoming request
[09/08/2026 02:26:02] Parents GET /clim/status
[09/08/2026 02:26:05] FASTIFY: request completed
[09/08/2026 02:26:12] FASTIFY: incoming request
[09/08/2026 02:26:12] Parents GET /clim/status
[09/08/2026 02:26:15] FASTIFY: request completed
[09/08/2026 02:26:22] FASTIFY: incoming request
[09/08/2026 02:26:22] Parents GET /clim/status
[09/08/2026 02:26:26] FASTIFY: request completed
[09/08/2026 02:26:52] FASTIFY: incoming request
[09/08/2026 02:26:52] Parents GET /clim/status
[09/08/2026 02:26:54] FASTIFY: request completed
[09/08/2026 02:27:23] FASTIFY: incoming request
[09/08/2026 02:27:23] Parents GET /clim/status
[09/08/2026 02:27:23] FASTIFY: incoming request
[09/08/2026 02:27:23] FASTIFY: request completed
[09/08/2026 02:27:26] FASTIFY: request completed
[09/08/2026 02:27:33] FASTIFY: incoming request
[09/08/2026 02:27:33] Parents GET /clim/status
[09/08/2026 02:27:37] FASTIFY: request completed
[09/08/2026 02:27:43] FASTIFY: incoming request
[09/08/2026 02:27:43] Parents GET /clim/status
[09/08/2026 02:27:46] FASTIFY: request completed
[09/08/2026 02:27:53] FASTIFY: incoming request
[09/08/2026 02:27:53] Parents GET /clim/status
[09/08/2026 02:28:00] FASTIFY: request completed
[09/08/2026 02:28:03] FASTIFY: incoming request
[09/08/2026 02:28:03] Parents GET /clim/status
[09/08/2026 02:28:06] FASTIFY: request completed
[09/08/2026 02:28:13] FASTIFY: incoming request
[09/08/2026 02:28:13] Parents GET /clim/status
[09/08/2026 02:28:20] FASTIFY: request completed
[09/08/2026 02:28:23] FASTIFY: incoming request
[09/08/2026 02:28:23] Parents GET /clim/status
[09/08/2026 02:28:26] FASTIFY: request completed
[09/08/2026 02:28:33] FASTIFY: incoming request
[09/08/2026 02:28:33] Parents GET /clim/status
[09/08/2026 02:28:36] FASTIFY: request completed
[09/08/2026 02:28:51] FASTIFY: incoming request
[09/08/2026 02:28:51] Parents GET /clim/status
[09/08/2026 02:28:55] FASTIFY: request completed
[09/08/2026 02:29:51] FASTIFY: incoming request
[09/08/2026 02:29:51] Parents GET /clim/status
[09/08/2026 02:29:54] FASTIFY: request completed
[09/08/2026 02:30:00] SID null
[09/08/2026 02:30:02] SID B9t7KsytW3nt9tCf
[09/08/2026 02:30:51] FASTIFY: incoming request
[09/08/2026 02:30:51] Parents GET /clim/status
[09/08/2026 02:30:55] FASTIFY: request completed
[09/08/2026 02:31:24] FASTIFY: incoming request
[09/08/2026 02:31:24] Parents GET /clim/status
[09/08/2026 02:31:24] FASTIFY: incoming request
[09/08/2026 02:31:24] FASTIFY: request completed
[09/08/2026 02:31:30] FASTIFY: request completed
[09/08/2026 02:31:35] FASTIFY: incoming request
[09/08/2026 02:31:35] Parents GET /clim/status
[09/08/2026 02:31:41] FASTIFY: request completed
[09/08/2026 02:31:44] FASTIFY: incoming request
[09/08/2026 02:31:44] Parents GET /clim/status
[09/08/2026 02:31:48] FASTIFY: request completed
[09/08/2026 02:31:54] FASTIFY: incoming request
[09/08/2026 02:31:54] Parents GET /clim/status
[09/08/2026 02:32:01] FASTIFY: request completed
[09/08/2026 02:32:04] FASTIFY: incoming request
[09/08/2026 02:32:04] Parents GET /clim/status
[09/08/2026 02:32:07] FASTIFY: request completed
[09/08/2026 02:32:14] FASTIFY: incoming request
[09/08/2026 02:32:14] Parents GET /clim/status
[09/08/2026 02:32:17] FASTIFY: request completed
[09/08/2026 02:32:24] FASTIFY: incoming request
[09/08/2026 02:32:24] Parents GET /clim/status
[09/08/2026 02:32:28] FASTIFY: request completed
[09/08/2026 02:32:34] FASTIFY: incoming request
[09/08/2026 02:32:34] Parents GET /clim/status
[09/08/2026 02:32:37] FASTIFY: request completed
[09/08/2026 02:32:51] FASTIFY: incoming request
[09/08/2026 02:32:51] Parents GET /clim/status
[09/08/2026 02:32:54] FASTIFY: request completed
[09/08/2026 02:33:16] FASTIFY: Stopping Solar's_Cam platform
[09/08/2026 02:33:16] FASTIFY: Solar's_Cam platform stopped
[09/08/2026 02:33:16] Weather : Already got data
[09/08/2026 02:33:16] FASTIFY: Server listening at http://127.0.0.1:3000
[09/08/2026 02:33:16] FASTIFY: Server listening at http://172.24.0.5:3000
[09/08/2026 02:33:19] Clim connectée: 31885837213310 | temp: 23.5 °C
[09/08/2026 02:33:35] FASTIFY: Stopping Solar's_Cam platform
[09/08/2026 02:33:35] FASTIFY: Solar's_Cam platform stopped
[09/08/2026 02:33:36] Weather : Already got data
[09/08/2026 02:33:36] FASTIFY: Server listening at http://127.0.0.1:3000
[09/08/2026 02:33:36] FASTIFY: Server listening at http://172.24.0.5:3000
[09/08/2026 02:33:39] Clim connectée: 31885837213310 | temp: 23.5 °C
[09/08/2026 02:33:51] FASTIFY: incoming request
[09/08/2026 02:33:51] Parents GET /clim/status
[09/08/2026 02:33:55] FASTIFY: request completed
[09/08/2026 02:34:01] FASTIFY: Stopping Solar's_Cam platform
[09/08/2026 02:34:01] FASTIFY: Solar's_Cam platform stopped
[09/08/2026 02:34:02] Weather : Already got data
[09/08/2026 02:34:02] FASTIFY: Server listening at http://127.0.0.1:3000
[09/08/2026 02:34:02] FASTIFY: Server listening at http://172.24.0.5:3000
[09/08/2026 02:34:04] Clim connectée: 31885837213310 | temp: 23.5 °C
[09/08/2026 02:34:51] FASTIFY: incoming request
[09/08/2026 02:34:51] Parents GET /clim/status
[09/08/2026 02:34:55] FASTIFY: request completed
[09/08/2026 02:35:24] FASTIFY: Stopping Solar's_Cam platform
[09/08/2026 02:35:24] FASTIFY: Solar's_Cam platform stopped
[09/08/2026 02:35:25] Weather : Already got data
[09/08/2026 02:35:25] FASTIFY: Server listening at http://127.0.0.1:3000
[09/08/2026 02:35:25] FASTIFY: Server listening at http://172.24.0.5:3000
[09/08/2026 02:35:27] Clim connectée: 31885837213310 | temp: 23.5 °C
[09/08/2026 02:35:35] FASTIFY: incoming request
[09/08/2026 02:35:35] Parents GET /clim/status
[09/08/2026 02:35:38] FASTIFY: request completed
[09/08/2026 02:35:45] FASTIFY: incoming request
[09/08/2026 02:35:45] Parents GET /clim/status
[09/08/2026 02:35:48] FASTIFY: request completed
[09/08/2026 02:35:55] FASTIFY: incoming request
[09/08/2026 02:35:55] Parents GET /clim/status
[09/08/2026 02:35:58] FASTIFY: request completed
[09/08/2026 02:36:05] FASTIFY: incoming request
[09/08/2026 02:36:05] Parents GET /clim/status
[09/08/2026 02:36:09] FASTIFY: request completed
[09/08/2026 02:36:15] FASTIFY: incoming request
[09/08/2026 02:36:15] Parents GET /clim/status
[09/08/2026 02:36:18] FASTIFY: request completed
[09/08/2026 02:36:22] FASTIFY: Stopping Solar's_Cam platform
[09/08/2026 02:36:22] FASTIFY: Solar's_Cam platform stopped
[09/08/2026 02:36:23] Weather : Already got data
[09/08/2026 02:36:23] FASTIFY: Server listening at http://127.0.0.1:3000
[09/08/2026 02:36:23] FASTIFY: Server listening at http://172.24.0.5:3000
[09/08/2026 02:36:25] FASTIFY: incoming request
[09/08/2026 02:36:25] Parents GET /clim/status
[09/08/2026 02:36:26] Clim connectée: 31885837213310 | temp: 23.5 °C
[09/08/2026 02:36:29] FASTIFY: request completed
[09/08/2026 02:36:35] FASTIFY: incoming request
[09/08/2026 02:36:35] Parents GET /clim/status
[09/08/2026 02:36:38] FASTIFY: request completed
[09/08/2026 02:36:51] FASTIFY: incoming request
[09/08/2026 02:36:51] Parents GET /clim/status
[09/08/2026 02:36:54] FASTIFY: request completed
[09/08/2026 02:37:25] FASTIFY: Stopping Solar's_Cam platform
[09/08/2026 02:37:25] FASTIFY: Solar's_Cam platform stopped
[09/08/2026 02:37:26] Weather : Already got data
[09/08/2026 02:37:26] FASTIFY: Server listening at http://127.0.0.1:3000
[09/08/2026 02:37:26] FASTIFY: Server listening at http://172.24.0.5:3000
[09/08/2026 02:37:29] Clim connectée: 31885837213310 | temp: 23.5 °C
[09/08/2026 02:37:51] FASTIFY: incoming request
[09/08/2026 02:37:51] Parents GET /clim/status
[09/08/2026 02:37:54] FASTIFY: request completed
[09/08/2026 02:38:07] FASTIFY: Stopping Solar's_Cam platform
[09/08/2026 02:38:07] FASTIFY: Solar's_Cam platform stopped
[09/08/2026 02:38:08] Weather : Already got data
[09/08/2026 02:38:08] FASTIFY: Server listening at http://127.0.0.1:3000
[09/08/2026 02:38:08] FASTIFY: Server listening at http://172.24.0.5:3000
[09/08/2026 02:38:11] Clim connectée: 31885837213310 | temp: 23.5 °C
[09/08/2026 02:38:26] FASTIFY: Stopping Solar's_Cam platform
[09/08/2026 02:38:26] FASTIFY: Solar's_Cam platform stopped
[09/08/2026 02:38:27] Weather : Already got data
[09/08/2026 02:38:27] FASTIFY: Server listening at http://127.0.0.1:3000
[09/08/2026 02:38:27] FASTIFY: Server listening at http://172.24.0.5:3000
[09/08/2026 02:38:29] Clim connectée: 31885837213310 | temp: 23.5 °C
[09/08/2026 02:38:51] FASTIFY: incoming request
[09/08/2026 02:38:52] Parents GET /clim/status
[09/08/2026 02:38:55] FASTIFY: request completed
[09/08/2026 02:39:26] FASTIFY: incoming request
[09/08/2026 02:39:26] Parents GET /clim/status
[09/08/2026 02:39:26] FASTIFY: incoming request
[09/08/2026 02:39:26] FASTIFY: request completed
[09/08/2026 02:39:29] FASTIFY: request completed
[09/08/2026 02:39:36] FASTIFY: incoming request
[09/08/2026 02:39:36] Parents GET /clim/status
[09/08/2026 02:39:43] FASTIFY: request completed
[09/08/2026 02:39:46] FASTIFY: incoming request
[09/08/2026 02:39:46] Parents GET /clim/status
[09/08/2026 02:39:49] FASTIFY: request completed
[09/08/2026 02:39:56] FASTIFY: incoming request
[09/08/2026 02:39:56] Parents GET /clim/status
[09/08/2026 02:40:00] SID null
[09/08/2026 02:40:00] FASTIFY: request completed
[09/08/2026 02:40:05] SID lmN6Z8cG66GGV_8b
[09/08/2026 02:40:06] FASTIFY: incoming request
[09/08/2026 02:40:06] Parents GET /clim/status
[09/08/2026 02:40:09] FASTIFY: request completed
[09/08/2026 02:40:16] FASTIFY: incoming request
[09/08/2026 02:40:16] Parents GET /clim/status
[09/08/2026 02:40:19] FASTIFY: request completed
[09/08/2026 02:40:21] FASTIFY: Stopping Solar's_Cam platform
[09/08/2026 02:40:21] FASTIFY: Solar's_Cam platform stopped
[09/08/2026 02:40:22] Weather : Already got data
[09/08/2026 02:40:22] FASTIFY: Server listening at http://127.0.0.1:3000
[09/08/2026 02:40:22] FASTIFY: Server listening at http://172.24.0.5:3000
[09/08/2026 02:40:25] Clim connectée: 31885837213310 | temp: 23.5 °C
[09/08/2026 02:40:26] FASTIFY: incoming request
[09/08/2026 02:40:26] Parents GET /clim/status
[09/08/2026 02:40:29] FASTIFY: request completed
[09/08/2026 02:40:36] FASTIFY: incoming request
[09/08/2026 02:40:36] Parents GET /clim/status
[09/08/2026 02:40:39] FASTIFY: request completed
[09/08/2026 02:40:51] FASTIFY: incoming request
[09/08/2026 02:40:51] Parents GET /clim/status
[09/08/2026 02:40:54] FASTIFY: request completed
[09/08/2026 02:41:52] FASTIFY: incoming request
[09/08/2026 02:41:52] Parents GET /clim/status
[09/08/2026 02:41:54] FASTIFY: request completed
[09/08/2026 02:42:38] FASTIFY: Stopping Solar's_Cam platform
[09/08/2026 02:42:38] FASTIFY: Solar's_Cam platform stopped
[09/08/2026 02:42:38] Weather : Already got data
[09/08/2026 02:42:38] FASTIFY: Server listening at http://127.0.0.1:3000
[09/08/2026 02:42:38] FASTIFY: Server listening at http://172.24.0.5:3000
[09/08/2026 02:42:42] Clim connectée: 31885837213310 | temp: 23.5 °C
[09/08/2026 02:42:51] FASTIFY: incoming request
[09/08/2026 02:42:51] Parents GET /clim/status
[09/08/2026 02:42:54] FASTIFY: request completed
[09/08/2026 02:43:00] FASTIFY: incoming request
[09/08/2026 02:43:00] Parents GET /clim/status
[09/08/2026 02:43:06] FASTIFY: request completed
[09/08/2026 02:43:22] FASTIFY: Stopping Solar's_Cam platform
[09/08/2026 02:43:22] FASTIFY: Solar's_Cam platform stopped
[09/08/2026 02:43:22] Weather : Already got data
[09/08/2026 02:43:22] FASTIFY: Server listening at http://127.0.0.1:3000
[09/08/2026 02:43:22] FASTIFY: Server listening at http://172.24.0.5:3000
[09/08/2026 02:43:25] Clim connectée: 31885837213310 | temp: 23.5 °C
[09/08/2026 02:44:46] FASTIFY: Stopping Solar's_Cam platform
[09/08/2026 02:44:46] FASTIFY: Solar's_Cam platform stopped
[09/08/2026 02:44:47] Weather : Already got data
[09/08/2026 02:44:47] FASTIFY: Server listening at http://127.0.0.1:3000
[09/08/2026 02:44:47] FASTIFY: Server listening at http://172.24.0.5:3000
[09/08/2026 02:44:50] Clim connectée: 31885837213310 | temp: 23.5 °C
[09/08/2026 02:44:59] FASTIFY: Stopping Solar's_Cam platform
[09/08/2026 02:44:59] FASTIFY: Solar's_Cam platform stopped
[09/08/2026 02:44:59] Weather : Already got data
[09/08/2026 02:44:59] FASTIFY: Server listening at http://127.0.0.1:3000
[09/08/2026 02:44:59] FASTIFY: Server listening at http://172.24.0.5:3000
[09/08/2026 02:45:00] SID null
[09/08/2026 02:45:00] SID I48_4ImVF90VbKmT
[09/08/2026 02:45:02] Clim connectée: 31885837213310 | temp: 23.5 °C
[09/08/2026 02:50:00] SID I48_4ImVF90VbKmT
[09/08/2026 02:51:04] FASTIFY: Stopping Solar's_Cam platform
[09/08/2026 02:51:04] FASTIFY: Solar's_Cam platform stopped
[09/08/2026 02:52:16] Weather : Already got data
[09/08/2026 02:52:16] FASTIFY: Server listening at http://127.0.0.1:3000
[09/08/2026 02:52:16] FASTIFY: Server listening at http://172.24.0.5:3000
[09/08/2026 02:52:19] Clim connectée: 31885837213310 | temp: 23.5 °C
[09/08/2026 02:52:43] FASTIFY: Stopping Solar's_Cam platform
[09/08/2026 02:52:43] FASTIFY: Solar's_Cam platform stopped
[09/08/2026 02:52:48] Weather : Already got data
[09/08/2026 02:52:48] FASTIFY: Server listening at http://127.0.0.1:3000
[09/08/2026 02:52:48] FASTIFY: Server listening at http://172.24.0.5:3000
[09/08/2026 02:52:50] Clim connectée: 31885837213310 | temp: 23.5 °C
[09/08/2026 02:53:55] FASTIFY: Stopping Solar's_Cam platform
[09/08/2026 02:53:55] FASTIFY: Solar's_Cam platform stopped
[09/08/2026 02:53:55] Weather : Already got data
[09/08/2026 02:53:55] FASTIFY: Server listening at http://127.0.0.1:3000
[09/08/2026 02:53:55] FASTIFY: Server listening at http://172.24.0.5:3000
[09/08/2026 02:53:58] Clim connectée: 31885837213310 | temp: 23.5 °C
[09/08/2026 02:54:08] FASTIFY: Stopping Solar's_Cam platform
[09/08/2026 02:54:08] FASTIFY: Solar's_Cam platform stopped
[09/08/2026 02:54:09] Weather : Already got data
[09/08/2026 02:54:09] FASTIFY: Server listening at http://127.0.0.1:3000
[09/08/2026 02:54:09] FASTIFY: Server listening at http://172.24.0.5:3000
[09/08/2026 02:54:16] Clim connectée: 31885837213310 | temp: 23.5 °C
[09/08/2026 02:54:40] FASTIFY: Stopping Solar's_Cam platform
[09/08/2026 02:54:40] FASTIFY: Solar's_Cam platform stopped
[09/08/2026 02:54:41] Weather : Already got data
[09/08/2026 02:54:41] FASTIFY: Server listening at http://127.0.0.1:3000
[09/08/2026 02:54:41] FASTIFY: Server listening at http://172.24.0.5:3000
[09/08/2026 02:54:43] Clim connectée: 31885837213310 | temp: 23.5 °C
[09/08/2026 02:55:00] SID null
[09/08/2026 02:55:01] SID pcql3MUqEBEqmNUQ
[09/08/2026 02:55:37] FASTIFY: Stopping Solar's_Cam platform
[09/08/2026 02:55:37] FASTIFY: Solar's_Cam platform stopped
[09/08/2026 02:55:37] Weather : Already got data
[09/08/2026 02:55:37] FASTIFY: Server listening at http://127.0.0.1:3000
[09/08/2026 02:55:37] FASTIFY: Server listening at http://172.24.0.5:3000
[09/08/2026 02:55:40] Clim connectée: 31885837213310 | temp: 23.5 °C
[09/08/2026 02:55:48] FASTIFY: Stopping Solar's_Cam platform
[09/08/2026 02:55:48] FASTIFY: Solar's_Cam platform stopped
[09/08/2026 02:55:49] Weather : Already got data
[09/08/2026 02:55:49] FASTIFY: Server listening at http://127.0.0.1:3000
[09/08/2026 02:55:49] FASTIFY: Server listening at http://172.24.0.5:3000
[09/08/2026 02:55:52] Clim connectée: 31885837213310 | temp: 23.5 °C
[09/08/2026 02:56:27] FASTIFY: Stopping Solar's_Cam platform
[09/08/2026 02:56:27] FASTIFY: Solar's_Cam platform stopped
[09/08/2026 02:56:27] Weather : Already got data
[09/08/2026 02:56:27] FASTIFY: Server listening at http://127.0.0.1:3000
[09/08/2026 02:56:27] FASTIFY: Server listening at http://172.24.0.5:3000
[09/08/2026 02:56:30] Clim connectée: 31885837213310 | temp: 23.5 °C
[09/08/2026 02:57:18] FASTIFY: Stopping Solar's_Cam platform
[09/08/2026 02:57:18] FASTIFY: Solar's_Cam platform stopped
[09/08/2026 02:57:18] Weather : Already got data
[09/08/2026 02:57:18] FASTIFY: Server listening at http://127.0.0.1:3000
[09/08/2026 02:57:18] FASTIFY: Server listening at http://172.24.0.5:3000
[09/08/2026 02:57:21] Clim connectée: 31885837213310 | temp: 23.5 °C
[09/08/2026 02:57:24] FASTIFY: Stopping Solar's_Cam platform
[09/08/2026 02:57:24] FASTIFY: Solar's_Cam platform stopped
[09/08/2026 02:57:25] Weather : Already got data
[09/08/2026 02:57:25] FASTIFY: Server listening at http://127.0.0.1:3000
[09/08/2026 02:57:25] FASTIFY: Server listening at http://172.24.0.5:3000
[09/08/2026 02:57:27] Clim connectée: 31885837213310 | temp: 23.5 °C
[09/08/2026 02:59:21] FASTIFY: Stopping Solar's_Cam platform
[09/08/2026 02:59:21] FASTIFY: Solar's_Cam platform stopped
[09/08/2026 02:59:22] Weather : Already got data
[09/08/2026 02:59:22] FASTIFY: Server listening at http://127.0.0.1:3000
[09/08/2026 02:59:22] FASTIFY: Server listening at http://172.24.0.5:3000
[09/08/2026 02:59:25] Clim connectée: 31885837213310 | temp: 23.5 °C
[09/08/2026 02:59:46] FASTIFY: Stopping Solar's_Cam platform
[09/08/2026 02:59:46] FASTIFY: Solar's_Cam platform stopped
[09/08/2026 02:59:46] Weather : Already got data
[09/08/2026 02:59:46] FASTIFY: Server listening at http://127.0.0.1:3000
[09/08/2026 02:59:46] FASTIFY: Server listening at http://172.24.0.5:3000
[09/08/2026 02:59:48] Clim connectée: 31885837213310 | temp: 23.5 °C
[09/08/2026 03:00:00] SID null
[09/08/2026 03:00:03] SID knBKZ4Y1L4G1E44b
[09/08/2026 03:00:26] FASTIFY: Stopping Solar's_Cam platform
[09/08/2026 03:00:26] FASTIFY: Solar's_Cam platform stopped
[09/08/2026 03:00:27] Weather : Already got data
[09/08/2026 03:00:27] FASTIFY: Server listening at http://127.0.0.1:3000
[09/08/2026 03:00:27] FASTIFY: Server listening at http://172.24.0.5:3000
[09/08/2026 03:00:30] Clim connectée: 31885837213310 | temp: 23.5 °C
[09/08/2026 03:00:54] FASTIFY: Stopping Solar's_Cam platform
[09/08/2026 03:00:54] FASTIFY: Solar's_Cam platform stopped
[09/08/2026 03:00:54] Weather : Already got data
[09/08/2026 03:00:54] FASTIFY: Server listening at http://127.0.0.1:3000
[09/08/2026 03:00:54] FASTIFY: Server listening at http://172.24.0.5:3000
[09/08/2026 03:00:57] FASTIFY: Stopping Solar's_Cam platform
[09/08/2026 03:00:57] FASTIFY: Solar's_Cam platform stopped
[09/08/2026 03:00:58] Weather : Already got data
[09/08/2026 03:00:58] FASTIFY: Server listening at http://127.0.0.1:3000
[09/08/2026 03:00:58] FASTIFY: Server listening at http://172.24.0.5:3000
[09/08/2026 03:01:00] Clim connectée: 31885837213310 | temp: 23.5 °C
[09/08/2026 03:01:40] FASTIFY: Stopping Solar's_Cam platform
[09/08/2026 03:01:40] FASTIFY: Solar's_Cam platform stopped
[09/08/2026 03:01:41] Weather : Already got data
[09/08/2026 03:01:41] FASTIFY: Server listening at http://127.0.0.1:3000
[09/08/2026 03:01:41] FASTIFY: Server listening at http://172.24.0.5:3000
[09/08/2026 03:01:44] Clim connectée: 31885837213310 | temp: 23.5 °C
[09/08/2026 03:03:01] FASTIFY: Stopping Solar's_Cam platform
[09/08/2026 03:03:01] FASTIFY: Solar's_Cam platform stopped
[09/08/2026 03:03:01] Weather : Already got data
[09/08/2026 03:03:01] FASTIFY: Server listening at http://127.0.0.1:3000
[09/08/2026 03:03:01] FASTIFY: Server listening at http://172.24.0.5:3000
[09/08/2026 03:03:04] Clim connectée: 31885837213310 | temp: 23.5 °C
[09/08/2026 03:04:37] FASTIFY: Stopping Solar's_Cam platform
[09/08/2026 03:04:37] FASTIFY: Solar's_Cam platform stopped
[09/08/2026 03:04:41] Weather : Already got data
[09/08/2026 03:04:41] FASTIFY: Server listening at http://127.0.0.1:3000
[09/08/2026 03:04:41] FASTIFY: Server listening at http://172.24.0.5:3000
[09/08/2026 03:04:43] Clim connectée: 31885837213310 | temp: 23.5 °C
[09/08/2026 03:04:49] FASTIFY: Stopping Solar's_Cam platform
[09/08/2026 03:04:49] FASTIFY: Solar's_Cam platform stopped
[09/08/2026 03:04:58] Weather : Already got data
[09/08/2026 03:04:58] FASTIFY: Server listening at http://127.0.0.1:3000
[09/08/2026 03:04:58] FASTIFY: Server listening at http://172.24.0.5:3000
[09/08/2026 03:05:00] SID null
[09/08/2026 03:05:05] Clim connectée: 31885837213310 | temp: 23.5 °C
[09/08/2026 03:05:09] FASTIFY: Stopping Solar's_Cam platform
[09/08/2026 03:05:09] FASTIFY: Solar's_Cam platform stopped
[09/08/2026 03:06:05] Weather : Already got data
[09/08/2026 03:06:05] FASTIFY: Server listening at http://127.0.0.1:3000
[09/08/2026 03:06:05] FASTIFY: Server listening at http://172.24.0.5:3000
[09/08/2026 03:06:07] FASTIFY: Stopping Solar's_Cam platform
[09/08/2026 03:06:07] FASTIFY: Solar's_Cam platform stopped
[09/08/2026 03:06:08] Weather : Already got data
[09/08/2026 03:06:08] FASTIFY: Server listening at http://127.0.0.1:3000
[09/08/2026 03:06:08] FASTIFY: Server listening at http://172.24.0.5:3000
[09/08/2026 03:06:10] FASTIFY: Stopping Solar's_Cam platform
[09/08/2026 03:06:10] FASTIFY: Solar's_Cam platform stopped
[09/08/2026 03:06:18] Weather : Already got data
[09/08/2026 03:06:18] FASTIFY: Server listening at http://127.0.0.1:3000
[09/08/2026 03:06:18] FASTIFY: Server listening at http://172.24.0.5:3000
[09/08/2026 03:06:21] Clim connectée: 31885837213310 | temp: 23.5 °C
[09/08/2026 03:08:42] FASTIFY: Stopping Solar's_Cam platform
[09/08/2026 03:08:42] FASTIFY: Solar's_Cam platform stopped
[09/08/2026 03:08:43] Weather : Already got data
[09/08/2026 03:08:43] FASTIFY: Server listening at http://127.0.0.1:3000
[09/08/2026 03:08:43] FASTIFY: Server listening at http://172.24.0.5:3000
[09/08/2026 03:08:50] Clim connectée: 31885837213310 | temp: 23.5 °C
[09/08/2026 03:09:03] FASTIFY: Stopping Solar's_Cam platform
[09/08/2026 03:09:03] FASTIFY: Solar's_Cam platform stopped
[09/08/2026 03:09:19] Weather : Already got data
[09/08/2026 03:09:19] FASTIFY: Server listening at http://127.0.0.1:3000
[09/08/2026 03:09:19] FASTIFY: Server listening at http://172.24.0.5:3000
[09/08/2026 03:09:22] Clim connectée: 31885837213310 | temp: 23.5 °C
[09/08/2026 03:09:47] FASTIFY: Stopping Solar's_Cam platform
[09/08/2026 03:09:47] FASTIFY: Solar's_Cam platform stopped
[09/08/2026 03:09:47] Weather : Already got data
[09/08/2026 03:09:47] FASTIFY: Server listening at http://127.0.0.1:3000
[09/08/2026 03:09:47] FASTIFY: Server listening at http://172.24.0.5:3000
[09/08/2026 03:09:51] FASTIFY: Stopping Solar's_Cam platform
[09/08/2026 03:09:51] FASTIFY: Solar's_Cam platform stopped
[09/08/2026 03:09:51] Weather : Already got data
[09/08/2026 03:09:51] FASTIFY: Server listening at http://127.0.0.1:3000
[09/08/2026 03:09:51] FASTIFY: Server listening at http://172.24.0.5:3000
[09/08/2026 03:09:54] Clim connectée: 31885837213310 | temp: 23.5 °C
[09/08/2026 03:10:00] SID null
[09/08/2026 03:10:00] SID 9bzBcfp1Rt61Fcpq
[09/08/2026 03:11:20] FASTIFY: Stopping Solar's_Cam platform
[09/08/2026 03:11:20] FASTIFY: Solar's_Cam platform stopped
[09/08/2026 03:11:35] Weather : Already got data
[09/08/2026 03:11:35] FASTIFY: Server listening at http://127.0.0.1:3000
[09/08/2026 03:11:35] FASTIFY: Server listening at http://172.24.0.5:3000
[09/08/2026 03:11:38] Clim connectée: 31885837213310 | temp: 23.5 °C
[09/08/2026 03:12:20] FASTIFY: Stopping Solar's_Cam platform
[09/08/2026 03:12:20] FASTIFY: Solar's_Cam platform stopped
[09/08/2026 03:12:21] Weather : Already got data
[09/08/2026 03:12:21] FASTIFY: Server listening at http://127.0.0.1:3000
[09/08/2026 03:12:21] FASTIFY: Server listening at http://172.24.0.5:3000
[09/08/2026 03:12:23] Clim connectée: 31885837213310 | temp: 23.5 °C
[09/08/2026 03:14:51] FASTIFY: Stopping Solar's_Cam platform
[09/08/2026 03:14:51] FASTIFY: Solar's_Cam platform stopped
[09/08/2026 03:14:52] Weather : Already got data
[09/08/2026 03:14:52] FASTIFY: Server listening at http://127.0.0.1:3000
[09/08/2026 03:14:52] FASTIFY: Server listening at http://172.24.0.5:3000
[09/08/2026 03:14:54] Clim connectée: 31885837213310 | temp: 23.5 °C
[09/08/2026 03:15:00] SID null
[09/08/2026 03:15:01] SID nerhn38sjApsn1ck
[09/08/2026 03:16:29] FASTIFY: Stopping Solar's_Cam platform
[09/08/2026 03:16:29] FASTIFY: Solar's_Cam platform stopped
[09/08/2026 03:16:30] Weather : Already got data
[09/08/2026 03:16:30] FASTIFY: Server listening at http://127.0.0.1:3000
[09/08/2026 03:16:30] FASTIFY: Server listening at http://172.24.0.5:3000
[09/08/2026 03:16:32] Clim connectée: 31885837213310 | temp: 23.0 °C
[09/08/2026 03:18:04] FASTIFY: Stopping Solar's_Cam platform
[09/08/2026 03:18:04] FASTIFY: Solar's_Cam platform stopped
[09/08/2026 03:19:14] Weather : Already got data
[09/08/2026 03:19:14] FASTIFY: Server listening at http://127.0.0.1:3000
[09/08/2026 03:19:14] FASTIFY: Server listening at http://172.24.0.5:3000
[09/08/2026 03:19:31] Weather : Already got data
[09/08/2026 03:19:31] FASTIFY: Server listening at http://127.0.0.1:3000
[09/08/2026 03:19:31] FASTIFY: Server listening at http://172.24.0.5:3000
[09/08/2026 03:19:33] Clim connectée: 31885837213310 | temp: 23.0 °C
[09/08/2026 03:19:58] FASTIFY: Stopping Solar's_Cam platform
[09/08/2026 03:19:58] FASTIFY: Solar's_Cam platform stopped
[09/08/2026 03:19:59] Weather : Already got data
[09/08/2026 03:19:59] FASTIFY: Server listening at http://127.0.0.1:3000
[09/08/2026 03:19:59] FASTIFY: Server listening at http://172.24.0.5:3000
[09/08/2026 03:20:00] SID null
[09/08/2026 03:20:05] Clim connectée: 31885837213310 | temp: 23.0 °C
[09/08/2026 03:20:05] SID pst68NUKfsAK8PkC
[09/08/2026 03:20:15] FASTIFY: Stopping Solar's_Cam platform
[09/08/2026 03:20:15] FASTIFY: Solar's_Cam platform stopped
[09/08/2026 03:20:16] Weather : Already got data
[09/08/2026 03:20:16] FASTIFY: Server listening at http://127.0.0.1:3000
[09/08/2026 03:20:16] FASTIFY: Server listening at http://172.24.0.5:3000
[09/08/2026 03:20:18] Clim connectée: 31885837213310 | temp: 23.0 °C
[09/08/2026 03:20:20] FASTIFY: Stopping Solar's_Cam platform
[09/08/2026 03:20:20] FASTIFY: Solar's_Cam platform stopped
[09/08/2026 03:20:21] Weather : Already got data
[09/08/2026 03:20:21] FASTIFY: Server listening at http://127.0.0.1:3000
[09/08/2026 03:20:21] FASTIFY: Server listening at http://172.24.0.5:3000
[09/08/2026 03:20:23] Clim connectée: 31885837213310 | temp: 23.0 °C
[09/08/2026 03:20:31] FASTIFY: incoming request
[09/08/2026 03:20:31] POST /login
[09/08/2026 03:20:32] FASTIFY: request completed
[09/08/2026 03:20:32] FASTIFY: incoming request
[09/08/2026 03:20:32] FASTIFY: incoming request
[09/08/2026 03:20:32] Xayling GET /clim/status
[09/08/2026 03:20:32] FASTIFY: request completed
[09/08/2026 03:20:35] FASTIFY: request completed
[09/08/2026 03:20:42] FASTIFY: incoming request
[09/08/2026 03:20:42] Xayling GET /clim/status
[09/08/2026 03:20:44] FASTIFY: request completed
[09/08/2026 03:20:52] FASTIFY: incoming request
[09/08/2026 03:20:52] Xayling GET /clim/status
[09/08/2026 03:20:56] FASTIFY: request completed
[09/08/2026 03:21:02] FASTIFY: incoming request
[09/08/2026 03:21:02] Xayling GET /clim/status
[09/08/2026 03:21:10] FASTIFY: request completed
[09/08/2026 03:21:12] FASTIFY: incoming request
[09/08/2026 03:21:12] Xayling GET /clim/status
[09/08/2026 03:21:20] FASTIFY: request completed
[09/08/2026 03:21:22] FASTIFY: incoming request
[09/08/2026 03:21:22] Xayling GET /clim/status
[09/08/2026 03:21:26] FASTIFY: request completed
[09/08/2026 03:21:32] FASTIFY: incoming request
[09/08/2026 03:21:32] Xayling GET /clim/status
[09/08/2026 03:21:35] FASTIFY: request completed
[09/08/2026 03:21:42] FASTIFY: incoming request
[09/08/2026 03:21:42] Xayling GET /clim/status
[09/08/2026 03:21:44] FASTIFY: request completed
[09/08/2026 03:21:52] FASTIFY: incoming request
[09/08/2026 03:21:52] Xayling GET /clim/status
[09/08/2026 03:21:55] FASTIFY: request completed
[09/08/2026 03:22:02] FASTIFY: incoming request
[09/08/2026 03:22:02] Xayling GET /clim/status
[09/08/2026 03:22:05] FASTIFY: request completed
[09/08/2026 03:22:12] FASTIFY: incoming request
[09/08/2026 03:22:12] Xayling GET /clim/status
[09/08/2026 03:22:15] FASTIFY: request completed
[09/08/2026 03:22:22] FASTIFY: incoming request
[09/08/2026 03:22:22] Xayling GET /clim/status
[09/08/2026 03:22:29] FASTIFY: request completed
[09/08/2026 03:22:32] FASTIFY: incoming request
[09/08/2026 03:22:32] Xayling GET /clim/status
[09/08/2026 03:22:35] FASTIFY: request completed
[09/08/2026 03:22:42] FASTIFY: incoming request
[09/08/2026 03:22:42] Xayling GET /clim/status
[09/08/2026 03:22:45] FASTIFY: request completed
[09/08/2026 03:23:27] FASTIFY: incoming request
[09/08/2026 03:23:27] Xayling GET /clim/status
[09/08/2026 03:23:27] FASTIFY: incoming request
[09/08/2026 03:23:27] FASTIFY: request completed
[09/08/2026 03:23:29] FASTIFY: request completed
[09/08/2026 03:23:37] FASTIFY: incoming request
[09/08/2026 03:23:37] Xayling GET /clim/status
[09/08/2026 03:23:44] FASTIFY: request completed
[09/08/2026 03:23:47] FASTIFY: incoming request
[09/08/2026 03:23:47] Xayling GET /clim/status
[09/08/2026 03:23:54] FASTIFY: request completed
[09/08/2026 03:23:57] FASTIFY: incoming request
[09/08/2026 03:23:57] Xayling GET /clim/status
[09/08/2026 03:24:00] FASTIFY: request completed
[09/08/2026 03:24:07] FASTIFY: incoming request
[09/08/2026 03:24:07] Xayling GET /clim/status
[09/08/2026 03:24:10] FASTIFY: request completed
[09/08/2026 03:24:17] FASTIFY: incoming request
[09/08/2026 03:24:17] Xayling GET /clim/status
[09/08/2026 03:24:20] FASTIFY: request completed
[09/08/2026 03:24:27] FASTIFY: incoming request
[09/08/2026 03:24:27] Xayling GET /clim/status
[09/08/2026 03:24:30] FASTIFY: request completed
[09/08/2026 03:24:37] FASTIFY: incoming request
[09/08/2026 03:24:37] Xayling GET /clim/status
[09/08/2026 03:24:44] FASTIFY: request completed
[09/08/2026 03:24:51] FASTIFY: incoming request
[09/08/2026 03:24:51] Xayling GET /clim/status
[09/08/2026 03:24:54] FASTIFY: request completed
[09/08/2026 03:25:00] SID null
[09/08/2026 03:25:00] SID HHM8i1K8qUR8m0KF
[09/08/2026 03:25:51] FASTIFY: incoming request
[09/08/2026 03:25:51] Xayling GET /clim/status
[09/08/2026 03:25:54] FASTIFY: request completed
[09/08/2026 03:26:24] FASTIFY: incoming request
[09/08/2026 03:26:24] Parents GET /clim/status
[09/08/2026 03:26:24] FASTIFY: incoming request
[09/08/2026 03:26:24] FASTIFY: request completed
[09/08/2026 03:26:26] FASTIFY: request completed
[09/08/2026 03:26:34] FASTIFY: incoming request
[09/08/2026 03:26:34] Parents GET /clim/status
[09/08/2026 03:26:36] FASTIFY: request completed
[09/08/2026 03:26:44] FASTIFY: incoming request
[09/08/2026 03:26:44] Parents GET /clim/status
[09/08/2026 03:26:46] FASTIFY: request completed
[09/08/2026 03:26:51] FASTIFY: incoming request
[09/08/2026 03:26:51] Xayling GET /clim/status
[09/08/2026 03:26:54] FASTIFY: incoming request
[09/08/2026 03:26:54] Parents GET /clim/status
[09/08/2026 03:26:54] FASTIFY: request completed
[09/08/2026 03:26:57] FASTIFY: request completed
[09/08/2026 03:27:04] FASTIFY: incoming request
[09/08/2026 03:27:04] Parents GET /clim/status
[09/08/2026 03:27:06] FASTIFY: request completed
[09/08/2026 03:27:14] FASTIFY: incoming request
[09/08/2026 03:27:14] Parents GET /clim/status
[09/08/2026 03:27:17] FASTIFY: request completed
[09/08/2026 03:27:24] FASTIFY: incoming request
[09/08/2026 03:27:24] Parents GET /clim/status
[09/08/2026 03:27:27] FASTIFY: request completed
[09/08/2026 03:27:28] FASTIFY: incoming request
[09/08/2026 03:27:28] FASTIFY: incoming request
[09/08/2026 03:27:28] Xayling GET /clim/status
[09/08/2026 03:27:28] FASTIFY: request completed
[09/08/2026 03:27:34] FASTIFY: incoming request
[09/08/2026 03:27:34] Parents GET /clim/status
[09/08/2026 03:27:37] FASTIFY: request completed
[09/08/2026 03:27:39] FASTIFY: request completed
[09/08/2026 03:27:39] FASTIFY: incoming request
[09/08/2026 03:27:39] Xayling GET /clim/status
[09/08/2026 03:27:42] FASTIFY: request completed
[09/08/2026 03:27:44] FASTIFY: incoming request
[09/08/2026 03:27:44] Parents GET /clim/status
[09/08/2026 03:27:47] FASTIFY: request completed
[09/08/2026 03:27:48] FASTIFY: incoming request
[09/08/2026 03:27:48] Xayling GET /clim/status
[09/08/2026 03:27:55] FASTIFY: request completed
[09/08/2026 03:27:58] FASTIFY: incoming request
[09/08/2026 03:27:58] Xayling GET /clim/status
[09/08/2026 03:28:01] FASTIFY: request completed
[09/08/2026 03:28:08] FASTIFY: incoming request
[09/08/2026 03:28:08] Xayling GET /clim/status
[09/08/2026 03:28:11] FASTIFY: request completed
[09/08/2026 03:28:18] FASTIFY: incoming request
[09/08/2026 03:28:18] Xayling GET /clim/status
[09/08/2026 03:28:21] FASTIFY: request completed
[09/08/2026 03:28:28] FASTIFY: incoming request
[09/08/2026 03:28:28] Xayling GET /clim/status
[09/08/2026 03:28:31] FASTIFY: request completed
[09/08/2026 03:28:38] FASTIFY: incoming request
[09/08/2026 03:28:38] Xayling GET /clim/status
[09/08/2026 03:28:41] FASTIFY: request completed
[09/08/2026 03:28:51] FASTIFY: incoming request
[09/08/2026 03:28:51] Xayling GET /clim/status
[09/08/2026 03:28:58] FASTIFY: request completed
[09/08/2026 03:29:51] FASTIFY: incoming request
[09/08/2026 03:29:52] Xayling GET /clim/status
[09/08/2026 03:29:55] FASTIFY: request completed
[09/08/2026 03:30:00] SID HHM8i1K8qUR8m0KF
[09/08/2026 03:30:01] SID E9gPB4S2XYH2B4yd
[09/08/2026 03:30:51] FASTIFY: incoming request
[09/08/2026 03:30:51] Xayling GET /clim/status
[09/08/2026 03:30:54] FASTIFY: request completed
[09/08/2026 03:31:29] FASTIFY: incoming request
[09/08/2026 03:31:29] Xayling GET /clim/status
[09/08/2026 03:31:29] FASTIFY: incoming request
[09/08/2026 03:31:29] FASTIFY: request completed
[09/08/2026 03:31:32] FASTIFY: request completed
[09/08/2026 03:31:39] FASTIFY: incoming request
[09/08/2026 03:31:39] Xayling GET /clim/status
[09/08/2026 03:31:42] FASTIFY: request completed
[09/08/2026 03:31:49] FASTIFY: incoming request
[09/08/2026 03:31:49] Xayling GET /clim/status
[09/08/2026 03:31:56] FASTIFY: request completed
[09/08/2026 03:31:59] FASTIFY: incoming request
[09/08/2026 03:31:59] Xayling GET /clim/status
[09/08/2026 03:32:03] FASTIFY: request completed
[09/08/2026 03:32:09] FASTIFY: incoming request
[09/08/2026 03:32:09] Xayling GET /clim/status
[09/08/2026 03:32:12] FASTIFY: request completed
[09/08/2026 03:32:19] FASTIFY: incoming request
[09/08/2026 03:32:19] Xayling GET /clim/status
[09/08/2026 03:32:22] FASTIFY: request completed
[09/08/2026 03:32:29] FASTIFY: incoming request
[09/08/2026 03:32:29] Xayling GET /clim/status
[09/08/2026 03:32:32] FASTIFY: request completed
[09/08/2026 03:32:39] FASTIFY: incoming request
[09/08/2026 03:32:39] Xayling GET /clim/status
[09/08/2026 03:32:42] FASTIFY: request completed
[09/08/2026 03:32:51] FASTIFY: incoming request
[09/08/2026 03:32:51] Xayling GET /clim/status
[09/08/2026 03:33:03] FASTIFY: request completed
[09/08/2026 03:33:51] FASTIFY: incoming request
[09/08/2026 03:33:51] Xayling GET /clim/status
[09/08/2026 03:33:54] FASTIFY: request completed
[09/08/2026 03:34:51] FASTIFY: incoming request
[09/08/2026 03:34:51] Xayling GET /clim/status
[09/08/2026 03:34:54] FASTIFY: request completed
[09/08/2026 03:35:00] SID E9gPB4S2XYH2B4yd
[09/08/2026 03:35:01] SID m74vzwI1NTU1NwYR
[09/08/2026 03:35:30] FASTIFY: incoming request
[09/08/2026 03:35:30] Xayling GET /clim/status
[09/08/2026 03:35:30] FASTIFY: incoming request
[09/08/2026 03:35:30] FASTIFY: request completed
[09/08/2026 03:35:33] FASTIFY: request completed
[09/08/2026 03:35:40] FASTIFY: incoming request
[09/08/2026 03:35:40] Xayling GET /clim/status
[09/08/2026 03:35:43] FASTIFY: request completed
[09/08/2026 03:35:50] FASTIFY: incoming request
[09/08/2026 03:35:50] Xayling GET /clim/status
[09/08/2026 03:35:53] FASTIFY: request completed
[09/08/2026 03:36:00] FASTIFY: incoming request
[09/08/2026 03:36:00] Xayling GET /clim/status
[09/08/2026 03:36:03] FASTIFY: request completed
[09/08/2026 03:36:10] FASTIFY: incoming request
[09/08/2026 03:36:10] Xayling GET /clim/status
[09/08/2026 03:36:13] FASTIFY: request completed
[09/08/2026 03:36:20] FASTIFY: incoming request
[09/08/2026 03:36:20] Xayling GET /clim/status
[09/08/2026 03:36:23] FASTIFY: request completed
[09/08/2026 03:36:30] FASTIFY: incoming request
[09/08/2026 03:36:30] Xayling GET /clim/status
[09/08/2026 03:36:33] FASTIFY: request completed
[09/08/2026 03:36:40] FASTIFY: incoming request
[09/08/2026 03:36:40] Xayling GET /clim/status
[09/08/2026 03:36:43] FASTIFY: request completed
[09/08/2026 03:36:51] FASTIFY: incoming request
[09/08/2026 03:36:51] Xayling GET /clim/status
[09/08/2026 03:36:54] FASTIFY: request completed
[09/08/2026 03:37:51] FASTIFY: incoming request
[09/08/2026 03:37:51] Xayling GET /clim/status
[09/08/2026 03:37:54] FASTIFY: request completed
[09/08/2026 03:38:51] FASTIFY: incoming request
[09/08/2026 03:38:51] Xayling GET /clim/status
[09/08/2026 03:38:54] FASTIFY: request completed
[09/08/2026 03:39:31] FASTIFY: incoming request
[09/08/2026 03:39:31] Xayling GET /clim/status
[09/08/2026 03:39:31] FASTIFY: incoming request
[09/08/2026 03:39:31] FASTIFY: request completed
[09/08/2026 03:39:33] FASTIFY: request completed
[09/08/2026 03:39:41] FASTIFY: incoming request
[09/08/2026 03:39:41] Xayling GET /clim/status
[09/08/2026 03:39:45] FASTIFY: request completed
[09/08/2026 03:39:51] FASTIFY: incoming request
[09/08/2026 03:39:52] Xayling GET /clim/status
[09/08/2026 03:39:54] FASTIFY: request completed
[09/08/2026 03:40:00] SID m74vzwI1NTU1NwYR
[09/08/2026 03:40:01] SID CuqmFjOaELbayi-s
[09/08/2026 03:40:01] FASTIFY: incoming request
[09/08/2026 03:40:01] Xayling GET /clim/status
[09/08/2026 03:40:04] FASTIFY: request completed
[09/08/2026 03:40:11] FASTIFY: incoming request
[09/08/2026 03:40:11] Xayling GET /clim/status
[09/08/2026 03:40:14] FASTIFY: request completed
[09/08/2026 03:40:21] FASTIFY: incoming request
[09/08/2026 03:40:21] Xayling GET /clim/status
[09/08/2026 03:40:24] FASTIFY: request completed
[09/08/2026 03:40:31] FASTIFY: incoming request
[09/08/2026 03:40:31] Xayling GET /clim/status
[09/08/2026 03:40:39] FASTIFY: request completed
[09/08/2026 03:40:41] FASTIFY: incoming request
[09/08/2026 03:40:41] Xayling GET /clim/status
[09/08/2026 03:40:44] FASTIFY: request completed
[09/08/2026 03:40:51] FASTIFY: incoming request
[09/08/2026 03:40:51] Xayling GET /clim/status
[09/08/2026 03:40:58] FASTIFY: request completed
[09/08/2026 03:41:51] FASTIFY: incoming request
[09/08/2026 03:41:51] Xayling GET /clim/status
[09/08/2026 03:41:54] FASTIFY: request completed
[09/08/2026 03:42:51] FASTIFY: incoming request
[09/08/2026 03:42:51] Xayling GET /clim/status
[09/08/2026 03:42:54] FASTIFY: request completed
[09/08/2026 03:43:32] FASTIFY: incoming request
[09/08/2026 03:43:32] Xayling GET /clim/status
[09/08/2026 03:43:32] FASTIFY: incoming request
[09/08/2026 03:43:32] FASTIFY: request completed
[09/08/2026 03:43:39] FASTIFY: request completed
[09/08/2026 03:43:42] FASTIFY: incoming request
[09/08/2026 03:43:42] Xayling GET /clim/status
[09/08/2026 03:43:45] FASTIFY: request completed
[09/08/2026 03:43:52] FASTIFY: incoming request
[09/08/2026 03:43:52] Xayling GET /clim/status
[09/08/2026 03:43:57] FASTIFY: err is not defined
[09/08/2026 03:43:57] FASTIFY: request completed
[09/08/2026 03:44:02] FASTIFY: incoming request
[09/08/2026 03:44:02] Xayling GET /clim/status
[09/08/2026 03:44:05] FASTIFY: request completed
[09/08/2026 03:44:12] FASTIFY: incoming request
[09/08/2026 03:44:12] Xayling GET /clim/status
[09/08/2026 03:44:19] FASTIFY: request completed
[09/08/2026 03:44:23] FASTIFY: incoming request
[09/08/2026 03:44:23] Xayling GET /clim/status
[09/08/2026 03:44:29] FASTIFY: request completed
[09/08/2026 03:44:32] FASTIFY: incoming request
[09/08/2026 03:44:32] Xayling GET /clim/status
[09/08/2026 03:44:39] FASTIFY: request completed
[09/08/2026 03:44:42] FASTIFY: incoming request
[09/08/2026 03:44:42] Xayling GET /clim/status
[09/08/2026 03:44:49] FASTIFY: request completed
[09/08/2026 03:45:00] SID CuqmFjOaELbayi-s
[09/08/2026 03:45:03] SID JwSHAN28xej8oMmN
[09/08/2026 03:45:43] FASTIFY: incoming request
[09/08/2026 03:45:43] Xayling GET /clim/status
[09/08/2026 03:45:50] FASTIFY: request completed
[09/08/2026 03:46:44] FASTIFY: incoming request
[09/08/2026 03:46:44] Xayling GET /clim/status
[09/08/2026 03:46:48] FASTIFY: request completed
[09/08/2026 03:47:33] FASTIFY: incoming request
[09/08/2026 03:47:33] Xayling GET /clim/status
[09/08/2026 03:47:33] FASTIFY: incoming request
[09/08/2026 03:47:33] FASTIFY: request completed
[09/08/2026 03:47:40] FASTIFY: request completed
[09/08/2026 03:47:43] FASTIFY: incoming request
[09/08/2026 03:47:43] Xayling GET /clim/status
[09/08/2026 03:47:46] FASTIFY: request completed
[09/08/2026 03:47:53] FASTIFY: incoming request
[09/08/2026 03:47:53] Xayling GET /clim/status
[09/08/2026 03:47:56] FASTIFY: request completed
[09/08/2026 03:48:03] FASTIFY: incoming request
[09/08/2026 03:48:03] Xayling GET /clim/status
[09/08/2026 03:48:06] FASTIFY: request completed
[09/08/2026 03:48:13] FASTIFY: incoming request
[09/08/2026 03:48:13] Xayling GET /clim/status
[09/08/2026 03:48:16] FASTIFY: request completed
[09/08/2026 03:48:23] FASTIFY: incoming request
[09/08/2026 03:48:23] Xayling GET /clim/status
[09/08/2026 03:48:30] FASTIFY: request completed
[09/08/2026 03:48:33] FASTIFY: incoming request
[09/08/2026 03:48:33] Xayling GET /clim/status
[09/08/2026 03:48:37] FASTIFY: request completed
[09/08/2026 03:48:43] FASTIFY: incoming request
[09/08/2026 03:48:43] Xayling GET /clim/status
[09/08/2026 03:48:46] FASTIFY: request completed
[09/08/2026 03:49:44] FASTIFY: incoming request
[09/08/2026 03:49:44] Xayling GET /clim/status
[09/08/2026 03:49:47] FASTIFY: request completed
[09/08/2026 03:50:00] SID JwSHAN28xej8oMmN
[09/08/2026 03:50:05] SID yyUfigt9HW19qgNV
[09/08/2026 03:50:45] FASTIFY: incoming request
[09/08/2026 03:50:45] Xayling GET /clim/status
[09/08/2026 03:50:48] FASTIFY: request completed
[09/08/2026 03:51:34] FASTIFY: incoming request
[09/08/2026 03:51:34] Xayling GET /clim/status
[09/08/2026 03:51:34] FASTIFY: incoming request
[09/08/2026 03:51:34] FASTIFY: request completed
[09/08/2026 03:51:36] FASTIFY: request completed
[09/08/2026 03:51:44] FASTIFY: incoming request
[09/08/2026 03:51:44] Xayling GET /clim/status
[09/08/2026 03:51:48] FASTIFY: request completed
[09/08/2026 03:51:54] FASTIFY: incoming request
[09/08/2026 03:51:54] Xayling GET /clim/status
[09/08/2026 03:52:01] FASTIFY: request completed
[09/08/2026 03:52:04] FASTIFY: incoming request
[09/08/2026 03:52:04] Xayling GET /clim/status
[09/08/2026 03:52:07] FASTIFY: request completed
[09/08/2026 03:52:14] FASTIFY: incoming request
[09/08/2026 03:52:14] Xayling GET /clim/status
[09/08/2026 03:52:17] FASTIFY: request completed
[09/08/2026 03:52:24] FASTIFY: incoming request
[09/08/2026 03:52:24] Xayling GET /clim/status
[09/08/2026 03:52:27] FASTIFY: request completed
[09/08/2026 03:52:34] FASTIFY: incoming request
[09/08/2026 03:52:34] Xayling GET /clim/status
[09/08/2026 03:52:37] FASTIFY: request completed
[09/08/2026 03:52:44] FASTIFY: incoming request
[09/08/2026 03:52:44] Xayling GET /clim/status
[09/08/2026 03:52:47] FASTIFY: request completed
[09/08/2026 03:53:45] FASTIFY: incoming request
[09/08/2026 03:53:45] Xayling GET /clim/status
[09/08/2026 03:53:48] FASTIFY: request completed
[09/08/2026 03:54:46] FASTIFY: incoming request
[09/08/2026 03:54:46] Xayling GET /clim/status
[09/08/2026 03:54:49] FASTIFY: request completed
[09/08/2026 03:55:00] SID yyUfigt9HW19qgNV
[09/08/2026 03:55:01] SID vsqmMXEcYtbctWku
[09/08/2026 03:55:35] FASTIFY: incoming request
[09/08/2026 03:55:35] Xayling GET /clim/status
[09/08/2026 03:55:35] FASTIFY: incoming request
[09/08/2026 03:55:35] FASTIFY: request completed
[09/08/2026 03:55:38] FASTIFY: request completed
[09/08/2026 03:55:45] FASTIFY: incoming request
[09/08/2026 03:55:45] Xayling GET /clim/status
[09/08/2026 03:55:49] FASTIFY: request completed
[09/08/2026 03:55:55] FASTIFY: incoming request
[09/08/2026 03:55:55] Xayling GET /clim/status
[09/08/2026 03:55:58] FASTIFY: request completed
[09/08/2026 03:56:05] FASTIFY: incoming request
[09/08/2026 03:56:05] Xayling GET /clim/status
[09/08/2026 03:56:08] FASTIFY: request completed
[09/08/2026 03:56:15] FASTIFY: incoming request
[09/08/2026 03:56:15] Xayling GET /clim/status
[09/08/2026 03:56:18] FASTIFY: request completed
[09/08/2026 03:56:25] FASTIFY: incoming request
[09/08/2026 03:56:25] Xayling GET /clim/status
[09/08/2026 03:56:28] FASTIFY: request completed
[09/08/2026 03:56:35] FASTIFY: incoming request
[09/08/2026 03:56:35] Xayling GET /clim/status
[09/08/2026 03:56:39] FASTIFY: request completed
[09/08/2026 03:56:45] FASTIFY: incoming request
[09/08/2026 03:56:45] Xayling GET /clim/status
[09/08/2026 03:56:49] FASTIFY: request completed
[09/08/2026 03:57:46] FASTIFY: incoming request
[09/08/2026 03:57:46] Xayling GET /clim/status
[09/08/2026 03:57:53] FASTIFY: request completed
[09/08/2026 03:58:47] FASTIFY: incoming request
[09/08/2026 03:58:47] Xayling GET /clim/status
[09/08/2026 03:58:51] FASTIFY: request completed
[09/08/2026 03:59:36] FASTIFY: incoming request
[09/08/2026 03:59:36] Xayling GET /clim/status
[09/08/2026 03:59:36] FASTIFY: incoming request
[09/08/2026 03:59:36] FASTIFY: request completed
[09/08/2026 03:59:39] FASTIFY: request completed
[09/08/2026 03:59:46] FASTIFY: incoming request
[09/08/2026 03:59:46] Xayling GET /clim/status
[09/08/2026 03:59:49] FASTIFY: request completed
[09/08/2026 03:59:56] FASTIFY: incoming request
[09/08/2026 03:59:56] Xayling GET /clim/status
[09/08/2026 03:59:59] FASTIFY: request completed
[09/08/2026 04:00:00] SID vsqmMXEcYtbctWku
[09/08/2026 04:00:00] SID L7-3vHarxjJryFam
[09/08/2026 04:00:06] FASTIFY: incoming request
[09/08/2026 04:00:06] Xayling GET /clim/status
[09/08/2026 04:00:09] FASTIFY: request completed
[09/08/2026 04:00:16] FASTIFY: incoming request
[09/08/2026 04:00:16] Xayling GET /clim/status
[09/08/2026 04:00:19] FASTIFY: request completed
[09/08/2026 04:00:26] FASTIFY: incoming request
[09/08/2026 04:00:26] Xayling GET /clim/status
[09/08/2026 04:00:38] FASTIFY: request completed
[09/08/2026 04:00:38] FASTIFY: incoming request
[09/08/2026 04:00:38] Xayling GET /clim/status
[09/08/2026 04:00:45] FASTIFY: request completed
[09/08/2026 04:00:46] FASTIFY: incoming request
[09/08/2026 04:00:46] Xayling GET /clim/status
[09/08/2026 04:00:50] FASTIFY: request completed
[09/08/2026 04:01:47] FASTIFY: incoming request
[09/08/2026 04:01:47] Xayling GET /clim/status
[09/08/2026 04:01:50] FASTIFY: request completed
[09/08/2026 04:02:48] FASTIFY: incoming request
[09/08/2026 04:02:48] Xayling GET /clim/status
[09/08/2026 04:02:51] FASTIFY: request completed
[09/08/2026 04:03:37] FASTIFY: incoming request
[09/08/2026 04:03:37] Xayling GET /clim/status
[09/08/2026 04:03:37] FASTIFY: incoming request
[09/08/2026 04:03:37] FASTIFY: request completed
[09/08/2026 04:03:40] FASTIFY: request completed
[09/08/2026 04:03:47] FASTIFY: incoming request
[09/08/2026 04:03:47] Xayling GET /clim/status
[09/08/2026 04:03:50] FASTIFY: request completed
[09/08/2026 04:03:57] FASTIFY: incoming request
[09/08/2026 04:03:57] Xayling GET /clim/status
[09/08/2026 04:04:01] FASTIFY: request completed
[09/08/2026 04:04:07] FASTIFY: incoming request
[09/08/2026 04:04:07] Xayling GET /clim/status
[09/08/2026 04:04:10] FASTIFY: request completed
[09/08/2026 04:04:17] FASTIFY: incoming request
[09/08/2026 04:04:17] Xayling GET /clim/status
[09/08/2026 04:04:20] FASTIFY: request completed
[09/08/2026 04:04:27] FASTIFY: incoming request
[09/08/2026 04:04:27] Xayling GET /clim/status
[09/08/2026 04:04:30] FASTIFY: request completed
[09/08/2026 04:04:37] FASTIFY: incoming request
[09/08/2026 04:04:37] Xayling GET /clim/status
[09/08/2026 04:04:40] FASTIFY: request completed
[09/08/2026 04:04:47] FASTIFY: incoming request
[09/08/2026 04:04:47] Xayling GET /clim/status
[09/08/2026 04:04:50] FASTIFY: request completed
[09/08/2026 04:05:00] SID L7-3vHarxjJryFam
[09/08/2026 04:05:01] SID KRQNiBSTPVBTtCCF
[09/08/2026 04:05:48] FASTIFY: incoming request
[09/08/2026 04:05:48] Xayling GET /clim/status
[09/08/2026 04:05:51] FASTIFY: request completed
[09/08/2026 04:06:49] FASTIFY: incoming request
[09/08/2026 04:06:49] Xayling GET /clim/status
[09/08/2026 04:06:52] FASTIFY: request completed
[09/08/2026 04:07:38] FASTIFY: incoming request
[09/08/2026 04:07:38] Xayling GET /clim/status
[09/08/2026 04:07:38] FASTIFY: incoming request
[09/08/2026 04:07:38] FASTIFY: request completed
[09/08/2026 04:07:40] FASTIFY: request completed
[09/08/2026 04:07:48] FASTIFY: incoming request
[09/08/2026 04:07:48] Xayling GET /clim/status
[09/08/2026 04:07:51] FASTIFY: request completed
[09/08/2026 04:07:58] FASTIFY: incoming request
[09/08/2026 04:07:58] Xayling GET /clim/status
[09/08/2026 04:08:02] FASTIFY: request completed
[09/08/2026 04:08:08] FASTIFY: incoming request
[09/08/2026 04:08:08] Xayling GET /clim/status
[09/08/2026 04:08:11] FASTIFY: request completed
[09/08/2026 04:08:18] FASTIFY: incoming request
[09/08/2026 04:08:18] Xayling GET /clim/status
[09/08/2026 04:08:21] FASTIFY: request completed
[09/08/2026 04:08:28] FASTIFY: incoming request
[09/08/2026 04:08:28] Xayling GET /clim/status
[09/08/2026 04:08:32] FASTIFY: request completed
[09/08/2026 04:08:38] FASTIFY: incoming request
[09/08/2026 04:08:38] Xayling GET /clim/status
[09/08/2026 04:08:41] FASTIFY: request completed
[09/08/2026 04:08:48] FASTIFY: incoming request
[09/08/2026 04:08:48] Xayling GET /clim/status
[09/08/2026 04:08:51] FASTIFY: request completed
[09/08/2026 04:09:49] FASTIFY: incoming request
[09/08/2026 04:09:49] Xayling GET /clim/status
[09/08/2026 04:09:52] FASTIFY: request completed
[09/08/2026 04:10:00] SID KRQNiBSTPVBTtCCF
[09/08/2026 04:10:02] SID x_jDwvJrHdYrNtph
[09/08/2026 04:10:50] FASTIFY: incoming request
[09/08/2026 04:10:50] Xayling GET /clim/status
[09/08/2026 04:10:53] FASTIFY: request completed
[09/08/2026 04:11:39] FASTIFY: incoming request
[09/08/2026 04:11:39] Xayling GET /clim/status
[09/08/2026 04:11:39] FASTIFY: incoming request
[09/08/2026 04:11:39] FASTIFY: request completed
[09/08/2026 04:11:41] FASTIFY: request completed
[09/08/2026 04:11:49] FASTIFY: incoming request
[09/08/2026 04:11:49] Xayling GET /clim/status
[09/08/2026 04:11:52] FASTIFY: request completed
[09/08/2026 04:11:59] FASTIFY: incoming request
[09/08/2026 04:11:59] Xayling GET /clim/status
[09/08/2026 04:12:02] FASTIFY: request completed
[09/08/2026 04:12:09] FASTIFY: incoming request
[09/08/2026 04:12:09] Xayling GET /clim/status
[09/08/2026 04:12:12] FASTIFY: request completed
[09/08/2026 04:12:19] FASTIFY: incoming request
[09/08/2026 04:12:19] Xayling GET /clim/status
[09/08/2026 04:12:22] FASTIFY: request completed
[09/08/2026 04:12:29] FASTIFY: incoming request
[09/08/2026 04:12:29] Xayling GET /clim/status
[09/08/2026 04:12:32] FASTIFY: request completed
[09/08/2026 04:12:39] FASTIFY: incoming request
[09/08/2026 04:12:39] Xayling GET /clim/status
[09/08/2026 04:12:42] FASTIFY: request completed
[09/08/2026 04:12:49] FASTIFY: incoming request
[09/08/2026 04:12:49] Xayling GET /clim/status
[09/08/2026 04:12:52] FASTIFY: request completed
[09/08/2026 04:13:50] FASTIFY: incoming request
[09/08/2026 04:13:50] Xayling GET /clim/status
[09/08/2026 04:13:53] FASTIFY: request completed
[09/08/2026 04:14:51] FASTIFY: incoming request
[09/08/2026 04:14:51] Xayling GET /clim/status
[09/08/2026 04:14:54] FASTIFY: request completed
[09/08/2026 04:15:00] SID x_jDwvJrHdYrNtph
[09/08/2026 04:15:01] SID Qus-gpv1vdx10ovF
[09/08/2026 04:15:40] FASTIFY: incoming request
[09/08/2026 04:15:40] Xayling GET /clim/status
[09/08/2026 04:15:40] FASTIFY: incoming request
[09/08/2026 04:15:40] FASTIFY: request completed
[09/08/2026 04:15:43] FASTIFY: request completed
[09/08/2026 04:15:50] FASTIFY: incoming request
[09/08/2026 04:15:50] Xayling GET /clim/status
[09/08/2026 04:15:53] FASTIFY: request completed
[09/08/2026 04:16:00] FASTIFY: incoming request
[09/08/2026 04:16:00] Xayling GET /clim/status
[09/08/2026 04:16:04] FASTIFY: request completed
[09/08/2026 04:16:10] FASTIFY: incoming request
[09/08/2026 04:16:10] Xayling GET /clim/status
[09/08/2026 04:16:13] FASTIFY: request completed
[09/08/2026 04:16:20] FASTIFY: incoming request
[09/08/2026 04:16:20] Xayling GET /clim/status
[09/08/2026 04:16:23] FASTIFY: request completed
[09/08/2026 04:16:30] FASTIFY: incoming request
[09/08/2026 04:16:30] Xayling GET /clim/status
[09/08/2026 04:16:33] FASTIFY: request completed
[09/08/2026 04:16:40] FASTIFY: incoming request
[09/08/2026 04:16:40] Xayling GET /clim/status
[09/08/2026 04:16:43] FASTIFY: request completed
[09/08/2026 04:16:50] FASTIFY: incoming request
[09/08/2026 04:16:50] Xayling GET /clim/status
[09/08/2026 04:16:53] FASTIFY: request completed
[09/08/2026 04:17:51] FASTIFY: incoming request
[09/08/2026 04:17:51] Xayling GET /clim/status
[09/08/2026 04:17:55] FASTIFY: request completed
[09/08/2026 04:18:51] FASTIFY: incoming request
[09/08/2026 04:18:51] Xayling GET /clim/status
[09/08/2026 04:18:54] FASTIFY: request completed
[09/08/2026 04:19:41] FASTIFY: incoming request
[09/08/2026 04:19:41] Xayling GET /clim/status
[09/08/2026 04:19:41] FASTIFY: incoming request
[09/08/2026 04:19:41] FASTIFY: request completed
[09/08/2026 04:19:44] FASTIFY: request completed
[09/08/2026 04:19:51] FASTIFY: incoming request
[09/08/2026 04:19:51] Xayling GET /clim/status
[09/08/2026 04:19:54] FASTIFY: request completed
[09/08/2026 04:20:00] SID Qus-gpv1vdx10ovF
[09/08/2026 04:20:01] SID ScjBXjHJnDaJHjXo
[09/08/2026 04:20:01] FASTIFY: incoming request
[09/08/2026 04:20:01] Xayling GET /clim/status
[09/08/2026 04:20:04] FASTIFY: request completed
[09/08/2026 04:20:11] FASTIFY: incoming request
[09/08/2026 04:20:11] Xayling GET /clim/status
[09/08/2026 04:20:14] FASTIFY: request completed
[09/08/2026 04:20:21] FASTIFY: incoming request
[09/08/2026 04:20:21] Xayling GET /clim/status
[09/08/2026 04:20:24] FASTIFY: request completed
[09/08/2026 04:20:31] FASTIFY: incoming request
[09/08/2026 04:20:31] Xayling GET /clim/status
[09/08/2026 04:20:34] FASTIFY: request completed
[09/08/2026 04:20:41] FASTIFY: incoming request
[09/08/2026 04:20:41] Xayling GET /clim/status
[09/08/2026 04:20:54] FASTIFY: err is not defined
[09/08/2026 04:20:54] FASTIFY: request completed
[09/08/2026 04:20:54] FASTIFY: incoming request
[09/08/2026 04:20:54] Xayling GET /clim/status
[09/08/2026 04:20:57] FASTIFY: request completed
[09/08/2026 04:21:51] FASTIFY: incoming request
[09/08/2026 04:21:51] Xayling GET /clim/status
[09/08/2026 04:21:54] FASTIFY: request completed
[09/08/2026 04:22:51] FASTIFY: incoming request
[09/08/2026 04:22:51] Xayling GET /clim/status
[09/08/2026 04:22:54] FASTIFY: request completed
[09/08/2026 04:23:42] FASTIFY: incoming request
[09/08/2026 04:23:42] Xayling GET /clim/status
[09/08/2026 04:23:42] FASTIFY: incoming request
[09/08/2026 04:23:42] FASTIFY: request completed
[09/08/2026 04:23:49] FASTIFY: request completed
[09/08/2026 04:23:52] FASTIFY: incoming request
[09/08/2026 04:23:52] Xayling GET /clim/status
[09/08/2026 04:23:55] FASTIFY: request completed
[09/08/2026 04:24:02] FASTIFY: incoming request
[09/08/2026 04:24:02] Xayling GET /clim/status
[09/08/2026 04:24:05] FASTIFY: request completed
[09/08/2026 04:24:12] FASTIFY: incoming request
[09/08/2026 04:24:12] Xayling GET /clim/status
[09/08/2026 04:24:19] FASTIFY: request completed
[09/08/2026 04:24:22] FASTIFY: incoming request
[09/08/2026 04:24:22] Xayling GET /clim/status
[09/08/2026 04:24:26] FASTIFY: request completed
[09/08/2026 04:24:32] FASTIFY: incoming request
[09/08/2026 04:24:32] Xayling GET /clim/status
[09/08/2026 04:24:39] FASTIFY: request completed
[09/08/2026 04:24:42] FASTIFY: incoming request
[09/08/2026 04:24:42] Xayling GET /clim/status
[09/08/2026 04:24:45] FASTIFY: request completed
[09/08/2026 04:24:52] FASTIFY: incoming request
[09/08/2026 04:24:52] Xayling GET /clim/status
[09/08/2026 04:24:55] FASTIFY: request completed
[09/08/2026 04:25:00] SID ScjBXjHJnDaJHjXo
[09/08/2026 04:25:01] SID wK88CqNV5UfVwqN9
[09/08/2026 04:25:51] FASTIFY: incoming request
[09/08/2026 04:25:51] Xayling GET /clim/status
[09/08/2026 04:25:54] FASTIFY: request completed
[09/08/2026 04:26:51] FASTIFY: incoming request
[09/08/2026 04:26:51] Xayling GET /clim/status
[09/08/2026 04:26:55] FASTIFY: request completed
[09/08/2026 04:27:43] FASTIFY: incoming request
[09/08/2026 04:27:43] Xayling GET /clim/status
[09/08/2026 04:27:43] FASTIFY: incoming request
[09/08/2026 04:27:43] FASTIFY: request completed
[09/08/2026 04:27:46] FASTIFY: request completed
[09/08/2026 04:27:53] FASTIFY: incoming request
[09/08/2026 04:27:53] Xayling GET /clim/status
[09/08/2026 04:27:56] FASTIFY: request completed
[09/08/2026 04:28:03] FASTIFY: incoming request
[09/08/2026 04:28:03] Xayling GET /clim/status
[09/08/2026 04:28:06] FASTIFY: request completed
[09/08/2026 04:28:13] FASTIFY: incoming request
[09/08/2026 04:28:13] Xayling GET /clim/status
[09/08/2026 04:28:16] FASTIFY: request completed
[09/08/2026 04:28:23] FASTIFY: incoming request
[09/08/2026 04:28:23] Xayling GET /clim/status
[09/08/2026 04:28:26] FASTIFY: request completed
[09/08/2026 04:28:33] FASTIFY: incoming request
[09/08/2026 04:28:33] Xayling GET /clim/status
[09/08/2026 04:28:40] FASTIFY: request completed
[09/08/2026 04:28:43] FASTIFY: incoming request
[09/08/2026 04:28:43] Xayling GET /clim/status
[09/08/2026 04:28:47] FASTIFY: request completed
[09/08/2026 04:28:53] FASTIFY: incoming request
[09/08/2026 04:28:53] Xayling GET /clim/status
[09/08/2026 04:28:56] FASTIFY: request completed
[09/08/2026 04:29:51] FASTIFY: incoming request
[09/08/2026 04:29:51] Xayling GET /clim/status
[09/08/2026 04:29:54] FASTIFY: request completed
[09/08/2026 04:30:00] SID wK88CqNV5UfVwqN9
[09/08/2026 04:30:01] SID 58s_fOFhnjehiNV6
[09/08/2026 04:30:51] FASTIFY: incoming request
[09/08/2026 04:30:51] Xayling GET /clim/status
[09/08/2026 04:30:54] FASTIFY: request completed
[09/08/2026 04:31:44] FASTIFY: incoming request
[09/08/2026 04:31:44] Xayling GET /clim/status
[09/08/2026 04:31:44] FASTIFY: incoming request
[09/08/2026 04:31:44] FASTIFY: request completed
[09/08/2026 04:31:47] FASTIFY: request completed
[09/08/2026 04:31:54] FASTIFY: incoming request
[09/08/2026 04:31:54] Xayling GET /clim/status
[09/08/2026 04:31:57] FASTIFY: request completed
[09/08/2026 04:32:04] FASTIFY: incoming request
[09/08/2026 04:32:04] Xayling GET /clim/status
[09/08/2026 04:32:07] FASTIFY: request completed
[09/08/2026 04:32:14] FASTIFY: incoming request
[09/08/2026 04:32:14] Xayling GET /clim/status
[09/08/2026 04:32:17] FASTIFY: request completed
[09/08/2026 04:32:24] FASTIFY: incoming request
[09/08/2026 04:32:24] Xayling GET /clim/status
[09/08/2026 04:32:27] FASTIFY: request completed
[09/08/2026 04:32:34] FASTIFY: incoming request
[09/08/2026 04:32:34] Xayling GET /clim/status
[09/08/2026 04:32:38] FASTIFY: request completed
[09/08/2026 04:32:44] FASTIFY: incoming request
[09/08/2026 04:32:44] Xayling GET /clim/status
[09/08/2026 04:32:48] FASTIFY: request completed
[09/08/2026 04:32:54] FASTIFY: incoming request
[09/08/2026 04:32:54] Xayling GET /clim/status
[09/08/2026 04:32:57] FASTIFY: request completed
[09/08/2026 04:33:51] FASTIFY: incoming request
[09/08/2026 04:33:51] Xayling GET /clim/status
[09/08/2026 04:34:02] FASTIFY: request completed
[09/08/2026 04:34:51] FASTIFY: incoming request
[09/08/2026 04:34:51] Xayling GET /clim/status
[09/08/2026 04:34:58] FASTIFY: request completed
[09/08/2026 04:35:00] SID 58s_fOFhnjehiNV6
[09/08/2026 04:35:01] SID bPvwmGLlnGdlzFL0
[09/08/2026 04:35:45] FASTIFY: incoming request
[09/08/2026 04:35:45] Xayling GET /clim/status
[09/08/2026 04:35:45] FASTIFY: incoming request
[09/08/2026 04:35:45] FASTIFY: request completed
[09/08/2026 04:35:48] FASTIFY: request completed
[09/08/2026 04:35:55] FASTIFY: incoming request
[09/08/2026 04:35:55] Xayling GET /clim/status
[09/08/2026 04:35:58] FASTIFY: request completed
[09/08/2026 04:36:05] FASTIFY: incoming request
[09/08/2026 04:36:05] Xayling GET /clim/status
[09/08/2026 04:36:08] FASTIFY: request completed
[09/08/2026 04:36:15] FASTIFY: incoming request
[09/08/2026 04:36:15] Xayling GET /clim/status
[09/08/2026 04:36:18] FASTIFY: request completed
[09/08/2026 04:36:25] FASTIFY: incoming request
[09/08/2026 04:36:25] Xayling GET /clim/status
[09/08/2026 04:36:28] FASTIFY: request completed
[09/08/2026 04:36:35] FASTIFY: incoming request
[09/08/2026 04:36:35] Xayling GET /clim/status
[09/08/2026 04:36:38] FASTIFY: request completed
[09/08/2026 04:36:45] FASTIFY: incoming request
[09/08/2026 04:36:45] Xayling GET /clim/status
[09/08/2026 04:36:48] FASTIFY: request completed
[09/08/2026 04:36:55] FASTIFY: incoming request
[09/08/2026 04:36:55] Xayling GET /clim/status
[09/08/2026 04:36:58] FASTIFY: request completed
[09/08/2026 04:37:51] FASTIFY: incoming request
[09/08/2026 04:37:51] Xayling GET /clim/status
[09/08/2026 04:37:58] FASTIFY: request completed
[09/08/2026 04:38:51] FASTIFY: incoming request
[09/08/2026 04:38:51] Xayling GET /clim/status
[09/08/2026 04:38:54] FASTIFY: request completed
[09/08/2026 04:39:03] FASTIFY: incoming request
[09/08/2026 04:39:03] FASTIFY: incoming request
[09/08/2026 04:39:03] Parents GET /clim/status
[09/08/2026 04:39:03] FASTIFY: request completed
[09/08/2026 04:39:06] FASTIFY: request completed
[09/08/2026 04:39:07] FASTIFY: incoming request
[09/08/2026 04:39:07] Parents PUT /clim/set
[09/08/2026 04:39:13] FASTIFY: incoming request
[09/08/2026 04:39:13] Parents GET /clim/status
[09/08/2026 04:39:15] FASTIFY: request completed
[09/08/2026 04:39:19] FASTIFY: request completed
[09/08/2026 04:39:19] FASTIFY: incoming request
[09/08/2026 04:39:19] Parents GET /clim/status
[09/08/2026 04:39:26] FASTIFY: request completed
[09/08/2026 04:39:26] FASTIFY: incoming request
[09/08/2026 04:39:26] Parents GET /clim/status
[09/08/2026 04:39:29] FASTIFY: request completed
[09/08/2026 04:39:33] FASTIFY: incoming request
[09/08/2026 04:39:33] Parents GET /clim/status
[09/08/2026 04:39:36] FASTIFY: request completed
[09/08/2026 04:39:43] FASTIFY: incoming request
[09/08/2026 04:39:43] Parents GET /clim/status
[09/08/2026 04:39:46] FASTIFY: incoming request
[09/08/2026 04:39:46] FASTIFY: incoming request
[09/08/2026 04:39:46] Xayling GET /clim/status
[09/08/2026 04:39:46] FASTIFY: request completed
[09/08/2026 04:39:46] FASTIFY: request completed
[09/08/2026 04:39:48] FASTIFY: request completed
[09/08/2026 04:39:53] FASTIFY: incoming request
[09/08/2026 04:39:53] Parents GET /clim/status
[09/08/2026 04:39:55] FASTIFY: request completed
[09/08/2026 04:39:56] FASTIFY: incoming request
[09/08/2026 04:39:56] Xayling GET /clim/status
[09/08/2026 04:39:59] FASTIFY: request completed
[09/08/2026 04:40:00] SID bPvwmGLlnGdlzFL0
[09/08/2026 04:40:02] SID idiFMjQTmuLTligu
[09/08/2026 04:40:03] FASTIFY: incoming request
[09/08/2026 04:40:03] Parents GET /clim/status
[09/08/2026 04:40:06] FASTIFY: request completed
[09/08/2026 04:40:06] FASTIFY: incoming request
[09/08/2026 04:40:06] Xayling GET /clim/status
[09/08/2026 04:40:09] FASTIFY: request completed
[09/08/2026 04:40:13] FASTIFY: incoming request
[09/08/2026 04:40:13] Parents GET /clim/status
[09/08/2026 04:40:15] FASTIFY: request completed
[09/08/2026 04:40:16] FASTIFY: incoming request
[09/08/2026 04:40:16] Xayling GET /clim/status
[09/08/2026 04:40:19] FASTIFY: request completed
[09/08/2026 04:40:23] FASTIFY: incoming request
[09/08/2026 04:40:23] Parents GET /clim/status
[09/08/2026 04:40:26] FASTIFY: request completed
[09/08/2026 04:40:26] FASTIFY: incoming request
[09/08/2026 04:40:26] Xayling GET /clim/status
[09/08/2026 04:40:34] FASTIFY: request completed
[09/08/2026 04:40:36] FASTIFY: incoming request
[09/08/2026 04:40:36] Xayling GET /clim/status
[09/08/2026 04:40:39] FASTIFY: request completed
[09/08/2026 04:40:46] FASTIFY: incoming request
[09/08/2026 04:40:46] Xayling GET /clim/status
[09/08/2026 04:40:49] FASTIFY: request completed
[09/08/2026 04:40:56] FASTIFY: incoming request
[09/08/2026 04:40:56] Xayling GET /clim/status
[09/08/2026 04:40:59] FASTIFY: request completed
[09/08/2026 04:41:51] FASTIFY: incoming request
[09/08/2026 04:41:51] Xayling GET /clim/status
[09/08/2026 04:41:54] FASTIFY: request completed
[09/08/2026 04:42:51] FASTIFY: incoming request
[09/08/2026 04:42:51] Xayling GET /clim/status
[09/08/2026 04:42:54] FASTIFY: request completed
[09/08/2026 04:43:47] FASTIFY: incoming request
[09/08/2026 04:43:47] Xayling GET /clim/status
[09/08/2026 04:43:47] FASTIFY: incoming request
[09/08/2026 04:43:47] FASTIFY: request completed
[09/08/2026 04:43:50] FASTIFY: request completed
[09/08/2026 04:43:57] FASTIFY: incoming request
[09/08/2026 04:43:57] Xayling GET /clim/status
[09/08/2026 04:44:00] FASTIFY: request completed
[09/08/2026 04:44:07] FASTIFY: incoming request
[09/08/2026 04:44:07] Xayling GET /clim/status
[09/08/2026 04:44:10] FASTIFY: request completed
[09/08/2026 04:44:17] FASTIFY: incoming request
[09/08/2026 04:44:17] Xayling GET /clim/status
[09/08/2026 04:44:20] FASTIFY: request completed
[09/08/2026 04:44:27] FASTIFY: incoming request
[09/08/2026 04:44:27] Xayling GET /clim/status
[09/08/2026 04:44:30] FASTIFY: request completed
[09/08/2026 04:44:37] FASTIFY: incoming request
[09/08/2026 04:44:37] Xayling GET /clim/status
[09/08/2026 04:44:45] FASTIFY: request completed
[09/08/2026 04:44:47] FASTIFY: incoming request
[09/08/2026 04:44:47] Xayling GET /clim/status
[09/08/2026 04:44:50] FASTIFY: request completed
[09/08/2026 04:44:57] FASTIFY: incoming request
[09/08/2026 04:44:57] Xayling GET /clim/status
[09/08/2026 04:45:00] SID idiFMjQTmuLTligu
[09/08/2026 04:45:00] FASTIFY: request completed
[09/08/2026 04:45:02] SID NkO2sdmgHtxgrdmG
[09/08/2026 04:45:51] FASTIFY: incoming request
[09/08/2026 04:45:51] Xayling GET /clim/status
[09/08/2026 04:45:59] FASTIFY: request completed
[09/08/2026 04:46:51] FASTIFY: incoming request
[09/08/2026 04:46:51] Xayling GET /clim/status
[09/08/2026 04:46:54] FASTIFY: request completed
[09/08/2026 04:47:48] FASTIFY: incoming request
[09/08/2026 04:47:48] Xayling GET /clim/status
[09/08/2026 04:47:48] FASTIFY: incoming request
[09/08/2026 04:47:48] FASTIFY: request completed
[09/08/2026 04:47:50] FASTIFY: request completed
[09/08/2026 04:47:58] FASTIFY: incoming request
[09/08/2026 04:47:58] Xayling GET /clim/status
[09/08/2026 04:48:01] FASTIFY: request completed
[09/08/2026 04:48:08] FASTIFY: incoming request
[09/08/2026 04:48:08] Xayling GET /clim/status
[09/08/2026 04:48:16] FASTIFY: request completed
[09/08/2026 04:48:18] FASTIFY: incoming request
[09/08/2026 04:48:18] Xayling GET /clim/status
[09/08/2026 04:48:21] FASTIFY: request completed
[09/08/2026 04:48:28] FASTIFY: incoming request
[09/08/2026 04:48:28] Xayling GET /clim/status
[09/08/2026 04:48:31] FASTIFY: request completed
[09/08/2026 04:48:38] FASTIFY: incoming request
[09/08/2026 04:48:38] Xayling GET /clim/status
[09/08/2026 04:48:42] FASTIFY: request completed
[09/08/2026 04:48:48] FASTIFY: incoming request
[09/08/2026 04:48:48] Xayling GET /clim/status
[09/08/2026 04:48:51] FASTIFY: request completed
[09/08/2026 04:48:58] FASTIFY: incoming request
[09/08/2026 04:48:58] Xayling GET /clim/status
[09/08/2026 04:49:02] FASTIFY: request completed
[09/08/2026 04:49:51] FASTIFY: incoming request
[09/08/2026 04:49:51] Xayling GET /clim/status
[09/08/2026 04:49:54] FASTIFY: request completed
[09/08/2026 04:50:00] SID NkO2sdmgHtxgrdmG
[09/08/2026 04:50:00] SID beppmFf4PFB4LEPE
[09/08/2026 04:50:51] FASTIFY: incoming request
[09/08/2026 04:50:51] Xayling GET /clim/status
[09/08/2026 04:50:54] FASTIFY: request completed
[09/08/2026 04:51:49] FASTIFY: incoming request
[09/08/2026 04:51:49] Xayling GET /clim/status
[09/08/2026 04:51:49] FASTIFY: incoming request
[09/08/2026 04:51:49] FASTIFY: request completed
[09/08/2026 04:51:51] FASTIFY: request completed
[09/08/2026 04:51:59] FASTIFY: incoming request
[09/08/2026 04:51:59] Xayling GET /clim/status
[09/08/2026 04:52:02] FASTIFY: request completed
[09/08/2026 04:52:09] FASTIFY: incoming request
[09/08/2026 04:52:09] Xayling GET /clim/status
[09/08/2026 04:52:12] FASTIFY: request completed
[09/08/2026 04:52:19] FASTIFY: incoming request
[09/08/2026 04:52:19] Xayling GET /clim/status
[09/08/2026 04:52:22] FASTIFY: request completed
[09/08/2026 04:52:29] FASTIFY: incoming request
[09/08/2026 04:52:29] Xayling GET /clim/status
[09/08/2026 04:52:32] FASTIFY: request completed
[09/08/2026 04:52:39] FASTIFY: incoming request
[09/08/2026 04:52:39] Xayling GET /clim/status
[09/08/2026 04:52:51] FASTIFY: err is not defined
[09/08/2026 04:52:51] FASTIFY: request completed
[09/08/2026 04:52:51] FASTIFY: incoming request
[09/08/2026 04:52:51] Xayling GET /clim/status
[09/08/2026 04:52:54] FASTIFY: request completed
[09/08/2026 04:52:59] FASTIFY: incoming request
[09/08/2026 04:52:59] Xayling GET /clim/status
[09/08/2026 04:53:03] FASTIFY: request completed
[09/08/2026 04:53:51] FASTIFY: incoming request
[09/08/2026 04:53:51] Xayling GET /clim/status
[09/08/2026 04:53:54] FASTIFY: request completed
[09/08/2026 04:54:51] FASTIFY: incoming request
[09/08/2026 04:54:51] Xayling GET /clim/status
[09/08/2026 04:54:54] FASTIFY: request completed
[09/08/2026 04:55:00] SID beppmFf4PFB4LEPE
[09/08/2026 04:55:05] SID y8gPwg14Hck4PglR
[09/08/2026 04:55:50] FASTIFY: incoming request
[09/08/2026 04:55:50] Xayling GET /clim/status
[09/08/2026 04:55:50] FASTIFY: incoming request
[09/08/2026 04:55:50] FASTIFY: request completed
[09/08/2026 04:55:53] FASTIFY: request completed
[09/08/2026 04:56:00] FASTIFY: incoming request
[09/08/2026 04:56:00] Xayling GET /clim/status
[09/08/2026 04:56:03] FASTIFY: request completed
[09/08/2026 04:56:10] FASTIFY: incoming request
[09/08/2026 04:56:10] Xayling GET /clim/status
[09/08/2026 04:56:13] FASTIFY: request completed
[09/08/2026 04:56:20] FASTIFY: incoming request
[09/08/2026 04:56:20] Xayling GET /clim/status
[09/08/2026 04:56:23] FASTIFY: request completed
[09/08/2026 04:56:30] FASTIFY: incoming request
[09/08/2026 04:56:30] Xayling GET /clim/status
[09/08/2026 04:56:33] FASTIFY: request completed
[09/08/2026 04:56:40] FASTIFY: incoming request
[09/08/2026 04:56:40] Xayling GET /clim/status
[09/08/2026 04:56:43] FASTIFY: request completed
[09/08/2026 04:56:50] FASTIFY: incoming request
[09/08/2026 04:56:50] Xayling GET /clim/status
[09/08/2026 04:56:53] FASTIFY: request completed
[09/08/2026 04:57:01] FASTIFY: incoming request
[09/08/2026 04:57:01] Xayling GET /clim/status
[09/08/2026 04:57:04] FASTIFY: request completed
[09/08/2026 04:57:51] FASTIFY: incoming request
[09/08/2026 04:57:51] Xayling GET /clim/status
[09/08/2026 04:57:54] FASTIFY: request completed
[09/08/2026 04:58:51] FASTIFY: incoming request
[09/08/2026 04:58:51] Xayling GET /clim/status
[09/08/2026 04:58:54] FASTIFY: request completed
[09/08/2026 04:59:51] FASTIFY: incoming request
[09/08/2026 04:59:51] Xayling GET /clim/status
[09/08/2026 04:59:51] FASTIFY: incoming request
[09/08/2026 04:59:51] FASTIFY: request completed
[09/08/2026 04:59:54] FASTIFY: request completed
[09/08/2026 05:00:00] SID y8gPwg14Hck4PglR
[09/08/2026 05:00:01] FASTIFY: incoming request
[09/08/2026 05:00:01] Xayling GET /clim/status
[09/08/2026 05:00:02] SID BfvxksaPHPFPQvqU
[09/08/2026 05:00:08] FASTIFY: request completed
[09/08/2026 05:00:11] FASTIFY: incoming request
[09/08/2026 05:00:11] Xayling GET /clim/status
[09/08/2026 05:00:18] FASTIFY: request completed
[09/08/2026 05:00:21] FASTIFY: incoming request
[09/08/2026 05:00:21] Xayling GET /clim/status
[09/08/2026 05:00:24] FASTIFY: request completed
[09/08/2026 05:00:31] FASTIFY: incoming request
[09/08/2026 05:00:31] Xayling GET /clim/status
[09/08/2026 05:00:34] FASTIFY: request completed
[09/08/2026 05:00:41] FASTIFY: incoming request
[09/08/2026 05:00:41] Xayling GET /clim/status
[09/08/2026 05:00:44] FASTIFY: request completed
[09/08/2026 05:00:51] FASTIFY: incoming request
[09/08/2026 05:00:51] Xayling GET /clim/status
[09/08/2026 05:00:54] FASTIFY: request completed
[09/08/2026 05:01:01] FASTIFY: incoming request
[09/08/2026 05:01:01] Xayling GET /clim/status
[09/08/2026 05:01:08] FASTIFY: request completed
[09/08/2026 05:01:51] FASTIFY: incoming request
[09/08/2026 05:01:51] Xayling GET /clim/status
[09/08/2026 05:01:54] FASTIFY: request completed
[09/08/2026 05:02:51] FASTIFY: incoming request
[09/08/2026 05:02:51] Xayling GET /clim/status
[09/08/2026 05:02:54] FASTIFY: request completed
[09/08/2026 05:03:51] FASTIFY: incoming request
[09/08/2026 05:03:51] Xayling GET /clim/status
[09/08/2026 05:03:54] FASTIFY: request completed
[09/08/2026 05:04:51] FASTIFY: incoming request
[09/08/2026 05:04:51] Xayling GET /clim/status
[09/08/2026 05:04:52] FASTIFY: incoming request
[09/08/2026 05:04:52] FASTIFY: incoming request
[09/08/2026 05:04:52] Xayling GET /clim/status
[09/08/2026 05:04:52] FASTIFY: request completed
[09/08/2026 05:04:56] FASTIFY: request completed
[09/08/2026 05:05:00] SID BfvxksaPHPFPQvqU
[09/08/2026 05:05:02] FASTIFY: incoming request
[09/08/2026 05:05:02] Xayling GET /clim/status
[09/08/2026 05:05:05] SID adrhJBDQX7TQuCzP
[09/08/2026 05:05:05] FASTIFY: request completed
[09/08/2026 05:05:12] FASTIFY: incoming request
[09/08/2026 05:05:12] Xayling GET /clim/status
[09/08/2026 05:05:16] FASTIFY: request completed
[09/08/2026 05:05:22] FASTIFY: incoming request
[09/08/2026 05:05:22] Xayling GET /clim/status
[09/08/2026 05:05:26] FASTIFY: request completed
[09/08/2026 05:05:32] FASTIFY: incoming request
[09/08/2026 05:05:32] Xayling GET /clim/status
[09/08/2026 05:05:35] FASTIFY: request completed
[09/08/2026 05:05:42] FASTIFY: incoming request
[09/08/2026 05:05:42] Xayling GET /clim/status
[09/08/2026 05:05:45] FASTIFY: request completed
[09/08/2026 05:05:52] FASTIFY: incoming request
[09/08/2026 05:05:52] Xayling GET /clim/status
[09/08/2026 05:05:55] FASTIFY: request completed
[09/08/2026 05:06:02] FASTIFY: incoming request
[09/08/2026 05:06:02] Xayling GET /clim/status
[09/08/2026 05:06:06] FASTIFY: request completed
[09/08/2026 05:06:51] FASTIFY: incoming request
[09/08/2026 05:06:51] Xayling GET /clim/status
[09/08/2026 05:06:54] FASTIFY: request completed
[09/08/2026 05:07:51] FASTIFY: incoming request
[09/08/2026 05:07:51] Xayling GET /clim/status
[09/08/2026 05:07:54] FASTIFY: request completed
[09/08/2026 05:08:51] FASTIFY: incoming request
[09/08/2026 05:08:51] Xayling GET /clim/status
[09/08/2026 05:08:55] FASTIFY: request completed
[09/08/2026 05:09:51] FASTIFY: incoming request
[09/08/2026 05:09:51] Xayling GET /clim/status
[09/08/2026 05:09:54] FASTIFY: request completed
[09/08/2026 05:10:00] SID adrhJBDQX7TQuCzP
[09/08/2026 05:10:00] SID sfpp2a4IfEsIMbIw
[09/08/2026 05:10:51] FASTIFY: incoming request
[09/08/2026 05:10:52] Xayling GET /clim/status
[09/08/2026 05:10:52] FASTIFY: incoming request
[09/08/2026 05:10:52] FASTIFY: incoming request
[09/08/2026 05:10:52] Xayling GET /clim/status
[09/08/2026 05:10:52] FASTIFY: request completed
[09/08/2026 05:10:56] FASTIFY: request completed
[09/08/2026 05:11:02] FASTIFY: incoming request
[09/08/2026 05:11:02] Xayling GET /clim/status
[09/08/2026 05:11:06] FASTIFY: request completed
[09/08/2026 05:11:12] FASTIFY: incoming request
[09/08/2026 05:11:12] Xayling GET /clim/status
[09/08/2026 05:11:15] FASTIFY: request completed
[09/08/2026 05:11:22] FASTIFY: incoming request
[09/08/2026 05:11:22] Xayling GET /clim/status
[09/08/2026 05:11:25] FASTIFY: request completed
[09/08/2026 05:11:32] FASTIFY: incoming request
[09/08/2026 05:11:32] Xayling GET /clim/status
[09/08/2026 05:11:39] FASTIFY: request completed
[09/08/2026 05:11:42] FASTIFY: incoming request
[09/08/2026 05:11:42] Xayling GET /clim/status
[09/08/2026 05:11:45] FASTIFY: request completed
[09/08/2026 05:11:52] FASTIFY: incoming request
[09/08/2026 05:11:52] Xayling GET /clim/status
[09/08/2026 05:11:55] FASTIFY: request completed
[09/08/2026 05:12:02] FASTIFY: incoming request
[09/08/2026 05:12:02] Xayling GET /clim/status
[09/08/2026 05:12:06] FASTIFY: request completed
[09/08/2026 05:12:51] FASTIFY: incoming request
[09/08/2026 05:12:51] Xayling GET /clim/status
[09/08/2026 05:12:54] FASTIFY: request completed
[09/08/2026 05:13:51] FASTIFY: incoming request
[09/08/2026 05:13:51] Xayling GET /clim/status
[09/08/2026 05:13:55] FASTIFY: request completed
[09/08/2026 05:14:51] FASTIFY: incoming request
[09/08/2026 05:14:51] Xayling GET /clim/status
[09/08/2026 05:14:58] FASTIFY: request completed
[09/08/2026 05:15:00] SID sfpp2a4IfEsIMbIw
[09/08/2026 05:15:02] SID PGFYtWOdkrddEW-2
[09/08/2026 05:15:51] FASTIFY: incoming request
[09/08/2026 05:15:51] Xayling GET /clim/status
[09/08/2026 05:15:54] FASTIFY: request completed
[09/08/2026 05:16:51] FASTIFY: incoming request
[09/08/2026 05:16:51] Xayling GET /clim/status
[09/08/2026 05:16:52] FASTIFY: incoming request
[09/08/2026 05:16:52] FASTIFY: incoming request
[09/08/2026 05:16:52] Xayling GET /clim/status
[09/08/2026 05:16:52] FASTIFY: request completed
[09/08/2026 05:16:55] FASTIFY: request completed
[09/08/2026 05:17:02] FASTIFY: incoming request
[09/08/2026 05:17:02] Xayling GET /clim/status
[09/08/2026 05:17:05] FASTIFY: request completed
[09/08/2026 05:17:12] FASTIFY: incoming request
[09/08/2026 05:17:12] Xayling GET /clim/status
[09/08/2026 05:17:20] FASTIFY: request completed
[09/08/2026 05:17:22] FASTIFY: incoming request
[09/08/2026 05:17:22] Xayling GET /clim/status
[09/08/2026 05:17:25] FASTIFY: request completed
[09/08/2026 05:17:32] FASTIFY: incoming request
[09/08/2026 05:17:32] Xayling GET /clim/status
[09/08/2026 05:17:39] FASTIFY: request completed
[09/08/2026 05:17:42] FASTIFY: incoming request
[09/08/2026 05:17:42] Xayling GET /clim/status
[09/08/2026 05:17:45] FASTIFY: request completed
[09/08/2026 05:17:52] FASTIFY: incoming request
[09/08/2026 05:17:52] Xayling GET /clim/status
[09/08/2026 05:17:55] FASTIFY: request completed
[09/08/2026 05:18:02] FASTIFY: incoming request
[09/08/2026 05:18:02] Xayling GET /clim/status
[09/08/2026 05:18:05] FASTIFY: request completed
[09/08/2026 05:18:51] FASTIFY: incoming request
[09/08/2026 05:18:51] Xayling GET /clim/status
[09/08/2026 05:18:54] FASTIFY: request completed
[09/08/2026 05:19:51] FASTIFY: incoming request
[09/08/2026 05:19:51] Xayling GET /clim/status
[09/08/2026 05:19:58] FASTIFY: request completed
[09/08/2026 05:20:00] SID PGFYtWOdkrddEW-2
[09/08/2026 05:20:01] SID L8t7DEGpAQXpVFWd
[09/08/2026 05:20:51] FASTIFY: incoming request
[09/08/2026 05:20:51] Xayling GET /clim/status
[09/08/2026 05:20:54] FASTIFY: request completed
[09/08/2026 05:21:51] FASTIFY: incoming request
[09/08/2026 05:21:51] Xayling GET /clim/status
[09/08/2026 05:21:52] FASTIFY: incoming request
[09/08/2026 05:21:52] FASTIFY: incoming request
[09/08/2026 05:21:52] Xayling GET /clim/status
[09/08/2026 05:21:52] FASTIFY: request completed
[09/08/2026 05:21:59] FASTIFY: request completed
[09/08/2026 05:22:02] FASTIFY: incoming request
[09/08/2026 05:22:02] Xayling GET /clim/status
[09/08/2026 05:22:05] FASTIFY: request completed
[09/08/2026 05:22:12] FASTIFY: incoming request
[09/08/2026 05:22:12] Xayling GET /clim/status
[09/08/2026 05:22:16] FASTIFY: request completed
[09/08/2026 05:22:22] FASTIFY: incoming request
[09/08/2026 05:22:22] Xayling GET /clim/status
[09/08/2026 05:22:25] FASTIFY: request completed
[09/08/2026 05:22:32] FASTIFY: incoming request
[09/08/2026 05:22:32] Xayling GET /clim/status
[09/08/2026 05:22:35] FASTIFY: request completed
[09/08/2026 05:22:42] FASTIFY: incoming request
[09/08/2026 05:22:42] Xayling GET /clim/status
[09/08/2026 05:22:45] FASTIFY: request completed
[09/08/2026 05:22:52] FASTIFY: incoming request
[09/08/2026 05:22:52] Xayling GET /clim/status
[09/08/2026 05:22:56] FASTIFY: request completed
[09/08/2026 05:23:02] FASTIFY: incoming request
[09/08/2026 05:23:02] Xayling GET /clim/status
[09/08/2026 05:23:05] FASTIFY: request completed
[09/08/2026 05:23:51] FASTIFY: incoming request
[09/08/2026 05:23:51] Xayling GET /clim/status
[09/08/2026 05:23:55] FASTIFY: request completed
[09/08/2026 05:24:51] FASTIFY: incoming request
[09/08/2026 05:24:51] Xayling GET /clim/status
[09/08/2026 05:24:54] FASTIFY: request completed
[09/08/2026 05:25:00] SID L8t7DEGpAQXpVFWd
[09/08/2026 05:25:01] SID uOkcrQcrPxFreRcX
[09/08/2026 05:25:51] FASTIFY: incoming request
[09/08/2026 05:25:51] Xayling GET /clim/status
[09/08/2026 05:25:54] FASTIFY: request completed
[09/08/2026 05:26:51] FASTIFY: incoming request
[09/08/2026 05:26:51] Xayling GET /clim/status
[09/08/2026 05:26:55] FASTIFY: request completed
[09/08/2026 05:27:51] FASTIFY: incoming request
[09/08/2026 05:27:51] Xayling GET /clim/status
[09/08/2026 05:27:55] FASTIFY: request completed
[09/08/2026 05:28:51] FASTIFY: incoming request
[09/08/2026 05:28:51] Xayling GET /clim/status
[09/08/2026 05:28:54] FASTIFY: request completed
[09/08/2026 05:29:51] FASTIFY: incoming request
[09/08/2026 05:29:51] Xayling GET /clim/status
[09/08/2026 05:29:58] FASTIFY: request completed
[09/08/2026 05:30:00] SID uOkcrQcrPxFreRcX
[09/08/2026 05:30:03] SID 5kPydM1RArmRzO1a
[09/08/2026 05:30:09] FASTIFY: Stopping Solar's_Cam platform
[09/08/2026 05:30:09] FASTIFY: Solar's_Cam platform stopped
[09/08/2026 05:30:10] Weather : Already got data
[09/08/2026 05:30:10] FASTIFY: Server listening at http://127.0.0.1:3000
[09/08/2026 05:30:10] FASTIFY: Server listening at http://172.24.0.5:3000
[09/08/2026 05:30:13] Clim connectée: 31885837213310 | temp: 15.5 °C
[09/08/2026 05:30:52] FASTIFY: incoming request
[09/08/2026 05:30:52] Xayling GET /clim/status
[09/08/2026 05:30:52] FASTIFY: incoming request
[09/08/2026 05:30:52] FASTIFY: incoming request
[09/08/2026 05:30:52] Xayling GET /clim/status
[09/08/2026 05:30:52] FASTIFY: request completed
[09/08/2026 05:30:56] FASTIFY: request completed
[09/08/2026 05:31:02] FASTIFY: incoming request
[09/08/2026 05:31:02] Xayling GET /clim/status
[09/08/2026 05:31:05] FASTIFY: request completed
[09/08/2026 05:31:12] FASTIFY: incoming request
[09/08/2026 05:31:12] Xayling GET /clim/status
[09/08/2026 05:31:15] FASTIFY: request completed
[09/08/2026 05:31:22] FASTIFY: incoming request
[09/08/2026 05:31:22] Xayling GET /clim/status
[09/08/2026 05:31:25] FASTIFY: request completed
[09/08/2026 05:31:32] FASTIFY: incoming request
[09/08/2026 05:31:32] Xayling GET /clim/status
[09/08/2026 05:31:35] FASTIFY: request completed
[09/08/2026 05:31:42] FASTIFY: incoming request
[09/08/2026 05:31:42] Xayling GET /clim/status
[09/08/2026 05:31:46] FASTIFY: request completed
[09/08/2026 05:31:52] FASTIFY: incoming request
[09/08/2026 05:31:52] Xayling GET /clim/status
[09/08/2026 05:31:55] FASTIFY: request completed
[09/08/2026 05:32:02] FASTIFY: incoming request
[09/08/2026 05:32:02] Xayling GET /clim/status
[09/08/2026 05:32:05] FASTIFY: request completed
[09/08/2026 05:32:51] FASTIFY: incoming request
[09/08/2026 05:32:51] Xayling GET /clim/status
[09/08/2026 05:32:54] FASTIFY: request completed
[09/08/2026 05:33:51] FASTIFY: incoming request
[09/08/2026 05:33:51] Xayling GET /clim/status
[09/08/2026 05:33:54] FASTIFY: request completed
[09/08/2026 05:34:20] FASTIFY: Stopping Solar's_Cam platform
[09/08/2026 05:34:20] FASTIFY: Solar's_Cam platform stopped
[09/08/2026 05:34:21] Weather : Already got data
[09/08/2026 05:34:21] FASTIFY: Server listening at http://127.0.0.1:3000
[09/08/2026 05:34:21] FASTIFY: Server listening at http://172.24.0.5:3000
[09/08/2026 05:34:24] Clim connectée: 31885837213310 | temp: 15.5 °C
[09/08/2026 05:34:51] FASTIFY: incoming request
[09/08/2026 05:34:52] Xayling GET /clim/status
[09/08/2026 05:34:58] FASTIFY: request completed
[09/08/2026 05:35:00] SID null
[09/08/2026 05:35:00] SID Vvqmp9rWP7xWv-7H
[09/08/2026 05:35:51] FASTIFY: incoming request
[09/08/2026 05:35:51] Xayling GET /clim/status
[09/08/2026 05:35:55] FASTIFY: request completed
[09/08/2026 05:36:51] FASTIFY: incoming request
[09/08/2026 05:36:51] Xayling GET /clim/status
[09/08/2026 05:36:55] FASTIFY: request completed
[09/08/2026 05:37:51] FASTIFY: incoming request
[09/08/2026 05:37:51] Xayling GET /clim/status
[09/08/2026 05:37:55] FASTIFY: request completed
[09/08/2026 05:38:12] FASTIFY: Stopping Solar's_Cam platform
[09/08/2026 05:38:12] FASTIFY: Solar's_Cam platform stopped
[09/08/2026 05:38:13] Weather : Already got data
[09/08/2026 05:38:13] FASTIFY: Server listening at http://127.0.0.1:3000
[09/08/2026 05:38:13] FASTIFY: Server listening at http://172.24.0.5:3000
[09/08/2026 05:38:16] Clim connectée: 31885837213310 | temp: 16.0 °C
[09/08/2026 05:38:51] FASTIFY: incoming request
[09/08/2026 05:38:52] Xayling GET /clim/status
[09/08/2026 05:38:58] FASTIFY: request completed
[09/08/2026 05:39:51] FASTIFY: incoming request
[09/08/2026 05:39:51] Xayling GET /clim/status
[09/08/2026 05:39:54] FASTIFY: request completed
[09/08/2026 05:40:00] SID null
[09/08/2026 05:40:03] SID hBVYfuAXBjeXquQ6
[09/08/2026 05:40:51] FASTIFY: incoming request
[09/08/2026 05:40:51] Xayling GET /clim/status
[09/08/2026 05:40:54] FASTIFY: request completed
[09/08/2026 05:41:51] FASTIFY: incoming request
[09/08/2026 05:41:52] Xayling GET /clim/status
[09/08/2026 05:41:52] FASTIFY: incoming request
[09/08/2026 05:41:52] FASTIFY: incoming request
[09/08/2026 05:41:52] Xayling GET /clim/status
[09/08/2026 05:41:52] FASTIFY: request completed
[09/08/2026 05:41:55] FASTIFY: request completed
[09/08/2026 05:42:02] FASTIFY: incoming request
[09/08/2026 05:42:02] Xayling GET /clim/status
[09/08/2026 05:42:05] FASTIFY: request completed
[09/08/2026 05:42:12] FASTIFY: incoming request
[09/08/2026 05:42:12] Xayling GET /clim/status
[09/08/2026 05:42:15] FASTIFY: request completed
[09/08/2026 05:42:22] FASTIFY: incoming request
[09/08/2026 05:42:22] Xayling GET /clim/status
[09/08/2026 05:42:25] FASTIFY: request completed
[09/08/2026 05:42:32] FASTIFY: incoming request
[09/08/2026 05:42:32] Xayling GET /clim/status
[09/08/2026 05:42:36] FASTIFY: request completed
[09/08/2026 05:42:42] FASTIFY: incoming request
[09/08/2026 05:42:42] Xayling GET /clim/status
[09/08/2026 05:42:45] FASTIFY: request completed
[09/08/2026 05:42:52] FASTIFY: incoming request
[09/08/2026 05:42:52] Xayling GET /clim/status
[09/08/2026 05:42:56] FASTIFY: request completed
[09/08/2026 05:43:02] FASTIFY: incoming request
[09/08/2026 05:43:02] Xayling GET /clim/status
[09/08/2026 05:43:05] FASTIFY: request completed
[09/08/2026 05:43:51] FASTIFY: incoming request
[09/08/2026 05:43:51] Xayling GET /clim/status
[09/08/2026 05:43:54] FASTIFY: request completed
[09/08/2026 05:44:51] FASTIFY: incoming request
[09/08/2026 05:44:51] Xayling GET /clim/status
[09/08/2026 05:44:54] FASTIFY: request completed
[09/08/2026 05:45:00] SID hBVYfuAXBjeXquQ6
[09/08/2026 05:45:00] SID wryG2o5nRGknopJQ
[09/08/2026 05:45:51] FASTIFY: incoming request
[09/08/2026 05:45:51] Xayling GET /clim/status
[09/08/2026 05:45:54] FASTIFY: request completed
[09/08/2026 05:46:51] FASTIFY: incoming request
[09/08/2026 05:46:51] Xayling GET /clim/status
[09/08/2026 05:46:54] FASTIFY: request completed
[09/08/2026 05:47:52] FASTIFY: incoming request
[09/08/2026 05:47:52] Xayling GET /clim/status
[09/08/2026 05:47:52] FASTIFY: incoming request
[09/08/2026 05:47:52] FASTIFY: incoming request
[09/08/2026 05:47:52] Xayling GET /clim/status
[09/08/2026 05:47:52] FASTIFY: request completed
[09/08/2026 05:47:55] FASTIFY: request completed
[09/08/2026 05:48:02] FASTIFY: incoming request
[09/08/2026 05:48:02] Xayling GET /clim/status
[09/08/2026 05:48:05] FASTIFY: request completed
[09/08/2026 05:48:12] FASTIFY: incoming request
[09/08/2026 05:48:12] Xayling GET /clim/status
[09/08/2026 05:48:15] FASTIFY: request completed
[09/08/2026 05:48:22] FASTIFY: incoming request
[09/08/2026 05:48:22] Xayling GET /clim/status
[09/08/2026 05:48:25] FASTIFY: request completed
[09/08/2026 05:48:32] FASTIFY: incoming request
[09/08/2026 05:48:32] Xayling GET /clim/status
[09/08/2026 05:48:35] FASTIFY: request completed
[09/08/2026 05:48:42] FASTIFY: incoming request
[09/08/2026 05:48:42] Xayling GET /clim/status
[09/08/2026 05:48:45] FASTIFY: request completed
[09/08/2026 05:48:52] FASTIFY: incoming request
[09/08/2026 05:48:52] Xayling GET /clim/status
[09/08/2026 05:48:55] FASTIFY: request completed
[09/08/2026 05:49:02] FASTIFY: incoming request
[09/08/2026 05:49:02] Xayling GET /clim/status
[09/08/2026 05:49:06] FASTIFY: request completed
[09/08/2026 05:49:51] FASTIFY: incoming request
[09/08/2026 05:49:51] Xayling GET /clim/status
[09/08/2026 05:49:54] FASTIFY: request completed
[09/08/2026 05:50:00] SID wryG2o5nRGknopJQ
[09/08/2026 05:50:00] SID I-lbbLu74y67WIer
[09/08/2026 05:50:51] FASTIFY: incoming request
[09/08/2026 05:50:51] Xayling GET /clim/status
[09/08/2026 05:50:54] FASTIFY: request completed
[09/08/2026 05:51:51] FASTIFY: incoming request
[09/08/2026 05:51:51] Xayling GET /clim/status
[09/08/2026 05:51:54] FASTIFY: request completed
[09/08/2026 05:52:51] FASTIFY: incoming request
[09/08/2026 05:52:51] Xayling GET /clim/status
[09/08/2026 05:52:52] FASTIFY: incoming request
[09/08/2026 05:52:52] FASTIFY: incoming request
[09/08/2026 05:52:52] Xayling GET /clim/status
[09/08/2026 05:52:52] FASTIFY: request completed
[09/08/2026 05:52:55] FASTIFY: request completed
[09/08/2026 05:53:02] FASTIFY: incoming request
[09/08/2026 05:53:02] Xayling GET /clim/status
[09/08/2026 05:53:05] FASTIFY: request completed
[09/08/2026 05:53:12] FASTIFY: incoming request
[09/08/2026 05:53:12] Xayling GET /clim/status
[09/08/2026 05:53:16] FASTIFY: request completed
[09/08/2026 05:53:22] FASTIFY: incoming request
[09/08/2026 05:53:22] Xayling GET /clim/status
[09/08/2026 05:53:26] FASTIFY: request completed
[09/08/2026 05:53:32] FASTIFY: incoming request
[09/08/2026 05:53:32] Xayling GET /clim/status
[09/08/2026 05:53:39] FASTIFY: request completed
[09/08/2026 05:53:42] FASTIFY: incoming request
[09/08/2026 05:53:42] Xayling GET /clim/status
[09/08/2026 05:53:45] FASTIFY: request completed
[09/08/2026 05:53:52] FASTIFY: incoming request
[09/08/2026 05:53:52] Xayling GET /clim/status
[09/08/2026 05:53:56] FASTIFY: request completed
[09/08/2026 05:54:02] FASTIFY: incoming request
[09/08/2026 05:54:02] Xayling GET /clim/status
[09/08/2026 05:54:05] FASTIFY: request completed
[09/08/2026 05:54:51] FASTIFY: incoming request
[09/08/2026 05:54:51] Xayling GET /clim/status
[09/08/2026 05:54:55] FASTIFY: request completed
[09/08/2026 05:55:00] SID I-lbbLu74y67WIer
[09/08/2026 05:55:03] SID gsvyZqk1u7-1so07
[09/08/2026 05:55:51] FASTIFY: incoming request
[09/08/2026 05:55:51] Xayling GET /clim/status
[09/08/2026 05:55:58] FASTIFY: request completed
[09/08/2026 05:56:51] FASTIFY: incoming request
[09/08/2026 05:56:51] Xayling GET /clim/status
[09/08/2026 05:56:55] FASTIFY: request completed
[09/08/2026 05:57:52] FASTIFY: incoming request
[09/08/2026 05:57:52] Xayling GET /clim/status
[09/08/2026 05:57:55] FASTIFY: request completed
[09/08/2026 05:58:51] FASTIFY: incoming request
[09/08/2026 05:58:51] Xayling GET /clim/status
[09/08/2026 05:58:58] FASTIFY: request completed
[09/08/2026 05:59:51] FASTIFY: incoming request
[09/08/2026 05:59:51] Xayling GET /clim/status
[09/08/2026 05:59:52] FASTIFY: incoming request
[09/08/2026 05:59:52] FASTIFY: incoming request
[09/08/2026 05:59:52] Xayling GET /clim/status
[09/08/2026 05:59:52] FASTIFY: request completed
[09/08/2026 05:59:56] FASTIFY: request completed
[09/08/2026 06:00:00] SID gsvyZqk1u7-1so07
[09/08/2026 06:00:01] SID zenRJk9734n7Uk9f
[09/08/2026 06:00:02] FASTIFY: incoming request
[09/08/2026 06:00:02] Xayling GET /clim/status
[09/08/2026 06:00:05] FASTIFY: request completed
[09/08/2026 06:00:12] FASTIFY: incoming request
[09/08/2026 06:00:12] Xayling GET /clim/status
[09/08/2026 06:00:15] FASTIFY: request completed
[09/08/2026 06:00:22] FASTIFY: incoming request
[09/08/2026 06:00:22] Xayling GET /clim/status
[09/08/2026 06:00:25] FASTIFY: request completed
[09/08/2026 06:00:32] FASTIFY: incoming request
[09/08/2026 06:00:32] Xayling GET /clim/status
[09/08/2026 06:00:35] FASTIFY: request completed
[09/08/2026 06:00:42] FASTIFY: incoming request
[09/08/2026 06:00:42] Xayling GET /clim/status
[09/08/2026 06:00:45] FASTIFY: request completed
[09/08/2026 06:00:52] FASTIFY: incoming request
[09/08/2026 06:00:52] Xayling GET /clim/status
[09/08/2026 06:00:56] FASTIFY: request completed
[09/08/2026 06:01:02] FASTIFY: incoming request
[09/08/2026 06:01:02] Xayling GET /clim/status
[09/08/2026 06:01:05] FASTIFY: request completed
[09/08/2026 06:01:51] FASTIFY: incoming request
[09/08/2026 06:01:51] Xayling GET /clim/status
[09/08/2026 06:01:54] FASTIFY: request completed
[09/08/2026 06:02:51] FASTIFY: incoming request
[09/08/2026 06:02:51] Xayling GET /clim/status
[09/08/2026 06:02:54] FASTIFY: request completed
[09/08/2026 06:03:51] FASTIFY: incoming request
[09/08/2026 06:03:51] Xayling GET /clim/status
[09/08/2026 06:03:54] FASTIFY: request completed
[09/08/2026 06:04:51] FASTIFY: incoming request
[09/08/2026 06:04:51] Xayling GET /clim/status
[09/08/2026 06:04:54] FASTIFY: request completed
[09/08/2026 06:05:00] SID zenRJk9734n7Uk9f
[09/08/2026 06:05:01] SID DBUcMly8rsj8PkiO
[09/08/2026 06:05:51] FASTIFY: incoming request
[09/08/2026 06:05:52] Xayling GET /clim/status
[09/08/2026 06:05:52] FASTIFY: incoming request
[09/08/2026 06:05:52] FASTIFY: incoming request
[09/08/2026 06:05:52] Xayling GET /clim/status
[09/08/2026 06:05:52] FASTIFY: request completed
[09/08/2026 06:05:55] FASTIFY: request completed
[09/08/2026 06:06:02] FASTIFY: incoming request
[09/08/2026 06:06:02] Xayling GET /clim/status
[09/08/2026 06:06:05] FASTIFY: request completed
[09/08/2026 06:06:12] FASTIFY: incoming request
[09/08/2026 06:06:12] Xayling GET /clim/status
[09/08/2026 06:06:15] FASTIFY: request completed
[09/08/2026 06:06:22] FASTIFY: incoming request
[09/08/2026 06:06:22] Xayling GET /clim/status
[09/08/2026 06:06:25] FASTIFY: request completed
[09/08/2026 06:06:32] FASTIFY: incoming request
[09/08/2026 06:06:32] Xayling GET /clim/status
[09/08/2026 06:06:35] FASTIFY: request completed
[09/08/2026 06:06:42] FASTIFY: incoming request
[09/08/2026 06:06:42] Xayling GET /clim/status
[09/08/2026 06:06:45] FASTIFY: request completed
[09/08/2026 06:06:52] FASTIFY: incoming request
[09/08/2026 06:06:52] Xayling GET /clim/status
[09/08/2026 06:06:56] FASTIFY: request completed
[09/08/2026 06:07:02] FASTIFY: incoming request
[09/08/2026 06:07:02] Xayling GET /clim/status
[09/08/2026 06:07:05] FASTIFY: request completed
[09/08/2026 06:07:51] FASTIFY: incoming request
[09/08/2026 06:07:51] Xayling GET /clim/status
[09/08/2026 06:07:54] FASTIFY: request completed
[09/08/2026 06:08:51] FASTIFY: incoming request
[09/08/2026 06:08:51] Xayling GET /clim/status
[09/08/2026 06:08:55] FASTIFY: request completed
[09/08/2026 06:09:51] FASTIFY: incoming request
[09/08/2026 06:09:51] Xayling GET /clim/status
[09/08/2026 06:09:54] FASTIFY: request completed
[09/08/2026 06:10:00] SID DBUcMly8rsj8PkiO
[09/08/2026 06:10:01] SID kfhJC7ITPWbTx6It
[09/08/2026 06:10:51] FASTIFY: incoming request
[09/08/2026 06:10:51] Xayling GET /clim/status
[09/08/2026 06:10:54] FASTIFY: request completed
[09/08/2026 06:11:51] FASTIFY: incoming request
[09/08/2026 06:11:52] Xayling GET /clim/status
[09/08/2026 06:11:52] FASTIFY: incoming request
[09/08/2026 06:11:52] FASTIFY: incoming request
[09/08/2026 06:11:52] Xayling GET /clim/status
[09/08/2026 06:11:52] FASTIFY: request completed
[09/08/2026 06:11:56] FASTIFY: request completed
[09/08/2026 06:12:02] FASTIFY: incoming request
[09/08/2026 06:12:02] Xayling GET /clim/status
[09/08/2026 06:12:05] FASTIFY: request completed
[09/08/2026 06:12:12] FASTIFY: incoming request
[09/08/2026 06:12:12] Xayling GET /clim/status
[09/08/2026 06:12:16] FASTIFY: request completed
[09/08/2026 06:12:22] FASTIFY: incoming request
[09/08/2026 06:12:22] Xayling GET /clim/status
[09/08/2026 06:12:25] FASTIFY: request completed
[09/08/2026 06:12:32] FASTIFY: incoming request
[09/08/2026 06:12:32] Xayling GET /clim/status
[09/08/2026 06:12:35] FASTIFY: request completed
[09/08/2026 06:12:42] FASTIFY: incoming request
[09/08/2026 06:12:42] Xayling GET /clim/status
[09/08/2026 06:12:45] FASTIFY: request completed
[09/08/2026 06:12:52] FASTIFY: incoming request
[09/08/2026 06:12:52] Xayling GET /clim/status
[09/08/2026 06:12:56] FASTIFY: request completed
[09/08/2026 06:13:02] FASTIFY: incoming request
[09/08/2026 06:13:02] Xayling GET /clim/status
[09/08/2026 06:13:05] FASTIFY: request completed
[09/08/2026 06:13:51] FASTIFY: incoming request
[09/08/2026 06:13:51] Xayling GET /clim/status
[09/08/2026 06:13:54] FASTIFY: request completed
[09/08/2026 06:14:51] FASTIFY: incoming request
[09/08/2026 06:14:51] Xayling GET /clim/status
[09/08/2026 06:14:54] FASTIFY: request completed
[09/08/2026 06:15:00] SID kfhJC7ITPWbTx6It
[09/08/2026 06:15:02] SID 9ZwNPdh3Djz3gcRO
[09/08/2026 06:15:51] FASTIFY: incoming request
[09/08/2026 06:15:51] Xayling GET /clim/status
[09/08/2026 06:15:55] FASTIFY: request completed
[09/08/2026 06:16:51] FASTIFY: incoming request
[09/08/2026 06:16:51] Xayling GET /clim/status
[09/08/2026 06:16:54] FASTIFY: request completed
[09/08/2026 06:17:51] FASTIFY: incoming request
[09/08/2026 06:17:51] Xayling GET /clim/status
[09/08/2026 06:17:54] FASTIFY: request completed
[09/08/2026 06:18:51] FASTIFY: incoming request
[09/08/2026 06:18:52] Xayling GET /clim/status
[09/08/2026 06:18:52] FASTIFY: incoming request
[09/08/2026 06:18:52] FASTIFY: incoming request
[09/08/2026 06:18:52] Xayling GET /clim/status
[09/08/2026 06:18:52] FASTIFY: request completed
[09/08/2026 06:18:56] FASTIFY: request completed
[09/08/2026 06:19:02] FASTIFY: incoming request
[09/08/2026 06:19:02] Xayling GET /clim/status
[09/08/2026 06:19:05] FASTIFY: request completed
[09/08/2026 06:19:12] FASTIFY: incoming request
[09/08/2026 06:19:12] Xayling GET /clim/status
[09/08/2026 06:19:16] FASTIFY: request completed
[09/08/2026 06:19:22] FASTIFY: incoming request
[09/08/2026 06:19:22] Xayling GET /clim/status
[09/08/2026 06:19:25] FASTIFY: request completed
[09/08/2026 06:19:32] FASTIFY: incoming request
[09/08/2026 06:19:32] Xayling GET /clim/status
[09/08/2026 06:19:35] FASTIFY: request completed
[09/08/2026 06:19:42] FASTIFY: incoming request
[09/08/2026 06:19:42] Xayling GET /clim/status
[09/08/2026 06:19:49] FASTIFY: request completed
[09/08/2026 06:19:52] FASTIFY: incoming request
[09/08/2026 06:19:52] Xayling GET /clim/status
[09/08/2026 06:19:55] FASTIFY: request completed
[09/08/2026 06:20:00] SID 9ZwNPdh3Djz3gcRO
[09/08/2026 06:20:02] FASTIFY: incoming request
[09/08/2026 06:20:02] Xayling GET /clim/status
[09/08/2026 06:20:03] SID UsriP53YJhjYc6XO
[09/08/2026 06:20:05] FASTIFY: request completed
[09/08/2026 06:20:51] FASTIFY: incoming request
[09/08/2026 06:20:51] Xayling GET /clim/status
[09/08/2026 06:20:54] FASTIFY: request completed
[09/08/2026 06:21:51] FASTIFY: incoming request
[09/08/2026 06:21:51] Xayling GET /clim/status
[09/08/2026 06:21:54] FASTIFY: request completed
[09/08/2026 06:22:51] FASTIFY: incoming request
[09/08/2026 06:22:51] Xayling GET /clim/status
[09/08/2026 06:22:55] FASTIFY: request completed
[09/08/2026 06:23:51] FASTIFY: incoming request
[09/08/2026 06:23:51] Xayling GET /clim/status
[09/08/2026 06:23:55] FASTIFY: request completed
[09/08/2026 06:24:51] FASTIFY: incoming request
[09/08/2026 06:24:51] Xayling GET /clim/status
[09/08/2026 06:24:54] FASTIFY: request completed
[09/08/2026 06:25:00] SID UsriP53YJhjYc6XO
[09/08/2026 06:25:00] SID FCYse_uWba6Wb9-p
[09/08/2026 06:25:51] FASTIFY: incoming request
[09/08/2026 06:25:51] Xayling GET /clim/status
[09/08/2026 06:25:52] FASTIFY: incoming request
[09/08/2026 06:25:52] FASTIFY: incoming request
[09/08/2026 06:25:52] Xayling GET /clim/status
[09/08/2026 06:25:52] FASTIFY: request completed
[09/08/2026 06:25:56] FASTIFY: request completed
[09/08/2026 06:26:02] FASTIFY: incoming request
[09/08/2026 06:26:02] Xayling GET /clim/status
[09/08/2026 06:26:05] FASTIFY: request completed
[09/08/2026 06:26:12] FASTIFY: incoming request
[09/08/2026 06:26:12] Xayling GET /clim/status
[09/08/2026 06:26:19] FASTIFY: request completed
[09/08/2026 06:26:23] FASTIFY: incoming request
[09/08/2026 06:26:23] Xayling GET /clim/status
[09/08/2026 06:26:25] FASTIFY: request completed
[09/08/2026 06:26:32] FASTIFY: incoming request
[09/08/2026 06:26:32] Xayling GET /clim/status
[09/08/2026 06:26:39] FASTIFY: request completed
[09/08/2026 06:26:42] FASTIFY: incoming request
[09/08/2026 06:26:42] Xayling GET /clim/status
[09/08/2026 06:26:45] FASTIFY: request completed
[09/08/2026 06:26:52] FASTIFY: incoming request
[09/08/2026 06:26:52] Xayling GET /clim/status
[09/08/2026 06:26:55] FASTIFY: request completed
[09/08/2026 06:27:02] FASTIFY: incoming request
[09/08/2026 06:27:02] Xayling GET /clim/status
[09/08/2026 06:27:05] FASTIFY: request completed
[09/08/2026 06:27:51] FASTIFY: incoming request
[09/08/2026 06:27:51] Xayling GET /clim/status
[09/08/2026 06:27:54] FASTIFY: request completed
[09/08/2026 06:28:51] FASTIFY: incoming request
[09/08/2026 06:28:51] Xayling GET /clim/status
[09/08/2026 06:28:54] FASTIFY: request completed
[09/08/2026 06:29:51] FASTIFY: incoming request
[09/08/2026 06:29:51] Xayling GET /clim/status
[09/08/2026 06:29:54] FASTIFY: request completed
[09/08/2026 06:30:00] SID FCYse_uWba6Wb9-p
[09/08/2026 06:30:03] SID ECTAv5OU6dRUS5uF
[09/08/2026 06:30:51] FASTIFY: incoming request
[09/08/2026 06:30:51] Xayling GET /clim/status
[09/08/2026 06:30:52] FASTIFY: incoming request
[09/08/2026 06:30:52] FASTIFY: incoming request
[09/08/2026 06:30:52] Xayling GET /clim/status
[09/08/2026 06:30:52] FASTIFY: request completed
[09/08/2026 06:30:55] FASTIFY: request completed
[09/08/2026 06:31:02] FASTIFY: incoming request
[09/08/2026 06:31:02] Xayling GET /clim/status
[09/08/2026 06:31:05] FASTIFY: request completed
[09/08/2026 06:31:12] FASTIFY: incoming request
[09/08/2026 06:31:12] Xayling GET /clim/status
[09/08/2026 06:31:15] FASTIFY: request completed
[09/08/2026 06:31:22] FASTIFY: incoming request
[09/08/2026 06:31:22] Xayling GET /clim/status
[09/08/2026 06:31:25] FASTIFY: request completed
[09/08/2026 06:31:32] FASTIFY: incoming request
[09/08/2026 06:31:32] Xayling GET /clim/status
[09/08/2026 06:31:35] FASTIFY: request completed
[09/08/2026 06:31:42] FASTIFY: incoming request
[09/08/2026 06:31:42] Xayling GET /clim/status
[09/08/2026 06:31:46] FASTIFY: request completed
[09/08/2026 06:31:52] FASTIFY: incoming request
[09/08/2026 06:31:52] Xayling GET /clim/status
[09/08/2026 06:31:55] FASTIFY: request completed
[09/08/2026 06:32:02] FASTIFY: incoming request
[09/08/2026 06:32:02] Xayling GET /clim/status
[09/08/2026 06:32:09] FASTIFY: request completed
[09/08/2026 06:32:51] FASTIFY: incoming request
[09/08/2026 06:32:51] Xayling GET /clim/status
[09/08/2026 06:32:54] FASTIFY: request completed
[09/08/2026 06:33:51] FASTIFY: incoming request
[09/08/2026 06:33:51] Xayling GET /clim/status
[09/08/2026 06:33:58] FASTIFY: request completed
[09/08/2026 06:34:51] FASTIFY: incoming request
[09/08/2026 06:34:51] Xayling GET /clim/status
[09/08/2026 06:34:54] FASTIFY: request completed
[09/08/2026 06:35:00] SID ECTAv5OU6dRUS5uF
[09/08/2026 06:35:01] SID FujCf9OGIdSGb8uJ
[09/08/2026 06:35:51] FASTIFY: incoming request
[09/08/2026 06:35:51] Xayling GET /clim/status
[09/08/2026 06:35:59] FASTIFY: request completed
[09/08/2026 06:36:51] FASTIFY: incoming request
[09/08/2026 06:36:51] Xayling GET /clim/status
[09/08/2026 06:36:52] FASTIFY: incoming request
[09/08/2026 06:36:52] FASTIFY: incoming request
[09/08/2026 06:36:52] Xayling GET /clim/status
[09/08/2026 06:36:52] FASTIFY: request completed
[09/08/2026 06:36:55] FASTIFY: request completed
[09/08/2026 06:37:02] FASTIFY: incoming request
[09/08/2026 06:37:02] Xayling GET /clim/status
[09/08/2026 06:37:06] FASTIFY: request completed
[09/08/2026 06:37:12] FASTIFY: incoming request
[09/08/2026 06:37:12] Xayling GET /clim/status
[09/08/2026 06:37:19] FASTIFY: request completed
[09/08/2026 06:37:22] FASTIFY: incoming request
[09/08/2026 06:37:22] Xayling GET /clim/status
[09/08/2026 06:37:26] FASTIFY: request completed
[09/08/2026 06:37:32] FASTIFY: incoming request
[09/08/2026 06:37:32] Xayling GET /clim/status
[09/08/2026 06:37:35] FASTIFY: request completed
[09/08/2026 06:37:42] FASTIFY: incoming request
[09/08/2026 06:37:42] Xayling GET /clim/status
[09/08/2026 06:37:50] FASTIFY: request completed
[09/08/2026 06:37:52] FASTIFY: incoming request
[09/08/2026 06:37:52] Xayling GET /clim/status
[09/08/2026 06:37:55] FASTIFY: request completed
[09/08/2026 06:38:02] FASTIFY: incoming request
[09/08/2026 06:38:02] Xayling GET /clim/status
[09/08/2026 06:38:05] FASTIFY: request completed
[09/08/2026 06:38:51] FASTIFY: incoming request
[09/08/2026 06:38:51] Xayling GET /clim/status
[09/08/2026 06:38:54] FASTIFY: request completed
[09/08/2026 06:39:51] FASTIFY: incoming request
[09/08/2026 06:39:51] Xayling GET /clim/status
[09/08/2026 06:39:54] FASTIFY: request completed
[09/08/2026 06:40:00] SID FujCf9OGIdSGb8uJ
[09/08/2026 06:40:02] SID GiVaXxO74_S7ozuL
[09/08/2026 06:40:51] FASTIFY: incoming request
[09/08/2026 06:40:51] Xayling GET /clim/status
[09/08/2026 06:40:54] FASTIFY: request completed
[09/08/2026 06:41:51] FASTIFY: incoming request
[09/08/2026 06:41:51] Xayling GET /clim/status
[09/08/2026 06:41:54] FASTIFY: request completed
[09/08/2026 06:42:51] FASTIFY: incoming request
[09/08/2026 06:42:51] Xayling GET /clim/status
[09/08/2026 06:42:54] FASTIFY: request completed
[09/08/2026 06:43:51] FASTIFY: incoming request
[09/08/2026 06:43:51] Xayling GET /clim/status
[09/08/2026 06:43:55] FASTIFY: request completed
[09/08/2026 06:44:51] FASTIFY: incoming request
[09/08/2026 06:44:51] Xayling GET /clim/status
[09/08/2026 06:44:54] FASTIFY: request completed
[09/08/2026 06:45:00] SID GiVaXxO74_S7ozuL
[09/08/2026 06:45:01] SID HCVYM3uycS7yP3et
[09/08/2026 06:45:51] FASTIFY: incoming request
[09/08/2026 06:45:51] Xayling GET /clim/status
[09/08/2026 06:45:54] FASTIFY: request completed
[09/08/2026 06:46:51] FASTIFY: incoming request
[09/08/2026 06:46:51] Xayling GET /clim/status
[09/08/2026 06:46:52] FASTIFY: incoming request
[09/08/2026 06:46:52] FASTIFY: incoming request
[09/08/2026 06:46:52] Xayling GET /clim/status
[09/08/2026 06:46:52] FASTIFY: request completed
[09/08/2026 06:46:55] FASTIFY: request completed
[09/08/2026 06:47:02] FASTIFY: incoming request
[09/08/2026 06:47:02] Xayling GET /clim/status
[09/08/2026 06:47:05] FASTIFY: request completed
[09/08/2026 06:47:12] FASTIFY: incoming request
[09/08/2026 06:47:12] Xayling GET /clim/status
[09/08/2026 06:47:16] FASTIFY: request completed
[09/08/2026 06:47:22] FASTIFY: incoming request
[09/08/2026 06:47:22] Xayling GET /clim/status
[09/08/2026 06:47:29] FASTIFY: request completed
[09/08/2026 06:47:32] FASTIFY: incoming request
[09/08/2026 06:47:32] Xayling GET /clim/status
[09/08/2026 06:47:35] FASTIFY: request completed
[09/08/2026 06:47:42] FASTIFY: incoming request
[09/08/2026 06:47:42] Xayling GET /clim/status
[09/08/2026 06:47:45] FASTIFY: request completed
[09/08/2026 06:47:52] FASTIFY: incoming request
[09/08/2026 06:47:52] Xayling GET /clim/status
[09/08/2026 06:47:56] FASTIFY: request completed
[09/08/2026 06:48:02] FASTIFY: incoming request
[09/08/2026 06:48:02] Xayling GET /clim/status
[09/08/2026 06:48:05] FASTIFY: request completed
[09/08/2026 06:48:51] FASTIFY: incoming request
[09/08/2026 06:48:51] Xayling GET /clim/status
[09/08/2026 06:48:58] FASTIFY: request completed
[09/08/2026 06:49:51] FASTIFY: incoming request
[09/08/2026 06:49:51] Xayling GET /clim/status
[09/08/2026 06:49:54] FASTIFY: request completed
[09/08/2026 06:50:00] SID HCVYM3uycS7yP3et
[09/08/2026 06:50:06] SID F-lbX_eBi-KBD8ur
[09/08/2026 06:50:51] FASTIFY: incoming request
[09/08/2026 06:50:51] Xayling GET /clim/status
[09/08/2026 06:50:58] FASTIFY: request completed
[09/08/2026 06:51:51] FASTIFY: incoming request
[09/08/2026 06:51:51] Xayling GET /clim/status
[09/08/2026 06:51:52] FASTIFY: incoming request
[09/08/2026 06:51:52] FASTIFY: incoming request
[09/08/2026 06:51:52] Xayling GET /clim/status
[09/08/2026 06:51:52] FASTIFY: request completed
[09/08/2026 06:51:55] FASTIFY: request completed
[09/08/2026 06:52:02] FASTIFY: incoming request
[09/08/2026 06:52:02] Xayling GET /clim/status
[09/08/2026 06:52:05] FASTIFY: request completed
[09/08/2026 06:52:12] FASTIFY: incoming request
[09/08/2026 06:52:12] Xayling GET /clim/status
[09/08/2026 06:52:15] FASTIFY: request completed
[09/08/2026 06:52:22] FASTIFY: incoming request
[09/08/2026 06:52:22] Xayling GET /clim/status
[09/08/2026 06:52:26] FASTIFY: request completed
[09/08/2026 06:52:32] FASTIFY: incoming request
[09/08/2026 06:52:32] Xayling GET /clim/status
[09/08/2026 06:52:35] FASTIFY: request completed
[09/08/2026 06:52:42] FASTIFY: incoming request
[09/08/2026 06:52:42] Xayling GET /clim/status
[09/08/2026 06:52:45] FASTIFY: request completed
[09/08/2026 06:52:52] FASTIFY: incoming request
[09/08/2026 06:52:52] Xayling GET /clim/status
[09/08/2026 06:52:55] FASTIFY: request completed
[09/08/2026 06:53:02] FASTIFY: incoming request
[09/08/2026 06:53:02] Xayling GET /clim/status
[09/08/2026 06:53:05] FASTIFY: request completed
[09/08/2026 06:53:51] FASTIFY: incoming request
[09/08/2026 06:53:51] Xayling GET /clim/status
[09/08/2026 06:53:54] FASTIFY: request completed
[09/08/2026 06:54:51] FASTIFY: incoming request
[09/08/2026 06:54:51] Xayling GET /clim/status
[09/08/2026 06:54:55] FASTIFY: request completed
[09/08/2026 06:55:00] SID F-lbX_eBi-KBD8ur
[09/08/2026 06:55:01] SID BiSGEs-KMwnKjsef
[09/08/2026 06:55:51] FASTIFY: incoming request
[09/08/2026 06:55:51] Xayling GET /clim/status
[09/08/2026 06:55:55] FASTIFY: request completed
[09/08/2026 06:56:51] FASTIFY: incoming request
[09/08/2026 06:56:51] Xayling GET /clim/status
[09/08/2026 06:56:55] FASTIFY: request completed
[09/08/2026 06:57:51] FASTIFY: incoming request
[09/08/2026 06:57:51] Xayling GET /clim/status
[09/08/2026 06:58:02] FASTIFY: request completed
[09/08/2026 06:58:51] FASTIFY: incoming request
[09/08/2026 06:58:51] Xayling GET /clim/status
[09/08/2026 06:58:54] FASTIFY: request completed
[09/08/2026 06:59:51] FASTIFY: incoming request
[09/08/2026 06:59:51] Xayling GET /clim/status
[09/08/2026 06:59:54] FASTIFY: request completed
[09/08/2026 07:00:00] SID BiSGEs-KMwnKjsef
[09/08/2026 07:00:00] SID Eupqz7O1UvY1d7ui
[09/08/2026 07:00:51] FASTIFY: incoming request
[09/08/2026 07:00:51] Xayling GET /clim/status
[09/08/2026 07:00:54] FASTIFY: request completed
[09/08/2026 07:01:51] FASTIFY: incoming request
[09/08/2026 07:01:51] Xayling GET /clim/status
[09/08/2026 07:01:54] FASTIFY: request completed
[09/08/2026 07:02:51] FASTIFY: incoming request
[09/08/2026 07:02:51] Xayling GET /clim/status
[09/08/2026 07:02:54] FASTIFY: request completed
[09/08/2026 07:03:51] FASTIFY: incoming request
[09/08/2026 07:03:51] Xayling GET /clim/status
[09/08/2026 07:03:54] FASTIFY: request completed
[09/08/2026 07:04:51] FASTIFY: incoming request
[09/08/2026 07:04:51] Xayling GET /clim/status
[09/08/2026 07:04:54] FASTIFY: request completed
[09/08/2026 07:05:00] SID Eupqz7O1UvY1d7ui
[09/08/2026 07:05:03] SID Na_xveORIedROdu1
[09/08/2026 07:05:51] FASTIFY: incoming request
[09/08/2026 07:05:51] Xayling GET /clim/status
[09/08/2026 07:05:54] FASTIFY: request completed
[09/08/2026 07:06:51] FASTIFY: incoming request
[09/08/2026 07:06:51] Xayling GET /clim/status
[09/08/2026 07:06:52] FASTIFY: incoming request
[09/08/2026 07:06:52] FASTIFY: incoming request
[09/08/2026 07:06:52] Xayling GET /clim/status
[09/08/2026 07:06:52] FASTIFY: request completed
[09/08/2026 07:06:55] FASTIFY: request completed
[09/08/2026 07:07:02] FASTIFY: incoming request
[09/08/2026 07:07:02] Xayling GET /clim/status
[09/08/2026 07:07:05] FASTIFY: request completed
[09/08/2026 07:07:12] FASTIFY: incoming request
[09/08/2026 07:07:12] Xayling GET /clim/status
[09/08/2026 07:07:15] FASTIFY: request completed
[09/08/2026 07:07:22] FASTIFY: incoming request
[09/08/2026 07:07:22] Xayling GET /clim/status
[09/08/2026 07:07:25] FASTIFY: request completed
[09/08/2026 07:07:32] FASTIFY: incoming request
[09/08/2026 07:07:32] Xayling GET /clim/status
[09/08/2026 07:07:35] FASTIFY: request completed
[09/08/2026 07:07:42] FASTIFY: incoming request
[09/08/2026 07:07:42] Xayling GET /clim/status
[09/08/2026 07:07:45] FASTIFY: request completed
[09/08/2026 07:07:52] FASTIFY: incoming request
[09/08/2026 07:07:52] Xayling GET /clim/status
[09/08/2026 07:07:55] FASTIFY: request completed
[09/08/2026 07:08:02] FASTIFY: incoming request
[09/08/2026 07:08:02] Xayling GET /clim/status
[09/08/2026 07:08:05] FASTIFY: request completed
[09/08/2026 07:08:51] FASTIFY: incoming request
[09/08/2026 07:08:51] Xayling GET /clim/status
[09/08/2026 07:08:58] FASTIFY: request completed
[09/08/2026 07:09:51] FASTIFY: incoming request
[09/08/2026 07:09:51] Xayling GET /clim/status
[09/08/2026 07:09:55] FASTIFY: request completed
[09/08/2026 07:10:00] SID Na_xveORIedROdu1
[09/08/2026 07:10:01] SID GerhkwOpewVpvyeX
[09/08/2026 07:10:51] FASTIFY: incoming request
[09/08/2026 07:10:51] Xayling GET /clim/status
[09/08/2026 07:10:54] FASTIFY: request completed
[09/08/2026 07:11:51] FASTIFY: incoming request
[09/08/2026 07:11:51] Xayling GET /clim/status
[09/08/2026 07:11:54] FASTIFY: request completed
[09/08/2026 07:12:51] FASTIFY: incoming request
[09/08/2026 07:12:51] Xayling GET /clim/status
[09/08/2026 07:12:52] FASTIFY: incoming request
[09/08/2026 07:12:52] FASTIFY: incoming request
[09/08/2026 07:12:52] Xayling GET /clim/status
[09/08/2026 07:12:52] FASTIFY: request completed
[09/08/2026 07:12:59] FASTIFY: request completed
[09/08/2026 07:13:02] FASTIFY: incoming request
[09/08/2026 07:13:02] Xayling GET /clim/status
[09/08/2026 07:13:09] FASTIFY: request completed
[09/08/2026 07:13:12] FASTIFY: incoming request
[09/08/2026 07:13:12] Xayling GET /clim/status
[09/08/2026 07:13:16] FASTIFY: request completed
[09/08/2026 07:13:22] FASTIFY: incoming request
[09/08/2026 07:13:22] Xayling GET /clim/status
[09/08/2026 07:13:25] FASTIFY: request completed
[09/08/2026 07:13:32] FASTIFY: incoming request
[09/08/2026 07:13:32] Xayling GET /clim/status
[09/08/2026 07:13:35] FASTIFY: request completed
[09/08/2026 07:13:42] FASTIFY: incoming request
[09/08/2026 07:13:42] Xayling GET /clim/status
[09/08/2026 07:13:45] FASTIFY: request completed
[09/08/2026 07:13:52] FASTIFY: incoming request
[09/08/2026 07:13:52] Xayling GET /clim/status
[09/08/2026 07:13:55] FASTIFY: request completed
[09/08/2026 07:14:02] FASTIFY: incoming request
[09/08/2026 07:14:02] Xayling GET /clim/status
[09/08/2026 07:14:05] FASTIFY: request completed
[09/08/2026 07:14:51] FASTIFY: incoming request
[09/08/2026 07:14:51] Xayling GET /clim/status
[09/08/2026 07:14:54] FASTIFY: request completed
[09/08/2026 07:15:00] SID GerhkwOpewVpvyeX
[09/08/2026 07:15:00] SID OSQNWTeGX7KGVQ-r
[09/08/2026 07:15:51] FASTIFY: incoming request
[09/08/2026 07:15:51] Xayling GET /clim/status
[09/08/2026 07:15:54] FASTIFY: request completed
[09/08/2026 07:16:51] FASTIFY: incoming request
[09/08/2026 07:16:51] Xayling GET /clim/status
[09/08/2026 07:16:58] FASTIFY: request completed
[09/08/2026 07:17:51] FASTIFY: incoming request
[09/08/2026 07:17:51] Xayling GET /clim/status
[09/08/2026 07:17:54] FASTIFY: request completed
[09/08/2026 07:18:51] FASTIFY: incoming request
[09/08/2026 07:18:51] Xayling GET /clim/status
[09/08/2026 07:18:52] FASTIFY: incoming request
[09/08/2026 07:18:52] FASTIFY: incoming request
[09/08/2026 07:18:52] Xayling GET /clim/status
[09/08/2026 07:18:52] FASTIFY: request completed
[09/08/2026 07:18:56] FASTIFY: request completed
[09/08/2026 07:19:02] FASTIFY: incoming request
[09/08/2026 07:19:02] Xayling GET /clim/status
[09/08/2026 07:19:05] FASTIFY: request completed
[09/08/2026 07:19:12] FASTIFY: incoming request
[09/08/2026 07:19:12] Xayling GET /clim/status
[09/08/2026 07:19:15] FASTIFY: request completed
[09/08/2026 07:19:22] FASTIFY: incoming request
[09/08/2026 07:19:22] Xayling GET /clim/status
[09/08/2026 07:19:25] FASTIFY: request completed
[09/08/2026 07:19:32] FASTIFY: incoming request
[09/08/2026 07:19:32] Xayling GET /clim/status
[09/08/2026 07:19:35] FASTIFY: request completed
[09/08/2026 07:19:42] FASTIFY: incoming request
[09/08/2026 07:19:42] Xayling GET /clim/status
[09/08/2026 07:19:45] FASTIFY: request completed
[09/08/2026 07:19:52] FASTIFY: incoming request
[09/08/2026 07:19:52] Xayling GET /clim/status
[09/08/2026 07:19:55] FASTIFY: request completed
[09/08/2026 07:20:00] SID OSQNWTeGX7KGVQ-r
[09/08/2026 07:20:02] FASTIFY: incoming request
[09/08/2026 07:20:02] Xayling GET /clim/status
[09/08/2026 07:20:03] SID D2IvSl-iMqiiFm-K
[09/08/2026 07:20:05] FASTIFY: request completed
[09/08/2026 07:20:51] FASTIFY: incoming request
[09/08/2026 07:20:51] Xayling GET /clim/status
[09/08/2026 07:20:53] FASTIFY: request completed
[09/08/2026 07:21:51] FASTIFY: incoming request
[09/08/2026 07:21:51] Xayling GET /clim/status
[09/08/2026 07:21:54] FASTIFY: request completed
[09/08/2026 07:22:51] FASTIFY: incoming request
[09/08/2026 07:22:51] Xayling GET /clim/status
[09/08/2026 07:22:58] FASTIFY: request completed
[09/08/2026 07:23:51] FASTIFY: incoming request
[09/08/2026 07:23:51] Xayling GET /clim/status
[09/08/2026 07:23:52] FASTIFY: incoming request
[09/08/2026 07:23:52] FASTIFY: incoming request
[09/08/2026 07:23:52] Xayling GET /clim/status
[09/08/2026 07:23:52] FASTIFY: request completed
[09/08/2026 07:23:56] FASTIFY: request completed
[09/08/2026 07:24:02] FASTIFY: incoming request
[09/08/2026 07:24:02] Xayling GET /clim/status
[09/08/2026 07:24:05] FASTIFY: request completed
[09/08/2026 07:24:12] FASTIFY: incoming request
[09/08/2026 07:24:12] Xayling GET /clim/status
[09/08/2026 07:24:15] FASTIFY: request completed
[09/08/2026 07:24:22] FASTIFY: incoming request
[09/08/2026 07:24:22] Xayling GET /clim/status
[09/08/2026 07:24:29] FASTIFY: request completed
[09/08/2026 07:24:32] FASTIFY: incoming request
[09/08/2026 07:24:32] Xayling GET /clim/status
[09/08/2026 07:24:35] FASTIFY: request completed
[09/08/2026 07:24:42] FASTIFY: incoming request
[09/08/2026 07:24:42] Xayling GET /clim/status
[09/08/2026 07:24:45] FASTIFY: request completed
[09/08/2026 07:24:52] FASTIFY: incoming request
[09/08/2026 07:24:52] Xayling GET /clim/status
[09/08/2026 07:24:55] FASTIFY: request completed
[09/08/2026 07:25:00] SID D2IvSl-iMqiiFm-K
[09/08/2026 07:25:02] FASTIFY: incoming request
[09/08/2026 07:25:02] Xayling GET /clim/status
[09/08/2026 07:25:03] SID ECe066erOLMri6-w
[09/08/2026 07:25:04] FASTIFY: request completed
[09/08/2026 07:25:51] FASTIFY: incoming request
[09/08/2026 07:25:51] Xayling GET /clim/status
[09/08/2026 07:25:54] FASTIFY: request completed
[09/08/2026 07:26:51] FASTIFY: incoming request
[09/08/2026 07:26:51] Xayling GET /clim/status
[09/08/2026 07:26:58] FASTIFY: request completed
[09/08/2026 07:27:51] FASTIFY: incoming request
[09/08/2026 07:27:51] Xayling GET /clim/status
[09/08/2026 07:27:54] FASTIFY: request completed
[09/08/2026 07:28:51] FASTIFY: incoming request
[09/08/2026 07:28:51] Xayling GET /clim/status
[09/08/2026 07:28:54] FASTIFY: request completed
[09/08/2026 07:29:51] FASTIFY: incoming request
[09/08/2026 07:29:51] Xayling GET /clim/status
[09/08/2026 07:29:55] FASTIFY: request completed
[09/08/2026 07:30:00] SID ECe066erOLMri6-w
[09/08/2026 07:30:03] SID PSXR5X-1tEo1HXOg
[09/08/2026 07:30:51] FASTIFY: incoming request
[09/08/2026 07:30:51] Xayling GET /clim/status
[09/08/2026 07:30:58] FASTIFY: request completed
[09/08/2026 07:31:51] FASTIFY: incoming request
[09/08/2026 07:31:51] Xayling GET /clim/status
[09/08/2026 07:31:54] FASTIFY: request completed
[09/08/2026 07:32:51] FASTIFY: incoming request
[09/08/2026 07:32:51] Xayling GET /clim/status
[09/08/2026 07:32:54] FASTIFY: request completed
[09/08/2026 07:33:51] FASTIFY: incoming request
[09/08/2026 07:33:51] Xayling GET /clim/status
[09/08/2026 07:33:52] FASTIFY: incoming request
[09/08/2026 07:33:52] FASTIFY: incoming request
[09/08/2026 07:33:52] Xayling GET /clim/status
[09/08/2026 07:33:52] FASTIFY: request completed
[09/08/2026 07:33:55] FASTIFY: request completed
[09/08/2026 07:34:02] FASTIFY: incoming request
[09/08/2026 07:34:02] Xayling GET /clim/status
[09/08/2026 07:34:05] FASTIFY: request completed
[09/08/2026 07:34:12] FASTIFY: incoming request
[09/08/2026 07:34:12] Xayling GET /clim/status
[09/08/2026 07:34:15] FASTIFY: request completed
[09/08/2026 07:34:22] FASTIFY: incoming request
[09/08/2026 07:34:22] Xayling GET /clim/status
[09/08/2026 07:34:25] FASTIFY: request completed
[09/08/2026 07:34:32] FASTIFY: incoming request
[09/08/2026 07:34:32] Xayling GET /clim/status
[09/08/2026 07:34:35] FASTIFY: request completed
[09/08/2026 07:34:42] FASTIFY: incoming request
[09/08/2026 07:34:42] Xayling GET /clim/status
[09/08/2026 07:34:45] FASTIFY: request completed
[09/08/2026 07:34:52] FASTIFY: incoming request
[09/08/2026 07:34:52] Xayling GET /clim/status
[09/08/2026 07:34:55] FASTIFY: request completed
[09/08/2026 07:35:00] SID PSXR5X-1tEo1HXOg
[09/08/2026 07:35:01] SID GiQOqz-OMKpOqw-k
[09/08/2026 07:35:02] FASTIFY: incoming request
[09/08/2026 07:35:02] Xayling GET /clim/status
[09/08/2026 07:35:05] FASTIFY: request completed
[09/08/2026 07:35:51] FASTIFY: incoming request
[09/08/2026 07:35:51] Xayling GET /clim/status
[09/08/2026 07:35:54] FASTIFY: request completed
[09/08/2026 07:36:51] FASTIFY: incoming request
[09/08/2026 07:36:51] Xayling GET /clim/status
[09/08/2026 07:36:54] FASTIFY: request completed
[09/08/2026 07:37:51] FASTIFY: incoming request
[09/08/2026 07:37:51] Xayling GET /clim/status
[09/08/2026 07:37:54] FASTIFY: request completed
[09/08/2026 07:38:51] FASTIFY: incoming request
[09/08/2026 07:38:51] Xayling GET /clim/status
[09/08/2026 07:38:54] FASTIFY: request completed
[09/08/2026 07:39:51] FASTIFY: incoming request
[09/08/2026 07:39:51] Xayling GET /clim/status
[09/08/2026 07:39:52] FASTIFY: incoming request
[09/08/2026 07:39:52] FASTIFY: incoming request
[09/08/2026 07:39:52] Xayling GET /clim/status
[09/08/2026 07:39:52] FASTIFY: request completed
[09/08/2026 07:39:59] FASTIFY: request completed
[09/08/2026 07:40:00] SID GiQOqz-OMKpOqw-k
[09/08/2026 07:40:02] FASTIFY: incoming request
[09/08/2026 07:40:02] Xayling GET /clim/status
[09/08/2026 07:40:03] SID Ka4tRCOK0keK6AO6
[09/08/2026 07:40:05] FASTIFY: request completed
[09/08/2026 07:40:12] FASTIFY: incoming request
[09/08/2026 07:40:12] Xayling GET /clim/status
[09/08/2026 07:40:15] FASTIFY: request completed
[09/08/2026 07:40:22] FASTIFY: incoming request
[09/08/2026 07:40:22] Xayling GET /clim/status
[09/08/2026 07:40:25] FASTIFY: request completed
[09/08/2026 07:40:32] FASTIFY: incoming request
[09/08/2026 07:40:32] Xayling GET /clim/status
[09/08/2026 07:40:35] FASTIFY: request completed
[09/08/2026 07:40:42] FASTIFY: incoming request
[09/08/2026 07:40:42] Xayling GET /clim/status
[09/08/2026 07:40:45] FASTIFY: request completed
[09/08/2026 07:40:52] FASTIFY: incoming request
[09/08/2026 07:40:52] Xayling GET /clim/status
[09/08/2026 07:40:55] FASTIFY: request completed
[09/08/2026 07:41:02] FASTIFY: incoming request
[09/08/2026 07:41:02] Xayling GET /clim/status
[09/08/2026 07:41:05] FASTIFY: request completed
[09/08/2026 07:41:51] FASTIFY: incoming request
[09/08/2026 07:41:51] Xayling GET /clim/status
[09/08/2026 07:41:54] FASTIFY: request completed
[09/08/2026 07:42:51] FASTIFY: incoming request
[09/08/2026 07:42:51] Xayling GET /clim/status
[09/08/2026 07:42:58] FASTIFY: request completed
[09/08/2026 07:43:51] FASTIFY: incoming request
[09/08/2026 07:43:51] Xayling GET /clim/status
[09/08/2026 07:43:54] FASTIFY: request completed
[09/08/2026 07:44:51] FASTIFY: incoming request
[09/08/2026 07:44:51] Xayling GET /clim/status
[09/08/2026 07:44:58] FASTIFY: request completed
[09/08/2026 07:45:00] SID Ka4tRCOK0keK6AO6
[09/08/2026 07:45:03] SID da4t9e_5YVs50fPx
[09/08/2026 07:45:51] FASTIFY: incoming request
[09/08/2026 07:45:51] Xayling GET /clim/status
[09/08/2026 07:45:52] FASTIFY: incoming request
[09/08/2026 07:45:52] FASTIFY: incoming request
[09/08/2026 07:45:52] Xayling GET /clim/status
[09/08/2026 07:45:52] FASTIFY: request completed
[09/08/2026 07:45:55] FASTIFY: request completed
[09/08/2026 07:46:02] FASTIFY: incoming request
[09/08/2026 07:46:02] Xayling GET /clim/status
[09/08/2026 07:46:05] FASTIFY: request completed
[09/08/2026 07:46:12] FASTIFY: incoming request
[09/08/2026 07:46:12] Xayling GET /clim/status
[09/08/2026 07:46:15] FASTIFY: request completed
[09/08/2026 07:46:22] FASTIFY: incoming request
[09/08/2026 07:46:22] Xayling GET /clim/status
[09/08/2026 07:46:25] FASTIFY: request completed
[09/08/2026 07:46:32] FASTIFY: incoming request
[09/08/2026 07:46:32] Xayling GET /clim/status
[09/08/2026 07:46:35] FASTIFY: request completed
[09/08/2026 07:46:42] FASTIFY: incoming request
[09/08/2026 07:46:42] Xayling GET /clim/status
[09/08/2026 07:46:45] FASTIFY: request completed
[09/08/2026 07:46:52] FASTIFY: incoming request
[09/08/2026 07:46:52] Xayling GET /clim/status
[09/08/2026 07:46:55] FASTIFY: request completed
[09/08/2026 07:47:02] FASTIFY: incoming request
[09/08/2026 07:47:02] Xayling GET /clim/status
[09/08/2026 07:47:05] FASTIFY: request completed
[09/08/2026 07:47:51] FASTIFY: incoming request
[09/08/2026 07:47:51] Xayling GET /clim/status
[09/08/2026 07:47:54] FASTIFY: request completed
[09/08/2026 07:48:51] FASTIFY: incoming request
[09/08/2026 07:48:51] Xayling GET /clim/status
[09/08/2026 07:48:54] FASTIFY: request completed
[09/08/2026 07:49:51] FASTIFY: incoming request
[09/08/2026 07:49:51] Xayling GET /clim/status
[09/08/2026 07:49:55] FASTIFY: request completed
[09/08/2026 07:50:00] SID da4t9e_5YVs50fPx
[09/08/2026 07:50:01] SID JCYslP-VI2pVCNOn
[09/08/2026 07:50:51] FASTIFY: incoming request
[09/08/2026 07:50:51] Xayling GET /clim/status
[09/08/2026 07:50:54] FASTIFY: request completed
[09/08/2026 07:51:51] FASTIFY: incoming request
[09/08/2026 07:51:51] Xayling GET /clim/status
[09/08/2026 07:51:54] FASTIFY: request completed
[09/08/2026 07:52:51] FASTIFY: incoming request
[09/08/2026 07:52:51] Xayling GET /clim/status
[09/08/2026 07:52:58] FASTIFY: request completed
[09/08/2026 07:53:51] FASTIFY: incoming request
[09/08/2026 07:53:51] Xayling GET /clim/status
[09/08/2026 07:53:54] FASTIFY: request completed
[09/08/2026 07:54:51] FASTIFY: incoming request
[09/08/2026 07:54:51] Xayling GET /clim/status
[09/08/2026 07:54:52] FASTIFY: incoming request
[09/08/2026 07:54:52] FASTIFY: incoming request
[09/08/2026 07:54:52] Xayling GET /clim/status
[09/08/2026 07:54:52] FASTIFY: request completed
[09/08/2026 07:54:59] FASTIFY: request completed
[09/08/2026 07:55:00] SID JCYslP-VI2pVCNOn
[09/08/2026 07:55:02] FASTIFY: incoming request
[09/08/2026 07:55:02] Xayling GET /clim/status
[09/08/2026 07:55:03] SID WSd50xv9izw9gzfD
[09/08/2026 07:55:05] FASTIFY: request completed
[09/08/2026 07:55:12] FASTIFY: incoming request
[09/08/2026 07:55:12] Xayling GET /clim/status
[09/08/2026 07:55:15] FASTIFY: request completed
[09/08/2026 07:55:22] FASTIFY: incoming request
[09/08/2026 07:55:22] Xayling GET /clim/status
[09/08/2026 07:55:25] FASTIFY: request completed
[09/08/2026 07:55:32] FASTIFY: incoming request
[09/08/2026 07:55:32] Xayling GET /clim/status
[09/08/2026 07:55:35] FASTIFY: request completed
[09/08/2026 07:55:42] FASTIFY: incoming request
[09/08/2026 07:55:42] Xayling GET /clim/status
[09/08/2026 07:55:49] FASTIFY: request completed
[09/08/2026 07:55:52] FASTIFY: incoming request
[09/08/2026 07:55:52] Xayling GET /clim/status
[09/08/2026 07:55:59] FASTIFY: request completed
[09/08/2026 07:56:02] FASTIFY: incoming request
[09/08/2026 07:56:02] Xayling GET /clim/status
[09/08/2026 07:56:09] FASTIFY: request completed
[09/08/2026 07:56:51] FASTIFY: incoming request
[09/08/2026 07:56:51] Xayling GET /clim/status
[09/08/2026 07:56:54] FASTIFY: request completed
[09/08/2026 07:57:51] FASTIFY: incoming request
[09/08/2026 07:57:51] Xayling GET /clim/status
[09/08/2026 07:57:54] FASTIFY: request completed
[09/08/2026 07:58:51] FASTIFY: incoming request
[09/08/2026 07:58:51] Xayling GET /clim/status
[09/08/2026 07:58:58] FASTIFY: request completed
[09/08/2026 07:59:51] FASTIFY: incoming request
[09/08/2026 07:59:51] Xayling GET /clim/status
[09/08/2026 07:59:58] FASTIFY: request completed
[09/08/2026 08:00:00] SID WSd50xv9izw9gzfD
[09/08/2026 08:00:02] SID YK2UCIPeDoXevJ_e
[09/08/2026 08:00:51] FASTIFY: incoming request
[09/08/2026 08:00:51] Xayling GET /clim/status
[09/08/2026 08:00:54] FASTIFY: request completed
[09/08/2026 08:01:51] FASTIFY: incoming request
[09/08/2026 08:01:51] Xayling GET /clim/status
[09/08/2026 08:01:54] FASTIFY: request completed
[09/08/2026 08:02:51] FASTIFY: incoming request
[09/08/2026 08:02:51] Xayling GET /clim/status
[09/08/2026 08:02:51] FASTIFY: incoming request
[09/08/2026 08:02:51] FASTIFY: incoming request
[09/08/2026 08:02:51] Xayling GET /clim/status
[09/08/2026 08:02:52] FASTIFY: request completed
[09/08/2026 08:02:56] FASTIFY: request completed
[09/08/2026 08:03:02] FASTIFY: incoming request
[09/08/2026 08:03:02] Xayling GET /clim/status
[09/08/2026 08:03:05] FASTIFY: request completed
[09/08/2026 08:03:12] FASTIFY: incoming request
[09/08/2026 08:03:12] Xayling GET /clim/status
[09/08/2026 08:03:15] FASTIFY: request completed
[09/08/2026 08:03:22] FASTIFY: incoming request
[09/08/2026 08:03:22] Xayling GET /clim/status
[09/08/2026 08:03:28] FASTIFY: request completed
[09/08/2026 08:03:32] FASTIFY: incoming request
[09/08/2026 08:03:32] Xayling GET /clim/status
[09/08/2026 08:03:39] FASTIFY: request completed
[09/08/2026 08:03:42] FASTIFY: incoming request
[09/08/2026 08:03:42] Xayling GET /clim/status
[09/08/2026 08:03:45] FASTIFY: request completed
[09/08/2026 08:03:52] FASTIFY: incoming request
[09/08/2026 08:03:52] Xayling GET /clim/status
[09/08/2026 08:03:55] FASTIFY: request completed
[09/08/2026 08:04:02] FASTIFY: incoming request
[09/08/2026 08:04:02] Xayling GET /clim/status
[09/08/2026 08:04:05] FASTIFY: request completed
[09/08/2026 08:04:51] FASTIFY: incoming request
[09/08/2026 08:04:51] Xayling GET /clim/status
[09/08/2026 08:04:54] FASTIFY: request completed
[09/08/2026 08:05:00] SID YK2UCIPeDoXevJ_e
[09/08/2026 08:05:01] SID KyVb4AOHQDUHEAeQ
[09/08/2026 08:05:51] FASTIFY: incoming request
[09/08/2026 08:05:51] Xayling GET /clim/status
[09/08/2026 08:05:54] FASTIFY: request completed
[09/08/2026 08:06:51] FASTIFY: incoming request
[09/08/2026 08:06:51] Xayling GET /clim/status
[09/08/2026 08:06:54] FASTIFY: request completed
[09/08/2026 08:07:51] FASTIFY: incoming request
[09/08/2026 08:07:51] Xayling GET /clim/status
[09/08/2026 08:07:54] FASTIFY: request completed
[09/08/2026 08:08:51] FASTIFY: incoming request
[09/08/2026 08:08:51] Xayling GET /clim/status
[09/08/2026 08:08:52] FASTIFY: incoming request
[09/08/2026 08:08:52] FASTIFY: incoming request
[09/08/2026 08:08:52] Xayling GET /clim/status
[09/08/2026 08:08:52] FASTIFY: request completed
[09/08/2026 08:08:55] FASTIFY: request completed
[09/08/2026 08:09:02] FASTIFY: incoming request
[09/08/2026 08:09:02] Xayling GET /clim/status
[09/08/2026 08:09:06] FASTIFY: request completed
[09/08/2026 08:09:12] FASTIFY: incoming request
[09/08/2026 08:09:12] Xayling GET /clim/status
[09/08/2026 08:09:15] FASTIFY: request completed
[09/08/2026 08:09:22] FASTIFY: incoming request
[09/08/2026 08:09:22] Xayling GET /clim/status
[09/08/2026 08:09:25] FASTIFY: request completed
[09/08/2026 08:09:32] FASTIFY: incoming request
[09/08/2026 08:09:32] Xayling GET /clim/status
[09/08/2026 08:09:35] FASTIFY: request completed
[09/08/2026 08:09:42] FASTIFY: incoming request
[09/08/2026 08:09:42] Xayling GET /clim/status
[09/08/2026 08:09:45] FASTIFY: request completed
[09/08/2026 08:09:52] FASTIFY: incoming request
[09/08/2026 08:09:52] Xayling GET /clim/status
[09/08/2026 08:09:59] FASTIFY: request completed
[09/08/2026 08:10:00] SID KyVb4AOHQDUHEAeQ
[09/08/2026 08:10:02] SID cqwOrbvRzO5RfZvk
[09/08/2026 08:10:02] FASTIFY: incoming request
[09/08/2026 08:10:02] Xayling GET /clim/status
[09/08/2026 08:10:09] FASTIFY: request completed
[09/08/2026 08:10:51] FASTIFY: incoming request
[09/08/2026 08:10:51] Xayling GET /clim/status
[09/08/2026 08:10:54] FASTIFY: request completed
[09/08/2026 08:11:51] FASTIFY: incoming request
[09/08/2026 08:11:51] Xayling GET /clim/status
[09/08/2026 08:11:54] FASTIFY: request completed
[09/08/2026 08:12:51] FASTIFY: incoming request
[09/08/2026 08:12:51] Xayling GET /clim/status
[09/08/2026 08:12:58] FASTIFY: request completed
[09/08/2026 08:13:51] FASTIFY: incoming request
[09/08/2026 08:13:51] Xayling GET /clim/status
[09/08/2026 08:13:54] FASTIFY: request completed
[09/08/2026 08:14:51] FASTIFY: incoming request
[09/08/2026 08:14:51] Xayling GET /clim/status
[09/08/2026 08:14:54] FASTIFY: request completed
[09/08/2026 08:15:00] SID cqwOrbvRzO5RfZvk
[09/08/2026 08:15:03] SID N64vrdecoNBcrduE
[09/08/2026 08:15:51] FASTIFY: incoming request
[09/08/2026 08:15:51] Xayling GET /clim/status
[09/08/2026 08:15:58] FASTIFY: request completed
[09/08/2026 08:16:51] FASTIFY: incoming request
[09/08/2026 08:16:51] Xayling GET /clim/status
[09/08/2026 08:16:52] FASTIFY: incoming request
[09/08/2026 08:16:52] FASTIFY: incoming request
[09/08/2026 08:16:52] Xayling GET /clim/status
[09/08/2026 08:16:52] FASTIFY: request completed
[09/08/2026 08:16:55] FASTIFY: request completed
[09/08/2026 08:17:02] FASTIFY: incoming request
[09/08/2026 08:17:02] Xayling GET /clim/status
[09/08/2026 08:17:09] FASTIFY: request completed
[09/08/2026 08:17:12] FASTIFY: incoming request
[09/08/2026 08:17:12] Xayling GET /clim/status
[09/08/2026 08:17:19] FASTIFY: request completed
[09/08/2026 08:17:22] FASTIFY: incoming request
[09/08/2026 08:17:22] Xayling GET /clim/status
[09/08/2026 08:17:25] FASTIFY: request completed
[09/08/2026 08:17:32] FASTIFY: incoming request
[09/08/2026 08:17:32] Xayling GET /clim/status
[09/08/2026 08:17:35] FASTIFY: request completed
[09/08/2026 08:17:42] FASTIFY: incoming request
[09/08/2026 08:17:42] Xayling GET /clim/status
[09/08/2026 08:17:45] FASTIFY: request completed
[09/08/2026 08:17:52] FASTIFY: incoming request
[09/08/2026 08:17:52] Xayling GET /clim/status
[09/08/2026 08:17:55] FASTIFY: request completed
[09/08/2026 08:18:02] FASTIFY: incoming request
[09/08/2026 08:18:02] Xayling GET /clim/status
[09/08/2026 08:18:05] FASTIFY: request completed
[09/08/2026 08:18:51] FASTIFY: incoming request
[09/08/2026 08:18:51] Xayling GET /clim/status
[09/08/2026 08:18:54] FASTIFY: request completed
[09/08/2026 08:19:51] FASTIFY: incoming request
[09/08/2026 08:19:51] Xayling GET /clim/status
[09/08/2026 08:19:54] FASTIFY: request completed
[09/08/2026 08:20:00] SID N64vrdecoNBcrduE
[09/08/2026 08:20:00] SID RiYuVtPBY2SBYsPL
[09/08/2026 08:20:51] FASTIFY: incoming request
[09/08/2026 08:20:51] Xayling GET /clim/status
[09/08/2026 08:20:54] FASTIFY: request completed
[09/08/2026 08:21:51] FASTIFY: incoming request
[09/08/2026 08:21:51] Xayling GET /clim/status
[09/08/2026 08:21:52] FASTIFY: incoming request
[09/08/2026 08:21:52] FASTIFY: incoming request
[09/08/2026 08:21:52] Xayling GET /clim/status
[09/08/2026 08:21:52] FASTIFY: request completed
[09/08/2026 08:21:56] FASTIFY: request completed
[09/08/2026 08:22:02] FASTIFY: incoming request
[09/08/2026 08:22:02] Xayling GET /clim/status
[09/08/2026 08:22:05] FASTIFY: request completed
[09/08/2026 08:22:12] FASTIFY: incoming request
[09/08/2026 08:22:12] Xayling GET /clim/status
[09/08/2026 08:22:15] FASTIFY: request completed
[09/08/2026 08:22:22] FASTIFY: incoming request
[09/08/2026 08:22:22] Xayling GET /clim/status
[09/08/2026 08:22:25] FASTIFY: request completed
[09/08/2026 08:22:32] FASTIFY: incoming request
[09/08/2026 08:22:32] Xayling GET /clim/status
[09/08/2026 08:22:35] FASTIFY: request completed
[09/08/2026 08:22:42] FASTIFY: incoming request
[09/08/2026 08:22:42] Xayling GET /clim/status
[09/08/2026 08:22:44] FASTIFY: request completed
[09/08/2026 08:22:52] FASTIFY: incoming request
[09/08/2026 08:22:52] Xayling GET /clim/status
[09/08/2026 08:22:55] FASTIFY: request completed
[09/08/2026 08:23:02] FASTIFY: incoming request
[09/08/2026 08:23:02] Xayling GET /clim/status
[09/08/2026 08:23:09] FASTIFY: request completed
[09/08/2026 08:23:51] FASTIFY: incoming request
[09/08/2026 08:23:51] Xayling GET /clim/status
[09/08/2026 08:23:54] FASTIFY: request completed
[09/08/2026 08:24:51] FASTIFY: incoming request
[09/08/2026 08:24:51] Xayling GET /clim/status
[09/08/2026 08:24:54] FASTIFY: request completed
[09/08/2026 08:25:00] SID RiYuVtPBY2SBYsPL
[09/08/2026 08:25:05] SID b6yHLEfVvNHVIFvc
[09/08/2026 08:25:51] FASTIFY: incoming request
[09/08/2026 08:25:51] Xayling GET /clim/status
[09/08/2026 08:25:54] FASTIFY: request completed
[09/08/2026 08:26:51] FASTIFY: incoming request
[09/08/2026 08:26:51] Xayling GET /clim/status
[09/08/2026 08:26:55] FASTIFY: request completed
[09/08/2026 08:27:51] FASTIFY: incoming request
[09/08/2026 08:27:51] Xayling GET /clim/status
[09/08/2026 08:27:52] FASTIFY: incoming request
[09/08/2026 08:27:52] FASTIFY: incoming request
[09/08/2026 08:27:52] Xayling GET /clim/status
[09/08/2026 08:27:52] FASTIFY: request completed
[09/08/2026 08:27:55] FASTIFY: request completed
[09/08/2026 08:28:02] FASTIFY: incoming request
[09/08/2026 08:28:02] Xayling GET /clim/status
[09/08/2026 08:28:05] FASTIFY: request completed
[09/08/2026 08:28:12] FASTIFY: incoming request
[09/08/2026 08:28:12] Xayling GET /clim/status
[09/08/2026 08:28:15] FASTIFY: request completed
[09/08/2026 08:28:22] FASTIFY: incoming request
[09/08/2026 08:28:22] Xayling GET /clim/status
[09/08/2026 08:28:25] FASTIFY: request completed
[09/08/2026 08:28:32] FASTIFY: incoming request
[09/08/2026 08:28:32] Xayling GET /clim/status
[09/08/2026 08:28:35] FASTIFY: request completed
[09/08/2026 08:28:42] FASTIFY: incoming request
[09/08/2026 08:28:42] Xayling GET /clim/status
[09/08/2026 08:28:45] FASTIFY: request completed
[09/08/2026 08:28:52] FASTIFY: incoming request
[09/08/2026 08:28:52] Xayling GET /clim/status
[09/08/2026 08:28:55] FASTIFY: request completed
[09/08/2026 08:29:02] FASTIFY: incoming request
[09/08/2026 08:29:02] Xayling GET /clim/status
[09/08/2026 08:29:05] FASTIFY: request completed
[09/08/2026 08:29:51] FASTIFY: incoming request
[09/08/2026 08:29:51] Xayling GET /clim/status
[09/08/2026 08:29:58] FASTIFY: request completed
[09/08/2026 08:30:00] SID b6yHLEfVvNHVIFvc
[09/08/2026 08:30:02] SID LiRKREuixl2iUGOa
[09/08/2026 08:30:51] FASTIFY: incoming request
[09/08/2026 08:30:51] Xayling GET /clim/status
[09/08/2026 08:30:54] FASTIFY: request completed
[09/08/2026 08:31:51] FASTIFY: incoming request
[09/08/2026 08:31:51] Xayling GET /clim/status
[09/08/2026 08:31:58] FASTIFY: request completed
[09/08/2026 08:32:51] FASTIFY: incoming request
[09/08/2026 08:32:51] Xayling GET /clim/status
[09/08/2026 08:32:51] FASTIFY: incoming request
[09/08/2026 08:32:51] FASTIFY: incoming request
[09/08/2026 08:32:51] Xayling GET /clim/status
[09/08/2026 08:32:51] FASTIFY: request completed
[09/08/2026 08:32:59] FASTIFY: request completed
[09/08/2026 08:33:02] FASTIFY: incoming request
[09/08/2026 08:33:02] Xayling GET /clim/status
[09/08/2026 08:33:05] FASTIFY: request completed
[09/08/2026 08:33:12] FASTIFY: incoming request
[09/08/2026 08:33:12] Xayling GET /clim/status
[09/08/2026 08:33:15] FASTIFY: request completed
[09/08/2026 08:33:22] FASTIFY: incoming request
[09/08/2026 08:33:22] Xayling GET /clim/status
[09/08/2026 08:33:25] FASTIFY: request completed
[09/08/2026 08:33:32] FASTIFY: incoming request
[09/08/2026 08:33:32] Xayling GET /clim/status
[09/08/2026 08:33:34] FASTIFY: request completed
[09/08/2026 08:33:42] FASTIFY: incoming request
[09/08/2026 08:33:42] Xayling GET /clim/status
[09/08/2026 08:33:45] FASTIFY: request completed
[09/08/2026 08:33:52] FASTIFY: incoming request
[09/08/2026 08:33:52] Xayling GET /clim/status
[09/08/2026 08:33:55] FASTIFY: request completed
[09/08/2026 08:34:02] FASTIFY: incoming request
[09/08/2026 08:34:02] Xayling GET /clim/status
[09/08/2026 08:34:05] FASTIFY: request completed
[09/08/2026 08:34:51] FASTIFY: incoming request
[09/08/2026 08:34:51] Xayling GET /clim/status
[09/08/2026 08:34:54] FASTIFY: request completed
[09/08/2026 08:35:00] SID LiRKREuixl2iUGOa
[09/08/2026 08:35:00] SID ZyQPQOfWfiOWGNf6
[09/08/2026 08:35:51] FASTIFY: incoming request
[09/08/2026 08:35:51] Xayling GET /clim/status
[09/08/2026 08:35:54] FASTIFY: request completed
[09/08/2026 08:36:51] FASTIFY: incoming request
[09/08/2026 08:36:51] Xayling GET /clim/status
[09/08/2026 08:36:58] FASTIFY: request completed
[09/08/2026 08:37:51] FASTIFY: incoming request
[09/08/2026 08:37:51] Xayling GET /clim/status
[09/08/2026 08:37:54] FASTIFY: request completed
[09/08/2026 08:38:51] FASTIFY: incoming request
[09/08/2026 08:38:51] Xayling GET /clim/status
[09/08/2026 08:38:54] FASTIFY: request completed
[09/08/2026 08:39:51] FASTIFY: incoming request
[09/08/2026 08:39:51] Xayling GET /clim/status
[09/08/2026 08:39:52] FASTIFY: incoming request
[09/08/2026 08:39:52] FASTIFY: incoming request
[09/08/2026 08:39:52] Xayling GET /clim/status
[09/08/2026 08:39:52] FASTIFY: request completed
[09/08/2026 08:39:55] FASTIFY: request completed
[09/08/2026 08:40:00] SID ZyQPQOfWfiOWGNf6
[09/08/2026 08:40:01] SID M6zDiaukBq9kya-2
[09/08/2026 08:40:02] FASTIFY: incoming request
[09/08/2026 08:40:02] Xayling GET /clim/status
[09/08/2026 08:40:05] FASTIFY: request completed
[09/08/2026 08:40:12] FASTIFY: incoming request
[09/08/2026 08:40:12] Xayling GET /clim/status
[09/08/2026 08:40:15] FASTIFY: request completed
[09/08/2026 08:40:22] FASTIFY: incoming request
[09/08/2026 08:40:22] Xayling GET /clim/status
[09/08/2026 08:40:25] FASTIFY: request completed
[09/08/2026 08:40:32] FASTIFY: incoming request
[09/08/2026 08:40:32] Xayling GET /clim/status
[09/08/2026 08:40:36] FASTIFY: request completed
[09/08/2026 08:40:42] FASTIFY: incoming request
[09/08/2026 08:40:42] Xayling GET /clim/status
[09/08/2026 08:40:45] FASTIFY: request completed
[09/08/2026 08:40:52] FASTIFY: incoming request
[09/08/2026 08:40:52] Xayling GET /clim/status
[09/08/2026 08:40:55] FASTIFY: request completed
[09/08/2026 08:41:02] FASTIFY: incoming request
[09/08/2026 08:41:02] Xayling GET /clim/status
[09/08/2026 08:41:05] FASTIFY: request completed
[09/08/2026 08:41:51] FASTIFY: incoming request
[09/08/2026 08:41:51] Xayling GET /clim/status
[09/08/2026 08:41:55] FASTIFY: request completed
[09/08/2026 08:42:51] FASTIFY: incoming request
[09/08/2026 08:42:51] Xayling GET /clim/status
[09/08/2026 08:42:54] FASTIFY: request completed
[09/08/2026 08:43:51] FASTIFY: incoming request
[09/08/2026 08:43:51] Xayling GET /clim/status
[09/08/2026 08:43:58] FASTIFY: request completed
[09/08/2026 08:44:51] FASTIFY: incoming request
[09/08/2026 08:44:51] Xayling GET /clim/status
[09/08/2026 08:44:54] FASTIFY: request completed
[09/08/2026 08:45:00] SID M6zDiaukBq9kya-2
[09/08/2026 08:45:05] SID Rid6lufxo0NxkvP3
[09/08/2026 08:45:51] FASTIFY: incoming request
[09/08/2026 08:45:51] Xayling GET /clim/status
[09/08/2026 08:45:52] FASTIFY: incoming request
[09/08/2026 08:45:52] FASTIFY: incoming request
[09/08/2026 08:45:52] Xayling GET /clim/status
[09/08/2026 08:45:52] FASTIFY: request completed
[09/08/2026 08:45:56] FASTIFY: request completed
[09/08/2026 08:46:02] FASTIFY: incoming request
[09/08/2026 08:46:02] Xayling GET /clim/status
[09/08/2026 08:46:05] FASTIFY: request completed
[09/08/2026 08:46:12] FASTIFY: incoming request
[09/08/2026 08:46:12] Xayling GET /clim/status
[09/08/2026 08:46:15] FASTIFY: request completed
[09/08/2026 08:46:22] FASTIFY: incoming request
[09/08/2026 08:46:22] Xayling GET /clim/status
[09/08/2026 08:46:25] FASTIFY: request completed
[09/08/2026 08:46:32] FASTIFY: incoming request
[09/08/2026 08:46:32] Xayling GET /clim/status
[09/08/2026 08:46:35] FASTIFY: request completed
[09/08/2026 08:46:42] FASTIFY: incoming request
[09/08/2026 08:46:42] Xayling GET /clim/status
[09/08/2026 08:46:49] FASTIFY: request completed
[09/08/2026 08:46:52] FASTIFY: incoming request
[09/08/2026 08:46:52] Xayling GET /clim/status
[09/08/2026 08:46:59] FASTIFY: request completed
[09/08/2026 08:47:02] FASTIFY: incoming request
[09/08/2026 08:47:02] Xayling GET /clim/status
[09/08/2026 08:47:05] FASTIFY: request completed
[09/08/2026 08:47:51] FASTIFY: incoming request
[09/08/2026 08:47:51] Xayling GET /clim/status
[09/08/2026 08:47:55] FASTIFY: request completed
[09/08/2026 08:48:51] FASTIFY: incoming request
[09/08/2026 08:48:51] Xayling GET /clim/status
[09/08/2026 08:48:55] FASTIFY: request completed
[09/08/2026 08:49:51] FASTIFY: incoming request
[09/08/2026 08:49:51] Xayling GET /clim/status
[09/08/2026 08:49:54] FASTIFY: request completed
[09/08/2026 08:50:00] SID Rid6lufxo0NxkvP3
[09/08/2026 08:50:04] SID 6iXS2B9hj5ghkC9D
[09/08/2026 08:50:51] FASTIFY: incoming request
[09/08/2026 08:50:51] Xayling GET /clim/status
[09/08/2026 08:50:54] FASTIFY: request completed
[09/08/2026 08:51:51] FASTIFY: incoming request
[09/08/2026 08:51:51] Xayling GET /clim/status
[09/08/2026 08:51:52] FASTIFY: incoming request
[09/08/2026 08:51:52] FASTIFY: incoming request
[09/08/2026 08:51:52] Xayling GET /clim/status
[09/08/2026 08:51:52] FASTIFY: request completed
[09/08/2026 08:51:56] FASTIFY: request completed
[09/08/2026 08:52:02] FASTIFY: incoming request
[09/08/2026 08:52:02] Xayling GET /clim/status
[09/08/2026 08:52:05] FASTIFY: request completed
[09/08/2026 08:52:12] FASTIFY: incoming request
[09/08/2026 08:52:12] Xayling GET /clim/status
[09/08/2026 08:52:15] FASTIFY: request completed
[09/08/2026 08:52:22] FASTIFY: incoming request
[09/08/2026 08:52:22] Xayling GET /clim/status
[09/08/2026 08:52:25] FASTIFY: request completed
[09/08/2026 08:52:32] FASTIFY: incoming request
[09/08/2026 08:52:32] Xayling GET /clim/status
[09/08/2026 08:52:35] FASTIFY: request completed
[09/08/2026 08:52:42] FASTIFY: incoming request
[09/08/2026 08:52:42] Xayling GET /clim/status
[09/08/2026 08:52:45] FASTIFY: request completed
[09/08/2026 08:52:52] FASTIFY: incoming request
[09/08/2026 08:52:52] Xayling GET /clim/status
[09/08/2026 08:52:55] FASTIFY: request completed
[09/08/2026 08:53:02] FASTIFY: incoming request
[09/08/2026 08:53:02] Xayling GET /clim/status
[09/08/2026 08:53:05] FASTIFY: request completed
[09/08/2026 08:53:51] FASTIFY: incoming request
[09/08/2026 08:53:51] Xayling GET /clim/status
[09/08/2026 08:53:55] FASTIFY: request completed
[09/08/2026 08:54:51] FASTIFY: incoming request
[09/08/2026 08:54:51] Xayling GET /clim/status
[09/08/2026 08:54:54] FASTIFY: request completed
[09/08/2026 08:55:00] SID 6iXS2B9hj5ghkC9D
[09/08/2026 08:55:02] SID KWFZMCeaQQPaNBe9
[09/08/2026 08:55:51] FASTIFY: incoming request
[09/08/2026 08:55:51] Xayling GET /clim/status
[09/08/2026 08:55:54] FASTIFY: request completed
[09/08/2026 08:56:51] FASTIFY: incoming request
[09/08/2026 08:56:51] Xayling GET /clim/status
[09/08/2026 08:56:58] FASTIFY: request completed
[09/08/2026 08:57:51] FASTIFY: incoming request
[09/08/2026 08:57:51] Xayling GET /clim/status
[09/08/2026 08:57:54] FASTIFY: request completed
[09/08/2026 08:58:51] FASTIFY: incoming request
[09/08/2026 08:58:51] Xayling GET /clim/status
[09/08/2026 08:58:52] FASTIFY: incoming request
[09/08/2026 08:58:52] FASTIFY: incoming request
[09/08/2026 08:58:52] Xayling GET /clim/status
[09/08/2026 08:58:52] FASTIFY: request completed
[09/08/2026 08:58:55] FASTIFY: request completed
[09/08/2026 08:59:02] FASTIFY: incoming request
[09/08/2026 08:59:02] Xayling GET /clim/status
[09/08/2026 08:59:05] FASTIFY: request completed
[09/08/2026 08:59:12] FASTIFY: incoming request
[09/08/2026 08:59:12] Xayling GET /clim/status
[09/08/2026 08:59:15] FASTIFY: request completed
[09/08/2026 08:59:22] FASTIFY: incoming request
[09/08/2026 08:59:22] Xayling GET /clim/status
[09/08/2026 08:59:25] FASTIFY: request completed
[09/08/2026 08:59:32] FASTIFY: incoming request
[09/08/2026 08:59:32] Xayling GET /clim/status
[09/08/2026 08:59:35] FASTIFY: request completed
[09/08/2026 08:59:42] FASTIFY: incoming request
[09/08/2026 08:59:42] Xayling GET /clim/status
[09/08/2026 08:59:46] FASTIFY: request completed
[09/08/2026 08:59:52] FASTIFY: incoming request
[09/08/2026 08:59:52] Xayling GET /clim/status
[09/08/2026 08:59:55] FASTIFY: request completed
[09/08/2026 09:00:00] SID KWFZMCeaQQPaNBe9
[09/08/2026 09:00:00] SID a2Jr2Bfoy7AoEC_D
[09/08/2026 09:00:02] FASTIFY: incoming request
[09/08/2026 09:00:02] Xayling GET /clim/status
[09/08/2026 09:00:06] FASTIFY: request completed
[09/08/2026 09:00:51] FASTIFY: incoming request
[09/08/2026 09:00:51] Xayling GET /clim/status
[09/08/2026 09:00:59] FASTIFY: request completed
[09/08/2026 09:01:51] FASTIFY: incoming request
[09/08/2026 09:01:51] Xayling GET /clim/status
[09/08/2026 09:01:54] FASTIFY: request completed
[09/08/2026 09:02:51] FASTIFY: incoming request
[09/08/2026 09:02:51] Xayling GET /clim/status
[09/08/2026 09:02:54] FASTIFY: request completed
[09/08/2026 09:03:51] FASTIFY: incoming request
[09/08/2026 09:03:51] Xayling GET /clim/status
[09/08/2026 09:03:54] FASTIFY: request completed
[09/08/2026 09:04:51] FASTIFY: incoming request
[09/08/2026 09:04:51] Xayling GET /clim/status
[09/08/2026 09:04:54] FASTIFY: request completed
[09/08/2026 09:05:00] SID a2Jr2Bfoy7AoEC_D
[09/08/2026 09:05:04] SID CK5ouhegMYBgni-F
[09/08/2026 09:05:51] FASTIFY: incoming request
[09/08/2026 09:05:51] Xayling GET /clim/status
[09/08/2026 09:05:52] FASTIFY: incoming request
[09/08/2026 09:05:52] FASTIFY: incoming request
[09/08/2026 09:05:52] Xayling GET /clim/status
[09/08/2026 09:05:52] FASTIFY: request completed
[09/08/2026 09:05:55] FASTIFY: request completed
[09/08/2026 09:06:02] FASTIFY: incoming request
[09/08/2026 09:06:02] Xayling GET /clim/status
[09/08/2026 09:06:06] FASTIFY: request completed
[09/08/2026 09:06:12] FASTIFY: incoming request
[09/08/2026 09:06:12] Xayling GET /clim/status
[09/08/2026 09:06:19] FASTIFY: request completed
[09/08/2026 09:06:22] FASTIFY: incoming request
[09/08/2026 09:06:22] Xayling GET /clim/status
[09/08/2026 09:06:25] FASTIFY: request completed
[09/08/2026 09:06:32] FASTIFY: incoming request
[09/08/2026 09:06:32] Xayling GET /clim/status
[09/08/2026 09:06:35] FASTIFY: request completed
[09/08/2026 09:06:42] FASTIFY: incoming request
[09/08/2026 09:06:42] Xayling GET /clim/status
[09/08/2026 09:06:46] FASTIFY: request completed
[09/08/2026 09:06:52] FASTIFY: incoming request
[09/08/2026 09:06:52] Xayling GET /clim/status
[09/08/2026 09:06:55] FASTIFY: request completed
[09/08/2026 09:07:02] FASTIFY: incoming request
[09/08/2026 09:07:02] Xayling GET /clim/status
[09/08/2026 09:07:05] FASTIFY: request completed
[09/08/2026 09:07:51] FASTIFY: incoming request
[09/08/2026 09:07:51] Xayling GET /clim/status
[09/08/2026 09:07:58] FASTIFY: request completed
[09/08/2026 09:08:51] FASTIFY: incoming request
[09/08/2026 09:08:51] Xayling GET /clim/status
[09/08/2026 09:08:54] FASTIFY: request completed
[09/08/2026 09:09:51] FASTIFY: incoming request
[09/08/2026 09:09:51] Xayling GET /clim/status
[09/08/2026 09:09:54] FASTIFY: request completed
[09/08/2026 09:10:00] SID CK5ouhegMYBgni-F
[09/08/2026 09:10:03] SID dyc_Kev_FI__Zf_8
[09/08/2026 09:10:51] FASTIFY: incoming request
[09/08/2026 09:10:51] Xayling GET /clim/status
[09/08/2026 09:10:52] FASTIFY: incoming request
[09/08/2026 09:10:52] FASTIFY: incoming request
[09/08/2026 09:10:52] Xayling GET /clim/status
[09/08/2026 09:10:52] FASTIFY: request completed
[09/08/2026 09:10:56] FASTIFY: request completed
[09/08/2026 09:11:02] FASTIFY: incoming request
[09/08/2026 09:11:02] Xayling GET /clim/status
[09/08/2026 09:11:05] FASTIFY: request completed
[09/08/2026 09:11:12] FASTIFY: incoming request
[09/08/2026 09:11:12] Xayling GET /clim/status
[09/08/2026 09:11:15] FASTIFY: request completed
[09/08/2026 09:11:22] FASTIFY: incoming request
[09/08/2026 09:11:22] Xayling GET /clim/status
[09/08/2026 09:11:25] FASTIFY: request completed
[09/08/2026 09:11:32] FASTIFY: incoming request
[09/08/2026 09:11:32] Xayling GET /clim/status
[09/08/2026 09:11:36] FASTIFY: request completed
[09/08/2026 09:11:42] FASTIFY: incoming request
[09/08/2026 09:11:42] Xayling GET /clim/status
[09/08/2026 09:11:45] FASTIFY: request completed
[09/08/2026 09:11:52] FASTIFY: incoming request
[09/08/2026 09:11:52] Xayling GET /clim/status
[09/08/2026 09:11:55] FASTIFY: request completed
[09/08/2026 09:12:02] FASTIFY: incoming request
[09/08/2026 09:12:02] Xayling GET /clim/status
[09/08/2026 09:12:05] FASTIFY: request completed
[09/08/2026 09:12:51] FASTIFY: incoming request
[09/08/2026 09:12:51] Xayling GET /clim/status
[09/08/2026 09:12:58] FASTIFY: request completed
[09/08/2026 09:13:51] FASTIFY: incoming request
[09/08/2026 09:13:51] Xayling GET /clim/status
[09/08/2026 09:13:54] FASTIFY: request completed
[09/08/2026 09:14:51] FASTIFY: incoming request
[09/08/2026 09:14:51] Xayling GET /clim/status
[09/08/2026 09:14:54] FASTIFY: request completed
[09/08/2026 09:15:00] SID dyc_Kev_FI__Zf_8
[09/08/2026 09:15:01] SID ESc9m5Ov34RvU6-H
[09/08/2026 09:15:51] FASTIFY: incoming request
[09/08/2026 09:15:51] Xayling GET /clim/status
[09/08/2026 09:15:54] FASTIFY: request completed
[09/08/2026 09:16:51] FASTIFY: incoming request
[09/08/2026 09:16:51] Xayling GET /clim/status
[09/08/2026 09:16:55] FASTIFY: request completed
[09/08/2026 09:17:51] FASTIFY: incoming request
[09/08/2026 09:17:51] Xayling GET /clim/status
[09/08/2026 09:17:52] FASTIFY: incoming request
[09/08/2026 09:17:52] FASTIFY: incoming request
[09/08/2026 09:17:52] Xayling GET /clim/status
[09/08/2026 09:17:52] FASTIFY: request completed
[09/08/2026 09:17:59] FASTIFY: request completed
[09/08/2026 09:18:02] FASTIFY: incoming request
[09/08/2026 09:18:02] Xayling GET /clim/status
[09/08/2026 09:18:05] FASTIFY: request completed
[09/08/2026 09:18:12] FASTIFY: incoming request
[09/08/2026 09:18:12] Xayling GET /clim/status
[09/08/2026 09:18:15] FASTIFY: request completed
[09/08/2026 09:18:22] FASTIFY: incoming request
[09/08/2026 09:18:22] Xayling GET /clim/status
[09/08/2026 09:18:25] FASTIFY: request completed
[09/08/2026 09:18:32] FASTIFY: incoming request
[09/08/2026 09:18:32] Xayling GET /clim/status
[09/08/2026 09:18:39] FASTIFY: request completed
[09/08/2026 09:18:42] FASTIFY: incoming request
[09/08/2026 09:18:42] Xayling GET /clim/status
[09/08/2026 09:18:46] FASTIFY: request completed
[09/08/2026 09:18:52] FASTIFY: incoming request
[09/08/2026 09:18:52] Xayling GET /clim/status
[09/08/2026 09:18:55] FASTIFY: request completed
[09/08/2026 09:19:02] FASTIFY: incoming request
[09/08/2026 09:19:02] Xayling GET /clim/status
[09/08/2026 09:19:05] FASTIFY: request completed
[09/08/2026 09:19:51] FASTIFY: incoming request
[09/08/2026 09:19:51] Xayling GET /clim/status
[09/08/2026 09:19:58] FASTIFY: request completed
[09/08/2026 09:20:00] SID ESc9m5Ov34RvU6-H
[09/08/2026 09:20:01] SID XiZqV2v242-2w3P7
[09/08/2026 09:20:51] FASTIFY: incoming request
[09/08/2026 09:20:51] Xayling GET /clim/status
[09/08/2026 09:20:54] FASTIFY: request completed
[09/08/2026 09:21:51] FASTIFY: incoming request
[09/08/2026 09:21:51] Xayling GET /clim/status
[09/08/2026 09:21:54] FASTIFY: request completed
[09/08/2026 09:22:51] FASTIFY: incoming request
[09/08/2026 09:22:51] Xayling GET /clim/status
[09/08/2026 09:22:54] FASTIFY: request completed
[09/08/2026 09:23:51] FASTIFY: incoming request
[09/08/2026 09:23:51] Xayling GET /clim/status
[09/08/2026 09:23:54] FASTIFY: request completed
[09/08/2026 09:24:51] FASTIFY: incoming request
[09/08/2026 09:24:51] Xayling GET /clim/status
[09/08/2026 09:24:54] FASTIFY: request completed
[09/08/2026 09:25:00] SID XiZqV2v242-2w3P7
[09/08/2026 09:25:01] SID 8SZp9adIfXMIKYNx
[09/08/2026 09:25:51] FASTIFY: incoming request
[09/08/2026 09:25:52] Xayling GET /clim/status
[09/08/2026 09:25:52] FASTIFY: incoming request
[09/08/2026 09:25:52] FASTIFY: incoming request
[09/08/2026 09:25:52] Xayling GET /clim/status
[09/08/2026 09:25:52] FASTIFY: request completed
[09/08/2026 09:25:55] FASTIFY: request completed
[09/08/2026 09:26:02] FASTIFY: incoming request
[09/08/2026 09:26:02] Xayling GET /clim/status
[09/08/2026 09:26:09] FASTIFY: request completed
[09/08/2026 09:26:12] FASTIFY: incoming request
[09/08/2026 09:26:12] Xayling GET /clim/status
[09/08/2026 09:26:15] FASTIFY: request completed
[09/08/2026 09:26:22] FASTIFY: incoming request
[09/08/2026 09:26:22] Xayling GET /clim/status
[09/08/2026 09:26:26] FASTIFY: request completed
[09/08/2026 09:26:32] FASTIFY: incoming request
[09/08/2026 09:26:32] Xayling GET /clim/status
[09/08/2026 09:26:39] FASTIFY: request completed
[09/08/2026 09:26:42] FASTIFY: incoming request
[09/08/2026 09:26:42] Xayling GET /clim/status
[09/08/2026 09:26:49] FASTIFY: request completed
[09/08/2026 09:26:52] FASTIFY: incoming request
[09/08/2026 09:26:52] Xayling GET /clim/status
[09/08/2026 09:26:55] FASTIFY: request completed
[09/08/2026 09:27:02] FASTIFY: incoming request
[09/08/2026 09:27:02] Xayling GET /clim/status
[09/08/2026 09:27:05] FASTIFY: request completed
[09/08/2026 09:27:51] FASTIFY: incoming request
[09/08/2026 09:27:51] Xayling GET /clim/status
[09/08/2026 09:27:54] FASTIFY: request completed
[09/08/2026 09:28:51] FASTIFY: incoming request
[09/08/2026 09:28:51] Xayling GET /clim/status
[09/08/2026 09:28:54] FASTIFY: request completed
[09/08/2026 09:29:51] FASTIFY: incoming request
[09/08/2026 09:29:51] Xayling GET /clim/status
[09/08/2026 09:29:54] FASTIFY: request completed
[09/08/2026 09:30:00] SID 8SZp9adIfXMIKYNx
[09/08/2026 09:30:02] SID PCWULWu6YM_6GXu8
[09/08/2026 09:30:51] FASTIFY: incoming request
[09/08/2026 09:30:52] Xayling GET /clim/status
[09/08/2026 09:30:52] FASTIFY: incoming request
[09/08/2026 09:30:52] FASTIFY: incoming request
[09/08/2026 09:30:52] Xayling GET /clim/status
[09/08/2026 09:30:52] FASTIFY: request completed
[09/08/2026 09:30:55] FASTIFY: request completed
[09/08/2026 09:31:02] FASTIFY: incoming request
[09/08/2026 09:31:02] Xayling GET /clim/status
[09/08/2026 09:31:05] FASTIFY: request completed
[09/08/2026 09:31:12] FASTIFY: incoming request
[09/08/2026 09:31:12] Xayling GET /clim/status
[09/08/2026 09:31:15] FASTIFY: request completed
[09/08/2026 09:31:22] FASTIFY: incoming request
[09/08/2026 09:31:22] Xayling GET /clim/status
[09/08/2026 09:31:29] FASTIFY: request completed
[09/08/2026 09:31:32] FASTIFY: incoming request
[09/08/2026 09:31:32] Xayling GET /clim/status
[09/08/2026 09:31:35] FASTIFY: request completed
[09/08/2026 09:31:42] FASTIFY: incoming request
[09/08/2026 09:31:42] Xayling GET /clim/status
[09/08/2026 09:31:45] FASTIFY: request completed
[09/08/2026 09:31:52] FASTIFY: incoming request
[09/08/2026 09:31:52] Xayling GET /clim/status
[09/08/2026 09:31:56] FASTIFY: request completed
[09/08/2026 09:32:02] FASTIFY: incoming request
[09/08/2026 09:32:02] Xayling GET /clim/status
[09/08/2026 09:32:06] FASTIFY: request completed
[09/08/2026 09:32:51] FASTIFY: incoming request
[09/08/2026 09:32:51] Xayling GET /clim/status
[09/08/2026 09:32:58] FASTIFY: request completed
[09/08/2026 09:33:51] FASTIFY: incoming request
[09/08/2026 09:33:51] Xayling GET /clim/status
[09/08/2026 09:33:55] FASTIFY: request completed
[09/08/2026 09:34:51] FASTIFY: incoming request
[09/08/2026 09:34:51] Xayling GET /clim/status
[09/08/2026 09:34:54] FASTIFY: request completed
[09/08/2026 09:35:00] SID PCWULWu6YM_6GXu8
[09/08/2026 09:35:01] SID YiWW9LvfMX4fTJPh
[09/08/2026 09:35:51] FASTIFY: incoming request
[09/08/2026 09:35:51] Xayling GET /clim/status
[09/08/2026 09:35:55] FASTIFY: request completed
[09/08/2026 09:36:51] FASTIFY: incoming request
[09/08/2026 09:36:52] Xayling GET /clim/status
[09/08/2026 09:36:52] FASTIFY: incoming request
[09/08/2026 09:36:52] FASTIFY: incoming request
[09/08/2026 09:36:52] Xayling GET /clim/status
[09/08/2026 09:36:52] FASTIFY: request completed
[09/08/2026 09:36:55] FASTIFY: request completed
[09/08/2026 09:37:02] FASTIFY: incoming request
[09/08/2026 09:37:02] Xayling GET /clim/status
[09/08/2026 09:37:05] FASTIFY: request completed
[09/08/2026 09:37:12] FASTIFY: incoming request
[09/08/2026 09:37:12] Xayling GET /clim/status
[09/08/2026 09:37:16] FASTIFY: request completed
[09/08/2026 09:37:22] FASTIFY: incoming request
[09/08/2026 09:37:22] Xayling GET /clim/status
[09/08/2026 09:37:26] FASTIFY: request completed
[09/08/2026 09:37:32] FASTIFY: incoming request
[09/08/2026 09:37:32] Xayling GET /clim/status
[09/08/2026 09:37:35] FASTIFY: request completed
[09/08/2026 09:37:42] FASTIFY: incoming request
[09/08/2026 09:37:42] Xayling GET /clim/status
[09/08/2026 09:37:45] FASTIFY: request completed
[09/08/2026 09:37:52] FASTIFY: incoming request
[09/08/2026 09:37:52] Xayling GET /clim/status
[09/08/2026 09:37:55] FASTIFY: request completed
[09/08/2026 09:38:02] FASTIFY: incoming request
[09/08/2026 09:38:02] Xayling GET /clim/status
[09/08/2026 09:38:10] FASTIFY: request completed
[09/08/2026 09:38:51] FASTIFY: incoming request
[09/08/2026 09:38:51] Xayling GET /clim/status
[09/08/2026 09:38:54] FASTIFY: request completed
[09/08/2026 09:39:51] FASTIFY: incoming request
[09/08/2026 09:39:51] Xayling GET /clim/status
[09/08/2026 09:39:54] FASTIFY: request completed
[09/08/2026 09:40:00] SID YiWW9LvfMX4fTJPh
[09/08/2026 09:40:03] SID FSXRO8OEmaXE-8-d
[09/08/2026 09:40:51] FASTIFY: incoming request
[09/08/2026 09:40:51] Xayling GET /clim/status
[09/08/2026 09:40:55] FASTIFY: request completed
[09/08/2026 09:41:51] FASTIFY: incoming request
[09/08/2026 09:41:52] Xayling GET /clim/status
[09/08/2026 09:41:52] FASTIFY: incoming request
[09/08/2026 09:41:52] FASTIFY: incoming request
[09/08/2026 09:41:52] Xayling GET /clim/status
[09/08/2026 09:41:52] FASTIFY: request completed
[09/08/2026 09:41:56] FASTIFY: request completed
[09/08/2026 09:42:02] FASTIFY: incoming request
[09/08/2026 09:42:02] Xayling GET /clim/status
[09/08/2026 09:42:05] FASTIFY: request completed
[09/08/2026 09:42:12] FASTIFY: incoming request
[09/08/2026 09:42:12] Xayling GET /clim/status
[09/08/2026 09:42:15] FASTIFY: request completed
[09/08/2026 09:42:22] FASTIFY: incoming request
[09/08/2026 09:42:22] Xayling GET /clim/status
[09/08/2026 09:42:26] FASTIFY: request completed
[09/08/2026 09:42:32] FASTIFY: incoming request
[09/08/2026 09:42:32] Xayling GET /clim/status
[09/08/2026 09:42:35] FASTIFY: request completed
[09/08/2026 09:42:42] FASTIFY: incoming request
[09/08/2026 09:42:42] Xayling GET /clim/status
[09/08/2026 09:42:45] FASTIFY: request completed
[09/08/2026 09:42:52] FASTIFY: incoming request
[09/08/2026 09:42:52] Xayling GET /clim/status
[09/08/2026 09:42:55] FASTIFY: request completed
[09/08/2026 09:43:02] FASTIFY: incoming request
[09/08/2026 09:43:02] Xayling GET /clim/status
[09/08/2026 09:43:05] FASTIFY: request completed
[09/08/2026 09:43:51] FASTIFY: incoming request
[09/08/2026 09:43:51] Xayling GET /clim/status
[09/08/2026 09:43:54] FASTIFY: request completed
[09/08/2026 09:44:51] FASTIFY: incoming request
[09/08/2026 09:44:51] Xayling GET /clim/status
[09/08/2026 09:44:55] FASTIFY: request completed
[09/08/2026 09:45:00] SID FSXRO8OEmaXE-8-d
[09/08/2026 09:45:10] SID KSd5fDuaRf6aaBup
[09/08/2026 09:45:51] FASTIFY: incoming request
[09/08/2026 09:45:51] Xayling GET /clim/status
[09/08/2026 09:45:54] FASTIFY: request completed
[09/08/2026 09:46:51] FASTIFY: incoming request
[09/08/2026 09:46:51] Xayling GET /clim/status
[09/08/2026 09:46:52] FASTIFY: incoming request
[09/08/2026 09:46:52] FASTIFY: incoming request
[09/08/2026 09:46:52] Xayling GET /clim/status
[09/08/2026 09:46:52] FASTIFY: request completed
[09/08/2026 09:46:56] FASTIFY: request completed
[09/08/2026 09:47:02] FASTIFY: incoming request
[09/08/2026 09:47:02] Xayling GET /clim/status
[09/08/2026 09:47:05] FASTIFY: request completed
[09/08/2026 09:47:12] FASTIFY: incoming request
[09/08/2026 09:47:12] Xayling GET /clim/status
[09/08/2026 09:47:15] FASTIFY: request completed
[09/08/2026 09:47:22] FASTIFY: incoming request
[09/08/2026 09:47:22] Xayling GET /clim/status
[09/08/2026 09:47:26] FASTIFY: request completed
[09/08/2026 09:47:32] FASTIFY: incoming request
[09/08/2026 09:47:32] Xayling GET /clim/status
[09/08/2026 09:47:35] FASTIFY: request completed
[09/08/2026 09:47:42] FASTIFY: incoming request
[09/08/2026 09:47:42] Xayling GET /clim/status
[09/08/2026 09:47:45] FASTIFY: request completed
[09/08/2026 09:47:52] FASTIFY: incoming request
[09/08/2026 09:47:52] Xayling GET /clim/status
[09/08/2026 09:47:55] FASTIFY: request completed
[09/08/2026 09:48:02] FASTIFY: incoming request
[09/08/2026 09:48:02] Xayling GET /clim/status
[09/08/2026 09:48:05] FASTIFY: request completed
[09/08/2026 09:48:51] FASTIFY: incoming request
[09/08/2026 09:48:51] Xayling GET /clim/status
[09/08/2026 09:48:54] FASTIFY: request completed
[09/08/2026 09:49:51] FASTIFY: incoming request
[09/08/2026 09:49:51] Xayling GET /clim/status
[09/08/2026 09:49:54] FASTIFY: request completed
[09/08/2026 09:50:00] SID KSd5fDuaRf6aaBup
[09/08/2026 09:50:00] SID 8OqkuaNKEadKZY91
[09/08/2026 09:50:51] FASTIFY: incoming request
[09/08/2026 09:50:51] Xayling GET /clim/status
[09/08/2026 09:50:54] FASTIFY: request completed
[09/08/2026 09:51:51] FASTIFY: incoming request
[09/08/2026 09:51:52] Xayling GET /clim/status
[09/08/2026 09:51:52] FASTIFY: incoming request
[09/08/2026 09:51:52] FASTIFY: incoming request
[09/08/2026 09:51:52] Xayling GET /clim/status
[09/08/2026 09:51:52] FASTIFY: request completed
[09/08/2026 09:51:55] FASTIFY: request completed
[09/08/2026 09:52:02] FASTIFY: incoming request
[09/08/2026 09:52:02] Xayling GET /clim/status
[09/08/2026 09:52:06] FASTIFY: request completed
[09/08/2026 09:52:12] FASTIFY: incoming request
[09/08/2026 09:52:12] Xayling GET /clim/status
[09/08/2026 09:52:15] FASTIFY: request completed
[09/08/2026 09:52:22] FASTIFY: incoming request
[09/08/2026 09:52:22] Xayling GET /clim/status
[09/08/2026 09:52:25] FASTIFY: request completed
[09/08/2026 09:52:32] FASTIFY: incoming request
[09/08/2026 09:52:32] Xayling GET /clim/status
[09/08/2026 09:52:39] FASTIFY: request completed
[09/08/2026 09:52:42] FASTIFY: incoming request
[09/08/2026 09:52:42] Xayling GET /clim/status
[09/08/2026 09:52:50] FASTIFY: request completed
[09/08/2026 09:52:52] FASTIFY: incoming request
[09/08/2026 09:52:52] Xayling GET /clim/status
[09/08/2026 09:52:55] FASTIFY: request completed
[09/08/2026 09:53:02] FASTIFY: incoming request
[09/08/2026 09:53:02] Xayling GET /clim/status
[09/08/2026 09:53:05] FASTIFY: request completed
[09/08/2026 09:53:51] FASTIFY: incoming request
[09/08/2026 09:53:51] Xayling GET /clim/status
[09/08/2026 09:53:54] FASTIFY: request completed
[09/08/2026 09:54:51] FASTIFY: incoming request
[09/08/2026 09:54:51] Xayling GET /clim/status
[09/08/2026 09:54:54] FASTIFY: request completed
[09/08/2026 09:55:00] SID 8OqkuaNKEadKZY91
[09/08/2026 09:55:03] SID JCc8_MuxVe0x0PuR
[09/08/2026 09:55:51] FASTIFY: incoming request
[09/08/2026 09:55:51] Xayling GET /clim/status
[09/08/2026 09:55:54] FASTIFY: request completed
[09/08/2026 09:56:51] FASTIFY: incoming request
[09/08/2026 09:56:51] Xayling GET /clim/status
[09/08/2026 09:56:54] FASTIFY: request completed
[09/08/2026 09:57:51] FASTIFY: incoming request
[09/08/2026 09:57:52] Xayling GET /clim/status
[09/08/2026 09:57:52] FASTIFY: incoming request
[09/08/2026 09:57:52] FASTIFY: incoming request
[09/08/2026 09:57:52] Xayling GET /clim/status
[09/08/2026 09:57:52] FASTIFY: request completed
[09/08/2026 09:58:00] FASTIFY: request completed
[09/08/2026 09:58:02] FASTIFY: incoming request
[09/08/2026 09:58:02] Xayling GET /clim/status
[09/08/2026 09:58:05] FASTIFY: request completed
[09/08/2026 09:58:12] FASTIFY: incoming request
[09/08/2026 09:58:12] Xayling GET /clim/status
[09/08/2026 09:58:15] FASTIFY: request completed
[09/08/2026 09:58:22] FASTIFY: incoming request
[09/08/2026 09:58:22] Xayling GET /clim/status
[09/08/2026 09:58:25] FASTIFY: request completed
[09/08/2026 09:58:32] FASTIFY: incoming request
[09/08/2026 09:58:32] Xayling GET /clim/status
[09/08/2026 09:58:39] FASTIFY: request completed
[09/08/2026 09:58:42] FASTIFY: incoming request
[09/08/2026 09:58:42] Xayling GET /clim/status
[09/08/2026 09:58:45] FASTIFY: request completed
[09/08/2026 09:58:52] FASTIFY: incoming request
[09/08/2026 09:58:52] Xayling GET /clim/status
[09/08/2026 09:58:55] FASTIFY: request completed
[09/08/2026 09:59:02] FASTIFY: incoming request
[09/08/2026 09:59:02] Xayling GET /clim/status
[09/08/2026 09:59:09] FASTIFY: request completed
[09/08/2026 09:59:51] FASTIFY: incoming request
[09/08/2026 09:59:52] Xayling GET /clim/status
[09/08/2026 09:59:54] FASTIFY: request completed
[09/08/2026 10:00:00] SID JCc8_MuxVe0x0PuR
[09/08/2026 10:00:03] SID oiRKkKctayNtGKc3
[09/08/2026 10:00:51] FASTIFY: incoming request
[09/08/2026 10:00:51] Xayling GET /clim/status
[09/08/2026 10:00:54] FASTIFY: request completed
[09/08/2026 10:01:51] FASTIFY: incoming request
[09/08/2026 10:01:51] Xayling GET /clim/status
[09/08/2026 10:01:54] FASTIFY: request completed
[09/08/2026 10:02:51] FASTIFY: incoming request
[09/08/2026 10:02:52] Xayling GET /clim/status
[09/08/2026 10:02:54] FASTIFY: request completed
[09/08/2026 10:03:51] FASTIFY: incoming request
[09/08/2026 10:03:52] Xayling GET /clim/status
[09/08/2026 10:03:55] FASTIFY: request completed
[09/08/2026 10:04:52] FASTIFY: incoming request
[09/08/2026 10:04:52] Xayling GET /clim/status
[09/08/2026 10:04:52] FASTIFY: incoming request
[09/08/2026 10:04:52] FASTIFY: incoming request
[09/08/2026 10:04:52] Xayling GET /clim/status
[09/08/2026 10:04:52] FASTIFY: request completed
[09/08/2026 10:05:00] SID oiRKkKctayNtGKc3
[09/08/2026 10:05:00] FASTIFY: request completed
[09/08/2026 10:05:02] FASTIFY: incoming request
[09/08/2026 10:05:02] Xayling GET /clim/status
[09/08/2026 10:05:03] SID HCQMy1-muqgmv2-C
[09/08/2026 10:05:05] FASTIFY: request completed
[09/08/2026 10:05:12] FASTIFY: incoming request
[09/08/2026 10:05:12] Xayling GET /clim/status
[09/08/2026 10:05:15] FASTIFY: request completed
[09/08/2026 10:05:22] FASTIFY: incoming request
[09/08/2026 10:05:22] Xayling GET /clim/status
[09/08/2026 10:05:25] FASTIFY: request completed
[09/08/2026 10:05:32] FASTIFY: incoming request
[09/08/2026 10:05:32] Xayling GET /clim/status
[09/08/2026 10:05:39] FASTIFY: request completed
[09/08/2026 10:05:42] FASTIFY: incoming request
[09/08/2026 10:05:42] Xayling GET /clim/status
[09/08/2026 10:05:46] FASTIFY: request completed
[09/08/2026 10:05:52] FASTIFY: incoming request
[09/08/2026 10:05:52] Xayling GET /clim/status
[09/08/2026 10:05:55] FASTIFY: request completed
[09/08/2026 10:06:02] FASTIFY: incoming request
[09/08/2026 10:06:02] Xayling GET /clim/status
[09/08/2026 10:06:05] FASTIFY: request completed
[09/08/2026 10:06:51] FASTIFY: incoming request
[09/08/2026 10:06:52] Xayling GET /clim/status
[09/08/2026 10:06:54] FASTIFY: request completed
[09/08/2026 10:07:51] FASTIFY: incoming request
[09/08/2026 10:07:52] Xayling GET /clim/status
[09/08/2026 10:07:55] FASTIFY: request completed
[09/08/2026 10:08:51] FASTIFY: incoming request
[09/08/2026 10:08:52] Xayling GET /clim/status
[09/08/2026 10:08:58] FASTIFY: request completed
[09/08/2026 10:09:52] FASTIFY: incoming request
[09/08/2026 10:09:52] Xayling GET /clim/status
[09/08/2026 10:09:52] FASTIFY: incoming request
[09/08/2026 10:09:52] FASTIFY: incoming request
[09/08/2026 10:09:52] Xayling GET /clim/status
[09/08/2026 10:09:52] FASTIFY: request completed
[09/08/2026 10:09:56] FASTIFY: request completed
[09/08/2026 10:10:00] SID HCQMy1-muqgmv2-C
[09/08/2026 10:10:01] SID eWCFgQPjyjVj5SfW
[09/08/2026 10:10:02] FASTIFY: incoming request
[09/08/2026 10:10:02] Xayling GET /clim/status
[09/08/2026 10:10:06] FASTIFY: request completed
[09/08/2026 10:10:12] FASTIFY: incoming request
[09/08/2026 10:10:12] Xayling GET /clim/status
[09/08/2026 10:10:16] FASTIFY: request completed
[09/08/2026 10:10:22] FASTIFY: incoming request
[09/08/2026 10:10:22] Xayling GET /clim/status
[09/08/2026 10:10:25] FASTIFY: request completed
[09/08/2026 10:10:32] FASTIFY: incoming request
[09/08/2026 10:10:32] Xayling GET /clim/status
[09/08/2026 10:10:35] FASTIFY: request completed
[09/08/2026 10:10:42] FASTIFY: incoming request
[09/08/2026 10:10:42] Xayling GET /clim/status
[09/08/2026 10:10:45] FASTIFY: request completed
[09/08/2026 10:10:52] FASTIFY: incoming request
[09/08/2026 10:10:52] Xayling GET /clim/status
[09/08/2026 10:10:55] FASTIFY: request completed
[09/08/2026 10:11:02] FASTIFY: incoming request
[09/08/2026 10:11:02] Xayling GET /clim/status
[09/08/2026 10:11:05] FASTIFY: request completed
[09/08/2026 10:11:51] FASTIFY: incoming request
[09/08/2026 10:11:52] Xayling GET /clim/status
[09/08/2026 10:11:55] FASTIFY: request completed
[09/08/2026 10:12:51] FASTIFY: incoming request
[09/08/2026 10:12:52] Xayling GET /clim/status
[09/08/2026 10:12:58] FASTIFY: request completed
[09/08/2026 10:13:51] FASTIFY: incoming request
[09/08/2026 10:13:52] Xayling GET /clim/status
[09/08/2026 10:13:54] FASTIFY: request completed
[09/08/2026 10:14:51] FASTIFY: incoming request
[09/08/2026 10:14:52] Xayling GET /clim/status
[09/08/2026 10:14:52] FASTIFY: incoming request
[09/08/2026 10:14:52] FASTIFY: incoming request
[09/08/2026 10:14:52] Xayling GET /clim/status
[09/08/2026 10:14:52] FASTIFY: request completed
[09/08/2026 10:14:55] FASTIFY: request completed
[09/08/2026 10:15:00] SID eWCFgQPjyjVj5SfW
[09/08/2026 10:15:02] FASTIFY: incoming request
[09/08/2026 10:15:02] Xayling GET /clim/status
[09/08/2026 10:15:03] SID 966nNf9LoWrLYcNt
[09/08/2026 10:15:05] FASTIFY: request completed
[09/08/2026 10:15:12] FASTIFY: incoming request
[09/08/2026 10:15:12] Xayling GET /clim/status
[09/08/2026 10:15:15] FASTIFY: request completed
[09/08/2026 10:15:22] FASTIFY: incoming request
[09/08/2026 10:15:22] Xayling GET /clim/status
[09/08/2026 10:15:25] FASTIFY: request completed
[09/08/2026 10:15:32] FASTIFY: incoming request
[09/08/2026 10:15:32] Xayling GET /clim/status
[09/08/2026 10:15:35] FASTIFY: request completed
[09/08/2026 10:15:42] FASTIFY: incoming request
[09/08/2026 10:15:42] Xayling GET /clim/status
[09/08/2026 10:15:45] FASTIFY: request completed
[09/08/2026 10:15:52] FASTIFY: incoming request
[09/08/2026 10:15:52] Xayling GET /clim/status
[09/08/2026 10:16:00] FASTIFY: request completed
[09/08/2026 10:16:02] FASTIFY: incoming request
[09/08/2026 10:16:02] Xayling GET /clim/status
[09/08/2026 10:16:05] FASTIFY: request completed
[09/08/2026 10:16:51] FASTIFY: incoming request
[09/08/2026 10:16:52] Xayling GET /clim/status
[09/08/2026 10:16:54] FASTIFY: request completed
[09/08/2026 10:17:51] FASTIFY: incoming request
[09/08/2026 10:17:52] Xayling GET /clim/status
[09/08/2026 10:17:54] FASTIFY: request completed
[09/08/2026 10:18:51] FASTIFY: incoming request
[09/08/2026 10:18:52] Xayling GET /clim/status
[09/08/2026 10:18:58] FASTIFY: request completed
[09/08/2026 10:19:52] FASTIFY: incoming request
[09/08/2026 10:19:52] Xayling GET /clim/status
[09/08/2026 10:19:52] FASTIFY: incoming request
[09/08/2026 10:19:52] FASTIFY: incoming request
[09/08/2026 10:19:52] Xayling GET /clim/status
[09/08/2026 10:19:52] FASTIFY: request completed
[09/08/2026 10:19:55] FASTIFY: request completed
[09/08/2026 10:20:00] SID 966nNf9LoWrLYcNt
[09/08/2026 10:20:01] SID UiZqF5f0o2D0p7PP
[09/08/2026 10:20:02] FASTIFY: incoming request
[09/08/2026 10:20:02] Xayling GET /clim/status
[09/08/2026 10:20:05] FASTIFY: request completed
[09/08/2026 10:20:12] FASTIFY: incoming request
[09/08/2026 10:20:12] Xayling GET /clim/status
[09/08/2026 10:20:15] FASTIFY: request completed
[09/08/2026 10:20:22] FASTIFY: incoming request
[09/08/2026 10:20:22] Xayling GET /clim/status
[09/08/2026 10:20:25] FASTIFY: request completed
[09/08/2026 10:20:32] FASTIFY: incoming request
[09/08/2026 10:20:32] Xayling GET /clim/status
[09/08/2026 10:20:35] FASTIFY: request completed
[09/08/2026 10:20:42] FASTIFY: incoming request
[09/08/2026 10:20:42] Xayling GET /clim/status
[09/08/2026 10:20:45] FASTIFY: request completed
[09/08/2026 10:20:52] FASTIFY: incoming request
[09/08/2026 10:20:52] Xayling GET /clim/status
[09/08/2026 10:20:55] FASTIFY: request completed
[09/08/2026 10:21:02] FASTIFY: incoming request
[09/08/2026 10:21:02] Xayling GET /clim/status
[09/08/2026 10:21:09] FASTIFY: request completed
[09/08/2026 10:21:51] FASTIFY: incoming request
[09/08/2026 10:21:52] Xayling GET /clim/status
[09/08/2026 10:21:54] FASTIFY: request completed
[09/08/2026 10:22:51] FASTIFY: incoming request
[09/08/2026 10:22:52] Xayling GET /clim/status
[09/08/2026 10:22:54] FASTIFY: request completed
[09/08/2026 10:23:52] FASTIFY: incoming request
[09/08/2026 10:23:52] Xayling GET /clim/status
[09/08/2026 10:23:55] FASTIFY: request completed
[09/08/2026 10:24:52] FASTIFY: incoming request
[09/08/2026 10:24:52] Xayling GET /clim/status
[09/08/2026 10:24:52] FASTIFY: incoming request
[09/08/2026 10:24:52] FASTIFY: incoming request
[09/08/2026 10:24:52] Xayling GET /clim/status
[09/08/2026 10:24:52] FASTIFY: request completed
[09/08/2026 10:24:59] FASTIFY: request completed
[09/08/2026 10:25:00] SID UiZqF5f0o2D0p7PP
[09/08/2026 10:25:02] SID rGBIAH8-Mhr-CHcu
[09/08/2026 10:25:02] FASTIFY: incoming request
[09/08/2026 10:25:02] Xayling GET /clim/status
[09/08/2026 10:25:05] FASTIFY: request completed
[09/08/2026 10:25:12] FASTIFY: incoming request
[09/08/2026 10:25:12] Xayling GET /clim/status
[09/08/2026 10:25:15] FASTIFY: request completed
[09/08/2026 10:25:22] FASTIFY: incoming request
[09/08/2026 10:25:22] Xayling GET /clim/status
[09/08/2026 10:25:25] FASTIFY: request completed
[09/08/2026 10:25:32] FASTIFY: incoming request
[09/08/2026 10:25:32] Xayling GET /clim/status
[09/08/2026 10:25:35] FASTIFY: request completed
[09/08/2026 10:25:42] FASTIFY: incoming request
[09/08/2026 10:25:42] Xayling GET /clim/status
[09/08/2026 10:25:49] FASTIFY: request completed
[09/08/2026 10:25:52] FASTIFY: incoming request
[09/08/2026 10:25:52] Xayling GET /clim/status
[09/08/2026 10:25:56] FASTIFY: request completed
[09/08/2026 10:26:02] FASTIFY: incoming request
[09/08/2026 10:26:02] Xayling GET /clim/status
[09/08/2026 10:26:05] FASTIFY: request completed
[09/08/2026 10:26:51] FASTIFY: incoming request
[09/08/2026 10:26:52] Xayling GET /clim/status
[09/08/2026 10:26:54] FASTIFY: request completed
[09/08/2026 10:27:52] FASTIFY: incoming request
[09/08/2026 10:27:52] Xayling GET /clim/status
[09/08/2026 10:27:58] FASTIFY: request completed
[09/08/2026 10:28:51] FASTIFY: incoming request
[09/08/2026 10:28:52] Xayling GET /clim/status
[09/08/2026 10:28:54] FASTIFY: request completed
[09/08/2026 10:29:51] FASTIFY: incoming request
[09/08/2026 10:29:52] Xayling GET /clim/status
[09/08/2026 10:29:52] FASTIFY: incoming request
[09/08/2026 10:29:52] FASTIFY: incoming request
[09/08/2026 10:29:52] Xayling GET /clim/status
[09/08/2026 10:29:52] FASTIFY: request completed
[09/08/2026 10:29:59] FASTIFY: request completed
[09/08/2026 10:30:00] SID rGBIAH8-Mhr-CHcu
[09/08/2026 10:30:02] FASTIFY: incoming request
[09/08/2026 10:30:02] Xayling GET /clim/status
[09/08/2026 10:30:03] SID A60fEr-REzrR9pev
[09/08/2026 10:30:05] FASTIFY: request completed
[09/08/2026 10:30:12] FASTIFY: incoming request
[09/08/2026 10:30:12] Xayling GET /clim/status
[09/08/2026 10:30:15] FASTIFY: request completed
[09/08/2026 10:30:22] FASTIFY: incoming request
[09/08/2026 10:30:22] Xayling GET /clim/status
[09/08/2026 10:30:25] FASTIFY: request completed
[09/08/2026 10:30:32] FASTIFY: incoming request
[09/08/2026 10:30:32] Xayling GET /clim/status
[09/08/2026 10:30:35] FASTIFY: request completed
[09/08/2026 10:30:42] FASTIFY: incoming request
[09/08/2026 10:30:42] Xayling GET /clim/status
[09/08/2026 10:30:45] FASTIFY: request completed
[09/08/2026 10:30:52] FASTIFY: incoming request
[09/08/2026 10:30:52] Xayling GET /clim/status
[09/08/2026 10:30:55] FASTIFY: request completed
[09/08/2026 10:31:02] FASTIFY: incoming request
[09/08/2026 10:31:02] Xayling GET /clim/status
[09/08/2026 10:31:05] FASTIFY: request completed
[09/08/2026 10:31:51] FASTIFY: incoming request
[09/08/2026 10:31:52] Xayling GET /clim/status
[09/08/2026 10:31:54] FASTIFY: request completed
[09/08/2026 10:32:51] FASTIFY: incoming request
[09/08/2026 10:32:52] Xayling GET /clim/status
[09/08/2026 10:32:54] FASTIFY: request completed
[09/08/2026 10:33:51] FASTIFY: incoming request
[09/08/2026 10:33:52] Xayling GET /clim/status
[09/08/2026 10:33:54] FASTIFY: request completed
[09/08/2026 10:34:52] FASTIFY: incoming request
[09/08/2026 10:34:52] Xayling GET /clim/status
[09/08/2026 10:34:52] FASTIFY: incoming request
[09/08/2026 10:34:52] FASTIFY: incoming request
[09/08/2026 10:34:52] Xayling GET /clim/status
[09/08/2026 10:34:52] FASTIFY: request completed
[09/08/2026 10:34:56] FASTIFY: request completed
[09/08/2026 10:35:00] SID A60fEr-REzrR9pev
[09/08/2026 10:35:01] SID g-jDopsLMCxLVocE
[09/08/2026 10:35:02] FASTIFY: incoming request
[09/08/2026 10:35:02] Xayling GET /clim/status
[09/08/2026 10:35:05] FASTIFY: request completed
[09/08/2026 10:35:12] FASTIFY: incoming request
[09/08/2026 10:35:12] Xayling GET /clim/status
[09/08/2026 10:35:15] FASTIFY: request completed
[09/08/2026 10:35:22] FASTIFY: incoming request
[09/08/2026 10:35:22] Xayling GET /clim/status
[09/08/2026 10:35:25] FASTIFY: request completed
[09/08/2026 10:35:32] FASTIFY: incoming request
[09/08/2026 10:35:32] Xayling GET /clim/status
[09/08/2026 10:35:35] FASTIFY: request completed
[09/08/2026 10:35:42] FASTIFY: incoming request
[09/08/2026 10:35:42] Xayling GET /clim/status
[09/08/2026 10:35:50] FASTIFY: request completed
[09/08/2026 10:35:52] FASTIFY: incoming request
[09/08/2026 10:35:52] Xayling GET /clim/status
[09/08/2026 10:35:55] FASTIFY: request completed
[09/08/2026 10:36:02] FASTIFY: incoming request
[09/08/2026 10:36:02] Xayling GET /clim/status
[09/08/2026 10:36:05] FASTIFY: request completed
[09/08/2026 10:36:52] FASTIFY: incoming request
[09/08/2026 10:36:52] Xayling GET /clim/status
[09/08/2026 10:36:55] FASTIFY: request completed
[09/08/2026 10:37:52] FASTIFY: incoming request
[09/08/2026 10:37:52] Xayling GET /clim/status
[09/08/2026 10:37:55] FASTIFY: request completed
[09/08/2026 10:38:51] FASTIFY: incoming request
[09/08/2026 10:38:52] Xayling GET /clim/status
[09/08/2026 10:38:55] FASTIFY: request completed
[09/08/2026 10:39:51] FASTIFY: incoming request
[09/08/2026 10:39:52] Xayling GET /clim/status
[09/08/2026 10:39:52] FASTIFY: incoming request
[09/08/2026 10:39:52] FASTIFY: incoming request
[09/08/2026 10:39:52] Xayling GET /clim/status
[09/08/2026 10:39:52] FASTIFY: request completed
[09/08/2026 10:39:56] FASTIFY: request completed
[09/08/2026 10:40:00] SID g-jDopsLMCxLVocE
[09/08/2026 10:40:02] FASTIFY: incoming request
[09/08/2026 10:40:02] Xayling GET /clim/status
[09/08/2026 10:40:05] FASTIFY: request completed
[09/08/2026 10:40:07] SID 9SRJdftqxX6qWeNp
[09/08/2026 10:40:12] FASTIFY: incoming request
[09/08/2026 10:40:12] Xayling GET /clim/status
[09/08/2026 10:40:20] FASTIFY: request completed
[09/08/2026 10:40:22] FASTIFY: incoming request
[09/08/2026 10:40:22] Xayling GET /clim/status
[09/08/2026 10:40:26] FASTIFY: request completed
[09/08/2026 10:40:32] FASTIFY: incoming request
[09/08/2026 10:40:32] Xayling GET /clim/status
[09/08/2026 10:40:35] FASTIFY: request completed
[09/08/2026 10:40:42] FASTIFY: incoming request
[09/08/2026 10:40:42] Xayling GET /clim/status
[09/08/2026 10:40:45] FASTIFY: request completed
[09/08/2026 10:40:52] FASTIFY: incoming request
[09/08/2026 10:40:52] Xayling GET /clim/status
[09/08/2026 10:40:55] FASTIFY: request completed
[09/08/2026 10:41:02] FASTIFY: incoming request
[09/08/2026 10:41:02] Xayling GET /clim/status
[09/08/2026 10:41:05] FASTIFY: request completed
[09/08/2026 10:41:51] FASTIFY: incoming request
[09/08/2026 10:41:52] Xayling GET /clim/status
[09/08/2026 10:41:54] FASTIFY: request completed
[09/08/2026 10:42:51] FASTIFY: incoming request
[09/08/2026 10:42:52] Xayling GET /clim/status
[09/08/2026 10:42:54] FASTIFY: request completed
[09/08/2026 10:43:51] FASTIFY: incoming request
[09/08/2026 10:43:52] Xayling GET /clim/status
[09/08/2026 10:43:58] FASTIFY: request completed
[09/08/2026 10:44:52] FASTIFY: incoming request
[09/08/2026 10:44:52] Xayling GET /clim/status
[09/08/2026 10:44:52] FASTIFY: incoming request
[09/08/2026 10:44:52] FASTIFY: incoming request
[09/08/2026 10:44:52] Xayling GET /clim/status
[09/08/2026 10:44:52] FASTIFY: request completed
[09/08/2026 10:44:56] FASTIFY: request completed
[09/08/2026 10:45:00] SID 9SRJdftqxX6qWeNp
[09/08/2026 10:45:02] FASTIFY: incoming request
[09/08/2026 10:45:02] Xayling GET /clim/status
[09/08/2026 10:45:05] FASTIFY: request completed
[09/08/2026 10:45:06] SID XiUe02PxYxcx63fz
[09/08/2026 10:45:12] FASTIFY: incoming request
[09/08/2026 10:45:12] Xayling GET /clim/status
[09/08/2026 10:45:15] FASTIFY: request completed
[09/08/2026 10:45:22] FASTIFY: incoming request
[09/08/2026 10:45:22] Xayling GET /clim/status
[09/08/2026 10:45:26] FASTIFY: request completed
[09/08/2026 10:45:32] FASTIFY: incoming request
[09/08/2026 10:45:32] Xayling GET /clim/status
[09/08/2026 10:45:35] FASTIFY: request completed
[09/08/2026 10:45:42] FASTIFY: incoming request
[09/08/2026 10:45:42] Xayling GET /clim/status
[09/08/2026 10:45:45] FASTIFY: request completed
[09/08/2026 10:45:52] FASTIFY: incoming request
[09/08/2026 10:45:52] Xayling GET /clim/status
[09/08/2026 10:45:55] FASTIFY: request completed
[09/08/2026 10:46:02] FASTIFY: incoming request
[09/08/2026 10:46:02] Xayling GET /clim/status
[09/08/2026 10:46:06] FASTIFY: request completed
[09/08/2026 10:46:52] FASTIFY: incoming request
[09/08/2026 10:46:52] Xayling GET /clim/status
[09/08/2026 10:46:54] FASTIFY: request completed
[09/08/2026 10:47:52] FASTIFY: incoming request
[09/08/2026 10:47:52] Xayling GET /clim/status
[09/08/2026 10:47:54] FASTIFY: request completed
[09/08/2026 10:48:51] FASTIFY: incoming request
[09/08/2026 10:48:52] Xayling GET /clim/status
[09/08/2026 10:48:55] FASTIFY: request completed
[09/08/2026 10:49:51] FASTIFY: incoming request
[09/08/2026 10:49:51] Xayling GET /clim/status
[09/08/2026 10:49:54] FASTIFY: request completed
[09/08/2026 10:50:00] SID XiUe02PxYxcx63fz
[09/08/2026 10:50:01] SID 3iYuR1dFwmCFq0NK
[09/08/2026 10:50:51] FASTIFY: incoming request
[09/08/2026 10:50:52] Xayling GET /clim/status
[09/08/2026 10:50:52] FASTIFY: incoming request
[09/08/2026 10:50:52] FASTIFY: incoming request
[09/08/2026 10:50:52] Xayling GET /clim/status
[09/08/2026 10:50:52] FASTIFY: request completed
[09/08/2026 10:50:55] FASTIFY: request completed
[09/08/2026 10:51:02] FASTIFY: incoming request
[09/08/2026 10:51:02] Xayling GET /clim/status
[09/08/2026 10:51:05] FASTIFY: request completed
[09/08/2026 10:51:12] FASTIFY: incoming request
[09/08/2026 10:51:12] Xayling GET /clim/status
[09/08/2026 10:51:16] FASTIFY: request completed
[09/08/2026 10:51:22] FASTIFY: incoming request
[09/08/2026 10:51:22] Xayling GET /clim/status
[09/08/2026 10:51:25] FASTIFY: request completed
[09/08/2026 10:51:32] FASTIFY: incoming request
[09/08/2026 10:51:32] Xayling GET /clim/status
[09/08/2026 10:51:35] FASTIFY: request completed
[09/08/2026 10:51:42] FASTIFY: incoming request
[09/08/2026 10:51:42] Xayling GET /clim/status
[09/08/2026 10:51:45] FASTIFY: request completed
[09/08/2026 10:51:52] FASTIFY: incoming request
[09/08/2026 10:51:52] Xayling GET /clim/status
[09/08/2026 10:51:55] FASTIFY: request completed
[09/08/2026 10:52:02] FASTIFY: incoming request
[09/08/2026 10:52:02] Xayling GET /clim/status
[09/08/2026 10:52:05] FASTIFY: request completed
[09/08/2026 10:52:51] FASTIFY: incoming request
[09/08/2026 10:52:52] Xayling GET /clim/status
[09/08/2026 10:52:54] FASTIFY: request completed
[09/08/2026 10:53:51] FASTIFY: incoming request
[09/08/2026 10:53:52] Xayling GET /clim/status
[09/08/2026 10:53:54] FASTIFY: request completed
[09/08/2026 10:54:52] FASTIFY: incoming request
[09/08/2026 10:54:52] Xayling GET /clim/status
[09/08/2026 10:54:54] FASTIFY: request completed
[09/08/2026 10:55:00] SID 3iYuR1dFwmCFq0NK
[09/08/2026 10:55:01] SID Iq4ucJeepTCe5IeJ
[09/08/2026 10:55:52] FASTIFY: incoming request
[09/08/2026 10:55:52] Xayling GET /clim/status
[09/08/2026 10:55:55] FASTIFY: request completed
[09/08/2026 10:56:52] FASTIFY: incoming request
[09/08/2026 10:56:52] Xayling GET /clim/status
[09/08/2026 10:56:54] FASTIFY: request completed
[09/08/2026 10:57:51] FASTIFY: incoming request
[09/08/2026 10:57:52] Xayling GET /clim/status
[09/08/2026 10:57:54] FASTIFY: request completed
[09/08/2026 10:58:52] FASTIFY: incoming request
[09/08/2026 10:58:52] Xayling GET /clim/status
[09/08/2026 10:58:54] FASTIFY: request completed
[09/08/2026 10:59:52] FASTIFY: incoming request
[09/08/2026 10:59:52] Xayling GET /clim/status
[09/08/2026 10:59:54] FASTIFY: request completed
[09/08/2026 11:00:00] SID Iq4ucJeepTCe5IeJ
[09/08/2026 11:00:00] SID j-iHHnMCg-bCJlsv
[09/08/2026 11:00:51] FASTIFY: incoming request
[09/08/2026 11:00:52] Xayling GET /clim/status
[09/08/2026 11:00:54] FASTIFY: request completed
[09/08/2026 11:01:51] FASTIFY: incoming request
[09/08/2026 11:01:52] Xayling GET /clim/status
[09/08/2026 11:01:54] FASTIFY: request completed
[09/08/2026 11:02:51] FASTIFY: incoming request
[09/08/2026 11:02:52] Xayling GET /clim/status
[09/08/2026 11:02:54] FASTIFY: request completed
[09/08/2026 11:03:52] FASTIFY: incoming request
[09/08/2026 11:03:52] Xayling GET /clim/status
[09/08/2026 11:03:55] FASTIFY: request completed
[09/08/2026 11:04:52] FASTIFY: incoming request
[09/08/2026 11:04:52] Xayling GET /clim/status
[09/08/2026 11:04:54] FASTIFY: request completed
[09/08/2026 11:05:00] SID j-iHHnMCg-bCJlsv
[09/08/2026 11:05:05] SID 7WANWENf66Wf-E9b
[09/08/2026 11:05:51] FASTIFY: incoming request
[09/08/2026 11:05:52] Xayling GET /clim/status
[09/08/2026 11:05:54] FASTIFY: request completed
[09/08/2026 11:06:51] FASTIFY: incoming request
[09/08/2026 11:06:52] Xayling GET /clim/status
[09/08/2026 11:06:54] FASTIFY: request completed
[09/08/2026 11:07:52] FASTIFY: incoming request
[09/08/2026 11:07:52] Xayling GET /clim/status
[09/08/2026 11:07:54] FASTIFY: request completed
[09/08/2026 11:08:51] FASTIFY: incoming request
[09/08/2026 11:08:52] Xayling GET /clim/status
[09/08/2026 11:08:58] FASTIFY: request completed
[09/08/2026 11:09:52] FASTIFY: incoming request
[09/08/2026 11:09:52] Xayling GET /clim/status
[09/08/2026 11:09:54] FASTIFY: request completed
[09/08/2026 11:10:00] SID 7WANWENf66Wf-E9b
[09/08/2026 11:10:02] SID Z6-34NPuHAQu7PfA
[09/08/2026 11:10:52] FASTIFY: incoming request
[09/08/2026 11:10:52] Xayling GET /clim/status
[09/08/2026 11:10:54] FASTIFY: request completed
[09/08/2026 11:11:51] FASTIFY: incoming request
[09/08/2026 11:11:52] Xayling GET /clim/status
[09/08/2026 11:11:55] FASTIFY: request completed
[09/08/2026 11:12:51] FASTIFY: incoming request
[09/08/2026 11:12:52] Xayling GET /clim/status
[09/08/2026 11:12:55] FASTIFY: request completed
[09/08/2026 11:13:51] FASTIFY: incoming request
[09/08/2026 11:13:51] Xayling GET /clim/status
[09/08/2026 11:13:54] FASTIFY: request completed
[09/08/2026 11:14:51] FASTIFY: incoming request
[09/08/2026 11:14:52] Xayling GET /clim/status
[09/08/2026 11:14:54] FASTIFY: request completed
[09/08/2026 11:15:00] SID Z6-34NPuHAQu7PfA
[09/08/2026 11:15:01] SID wyUftqdkYVNkUrN1
[09/08/2026 11:15:52] FASTIFY: incoming request
[09/08/2026 11:15:52] Xayling GET /clim/status
[09/08/2026 11:15:52] FASTIFY: incoming request
[09/08/2026 11:15:52] FASTIFY: incoming request
[09/08/2026 11:15:52] Xayling GET /clim/status
[09/08/2026 11:15:52] FASTIFY: request completed
[09/08/2026 11:15:56] FASTIFY: request completed
[09/08/2026 11:16:02] FASTIFY: incoming request
[09/08/2026 11:16:02] Xayling GET /clim/status
[09/08/2026 11:16:05] FASTIFY: request completed
[09/08/2026 11:16:12] FASTIFY: incoming request
[09/08/2026 11:16:12] Xayling GET /clim/status
[09/08/2026 11:16:16] FASTIFY: request completed
[09/08/2026 11:16:22] FASTIFY: incoming request
[09/08/2026 11:16:22] Xayling GET /clim/status
[09/08/2026 11:16:25] FASTIFY: request completed
[09/08/2026 11:16:32] FASTIFY: incoming request
[09/08/2026 11:16:32] Xayling GET /clim/status
[09/08/2026 11:16:35] FASTIFY: request completed
[09/08/2026 11:16:42] FASTIFY: incoming request
[09/08/2026 11:16:42] Xayling GET /clim/status
[09/08/2026 11:16:45] FASTIFY: request completed
[09/08/2026 11:16:52] FASTIFY: incoming request
[09/08/2026 11:16:52] Xayling GET /clim/status
[09/08/2026 11:16:55] FASTIFY: request completed
[09/08/2026 11:17:02] FASTIFY: incoming request
[09/08/2026 11:17:02] Xayling GET /clim/status
[09/08/2026 11:17:09] FASTIFY: request completed
[09/08/2026 11:17:51] FASTIFY: incoming request
[09/08/2026 11:17:52] Xayling GET /clim/status
[09/08/2026 11:17:58] FASTIFY: request completed
[09/08/2026 11:18:52] FASTIFY: incoming request
[09/08/2026 11:18:52] Xayling GET /clim/status
[09/08/2026 11:18:58] FASTIFY: request completed
[09/08/2026 11:19:52] FASTIFY: incoming request
[09/08/2026 11:19:52] Xayling GET /clim/status
[09/08/2026 11:19:54] FASTIFY: request completed
[09/08/2026 11:20:00] SID wyUftqdkYVNkUrN1
[09/08/2026 11:20:06] SID I2JrcL-dZTqdxIep
[09/08/2026 11:20:52] FASTIFY: incoming request
[09/08/2026 11:20:52] Xayling GET /clim/status
[09/08/2026 11:20:55] FASTIFY: request completed
[09/08/2026 11:21:52] FASTIFY: incoming request
[09/08/2026 11:21:52] Xayling GET /clim/status
[09/08/2026 11:21:54] FASTIFY: request completed
[09/08/2026 11:22:52] FASTIFY: incoming request
[09/08/2026 11:22:52] Xayling GET /clim/status
[09/08/2026 11:22:54] FASTIFY: request completed
[09/08/2026 11:23:52] FASTIFY: incoming request
[09/08/2026 11:23:52] Xayling GET /clim/status
[09/08/2026 11:23:54] FASTIFY: request completed
[09/08/2026 11:24:51] FASTIFY: incoming request
[09/08/2026 11:24:52] Xayling GET /clim/status
[09/08/2026 11:24:54] FASTIFY: request completed
[09/08/2026 11:25:00] SID I2JrcL-dZTqdxIep
[09/08/2026 11:25:01] SID vuu2MVsBASzBBVcN
[09/08/2026 11:25:51] FASTIFY: incoming request
[09/08/2026 11:25:52] Xayling GET /clim/status
[09/08/2026 11:25:54] FASTIFY: request completed
[09/08/2026 11:26:52] FASTIFY: incoming request
[09/08/2026 11:26:52] Xayling GET /clim/status
[09/08/2026 11:26:52] FASTIFY: incoming request
[09/08/2026 11:26:52] FASTIFY: incoming request
[09/08/2026 11:26:52] Xayling GET /clim/status
[09/08/2026 11:26:52] FASTIFY: request completed
[09/08/2026 11:26:55] FASTIFY: request completed
[09/08/2026 11:27:02] FASTIFY: incoming request
[09/08/2026 11:27:02] Xayling GET /clim/status
[09/08/2026 11:27:05] FASTIFY: request completed
[09/08/2026 11:27:12] FASTIFY: incoming request
[09/08/2026 11:27:12] Xayling GET /clim/status
[09/08/2026 11:27:16] FASTIFY: request completed
[09/08/2026 11:27:22] FASTIFY: incoming request
[09/08/2026 11:27:22] Xayling GET /clim/status
[09/08/2026 11:27:25] FASTIFY: request completed
[09/08/2026 11:27:32] FASTIFY: incoming request
[09/08/2026 11:27:32] Xayling GET /clim/status
[09/08/2026 11:27:35] FASTIFY: request completed
[09/08/2026 11:27:42] FASTIFY: incoming request
[09/08/2026 11:27:42] Xayling GET /clim/status
[09/08/2026 11:27:45] FASTIFY: request completed
[09/08/2026 11:27:52] FASTIFY: incoming request
[09/08/2026 11:27:52] Xayling GET /clim/status
[09/08/2026 11:27:55] FASTIFY: request completed
[09/08/2026 11:28:02] FASTIFY: incoming request
[09/08/2026 11:28:02] Xayling GET /clim/status
[09/08/2026 11:28:05] FASTIFY: request completed
[09/08/2026 11:28:51] FASTIFY: incoming request
[09/08/2026 11:28:52] Xayling GET /clim/status
[09/08/2026 11:28:58] FASTIFY: request completed
[09/08/2026 11:29:51] FASTIFY: incoming request
[09/08/2026 11:29:52] Xayling GET /clim/status
[09/08/2026 11:29:54] FASTIFY: request completed
[09/08/2026 11:30:00] SID vuu2MVsBASzBBVcN
[09/08/2026 11:30:03] SID AK1Y-ouPLb0P2p-R
[09/08/2026 11:30:51] FASTIFY: incoming request
[09/08/2026 11:30:52] Xayling GET /clim/status
[09/08/2026 11:30:54] FASTIFY: request completed
[09/08/2026 11:31:52] FASTIFY: incoming request
[09/08/2026 11:31:52] Xayling GET /clim/status
[09/08/2026 11:31:52] FASTIFY: incoming request
[09/08/2026 11:31:52] FASTIFY: incoming request
[09/08/2026 11:31:52] Xayling GET /clim/status
[09/08/2026 11:31:52] FASTIFY: request completed
[09/08/2026 11:31:55] FASTIFY: request completed
[09/08/2026 11:32:02] FASTIFY: incoming request
[09/08/2026 11:32:02] Xayling GET /clim/status
[09/08/2026 11:32:05] FASTIFY: request completed
[09/08/2026 11:32:12] FASTIFY: incoming request
[09/08/2026 11:32:12] Xayling GET /clim/status
[09/08/2026 11:32:15] FASTIFY: request completed
[09/08/2026 11:32:22] FASTIFY: incoming request
[09/08/2026 11:32:22] Xayling GET /clim/status
[09/08/2026 11:32:25] FASTIFY: request completed
[09/08/2026 11:32:32] FASTIFY: incoming request
[09/08/2026 11:32:32] Xayling GET /clim/status
[09/08/2026 11:32:35] FASTIFY: request completed
[09/08/2026 11:32:42] FASTIFY: incoming request
[09/08/2026 11:32:42] Xayling GET /clim/status
[09/08/2026 11:32:46] FASTIFY: request completed
[09/08/2026 11:32:52] FASTIFY: incoming request
[09/08/2026 11:32:52] Xayling GET /clim/status
[09/08/2026 11:32:55] FASTIFY: request completed
[09/08/2026 11:33:02] FASTIFY: incoming request
[09/08/2026 11:33:02] Xayling GET /clim/status
[09/08/2026 11:33:05] FASTIFY: request completed
[09/08/2026 11:33:52] FASTIFY: incoming request
[09/08/2026 11:33:52] Xayling GET /clim/status
[09/08/2026 11:33:54] FASTIFY: request completed
[09/08/2026 11:34:52] FASTIFY: incoming request
[09/08/2026 11:34:52] Xayling GET /clim/status
[09/08/2026 11:34:54] FASTIFY: request completed
[09/08/2026 11:35:00] SID AK1Y-ouPLb0P2p-R
[09/08/2026 11:35:01] SID Zfkd4ObfECMf0Mbw
[09/08/2026 11:35:52] FASTIFY: incoming request
[09/08/2026 11:35:52] Xayling GET /clim/status
[09/08/2026 11:35:54] FASTIFY: request completed
[09/08/2026 11:36:52] FASTIFY: incoming request
[09/08/2026 11:36:52] Xayling GET /clim/status
[09/08/2026 11:36:59] FASTIFY: request completed
[09/08/2026 11:37:52] FASTIFY: incoming request
[09/08/2026 11:37:52] Xayling GET /clim/status
[09/08/2026 11:37:54] FASTIFY: request completed
[09/08/2026 11:38:52] FASTIFY: incoming request
[09/08/2026 11:38:52] Xayling GET /clim/status
[09/08/2026 11:38:54] FASTIFY: request completed
[09/08/2026 11:39:52] FASTIFY: incoming request
[09/08/2026 11:39:52] Xayling GET /clim/status
[09/08/2026 11:39:52] FASTIFY: incoming request
[09/08/2026 11:39:52] FASTIFY: incoming request
[09/08/2026 11:39:52] Xayling GET /clim/status
[09/08/2026 11:39:52] FASTIFY: request completed
[09/08/2026 11:39:56] FASTIFY: request completed
[09/08/2026 11:40:00] SID Zfkd4ObfECMf0Mbw
[09/08/2026 11:40:01] SID -uke2QNuk6UuyT9T
[09/08/2026 11:40:02] FASTIFY: incoming request
[09/08/2026 11:40:02] Xayling GET /clim/status
[09/08/2026 11:40:05] FASTIFY: request completed
[09/08/2026 11:40:12] FASTIFY: incoming request
[09/08/2026 11:40:12] Xayling GET /clim/status
[09/08/2026 11:40:15] FASTIFY: request completed
[09/08/2026 11:40:22] FASTIFY: incoming request
[09/08/2026 11:40:22] Xayling GET /clim/status
[09/08/2026 11:40:25] FASTIFY: request completed
[09/08/2026 11:40:32] FASTIFY: incoming request
[09/08/2026 11:40:33] Xayling GET /clim/status
[09/08/2026 11:40:35] FASTIFY: request completed
[09/08/2026 11:40:43] FASTIFY: incoming request
[09/08/2026 11:40:43] Xayling GET /clim/status
[09/08/2026 11:40:45] FASTIFY: request completed
[09/08/2026 11:40:52] FASTIFY: incoming request
[09/08/2026 11:40:53] Xayling GET /clim/status
[09/08/2026 11:40:59] FASTIFY: request completed
[09/08/2026 11:41:02] FASTIFY: incoming request
[09/08/2026 11:41:02] Xayling GET /clim/status
[09/08/2026 11:41:05] FASTIFY: request completed
[09/08/2026 11:41:52] FASTIFY: incoming request
[09/08/2026 11:41:52] Xayling GET /clim/status
[09/08/2026 11:41:54] FASTIFY: request completed
[09/08/2026 11:42:52] FASTIFY: incoming request
[09/08/2026 11:42:52] Xayling GET /clim/status
[09/08/2026 11:42:54] FASTIFY: request completed
[09/08/2026 11:43:52] FASTIFY: incoming request
[09/08/2026 11:43:52] Xayling GET /clim/status
[09/08/2026 11:43:54] FASTIFY: request completed
[09/08/2026 11:44:52] FASTIFY: incoming request
[09/08/2026 11:44:52] Xayling GET /clim/status
[09/08/2026 11:44:54] FASTIFY: request completed
[09/08/2026 11:45:00] SID -uke2QNuk6UuyT9T
[09/08/2026 11:45:03] SID SiVasj__GRp_zifl
[09/08/2026 11:45:52] FASTIFY: incoming request
[09/08/2026 11:45:52] Xayling GET /clim/status
[09/08/2026 11:45:52] FASTIFY: incoming request
[09/08/2026 11:45:52] FASTIFY: incoming request
[09/08/2026 11:45:52] Xayling GET /clim/status
[09/08/2026 11:45:52] FASTIFY: request completed
[09/08/2026 11:45:55] FASTIFY: request completed
[09/08/2026 11:46:02] FASTIFY: incoming request
[09/08/2026 11:46:02] Xayling GET /clim/status
[09/08/2026 11:46:05] FASTIFY: request completed
[09/08/2026 11:46:12] FASTIFY: incoming request
[09/08/2026 11:46:12] Xayling GET /clim/status
[09/08/2026 11:46:16] FASTIFY: request completed
[09/08/2026 11:46:22] FASTIFY: incoming request
[09/08/2026 11:46:22] Xayling GET /clim/status
[09/08/2026 11:46:25] FASTIFY: request completed
[09/08/2026 11:46:32] FASTIFY: incoming request
[09/08/2026 11:46:32] Xayling GET /clim/status
[09/08/2026 11:46:35] FASTIFY: request completed
[09/08/2026 11:46:42] FASTIFY: incoming request
[09/08/2026 11:46:42] Xayling GET /clim/status
[09/08/2026 11:46:46] FASTIFY: request completed
[09/08/2026 11:46:52] FASTIFY: incoming request
[09/08/2026 11:46:52] Xayling GET /clim/status
[09/08/2026 11:46:55] FASTIFY: request completed
[09/08/2026 11:47:02] FASTIFY: incoming request
[09/08/2026 11:47:02] Xayling GET /clim/status
[09/08/2026 11:47:05] FASTIFY: request completed
[09/08/2026 11:47:52] FASTIFY: incoming request
[09/08/2026 11:47:52] Xayling GET /clim/status
[09/08/2026 11:47:55] FASTIFY: request completed
[09/08/2026 11:48:52] FASTIFY: incoming request
[09/08/2026 11:48:52] Xayling GET /clim/status
[09/08/2026 11:48:54] FASTIFY: request completed
[09/08/2026 11:49:52] FASTIFY: incoming request
[09/08/2026 11:49:52] Xayling GET /clim/status
[09/08/2026 11:49:55] FASTIFY: request completed
[09/08/2026 11:50:00] SID SiVasj__GRp_zifl
[09/08/2026 11:50:01] SID rK1Y1EchV0EhIHMT
[09/08/2026 11:50:52] FASTIFY: incoming request
[09/08/2026 11:50:52] Xayling GET /clim/status
[09/08/2026 11:50:54] FASTIFY: request completed
[09/08/2026 11:51:52] FASTIFY: incoming request
[09/08/2026 11:51:52] Xayling GET /clim/status
[09/08/2026 11:51:54] FASTIFY: request completed
[09/08/2026 11:52:52] FASTIFY: incoming request
[09/08/2026 11:52:52] Xayling GET /clim/status
[09/08/2026 11:52:54] FASTIFY: request completed
[09/08/2026 11:53:52] FASTIFY: incoming request
[09/08/2026 11:53:52] Xayling GET /clim/status
[09/08/2026 11:53:54] FASTIFY: request completed
[09/08/2026 11:54:51] FASTIFY: incoming request
[09/08/2026 11:54:51] Xayling GET /clim/status
[09/08/2026 11:54:54] FASTIFY: request completed
[09/08/2026 11:55:00] SID rK1Y1EchV0EhIHMT
[09/08/2026 11:55:03] SID OqzCYR-5MBi5pSeI
[09/08/2026 11:55:52] FASTIFY: incoming request
[09/08/2026 11:55:52] Xayling GET /clim/status
[09/08/2026 11:55:52] FASTIFY: incoming request
[09/08/2026 11:55:52] FASTIFY: incoming request
[09/08/2026 11:55:52] Xayling GET /clim/status
[09/08/2026 11:55:52] FASTIFY: request completed
[09/08/2026 11:55:55] FASTIFY: request completed
[09/08/2026 11:56:02] FASTIFY: incoming request
[09/08/2026 11:56:02] Xayling GET /clim/status
[09/08/2026 11:56:05] FASTIFY: request completed
[09/08/2026 11:56:12] FASTIFY: incoming request
[09/08/2026 11:56:12] Xayling GET /clim/status
[09/08/2026 11:56:15] FASTIFY: request completed
[09/08/2026 11:56:22] FASTIFY: incoming request
[09/08/2026 11:56:22] Xayling GET /clim/status
[09/08/2026 11:56:25] FASTIFY: request completed
[09/08/2026 11:56:32] FASTIFY: incoming request
[09/08/2026 11:56:32] Xayling GET /clim/status
[09/08/2026 11:56:35] FASTIFY: request completed
[09/08/2026 11:56:42] FASTIFY: incoming request
[09/08/2026 11:56:42] Xayling GET /clim/status
[09/08/2026 11:56:50] FASTIFY: request completed
[09/08/2026 11:56:52] FASTIFY: incoming request
[09/08/2026 11:56:52] Xayling GET /clim/status
[09/08/2026 11:56:55] FASTIFY: request completed
[09/08/2026 11:57:02] FASTIFY: incoming request
[09/08/2026 11:57:02] Xayling GET /clim/status
[09/08/2026 11:57:05] FASTIFY: request completed
[09/08/2026 11:57:51] FASTIFY: incoming request
[09/08/2026 11:57:51] Xayling GET /clim/status
[09/08/2026 11:57:54] FASTIFY: request completed
[09/08/2026 11:58:51] FASTIFY: incoming request
[09/08/2026 11:58:51] Xayling GET /clim/status
[09/08/2026 11:58:54] FASTIFY: request completed
[09/08/2026 11:59:51] FASTIFY: incoming request
[09/08/2026 11:59:52] Xayling GET /clim/status
[09/08/2026 11:59:54] FASTIFY: request completed
[09/08/2026 12:00:00] SID OqzCYR-5MBi5pSeI
[09/08/2026 12:00:03] SID YrwOMJLjoSTjDLbN
[09/08/2026 12:00:52] FASTIFY: incoming request
[09/08/2026 12:00:52] Xayling GET /clim/status
[09/08/2026 12:00:52] FASTIFY: incoming request
[09/08/2026 12:00:52] FASTIFY: incoming request
[09/08/2026 12:00:52] Xayling GET /clim/status
[09/08/2026 12:00:52] FASTIFY: request completed
[09/08/2026 12:00:55] FASTIFY: request completed
[09/08/2026 12:01:02] FASTIFY: incoming request
[09/08/2026 12:01:02] Xayling GET /clim/status
[09/08/2026 12:01:06] FASTIFY: request completed
[09/08/2026 12:01:12] FASTIFY: incoming request
[09/08/2026 12:01:12] Xayling GET /clim/status
[09/08/2026 12:01:19] FASTIFY: request completed
[09/08/2026 12:01:22] FASTIFY: incoming request
[09/08/2026 12:01:22] Xayling GET /clim/status
[09/08/2026 12:01:25] FASTIFY: request completed
[09/08/2026 12:01:32] FASTIFY: incoming request
[09/08/2026 12:01:32] Xayling GET /clim/status
[09/08/2026 12:01:35] FASTIFY: request completed
[09/08/2026 12:01:42] FASTIFY: incoming request
[09/08/2026 12:01:42] Xayling GET /clim/status
[09/08/2026 12:01:46] FASTIFY: request completed
[09/08/2026 12:01:52] FASTIFY: incoming request
[09/08/2026 12:01:52] Xayling GET /clim/status
[09/08/2026 12:01:59] FASTIFY: request completed
[09/08/2026 12:02:02] FASTIFY: incoming request
[09/08/2026 12:02:02] Xayling GET /clim/status
[09/08/2026 12:02:10] FASTIFY: request completed
[09/08/2026 12:02:51] FASTIFY: incoming request
[09/08/2026 12:02:51] Xayling GET /clim/status
[09/08/2026 12:02:54] FASTIFY: request completed
[09/08/2026 12:03:51] FASTIFY: incoming request
[09/08/2026 12:03:52] Xayling GET /clim/status
[09/08/2026 12:03:54] FASTIFY: request completed
[09/08/2026 12:04:51] FASTIFY: incoming request
[09/08/2026 12:04:51] Xayling GET /clim/status
[09/08/2026 12:04:54] FASTIFY: request completed
[09/08/2026 12:05:00] SID YrwOMJLjoSTjDLbN
[09/08/2026 12:05:00] SID E-vzP4eV0cHVF4ud
[09/08/2026 12:05:51] FASTIFY: incoming request
[09/08/2026 12:05:52] Xayling GET /clim/status
[09/08/2026 12:05:54] FASTIFY: request completed
[09/08/2026 12:06:51] FASTIFY: incoming request
[09/08/2026 12:06:52] Xayling GET /clim/status
[09/08/2026 12:06:54] FASTIFY: request completed
[09/08/2026 12:07:51] FASTIFY: incoming request
[09/08/2026 12:07:52] Xayling GET /clim/status
[09/08/2026 12:07:58] FASTIFY: request completed
[09/08/2026 12:08:51] FASTIFY: incoming request
[09/08/2026 12:08:52] Xayling GET /clim/status
[09/08/2026 12:08:54] FASTIFY: request completed
[09/08/2026 12:09:51] FASTIFY: incoming request
[09/08/2026 12:09:52] Xayling GET /clim/status
[09/08/2026 12:09:59] FASTIFY: request completed
[09/08/2026 12:10:00] SID E-vzP4eV0cHVF4ud
[09/08/2026 12:10:01] SID VDfwj_7ZIspZ28rm
[09/08/2026 12:10:51] FASTIFY: incoming request
[09/08/2026 12:10:52] Xayling GET /clim/status
[09/08/2026 12:10:58] FASTIFY: request completed
[09/08/2026 12:11:51] FASTIFY: incoming request
[09/08/2026 12:11:52] Xayling GET /clim/status
[09/08/2026 12:11:58] FASTIFY: request completed
[09/08/2026 12:12:51] FASTIFY: incoming request
[09/08/2026 12:12:52] Xayling GET /clim/status
[09/08/2026 12:12:52] FASTIFY: incoming request
[09/08/2026 12:12:52] FASTIFY: incoming request
[09/08/2026 12:12:52] Xayling GET /clim/status
[09/08/2026 12:12:52] FASTIFY: request completed
[09/08/2026 12:12:56] FASTIFY: request completed
[09/08/2026 12:13:02] FASTIFY: incoming request
[09/08/2026 12:13:02] Xayling GET /clim/status
[09/08/2026 12:13:05] FASTIFY: request completed
[09/08/2026 12:13:12] FASTIFY: incoming request
[09/08/2026 12:13:12] Xayling GET /clim/status
[09/08/2026 12:13:16] FASTIFY: request completed
[09/08/2026 12:13:22] FASTIFY: incoming request
[09/08/2026 12:13:22] Xayling GET /clim/status
[09/08/2026 12:13:25] FASTIFY: request completed
[09/08/2026 12:13:32] FASTIFY: incoming request
[09/08/2026 12:13:33] Xayling GET /clim/status
[09/08/2026 12:13:39] FASTIFY: request completed
[09/08/2026 12:13:42] FASTIFY: incoming request
[09/08/2026 12:13:42] Xayling GET /clim/status
[09/08/2026 12:13:46] FASTIFY: request completed
[09/08/2026 12:13:52] FASTIFY: incoming request
[09/08/2026 12:13:52] Xayling GET /clim/status
[09/08/2026 12:13:55] FASTIFY: request completed
[09/08/2026 12:14:02] FASTIFY: incoming request
[09/08/2026 12:14:02] Xayling GET /clim/status
[09/08/2026 12:14:05] FASTIFY: request completed
[09/08/2026 12:14:51] FASTIFY: incoming request
[09/08/2026 12:14:52] Xayling GET /clim/status
[09/08/2026 12:14:55] FASTIFY: request completed
[09/08/2026 12:15:00] SID VDfwj_7ZIspZ28rm
[09/08/2026 12:15:01] SID 2SZpfx9r3eir8ztJ
[09/08/2026 12:15:52] FASTIFY: incoming request
[09/08/2026 12:15:52] Xayling GET /clim/status
[09/08/2026 12:15:54] FASTIFY: request completed
[09/08/2026 12:16:51] FASTIFY: incoming request
[09/08/2026 12:16:51] Xayling GET /clim/status
[09/08/2026 12:16:54] FASTIFY: request completed
[09/08/2026 12:17:52] FASTIFY: incoming request
[09/08/2026 12:17:52] Xayling GET /clim/status
[09/08/2026 12:17:52] FASTIFY: incoming request
[09/08/2026 12:17:52] FASTIFY: incoming request
[09/08/2026 12:17:52] Xayling GET /clim/status
[09/08/2026 12:17:52] FASTIFY: request completed
[09/08/2026 12:17:55] FASTIFY: request completed
[09/08/2026 12:18:02] FASTIFY: incoming request
[09/08/2026 12:18:02] Xayling GET /clim/status
[09/08/2026 12:18:06] FASTIFY: request completed
[09/08/2026 12:18:12] FASTIFY: incoming request
[09/08/2026 12:18:12] Xayling GET /clim/status
[09/08/2026 12:18:16] FASTIFY: request completed
[09/08/2026 12:18:22] FASTIFY: incoming request
[09/08/2026 12:18:22] Xayling GET /clim/status
[09/08/2026 12:18:29] FASTIFY: request completed
[09/08/2026 12:18:32] FASTIFY: incoming request
[09/08/2026 12:18:32] Xayling GET /clim/status
[09/08/2026 12:18:35] FASTIFY: request completed
[09/08/2026 12:18:42] FASTIFY: incoming request
[09/08/2026 12:18:42] Xayling GET /clim/status
[09/08/2026 12:18:45] FASTIFY: request completed
[09/08/2026 12:18:52] FASTIFY: incoming request
[09/08/2026 12:18:52] Xayling GET /clim/status
[09/08/2026 12:18:55] FASTIFY: request completed
[09/08/2026 12:19:02] FASTIFY: incoming request
[09/08/2026 12:19:02] Xayling GET /clim/status
[09/08/2026 12:19:05] FASTIFY: request completed
[09/08/2026 12:19:52] FASTIFY: incoming request
[09/08/2026 12:19:52] Xayling GET /clim/status
[09/08/2026 12:19:54] FASTIFY: request completed
[09/08/2026 12:20:00] SID 2SZpfx9r3eir8ztJ
[09/08/2026 12:20:02] SID QyUf7rfddMIdhovg
[09/08/2026 12:20:51] FASTIFY: incoming request
[09/08/2026 12:20:52] Xayling GET /clim/status
[09/08/2026 12:20:54] FASTIFY: request completed
[09/08/2026 12:21:51] FASTIFY: incoming request
[09/08/2026 12:21:52] Xayling GET /clim/status
[09/08/2026 12:21:58] FASTIFY: request completed
[09/08/2026 12:22:51] FASTIFY: incoming request
[09/08/2026 12:22:52] Xayling GET /clim/status
[09/08/2026 12:22:54] FASTIFY: request completed
[09/08/2026 12:23:51] FASTIFY: incoming request
[09/08/2026 12:23:52] Xayling GET /clim/status
[09/08/2026 12:23:59] FASTIFY: request completed
[09/08/2026 12:24:51] FASTIFY: incoming request
[09/08/2026 12:24:52] Xayling GET /clim/status
[09/08/2026 12:24:58] FASTIFY: request completed
[09/08/2026 12:25:00] SID QyUf7rfddMIdhovg
[09/08/2026 12:25:01] SID giamIqcGUDPGMpc8
[09/08/2026 12:25:52] FASTIFY: incoming request
[09/08/2026 12:25:52] Xayling GET /clim/status
[09/08/2026 12:25:52] FASTIFY: incoming request
[09/08/2026 12:25:52] FASTIFY: incoming request
[09/08/2026 12:25:52] Xayling GET /clim/status
[09/08/2026 12:25:52] FASTIFY: request completed
[09/08/2026 12:25:55] FASTIFY: request completed
[09/08/2026 12:26:02] FASTIFY: incoming request
[09/08/2026 12:26:02] Xayling GET /clim/status
[09/08/2026 12:26:09] FASTIFY: request completed
[09/08/2026 12:26:12] FASTIFY: incoming request
[09/08/2026 12:26:12] Xayling GET /clim/status
[09/08/2026 12:26:16] FASTIFY: request completed
[09/08/2026 12:26:22] FASTIFY: incoming request
[09/08/2026 12:26:22] Xayling GET /clim/status
[09/08/2026 12:26:25] FASTIFY: request completed
[09/08/2026 12:26:32] FASTIFY: incoming request
[09/08/2026 12:26:32] Xayling GET /clim/status
[09/08/2026 12:26:35] FASTIFY: request completed
[09/08/2026 12:26:42] FASTIFY: incoming request
[09/08/2026 12:26:42] Xayling GET /clim/status
[09/08/2026 12:26:50] FASTIFY: request completed
[09/08/2026 12:26:52] FASTIFY: incoming request
[09/08/2026 12:26:52] Xayling GET /clim/status
[09/08/2026 12:26:55] FASTIFY: request completed
[09/08/2026 12:27:02] FASTIFY: incoming request
[09/08/2026 12:27:02] Xayling GET /clim/status
[09/08/2026 12:27:05] FASTIFY: request completed
[09/08/2026 12:27:51] FASTIFY: incoming request
[09/08/2026 12:27:52] Xayling GET /clim/status
[09/08/2026 12:27:54] FASTIFY: request completed
[09/08/2026 12:28:51] FASTIFY: incoming request
[09/08/2026 12:28:52] Xayling GET /clim/status
[09/08/2026 12:28:58] FASTIFY: request completed
[09/08/2026 12:29:51] FASTIFY: incoming request
[09/08/2026 12:29:52] Xayling GET /clim/status
[09/08/2026 12:29:54] FASTIFY: request completed
[09/08/2026 12:30:00] SID giamIqcGUDPGMpc8
[09/08/2026 12:30:01] SID N2JrueOH6YdHKd-1
[09/08/2026 12:30:51] FASTIFY: incoming request
[09/08/2026 12:30:52] Xayling GET /clim/status
[09/08/2026 12:30:55] FASTIFY: request completed
[09/08/2026 12:31:52] FASTIFY: incoming request
[09/08/2026 12:31:52] Xayling GET /clim/status
[09/08/2026 12:31:55] FASTIFY: request completed
[09/08/2026 12:32:51] FASTIFY: incoming request
[09/08/2026 12:32:52] Xayling GET /clim/status
[09/08/2026 12:32:54] FASTIFY: request completed
[09/08/2026 12:33:52] FASTIFY: incoming request
[09/08/2026 12:33:52] Xayling GET /clim/status
[09/08/2026 12:33:54] FASTIFY: request completed
[09/08/2026 12:34:52] FASTIFY: incoming request
[09/08/2026 12:34:52] Xayling GET /clim/status
[09/08/2026 12:34:52] FASTIFY: incoming request
[09/08/2026 12:34:52] FASTIFY: incoming request
[09/08/2026 12:34:52] Xayling GET /clim/status
[09/08/2026 12:34:52] FASTIFY: request completed
[09/08/2026 12:34:55] FASTIFY: request completed
[09/08/2026 12:35:00] SID N2JrueOH6YdHKd-1
[09/08/2026 12:35:01] SID RjVaPtbnLeDnKvrN
[09/08/2026 12:35:02] FASTIFY: incoming request
[09/08/2026 12:35:02] Xayling GET /clim/status
[09/08/2026 12:35:09] FASTIFY: request completed
[09/08/2026 12:35:12] FASTIFY: incoming request
[09/08/2026 12:35:12] Xayling GET /clim/status
[09/08/2026 12:35:15] FASTIFY: request completed
[09/08/2026 12:35:22] FASTIFY: incoming request
[09/08/2026 12:35:22] Xayling GET /clim/status
[09/08/2026 12:35:25] FASTIFY: request completed
[09/08/2026 12:35:32] FASTIFY: incoming request
[09/08/2026 12:35:32] Xayling GET /clim/status
[09/08/2026 12:35:35] FASTIFY: request completed
[09/08/2026 12:35:42] FASTIFY: incoming request
[09/08/2026 12:35:42] Xayling GET /clim/status
[09/08/2026 12:35:45] FASTIFY: request completed
[09/08/2026 12:35:52] FASTIFY: incoming request
[09/08/2026 12:35:52] Xayling GET /clim/status
[09/08/2026 12:35:56] FASTIFY: request completed
[09/08/2026 12:36:02] FASTIFY: incoming request
[09/08/2026 12:36:02] Xayling GET /clim/status
[09/08/2026 12:36:06] FASTIFY: request completed
[09/08/2026 12:36:51] FASTIFY: incoming request
[09/08/2026 12:36:52] Xayling GET /clim/status
[09/08/2026 12:36:54] FASTIFY: request completed
[09/08/2026 12:37:51] FASTIFY: incoming request
[09/08/2026 12:37:52] Xayling GET /clim/status
[09/08/2026 12:37:55] FASTIFY: request completed
[09/08/2026 12:38:51] FASTIFY: incoming request
[09/08/2026 12:38:52] Xayling GET /clim/status
[09/08/2026 12:38:59] FASTIFY: request completed
[09/08/2026 12:39:51] FASTIFY: incoming request
[09/08/2026 12:39:52] Xayling GET /clim/status
[09/08/2026 12:39:54] FASTIFY: request completed
[09/08/2026 12:40:00] SID RjVaPtbnLeDnKvrN
[09/08/2026 12:40:02] SID 8CXQPbNUxdbUJYtt
[09/08/2026 12:40:52] FASTIFY: incoming request
[09/08/2026 12:40:52] Xayling GET /clim/status
[09/08/2026 12:40:52] FASTIFY: incoming request
[09/08/2026 12:40:52] FASTIFY: incoming request
[09/08/2026 12:40:52] Xayling GET /clim/status
[09/08/2026 12:40:52] FASTIFY: request completed
[09/08/2026 12:40:56] FASTIFY: request completed
[09/08/2026 12:41:02] FASTIFY: incoming request
[09/08/2026 12:41:02] Xayling GET /clim/status
[09/08/2026 12:41:09] FASTIFY: request completed
[09/08/2026 12:41:12] FASTIFY: incoming request
[09/08/2026 12:41:12] Xayling GET /clim/status
[09/08/2026 12:41:15] FASTIFY: request completed
[09/08/2026 12:41:22] FASTIFY: incoming request
[09/08/2026 12:41:22] Xayling GET /clim/status
[09/08/2026 12:41:29] FASTIFY: request completed
[09/08/2026 12:41:32] FASTIFY: incoming request
[09/08/2026 12:41:32] Xayling GET /clim/status
[09/08/2026 12:41:35] FASTIFY: request completed
[09/08/2026 12:41:42] FASTIFY: incoming request
[09/08/2026 12:41:43] Xayling GET /clim/status
[09/08/2026 12:41:45] FASTIFY: request completed
[09/08/2026 12:41:52] FASTIFY: incoming request
[09/08/2026 12:41:52] Xayling GET /clim/status
[09/08/2026 12:41:55] FASTIFY: request completed
[09/08/2026 12:42:02] FASTIFY: incoming request
[09/08/2026 12:42:02] Xayling GET /clim/status
[09/08/2026 12:42:05] FASTIFY: request completed
[09/08/2026 12:42:51] FASTIFY: incoming request
[09/08/2026 12:42:52] Xayling GET /clim/status
[09/08/2026 12:42:54] FASTIFY: request completed
[09/08/2026 12:43:51] FASTIFY: incoming request
[09/08/2026 12:43:52] Xayling GET /clim/status
[09/08/2026 12:43:54] FASTIFY: request completed
[09/08/2026 12:44:51] FASTIFY: incoming request
[09/08/2026 12:44:51] Xayling GET /clim/status
[09/08/2026 12:44:54] FASTIFY: request completed
[09/08/2026 12:45:00] SID 8CXQPbNUxdbUJYtt
[09/08/2026 12:45:01] SID CPvwyiqHYr8HEh6y
[09/08/2026 12:45:51] FASTIFY: incoming request
[09/08/2026 12:45:52] Xayling GET /clim/status
[09/08/2026 12:45:54] FASTIFY: request completed
[09/08/2026 12:46:51] FASTIFY: incoming request
[09/08/2026 12:46:52] Xayling GET /clim/status
[09/08/2026 12:46:52] FASTIFY: incoming request
[09/08/2026 12:46:52] FASTIFY: incoming request
[09/08/2026 12:46:52] Xayling GET /clim/status
[09/08/2026 12:46:52] FASTIFY: request completed
[09/08/2026 12:46:56] FASTIFY: request completed
[09/08/2026 12:47:02] FASTIFY: incoming request
[09/08/2026 12:47:02] Xayling GET /clim/status
[09/08/2026 12:47:05] FASTIFY: request completed
[09/08/2026 12:47:12] FASTIFY: incoming request
[09/08/2026 12:47:12] Xayling GET /clim/status
[09/08/2026 12:47:16] FASTIFY: request completed
[09/08/2026 12:47:22] FASTIFY: incoming request
[09/08/2026 12:47:22] Xayling GET /clim/status
[09/08/2026 12:47:25] FASTIFY: request completed
[09/08/2026 12:47:32] FASTIFY: incoming request
[09/08/2026 12:47:32] Xayling GET /clim/status
[09/08/2026 12:47:35] FASTIFY: request completed
[09/08/2026 12:47:42] FASTIFY: incoming request
[09/08/2026 12:47:42] Xayling GET /clim/status
[09/08/2026 12:47:45] FASTIFY: request completed
[09/08/2026 12:47:52] FASTIFY: incoming request
[09/08/2026 12:47:52] Xayling GET /clim/status
[09/08/2026 12:47:55] FASTIFY: request completed
[09/08/2026 12:48:02] FASTIFY: incoming request
[09/08/2026 12:48:02] Xayling GET /clim/status
[09/08/2026 12:48:06] FASTIFY: request completed
[09/08/2026 12:48:51] FASTIFY: incoming request
[09/08/2026 12:48:51] Xayling GET /clim/status
[09/08/2026 12:48:58] FASTIFY: request completed
[09/08/2026 12:49:51] FASTIFY: incoming request
[09/08/2026 12:49:52] Xayling GET /clim/status
[09/08/2026 12:49:55] FASTIFY: request completed
[09/08/2026 12:50:00] SID CPvwyiqHYr8HEh6y
[09/08/2026 12:50:03] SID tCe0Ufc_5yK_mecr
[09/08/2026 12:50:51] FASTIFY: incoming request
[09/08/2026 12:50:52] Xayling GET /clim/status
[09/08/2026 12:50:58] FASTIFY: request completed
[09/08/2026 12:51:52] FASTIFY: incoming request
[09/08/2026 12:51:52] Xayling GET /clim/status
[09/08/2026 12:51:52] FASTIFY: incoming request
[09/08/2026 12:51:52] FASTIFY: incoming request
[09/08/2026 12:51:52] Xayling GET /clim/status
[09/08/2026 12:51:52] FASTIFY: request completed
[09/08/2026 12:51:56] FASTIFY: request completed
[09/08/2026 12:52:02] FASTIFY: incoming request
[09/08/2026 12:52:02] Xayling GET /clim/status
[09/08/2026 12:52:05] FASTIFY: request completed
[09/08/2026 12:52:12] FASTIFY: incoming request
[09/08/2026 12:52:12] Xayling GET /clim/status
[09/08/2026 12:52:19] FASTIFY: request completed
[09/08/2026 12:52:22] FASTIFY: incoming request
[09/08/2026 12:52:22] Xayling GET /clim/status
[09/08/2026 12:52:25] FASTIFY: request completed
[09/08/2026 12:52:32] FASTIFY: incoming request
[09/08/2026 12:52:32] Xayling GET /clim/status
[09/08/2026 12:52:35] FASTIFY: request completed
[09/08/2026 12:52:42] FASTIFY: incoming request
[09/08/2026 12:52:42] Xayling GET /clim/status
[09/08/2026 12:52:45] FASTIFY: request completed
[09/08/2026 12:52:52] FASTIFY: incoming request
[09/08/2026 12:52:52] Xayling GET /clim/status
[09/08/2026 12:52:55] FASTIFY: request completed
[09/08/2026 12:53:02] FASTIFY: incoming request
[09/08/2026 12:53:02] Xayling GET /clim/status
[09/08/2026 12:53:05] FASTIFY: request completed
[09/08/2026 12:53:52] FASTIFY: incoming request
[09/08/2026 12:53:52] Xayling GET /clim/status
[09/08/2026 12:53:55] FASTIFY: request completed
[09/08/2026 12:54:51] FASTIFY: incoming request
[09/08/2026 12:54:52] Xayling GET /clim/status
[09/08/2026 12:54:58] FASTIFY: request completed
[09/08/2026 12:55:00] SID tCe0Ufc_5yK_mecr
[09/08/2026 12:55:01] SID V2BLp8fXeGFXB8PU
[09/08/2026 12:55:51] FASTIFY: incoming request
[09/08/2026 12:55:52] Xayling GET /clim/status
[09/08/2026 12:55:54] FASTIFY: request completed
[09/08/2026 12:56:51] FASTIFY: incoming request
[09/08/2026 12:56:52] Xayling GET /clim/status
[09/08/2026 12:56:54] FASTIFY: request completed
[09/08/2026 12:57:51] FASTIFY: incoming request
[09/08/2026 12:57:51] Xayling GET /clim/status
[09/08/2026 12:57:58] FASTIFY: request completed
[09/08/2026 12:58:51] FASTIFY: incoming request
[09/08/2026 12:58:52] Xayling GET /clim/status
[09/08/2026 12:58:52] FASTIFY: incoming request
[09/08/2026 12:58:52] FASTIFY: incoming request
[09/08/2026 12:58:52] Xayling GET /clim/status
[09/08/2026 12:58:52] FASTIFY: request completed
[09/08/2026 12:58:55] FASTIFY: request completed
[09/08/2026 12:59:02] FASTIFY: incoming request
[09/08/2026 12:59:02] Xayling GET /clim/status
[09/08/2026 12:59:05] FASTIFY: request completed
[09/08/2026 12:59:12] FASTIFY: incoming request
[09/08/2026 12:59:12] Xayling GET /clim/status
[09/08/2026 12:59:15] FASTIFY: request completed
[09/08/2026 12:59:22] FASTIFY: incoming request
[09/08/2026 12:59:22] Xayling GET /clim/status
[09/08/2026 12:59:25] FASTIFY: request completed
[09/08/2026 12:59:32] FASTIFY: incoming request
[09/08/2026 12:59:32] Xayling GET /clim/status
[09/08/2026 12:59:35] FASTIFY: request completed
[09/08/2026 12:59:42] FASTIFY: incoming request
[09/08/2026 12:59:42] Xayling GET /clim/status
[09/08/2026 12:59:45] FASTIFY: request completed
[09/08/2026 12:59:52] FASTIFY: incoming request
[09/08/2026 12:59:52] Xayling GET /clim/status
[09/08/2026 12:59:55] FASTIFY: request completed
[09/08/2026 13:00:00] SID V2BLp8fXeGFXB8PU
[09/08/2026 13:00:02] FASTIFY: incoming request
[09/08/2026 13:00:02] Xayling GET /clim/status
[09/08/2026 13:00:03] SID TbzBrkLJEOVJ5lrU
[09/08/2026 13:00:05] FASTIFY: request completed
[09/08/2026 13:00:52] FASTIFY: incoming request
[09/08/2026 13:00:52] Xayling GET /clim/status
[09/08/2026 13:00:59] FASTIFY: request completed
[09/08/2026 13:01:51] FASTIFY: incoming request
[09/08/2026 13:01:51] Xayling GET /clim/status
[09/08/2026 13:01:54] FASTIFY: request completed
[09/08/2026 13:02:51] FASTIFY: incoming request
[09/08/2026 13:02:52] Xayling GET /clim/status
[09/08/2026 13:02:54] FASTIFY: request completed
[09/08/2026 13:03:51] FASTIFY: incoming request
[09/08/2026 13:03:51] Xayling GET /clim/status
[09/08/2026 13:03:54] FASTIFY: request completed
[09/08/2026 13:04:51] FASTIFY: incoming request
[09/08/2026 13:04:52] Xayling GET /clim/status
[09/08/2026 13:04:52] FASTIFY: incoming request
[09/08/2026 13:04:52] FASTIFY: incoming request
[09/08/2026 13:04:52] Xayling GET /clim/status
[09/08/2026 13:04:52] FASTIFY: request completed
[09/08/2026 13:04:56] FASTIFY: request completed
[09/08/2026 13:05:00] SID TbzBrkLJEOVJ5lrU
[09/08/2026 13:05:02] FASTIFY: incoming request
[09/08/2026 13:05:02] Xayling GET /clim/status
[09/08/2026 13:05:03] SID Eq0eg4uJXi1J45eW
[09/08/2026 13:05:05] FASTIFY: request completed
[09/08/2026 13:05:12] FASTIFY: incoming request
[09/08/2026 13:05:12] Xayling GET /clim/status
[09/08/2026 13:05:16] FASTIFY: request completed
[09/08/2026 13:05:22] FASTIFY: incoming request
[09/08/2026 13:05:22] Xayling GET /clim/status
[09/08/2026 13:05:25] FASTIFY: request completed
[09/08/2026 13:05:32] FASTIFY: incoming request
[09/08/2026 13:05:32] Xayling GET /clim/status
[09/08/2026 13:05:35] FASTIFY: request completed
[09/08/2026 13:05:42] FASTIFY: incoming request
[09/08/2026 13:05:42] Xayling GET /clim/status
[09/08/2026 13:05:45] FASTIFY: request completed
[09/08/2026 13:05:52] FASTIFY: incoming request
[09/08/2026 13:05:52] Xayling GET /clim/status
[09/08/2026 13:05:55] FASTIFY: request completed
[09/08/2026 13:06:02] FASTIFY: incoming request
[09/08/2026 13:06:02] Xayling GET /clim/status
[09/08/2026 13:06:05] FASTIFY: request completed
[09/08/2026 13:06:51] FASTIFY: incoming request
[09/08/2026 13:06:51] Xayling GET /clim/status
[09/08/2026 13:06:55] FASTIFY: request completed
[09/08/2026 13:07:51] FASTIFY: incoming request
[09/08/2026 13:07:51] Xayling GET /clim/status
[09/08/2026 13:07:58] FASTIFY: request completed
[09/08/2026 13:08:51] FASTIFY: incoming request
[09/08/2026 13:08:52] Xayling GET /clim/status
[09/08/2026 13:08:54] FASTIFY: request completed
[09/08/2026 13:09:51] FASTIFY: incoming request
[09/08/2026 13:09:52] Xayling GET /clim/status
[09/08/2026 13:09:54] FASTIFY: request completed
[09/08/2026 13:10:00] SID Eq0eg4uJXi1J45eW
[09/08/2026 13:10:01] SID OPqkOQqcka3cSQ6d
[09/08/2026 13:10:51] FASTIFY: incoming request
[09/08/2026 13:10:52] Xayling GET /clim/status
[09/08/2026 13:10:54] FASTIFY: request completed
[09/08/2026 13:11:51] FASTIFY: incoming request
[09/08/2026 13:11:51] Xayling GET /clim/status
[09/08/2026 13:11:55] FASTIFY: request completed
[09/08/2026 13:12:52] FASTIFY: incoming request
[09/08/2026 13:12:52] Xayling GET /clim/status
[09/08/2026 13:12:52] FASTIFY: incoming request
[09/08/2026 13:12:52] FASTIFY: incoming request
[09/08/2026 13:12:52] Xayling GET /clim/status
[09/08/2026 13:12:52] FASTIFY: request completed
[09/08/2026 13:12:55] FASTIFY: request completed
[09/08/2026 13:13:02] FASTIFY: incoming request
[09/08/2026 13:13:02] Xayling GET /clim/status
[09/08/2026 13:13:10] FASTIFY: request completed
[09/08/2026 13:13:12] FASTIFY: incoming request
[09/08/2026 13:13:12] Xayling GET /clim/status
[09/08/2026 13:13:15] FASTIFY: request completed
[09/08/2026 13:13:22] FASTIFY: incoming request
[09/08/2026 13:13:22] Xayling GET /clim/status
[09/08/2026 13:13:25] FASTIFY: request completed
[09/08/2026 13:13:32] FASTIFY: incoming request
[09/08/2026 13:13:32] Xayling GET /clim/status
[09/08/2026 13:13:35] FASTIFY: request completed
[09/08/2026 13:13:42] FASTIFY: incoming request
[09/08/2026 13:13:42] Xayling GET /clim/status
[09/08/2026 13:13:46] FASTIFY: request completed
[09/08/2026 13:13:52] FASTIFY: incoming request
[09/08/2026 13:13:52] Xayling GET /clim/status
[09/08/2026 13:13:55] FASTIFY: request completed
[09/08/2026 13:14:02] FASTIFY: incoming request
[09/08/2026 13:14:02] Xayling GET /clim/status
[09/08/2026 13:14:05] FASTIFY: request completed
[09/08/2026 13:14:51] FASTIFY: incoming request
[09/08/2026 13:14:52] Xayling GET /clim/status
[09/08/2026 13:14:54] FASTIFY: request completed
[09/08/2026 13:15:00] SID OPqkOQqcka3cSQ6d
[09/08/2026 13:15:01] SID 2CbglytJE29JHxN3
[09/08/2026 13:15:51] FASTIFY: incoming request
[09/08/2026 13:15:52] Xayling GET /clim/status
[09/08/2026 13:15:54] FASTIFY: request completed
[09/08/2026 13:16:51] FASTIFY: incoming request
[09/08/2026 13:16:51] Xayling GET /clim/status
[09/08/2026 13:16:54] FASTIFY: request completed
[09/08/2026 13:17:51] FASTIFY: incoming request
[09/08/2026 13:17:51] Xayling GET /clim/status
[09/08/2026 13:17:54] FASTIFY: request completed
[09/08/2026 13:18:51] FASTIFY: incoming request
[09/08/2026 13:18:52] Xayling GET /clim/status
[09/08/2026 13:18:55] FASTIFY: request completed
[09/08/2026 13:19:51] FASTIFY: incoming request
[09/08/2026 13:19:51] Xayling GET /clim/status
[09/08/2026 13:19:54] FASTIFY: request completed
[09/08/2026 13:20:00] SID 2CbglytJE29JHxN3
[09/08/2026 13:20:03] SID Tq1aJlvS4EzSokPM
[09/08/2026 13:20:52] FASTIFY: incoming request
[09/08/2026 13:20:52] Xayling GET /clim/status
[09/08/2026 13:20:52] FASTIFY: incoming request
[09/08/2026 13:20:52] FASTIFY: incoming request
[09/08/2026 13:20:52] Xayling GET /clim/status
[09/08/2026 13:20:52] FASTIFY: request completed
[09/08/2026 13:20:56] FASTIFY: request completed
[09/08/2026 13:21:02] FASTIFY: incoming request
[09/08/2026 13:21:02] Xayling GET /clim/status
[09/08/2026 13:21:05] FASTIFY: request completed
[09/08/2026 13:21:12] FASTIFY: incoming request
[09/08/2026 13:21:12] Xayling GET /clim/status
[09/08/2026 13:21:15] FASTIFY: request completed
[09/08/2026 13:21:22] FASTIFY: incoming request
[09/08/2026 13:21:22] Xayling GET /clim/status
[09/08/2026 13:21:26] FASTIFY: request completed
[09/08/2026 13:21:32] FASTIFY: incoming request
[09/08/2026 13:21:32] Xayling GET /clim/status
[09/08/2026 13:21:35] FASTIFY: request completed
[09/08/2026 13:21:42] FASTIFY: incoming request
[09/08/2026 13:21:42] Xayling GET /clim/status
[09/08/2026 13:21:45] FASTIFY: request completed
[09/08/2026 13:21:52] FASTIFY: incoming request
[09/08/2026 13:21:52] Xayling GET /clim/status
[09/08/2026 13:21:55] FASTIFY: request completed
[09/08/2026 13:22:02] FASTIFY: incoming request
[09/08/2026 13:22:02] Xayling GET /clim/status
[09/08/2026 13:22:06] FASTIFY: request completed
[09/08/2026 13:22:51] FASTIFY: incoming request
[09/08/2026 13:22:51] Xayling GET /clim/status
[09/08/2026 13:22:58] FASTIFY: request completed
[09/08/2026 13:23:51] FASTIFY: incoming request
[09/08/2026 13:23:52] Xayling GET /clim/status
[09/08/2026 13:23:54] FASTIFY: request completed
[09/08/2026 13:24:51] FASTIFY: incoming request
[09/08/2026 13:24:51] Xayling GET /clim/status
[09/08/2026 13:24:55] FASTIFY: request completed
[09/08/2026 13:25:00] SID Tq1aJlvS4EzSokPM
[09/08/2026 13:25:05] SID Y76n6KrqhI8qJL7w
[09/08/2026 13:25:51] FASTIFY: incoming request
[09/08/2026 13:25:52] Xayling GET /clim/status
[09/08/2026 13:25:54] FASTIFY: request completed
[09/08/2026 13:26:51] FASTIFY: incoming request
[09/08/2026 13:26:52] Xayling GET /clim/status
[09/08/2026 13:26:52] FASTIFY: incoming request
[09/08/2026 13:26:52] FASTIFY: incoming request
[09/08/2026 13:26:52] Xayling GET /clim/status
[09/08/2026 13:26:52] FASTIFY: request completed
[09/08/2026 13:26:59] FASTIFY: request completed
[09/08/2026 13:27:02] FASTIFY: incoming request
[09/08/2026 13:27:02] Xayling GET /clim/status
[09/08/2026 13:27:05] FASTIFY: request completed
[09/08/2026 13:27:12] FASTIFY: incoming request
[09/08/2026 13:27:12] Xayling GET /clim/status
[09/08/2026 13:27:19] FASTIFY: request completed
[09/08/2026 13:27:22] FASTIFY: incoming request
[09/08/2026 13:27:22] Xayling GET /clim/status
[09/08/2026 13:27:26] FASTIFY: request completed
[09/08/2026 13:27:32] FASTIFY: incoming request
[09/08/2026 13:27:32] Xayling GET /clim/status
[09/08/2026 13:27:39] FASTIFY: request completed
[09/08/2026 13:27:42] FASTIFY: incoming request
[09/08/2026 13:27:42] Xayling GET /clim/status
[09/08/2026 13:27:45] FASTIFY: request completed
[09/08/2026 13:27:52] FASTIFY: incoming request
[09/08/2026 13:27:52] Xayling GET /clim/status
[09/08/2026 13:27:55] FASTIFY: request completed
[09/08/2026 13:28:02] FASTIFY: incoming request
[09/08/2026 13:28:02] Xayling GET /clim/status
[09/08/2026 13:28:05] FASTIFY: request completed
[09/08/2026 13:28:51] FASTIFY: incoming request
[09/08/2026 13:28:52] Xayling GET /clim/status
[09/08/2026 13:28:55] FASTIFY: request completed
[09/08/2026 13:29:51] FASTIFY: incoming request
[09/08/2026 13:29:51] Xayling GET /clim/status
[09/08/2026 13:29:55] FASTIFY: request completed
[09/08/2026 13:30:00] SID Y76n6KrqhI8qJL7w
[09/08/2026 13:30:01] SID IiTCqKu-PK9-eK-0
[09/08/2026 13:30:51] FASTIFY: incoming request
[09/08/2026 13:30:52] Xayling GET /clim/status
[09/08/2026 13:30:55] FASTIFY: request completed
[09/08/2026 13:31:51] FASTIFY: incoming request
[09/08/2026 13:31:52] Xayling GET /clim/status
[09/08/2026 13:31:52] FASTIFY: incoming request
[09/08/2026 13:31:52] FASTIFY: incoming request
[09/08/2026 13:31:52] Xayling GET /clim/status
[09/08/2026 13:31:52] FASTIFY: request completed
[09/08/2026 13:31:59] FASTIFY: request completed
[09/08/2026 13:32:02] FASTIFY: incoming request
[09/08/2026 13:32:02] Xayling GET /clim/status
[09/08/2026 13:32:06] FASTIFY: request completed
[09/08/2026 13:32:12] FASTIFY: incoming request
[09/08/2026 13:32:12] Xayling GET /clim/status
[09/08/2026 13:32:15] FASTIFY: request completed
[09/08/2026 13:32:22] FASTIFY: incoming request
[09/08/2026 13:32:22] Xayling GET /clim/status
[09/08/2026 13:32:26] FASTIFY: request completed
[09/08/2026 13:32:32] FASTIFY: incoming request
[09/08/2026 13:32:32] Xayling GET /clim/status
[09/08/2026 13:32:35] FASTIFY: request completed
[09/08/2026 13:32:42] FASTIFY: incoming request
[09/08/2026 13:32:42] Xayling GET /clim/status
[09/08/2026 13:32:45] FASTIFY: request completed
[09/08/2026 13:32:52] FASTIFY: incoming request
[09/08/2026 13:32:52] Xayling GET /clim/status
[09/08/2026 13:32:55] FASTIFY: request completed
[09/08/2026 13:33:02] FASTIFY: incoming request
[09/08/2026 13:33:02] Xayling GET /clim/status
[09/08/2026 13:33:06] FASTIFY: request completed
[09/08/2026 13:33:51] FASTIFY: incoming request
[09/08/2026 13:33:52] Xayling GET /clim/status
[09/08/2026 13:33:54] FASTIFY: request completed
[09/08/2026 13:34:51] FASTIFY: incoming request
[09/08/2026 13:34:52] Xayling GET /clim/status
[09/08/2026 13:34:54] FASTIFY: request completed
[09/08/2026 13:35:00] SID IiTCqKu-PK9-eK-0
[09/08/2026 13:35:03] SID KDd4UB691wi9SCaL
[09/08/2026 13:35:51] FASTIFY: incoming request
[09/08/2026 13:35:52] Xayling GET /clim/status
[09/08/2026 13:35:55] FASTIFY: request completed
[09/08/2026 13:36:51] FASTIFY: incoming request
[09/08/2026 13:36:52] Xayling GET /clim/status
[09/08/2026 13:36:58] FASTIFY: request completed
[09/08/2026 13:37:51] FASTIFY: incoming request
[09/08/2026 13:37:52] Xayling GET /clim/status
[09/08/2026 13:37:52] FASTIFY: incoming request
[09/08/2026 13:37:52] FASTIFY: incoming request
[09/08/2026 13:37:52] Xayling GET /clim/status
[09/08/2026 13:37:52] FASTIFY: request completed
[09/08/2026 13:37:56] FASTIFY: request completed
[09/08/2026 13:38:02] FASTIFY: incoming request
[09/08/2026 13:38:02] Xayling GET /clim/status
[09/08/2026 13:38:09] FASTIFY: request completed
[09/08/2026 13:38:12] FASTIFY: incoming request
[09/08/2026 13:38:12] Xayling GET /clim/status
[09/08/2026 13:38:15] FASTIFY: request completed
[09/08/2026 13:38:22] FASTIFY: incoming request
[09/08/2026 13:38:22] Xayling GET /clim/status
[09/08/2026 13:38:26] FASTIFY: request completed
[09/08/2026 13:38:32] FASTIFY: incoming request
[09/08/2026 13:38:32] Xayling GET /clim/status
[09/08/2026 13:38:36] FASTIFY: request completed
[09/08/2026 13:38:42] FASTIFY: incoming request
[09/08/2026 13:38:42] Xayling GET /clim/status
[09/08/2026 13:38:45] FASTIFY: request completed
[09/08/2026 13:38:52] FASTIFY: incoming request
[09/08/2026 13:38:52] Xayling GET /clim/status
[09/08/2026 13:39:03] FASTIFY: request completed
[09/08/2026 13:39:03] FASTIFY: incoming request
[09/08/2026 13:39:03] Xayling GET /clim/status
[09/08/2026 13:39:06] FASTIFY: request completed
[09/08/2026 13:39:51] FASTIFY: incoming request
[09/08/2026 13:39:52] Xayling GET /clim/status
[09/08/2026 13:39:54] FASTIFY: request completed
[09/08/2026 13:40:00] SID KDd4UB691wi9SCaL
[09/08/2026 13:40:07] SID 060f67NAYJYAn59g
[09/08/2026 13:40:52] FASTIFY: incoming request
[09/08/2026 13:40:52] Xayling GET /clim/status
[09/08/2026 13:40:54] FASTIFY: request completed
[09/08/2026 13:41:51] FASTIFY: incoming request
[09/08/2026 13:41:52] Xayling GET /clim/status
[09/08/2026 13:41:55] FASTIFY: request completed
[09/08/2026 13:42:51] FASTIFY: incoming request
[09/08/2026 13:42:52] Xayling GET /clim/status
[09/08/2026 13:42:54] FASTIFY: request completed
[09/08/2026 13:43:52] FASTIFY: incoming request
[09/08/2026 13:43:52] Xayling GET /clim/status
[09/08/2026 13:43:54] FASTIFY: request completed
[09/08/2026 13:44:51] FASTIFY: incoming request
[09/08/2026 13:44:52] Xayling GET /clim/status
[09/08/2026 13:44:52] FASTIFY: incoming request
[09/08/2026 13:44:52] FASTIFY: incoming request
[09/08/2026 13:44:52] Xayling GET /clim/status
[09/08/2026 13:44:52] FASTIFY: request completed
[09/08/2026 13:44:56] FASTIFY: request completed
[09/08/2026 13:45:00] SID 060f67NAYJYAn59g
[09/08/2026 13:45:02] FASTIFY: incoming request
[09/08/2026 13:45:02] Xayling GET /clim/status
[09/08/2026 13:45:03] SID _b1ZmUpar51aCU5X
[09/08/2026 13:45:05] FASTIFY: request completed
[09/08/2026 13:45:12] FASTIFY: incoming request
[09/08/2026 13:45:12] Xayling GET /clim/status
[09/08/2026 13:45:15] FASTIFY: request completed
[09/08/2026 13:45:22] FASTIFY: incoming request
[09/08/2026 13:45:22] Xayling GET /clim/status
[09/08/2026 13:45:25] FASTIFY: request completed
[09/08/2026 13:45:32] FASTIFY: incoming request
[09/08/2026 13:45:32] Xayling GET /clim/status
[09/08/2026 13:45:39] FASTIFY: request completed
[09/08/2026 13:45:42] FASTIFY: incoming request
[09/08/2026 13:45:42] Xayling GET /clim/status
[09/08/2026 13:45:46] FASTIFY: request completed
[09/08/2026 13:45:52] FASTIFY: incoming request
[09/08/2026 13:45:52] Xayling GET /clim/status
[09/08/2026 13:46:00] FASTIFY: request completed
[09/08/2026 13:46:02] FASTIFY: incoming request
[09/08/2026 13:46:02] Xayling GET /clim/status
[09/08/2026 13:46:05] FASTIFY: request completed
[09/08/2026 13:46:51] FASTIFY: incoming request
[09/08/2026 13:46:51] Xayling GET /clim/status
[09/08/2026 13:46:54] FASTIFY: request completed
[09/08/2026 13:47:51] FASTIFY: incoming request
[09/08/2026 13:47:52] Xayling GET /clim/status
[09/08/2026 13:47:55] FASTIFY: request completed
[09/08/2026 13:48:51] FASTIFY: incoming request
[09/08/2026 13:48:51] Xayling GET /clim/status
[09/08/2026 13:48:58] FASTIFY: request completed
[09/08/2026 13:49:52] FASTIFY: incoming request
[09/08/2026 13:49:52] Xayling GET /clim/status
[09/08/2026 13:49:52] FASTIFY: incoming request
[09/08/2026 13:49:52] FASTIFY: incoming request
[09/08/2026 13:49:52] Xayling GET /clim/status
[09/08/2026 13:49:52] FASTIFY: request completed
[09/08/2026 13:49:56] FASTIFY: request completed
[09/08/2026 13:50:00] SID _b1ZmUpar51aCU5X
[09/08/2026 13:50:02] SID jq-2TmMeDueeRks6
[09/08/2026 13:50:02] FASTIFY: incoming request
[09/08/2026 13:50:02] Xayling GET /clim/status
[09/08/2026 13:50:05] FASTIFY: request completed
[09/08/2026 13:50:12] FASTIFY: incoming request
[09/08/2026 13:50:12] Xayling GET /clim/status
[09/08/2026 13:50:15] FASTIFY: request completed
[09/08/2026 13:50:22] FASTIFY: incoming request
[09/08/2026 13:50:22] Xayling GET /clim/status
[09/08/2026 13:50:26] FASTIFY: request completed
[09/08/2026 13:50:32] FASTIFY: incoming request
[09/08/2026 13:50:32] Xayling GET /clim/status
[09/08/2026 13:50:35] FASTIFY: request completed
[09/08/2026 13:50:42] FASTIFY: incoming request
[09/08/2026 13:50:42] Xayling GET /clim/status
[09/08/2026 13:50:49] FASTIFY: request completed
[09/08/2026 13:50:52] FASTIFY: incoming request
[09/08/2026 13:50:52] Xayling GET /clim/status
[09/08/2026 13:50:55] FASTIFY: request completed
[09/08/2026 13:51:02] FASTIFY: incoming request
[09/08/2026 13:51:02] Xayling GET /clim/status
[09/08/2026 13:51:05] FASTIFY: request completed
[09/08/2026 13:51:51] FASTIFY: incoming request
[09/08/2026 13:51:51] Xayling GET /clim/status
[09/08/2026 13:51:54] FASTIFY: request completed
[09/08/2026 13:52:51] FASTIFY: incoming request
[09/08/2026 13:52:51] Xayling GET /clim/status
[09/08/2026 13:52:54] FASTIFY: request completed
[09/08/2026 13:53:51] FASTIFY: incoming request
[09/08/2026 13:53:51] Xayling GET /clim/status
[09/08/2026 13:53:54] FASTIFY: request completed
[09/08/2026 13:54:51] FASTIFY: incoming request
[09/08/2026 13:54:51] Xayling GET /clim/status
[09/08/2026 13:54:54] FASTIFY: request completed
[09/08/2026 13:55:00] SID jq-2TmMeDueeRks6
[09/08/2026 13:55:02] SID Qa89qrvGTJ5Gwp_k
[09/08/2026 13:55:51] FASTIFY: incoming request
[09/08/2026 13:55:51] Xayling GET /clim/status
[09/08/2026 13:55:54] FASTIFY: request completed
[09/08/2026 13:56:52] FASTIFY: incoming request
[09/08/2026 13:56:52] Xayling GET /clim/status
[09/08/2026 13:56:52] FASTIFY: incoming request
[09/08/2026 13:56:52] FASTIFY: incoming request
[09/08/2026 13:56:52] Xayling GET /clim/status
[09/08/2026 13:56:52] FASTIFY: request completed
[09/08/2026 13:56:56] FASTIFY: request completed
[09/08/2026 13:57:02] FASTIFY: incoming request
[09/08/2026 13:57:02] Xayling GET /clim/status
[09/08/2026 13:57:09] FASTIFY: request completed
[09/08/2026 13:57:12] FASTIFY: incoming request
[09/08/2026 13:57:12] Xayling GET /clim/status
[09/08/2026 13:57:16] FASTIFY: request completed
[09/08/2026 13:57:22] FASTIFY: incoming request
[09/08/2026 13:57:22] Xayling GET /clim/status
[09/08/2026 13:57:25] FASTIFY: request completed
[09/08/2026 13:57:32] FASTIFY: incoming request
[09/08/2026 13:57:32] Xayling GET /clim/status
[09/08/2026 13:57:35] FASTIFY: request completed
[09/08/2026 13:57:42] FASTIFY: incoming request
[09/08/2026 13:57:42] Xayling GET /clim/status
[09/08/2026 13:57:45] FASTIFY: request completed
[09/08/2026 13:57:52] FASTIFY: incoming request
[09/08/2026 13:57:52] Xayling GET /clim/status
[09/08/2026 13:57:56] FASTIFY: request completed
[09/08/2026 13:58:02] FASTIFY: incoming request
[09/08/2026 13:58:02] Xayling GET /clim/status
[09/08/2026 13:58:09] FASTIFY: request completed
[09/08/2026 13:58:51] FASTIFY: incoming request
[09/08/2026 13:58:51] Xayling GET /clim/status
[09/08/2026 13:58:55] FASTIFY: request completed
[09/08/2026 13:59:51] FASTIFY: incoming request
[09/08/2026 13:59:51] Xayling GET /clim/status
[09/08/2026 13:59:54] FASTIFY: request completed
[09/08/2026 14:00:00] SID Qa89qrvGTJ5Gwp_k
[09/08/2026 14:00:03] SID Xr2Wo0b4oCF4K2bU
[09/08/2026 14:00:51] FASTIFY: incoming request
[09/08/2026 14:00:51] Xayling GET /clim/status
[09/08/2026 14:00:54] FASTIFY: request completed
[09/08/2026 14:01:51] FASTIFY: incoming request
[09/08/2026 14:01:52] Xayling GET /clim/status
[09/08/2026 14:01:52] FASTIFY: incoming request
[09/08/2026 14:01:52] FASTIFY: incoming request
[09/08/2026 14:01:52] Xayling GET /clim/status
[09/08/2026 14:01:52] FASTIFY: request completed
[09/08/2026 14:01:55] FASTIFY: request completed
[09/08/2026 14:02:02] FASTIFY: incoming request
[09/08/2026 14:02:02] Xayling GET /clim/status
[09/08/2026 14:02:05] FASTIFY: request completed
[09/08/2026 14:02:12] FASTIFY: incoming request
[09/08/2026 14:02:12] Xayling GET /clim/status
[09/08/2026 14:02:20] FASTIFY: request completed
[09/08/2026 14:02:22] FASTIFY: incoming request
[09/08/2026 14:02:22] Xayling GET /clim/status
[09/08/2026 14:02:25] FASTIFY: request completed
[09/08/2026 14:02:32] FASTIFY: incoming request
[09/08/2026 14:02:32] Xayling GET /clim/status
[09/08/2026 14:02:35] FASTIFY: request completed
[09/08/2026 14:02:42] FASTIFY: incoming request
[09/08/2026 14:02:42] Xayling GET /clim/status
[09/08/2026 14:02:45] FASTIFY: request completed
[09/08/2026 14:02:52] FASTIFY: incoming request
[09/08/2026 14:02:52] Xayling GET /clim/status
[09/08/2026 14:02:55] FASTIFY: request completed
[09/08/2026 14:03:02] FASTIFY: incoming request
[09/08/2026 14:03:02] Xayling GET /clim/status
[09/08/2026 14:03:06] FASTIFY: request completed
[09/08/2026 14:03:51] FASTIFY: incoming request
[09/08/2026 14:03:51] Xayling GET /clim/status
[09/08/2026 14:03:54] FASTIFY: request completed
[09/08/2026 14:04:51] FASTIFY: incoming request
[09/08/2026 14:04:51] Xayling GET /clim/status
[09/08/2026 14:04:55] FASTIFY: request completed
[09/08/2026 14:05:00] SID Xr2Wo0b4oCF4K2bU
[09/08/2026 14:05:05] SID 6ic-KCN-4If-UC98
[09/08/2026 14:05:51] FASTIFY: incoming request
[09/08/2026 14:05:51] Xayling GET /clim/status
[09/08/2026 14:05:54] FASTIFY: request completed
[09/08/2026 14:06:51] FASTIFY: incoming request
[09/08/2026 14:06:51] Xayling GET /clim/status
[09/08/2026 14:06:54] FASTIFY: request completed
[09/08/2026 14:07:51] FASTIFY: incoming request
[09/08/2026 14:07:51] Xayling GET /clim/status
[09/08/2026 14:07:54] FASTIFY: request completed
[09/08/2026 14:08:51] FASTIFY: incoming request
[09/08/2026 14:08:51] Xayling GET /clim/status
[09/08/2026 14:08:52] FASTIFY: incoming request
[09/08/2026 14:08:52] FASTIFY: incoming request
[09/08/2026 14:08:52] Xayling GET /clim/status
[09/08/2026 14:08:52] FASTIFY: request completed
[09/08/2026 14:08:56] FASTIFY: request completed
[09/08/2026 14:09:02] FASTIFY: incoming request
[09/08/2026 14:09:02] Xayling GET /clim/status
[09/08/2026 14:09:06] FASTIFY: request completed
[09/08/2026 14:09:12] FASTIFY: incoming request
[09/08/2026 14:09:12] Xayling GET /clim/status
[09/08/2026 14:09:15] FASTIFY: request completed
[09/08/2026 14:09:22] FASTIFY: incoming request
[09/08/2026 14:09:22] Xayling GET /clim/status
[09/08/2026 14:09:25] FASTIFY: request completed
[09/08/2026 14:09:32] FASTIFY: incoming request
[09/08/2026 14:09:32] Xayling GET /clim/status
[09/08/2026 14:09:39] FASTIFY: request completed
[09/08/2026 14:09:42] FASTIFY: incoming request
[09/08/2026 14:09:42] Xayling GET /clim/status
[09/08/2026 14:09:45] FASTIFY: request completed
[09/08/2026 14:09:52] FASTIFY: incoming request
[09/08/2026 14:09:52] Xayling GET /clim/status
[09/08/2026 14:09:56] FASTIFY: request completed
[09/08/2026 14:10:00] SID 6ic-KCN-4If-UC98
[09/08/2026 14:10:02] FASTIFY: incoming request
[09/08/2026 14:10:02] Xayling GET /clim/status
[09/08/2026 14:10:05] SID 5zTDaMZRgIGRrM5Y
[09/08/2026 14:10:06] FASTIFY: request completed
[09/08/2026 14:10:51] FASTIFY: incoming request
[09/08/2026 14:10:51] Xayling GET /clim/status
[09/08/2026 14:10:54] FASTIFY: request completed
[09/08/2026 14:11:51] FASTIFY: incoming request
[09/08/2026 14:11:51] Xayling GET /clim/status
[09/08/2026 14:11:54] FASTIFY: request completed
[09/08/2026 14:12:51] FASTIFY: incoming request
[09/08/2026 14:12:51] Xayling GET /clim/status
[09/08/2026 14:12:54] FASTIFY: request completed
[09/08/2026 14:13:51] FASTIFY: incoming request
[09/08/2026 14:13:51] Xayling GET /clim/status
[09/08/2026 14:13:52] FASTIFY: incoming request
[09/08/2026 14:13:52] FASTIFY: incoming request
[09/08/2026 14:13:52] Xayling GET /clim/status
[09/08/2026 14:13:52] FASTIFY: request completed
[09/08/2026 14:13:55] FASTIFY: request completed
[09/08/2026 14:14:02] FASTIFY: incoming request
[09/08/2026 14:14:02] Xayling GET /clim/status
[09/08/2026 14:14:05] FASTIFY: request completed
[09/08/2026 14:14:12] FASTIFY: incoming request
[09/08/2026 14:14:12] Xayling GET /clim/status
[09/08/2026 14:14:16] FASTIFY: request completed
[09/08/2026 14:14:22] FASTIFY: incoming request
[09/08/2026 14:14:22] Xayling GET /clim/status
[09/08/2026 14:14:25] FASTIFY: request completed
[09/08/2026 14:14:32] FASTIFY: incoming request
[09/08/2026 14:14:32] Xayling GET /clim/status
[09/08/2026 14:14:39] FASTIFY: request completed
[09/08/2026 14:14:42] FASTIFY: incoming request
[09/08/2026 14:14:42] Xayling GET /clim/status
[09/08/2026 14:14:45] FASTIFY: request completed
[09/08/2026 14:14:52] FASTIFY: incoming request
[09/08/2026 14:14:52] Xayling GET /clim/status
[09/08/2026 14:14:55] FASTIFY: request completed
[09/08/2026 14:15:00] SID 5zTDaMZRgIGRrM5Y
[09/08/2026 14:15:02] FASTIFY: incoming request
[09/08/2026 14:15:02] Xayling GET /clim/status
[09/08/2026 14:15:05] SID viXS-V8JwYgJIV8B
[09/08/2026 14:15:05] FASTIFY: request completed
[09/08/2026 14:15:51] FASTIFY: incoming request
[09/08/2026 14:15:52] Xayling GET /clim/status
[09/08/2026 14:15:59] FASTIFY: request completed
[09/08/2026 14:16:51] FASTIFY: incoming request
[09/08/2026 14:16:51] Xayling GET /clim/status
[09/08/2026 14:16:54] FASTIFY: request completed
[09/08/2026 14:17:52] FASTIFY: incoming request
[09/08/2026 14:17:52] Xayling GET /clim/status
[09/08/2026 14:17:54] FASTIFY: request completed
[09/08/2026 14:18:13] FASTIFY: incoming request
[09/08/2026 14:18:13] Xayling GET /clim/status
[09/08/2026 14:18:17] FASTIFY: request completed
[09/08/2026 14:18:18] FASTIFY: incoming request
[09/08/2026 14:18:18] FASTIFY: incoming request
[09/08/2026 14:18:18] Xayling GET /mbtoday
[09/08/2026 14:18:18] FASTIFY: incoming request
[09/08/2026 14:18:18] Xayling POST /miele/list
[09/08/2026 14:18:18] FASTIFY: incoming request
[09/08/2026 14:18:18] Xayling GET /miele/token
[09/08/2026 14:18:18] FASTIFY: request completed
[09/08/2026 14:18:18] FASTIFY: request completed
[09/08/2026 14:18:18] FASTIFY: request completed
[09/08/2026 14:18:18] FASTIFY: request completed
[09/08/2026 14:18:32] FASTIFY: incoming request
[09/08/2026 14:18:32] Xayling GET /miele/connect
[09/08/2026 14:18:32] FASTIFY: request completed
[09/08/2026 14:18:37] FASTIFY: incoming request
[09/08/2026 14:18:37] GET /miele/callback
[09/08/2026 14:18:37] Connexion à Miele réussie et sauvegardée !
[09/08/2026 14:18:37] FASTIFY: request completed
[09/08/2026 14:18:38] FASTIFY: incoming request
[09/08/2026 14:18:38] FASTIFY: incoming request
[09/08/2026 14:18:38] Xayling GET /mbtoday
[09/08/2026 14:18:38] FASTIFY: incoming request
[09/08/2026 14:18:38] Xayling POST /miele/list
[09/08/2026 14:18:38] FASTIFY: incoming request
[09/08/2026 14:18:38] Xayling GET /miele/token
[09/08/2026 14:18:38] FASTIFY: request completed
[09/08/2026 14:18:38] FASTIFY: request completed
[09/08/2026 14:18:38] FASTIFY: request completed
[09/08/2026 14:18:38] FASTIFY: request completed
[09/08/2026 14:18:38] FASTIFY: incoming request
[09/08/2026 14:18:38] Xayling GET /miele/devices
[09/08/2026 14:18:38] FASTIFY: request completed
[09/08/2026 14:18:42] FASTIFY: incoming request
[09/08/2026 14:18:42] Xayling GET /miele/devices/:deviceId
[09/08/2026 14:18:42] FASTIFY: incoming request
[09/08/2026 14:18:42] Xayling GET /miele/devices/:deviceId/programs
[09/08/2026 14:18:43] FASTIFY: request completed
[09/08/2026 14:18:43] FASTIFY: request completed
[09/08/2026 14:19:12] FASTIFY: incoming request
[09/08/2026 14:19:12] Xayling GET /miele/devices/:deviceId/programs
[09/08/2026 14:19:12] FASTIFY: incoming request
[09/08/2026 14:19:12] Xayling GET /miele/devices/:deviceId
[09/08/2026 14:19:13] FASTIFY: request completed
[09/08/2026 14:19:13] FASTIFY: request completed
[09/08/2026 14:19:42] FASTIFY: incoming request
[09/08/2026 14:19:42] Xayling GET /miele/devices/:deviceId
[09/08/2026 14:19:42] FASTIFY: incoming request
[09/08/2026 14:19:42] Xayling GET /miele/devices/:deviceId/programs
[09/08/2026 14:19:43] FASTIFY: request completed
[09/08/2026 14:19:43] FASTIFY: request completed
[09/08/2026 14:20:00] SID viXS-V8JwYgJIV8B
[09/08/2026 14:20:02] SID 1jUeO-5N4YvNH959
[09/08/2026 14:20:12] FASTIFY: incoming request
[09/08/2026 14:20:12] Xayling GET /miele/devices/:deviceId/programs
[09/08/2026 14:20:12] FASTIFY: incoming request
[09/08/2026 14:20:12] Xayling GET /miele/devices/:deviceId
[09/08/2026 14:20:13] FASTIFY: request completed
[09/08/2026 14:20:13] FASTIFY: request completed
[09/08/2026 14:20:42] FASTIFY: incoming request
[09/08/2026 14:20:42] Xayling GET /miele/devices/:deviceId
[09/08/2026 14:20:42] FASTIFY: incoming request
[09/08/2026 14:20:42] Xayling GET /miele/devices/:deviceId/programs
[09/08/2026 14:20:43] FASTIFY: request completed
[09/08/2026 14:20:43] FASTIFY: request completed
[09/08/2026 14:21:12] FASTIFY: incoming request
[09/08/2026 14:21:12] Xayling GET /miele/devices/:deviceId/programs
[09/08/2026 14:21:12] FASTIFY: incoming request
[09/08/2026 14:21:12] Xayling GET /miele/devices/:deviceId
[09/08/2026 14:21:13] FASTIFY: request completed
[09/08/2026 14:21:13] FASTIFY: request completed
[09/08/2026 14:21:42] FASTIFY: incoming request
[09/08/2026 14:21:42] Xayling GET /miele/devices/:deviceId
[09/08/2026 14:21:42] FASTIFY: incoming request
[09/08/2026 14:21:42] Xayling GET /miele/devices/:deviceId/programs
[09/08/2026 14:21:43] FASTIFY: request completed
[09/08/2026 14:21:43] FASTIFY: request completed
[09/08/2026 14:22:52] FASTIFY: incoming request
[09/08/2026 14:22:52] Xayling GET /miele/devices/:deviceId/programs
[09/08/2026 14:22:52] FASTIFY: incoming request
[09/08/2026 14:22:52] Xayling GET /miele/devices/:deviceId
[09/08/2026 14:22:52] FASTIFY: request completed
[09/08/2026 14:22:52] FASTIFY: request completed
[09/08/2026 14:23:51] FASTIFY: incoming request
[09/08/2026 14:23:52] Xayling GET /miele/devices/:deviceId/programs
[09/08/2026 14:23:52] FASTIFY: incoming request
[09/08/2026 14:23:52] Xayling GET /miele/devices/:deviceId
[09/08/2026 14:23:52] FASTIFY: request completed
[09/08/2026 14:23:52] FASTIFY: request completed
[09/08/2026 14:24:52] FASTIFY: incoming request
[09/08/2026 14:24:52] Xayling GET /miele/devices/:deviceId/programs
[09/08/2026 14:24:52] FASTIFY: incoming request
[09/08/2026 14:24:52] Xayling GET /miele/devices/:deviceId
[09/08/2026 14:24:52] FASTIFY: incoming request
[09/08/2026 14:24:52] FASTIFY: incoming request
[09/08/2026 14:24:52] Xayling GET /mbtoday
[09/08/2026 14:24:52] FASTIFY: incoming request
[09/08/2026 14:24:52] Xayling POST /miele/list
[09/08/2026 14:24:52] FASTIFY: incoming request
[09/08/2026 14:24:52] Xayling GET /miele/token
[09/08/2026 14:24:52] FASTIFY: request completed
[09/08/2026 14:24:52] FASTIFY: request completed
[09/08/2026 14:24:52] FASTIFY: request completed
[09/08/2026 14:24:52] FASTIFY: request completed
[09/08/2026 14:24:52] FASTIFY: incoming request
[09/08/2026 14:24:52] Xayling GET /miele/devices
[09/08/2026 14:24:52] FASTIFY: request completed
[09/08/2026 14:25:00] SID 1jUeO-5N4YvNH959
[09/08/2026 14:25:07] SID SnKmYhr7IAy7fibI
[09/08/2026 14:29:23] FASTIFY: incoming request
[09/08/2026 14:29:23] Xayling GET /miele/token
[09/08/2026 14:29:23] FASTIFY: incoming request
[09/08/2026 14:29:23] Xayling POST /miele/list
[09/08/2026 14:29:23] FASTIFY: incoming request
[09/08/2026 14:29:23] Xayling GET /mbtoday
[09/08/2026 14:29:23] FASTIFY: incoming request
[09/08/2026 14:29:23] FASTIFY: request completed
[09/08/2026 14:29:23] FASTIFY: request completed
[09/08/2026 14:29:23] FASTIFY: incoming request
[09/08/2026 14:29:23] Xayling GET /miele/devices
[09/08/2026 14:29:23] FASTIFY: request completed
[09/08/2026 14:29:23] FASTIFY: request completed
[09/08/2026 14:29:23] FASTIFY: request completed
[09/08/2026 14:30:00] SID SnKmYhr7IAy7fibI
[09/08/2026 14:30:03] SID KCVYrD-zZOpz9Cuk
[09/08/2026 14:34:52] FASTIFY: incoming request
[09/08/2026 14:34:52] Xayling POST /miele/list
[09/08/2026 14:34:52] FASTIFY: incoming request
[09/08/2026 14:34:52] Xayling GET /mbtoday
[09/08/2026 14:34:52] FASTIFY: incoming request
[09/08/2026 14:34:52] FASTIFY: incoming request
[09/08/2026 14:34:52] Xayling GET /miele/token
[09/08/2026 14:34:52] FASTIFY: request completed
[09/08/2026 14:34:52] FASTIFY: request completed
[09/08/2026 14:34:52] FASTIFY: request completed
[09/08/2026 14:34:52] FASTIFY: request completed
[09/08/2026 14:34:52] FASTIFY: incoming request
[09/08/2026 14:34:52] Xayling GET /miele/devices
[09/08/2026 14:34:52] FASTIFY: request completed
[09/08/2026 14:35:00] SID KCVYrD-zZOpz9Cuk
[09/08/2026 14:35:01] SID J_jDbO6iMPui4Pq4
[09/08/2026 14:39:23] FASTIFY: incoming request
[09/08/2026 14:39:23] Xayling POST /miele/list
[09/08/2026 14:39:23] FASTIFY: incoming request
[09/08/2026 14:39:23] Xayling GET /mbtoday
[09/08/2026 14:39:23] FASTIFY: incoming request
[09/08/2026 14:39:23] FASTIFY: incoming request
[09/08/2026 14:39:23] Xayling GET /miele/token
[09/08/2026 14:39:23] FASTIFY: request completed
[09/08/2026 14:39:23] FASTIFY: request completed
[09/08/2026 14:39:23] FASTIFY: request completed
[09/08/2026 14:39:23] FASTIFY: request completed
[09/08/2026 14:39:23] FASTIFY: incoming request
[09/08/2026 14:39:23] Xayling GET /miele/devices
[09/08/2026 14:39:23] FASTIFY: request completed
[09/08/2026 14:40:00] SID J_jDbO6iMPui4Pq4
[09/08/2026 14:40:02] SID 4iZqYJNz4CSz5KdI
[09/08/2026 14:45:00] SID 4iZqYJNz4CSz5KdI
[09/08/2026 14:45:01] SID 9Te1AcZboiHbbcZe
[09/08/2026 14:48:12] FASTIFY: incoming request
[09/08/2026 14:48:12] Xayling GET /clim/status
[09/08/2026 14:48:12] FASTIFY: incoming request
[09/08/2026 14:48:12] FASTIFY: request completed
[09/08/2026 14:48:19] FASTIFY: request completed
[09/08/2026 14:48:22] FASTIFY: incoming request
[09/08/2026 14:48:22] Xayling GET /clim/status
[09/08/2026 14:48:25] FASTIFY: request completed
[09/08/2026 14:48:32] FASTIFY: incoming request
[09/08/2026 14:48:32] Xayling GET /clim/status
[09/08/2026 14:48:35] FASTIFY: request completed
[09/08/2026 14:48:36] FASTIFY: incoming request
[09/08/2026 14:48:36] FASTIFY: incoming request
[09/08/2026 14:48:36] Xayling GET /mbtoday
[09/08/2026 14:48:36] FASTIFY: request completed
[09/08/2026 14:48:36] FASTIFY: request completed
[09/08/2026 14:49:13] FASTIFY: incoming request
[09/08/2026 14:49:13] Xayling GET /mbtoday
[09/08/2026 14:49:13] FASTIFY: incoming request
[09/08/2026 14:49:13] FASTIFY: request completed
[09/08/2026 14:49:13] FASTIFY: request completed
[09/08/2026 14:49:21] FASTIFY: incoming request
[09/08/2026 14:49:21] FASTIFY: incoming request
[09/08/2026 14:49:21] Xayling GET /mbtoday
[09/08/2026 14:49:21] FASTIFY: request completed
[09/08/2026 14:49:21] FASTIFY: request completed
[09/08/2026 14:49:58] FASTIFY: incoming request
[09/08/2026 14:49:58] Xayling GET /mbtoday
[09/08/2026 14:49:58] FASTIFY: incoming request
[09/08/2026 14:49:58] FASTIFY: request completed
[09/08/2026 14:49:58] FASTIFY: request completed
[09/08/2026 14:50:00] SID 9Te1AcZboiHbbcZe
[09/08/2026 14:50:00] SID vSSF7XMWTNYWvUsg
[09/08/2026 14:50:36] FASTIFY: incoming request
[09/08/2026 14:50:36] Xayling GET /mbtoday
[09/08/2026 14:50:36] FASTIFY: incoming request
[09/08/2026 14:50:36] FASTIFY: request completed
[09/08/2026 14:50:36] FASTIFY: request completed
[09/08/2026 14:51:15] FASTIFY: incoming request
[09/08/2026 14:51:15] Xayling GET /mbtoday
[09/08/2026 14:51:16] FASTIFY: incoming request
[09/08/2026 14:51:16] FASTIFY: request completed
[09/08/2026 14:51:16] FASTIFY: request completed
[09/08/2026 14:51:20] FASTIFY: incoming request
[09/08/2026 14:51:20] FASTIFY: incoming request
[09/08/2026 14:51:20] Xayling GET /mbtoday
[09/08/2026 14:51:20] FASTIFY: request completed
[09/08/2026 14:51:20] FASTIFY: request completed
[09/08/2026 14:51:42] FASTIFY: incoming request
[09/08/2026 14:51:42] FASTIFY: incoming request
[09/08/2026 14:51:42] Xayling GET /mbtoday
[09/08/2026 14:51:42] FASTIFY: request completed
[09/08/2026 14:51:42] FASTIFY: request completed
[09/08/2026 14:52:03] FASTIFY: incoming request
[09/08/2026 14:52:03] Xayling GET /mbtoday
[09/08/2026 14:52:03] FASTIFY: incoming request
[09/08/2026 14:52:03] FASTIFY: request completed
[09/08/2026 14:52:03] FASTIFY: request completed
[09/08/2026 14:52:19] FASTIFY: incoming request
[09/08/2026 14:52:19] FASTIFY: incoming request
[09/08/2026 14:52:19] Xayling GET /mbtoday
[09/08/2026 14:52:19] FASTIFY: request completed
[09/08/2026 14:52:19] FASTIFY: request completed
[09/08/2026 14:52:29] FASTIFY: incoming request
[09/08/2026 14:52:29] FASTIFY: incoming request
[09/08/2026 14:52:29] Xayling GET /mbtoday
[09/08/2026 14:52:29] FASTIFY: request completed
[09/08/2026 14:52:29] FASTIFY: request completed
[09/08/2026 14:52:54] FASTIFY: incoming request
[09/08/2026 14:52:54] Xayling GET /mbtoday
[09/08/2026 14:52:54] FASTIFY: incoming request
[09/08/2026 14:52:54] FASTIFY: request completed
[09/08/2026 14:52:54] FASTIFY: request completed
[09/08/2026 14:55:00] SID vSSF7XMWTNYWvUsg
[09/08/2026 14:55:01] SID fCfwSWvAUp-A6V_6
[09/08/2026 14:56:24] FASTIFY: incoming request
[09/08/2026 14:56:24] Xayling GET /mbtoday
[09/08/2026 14:56:24] FASTIFY: incoming request
[09/08/2026 14:56:24] FASTIFY: request completed
[09/08/2026 14:56:24] FASTIFY: request completed
[09/08/2026 15:00:00] SID fCfwSWvAUp-A6V_6
[09/08/2026 15:00:07] SID Pb0dtVKxQWRx9WKF
[09/08/2026 15:01:38] FASTIFY: Stopping Solar's_Cam platform
[09/08/2026 15:01:38] FASTIFY: Solar's_Cam platform stopped
[09/08/2026 15:01:40] Weather : Already got data
[09/08/2026 15:01:40] FASTIFY: Server listening at http://127.0.0.1:3000
[09/08/2026 15:01:40] FASTIFY: Server listening at http://172.24.0.5:3000
[09/08/2026 15:01:43] Clim connectée: 31885837213310 | temp: 25.5 °C
[09/08/2026 15:02:49] FASTIFY: incoming request
[09/08/2026 15:02:49] FASTIFY: incoming request
[09/08/2026 15:02:49] Xayling GET /mbtoday
[09/08/2026 15:02:49] FASTIFY: incoming request
[09/08/2026 15:02:49] Xayling POST /miele/list
[09/08/2026 15:02:49] FASTIFY: incoming request
[09/08/2026 15:02:49] Xayling GET /miele/token
[09/08/2026 15:02:49] FASTIFY: request completed
[09/08/2026 15:02:49] FASTIFY: request completed
[09/08/2026 15:02:49] FASTIFY: request completed
[09/08/2026 15:02:49] FASTIFY: request completed
[09/08/2026 15:02:49] FASTIFY: incoming request
[09/08/2026 15:02:49] Xayling GET /miele/devices
[09/08/2026 15:02:50] FASTIFY: request completed
[09/08/2026 15:03:50] FASTIFY: incoming request
[09/08/2026 15:03:50] Xayling GET /mbtoday
[09/08/2026 15:03:50] FASTIFY: incoming request
[09/08/2026 15:03:50] FASTIFY: request completed
[09/08/2026 15:03:50] FASTIFY: request completed
[09/08/2026 15:04:27] FASTIFY: incoming request
[09/08/2026 15:04:27] Xayling GET /mbtoday
[09/08/2026 15:04:27] FASTIFY: incoming request
[09/08/2026 15:04:27] FASTIFY: incoming request
[09/08/2026 15:04:27] Xayling POST /miele/list
[09/08/2026 15:04:27] FASTIFY: incoming request
[09/08/2026 15:04:27] Xayling GET /miele/token
[09/08/2026 15:04:27] FASTIFY: request completed
[09/08/2026 15:04:27] FASTIFY: request completed
[09/08/2026 15:04:27] FASTIFY: request completed
[09/08/2026 15:04:27] FASTIFY: request completed
[09/08/2026 15:04:28] FASTIFY: incoming request
[09/08/2026 15:04:28] Xayling GET /miele/devices
[09/08/2026 15:04:28] FASTIFY: request completed
[09/08/2026 15:05:00] SID null
[09/08/2026 15:05:01] SID PGIsYWey6BOyzWe4
[09/08/2026 15:05:13] FASTIFY: incoming request
[09/08/2026 15:05:13] Xayling GET /mbtoday
[09/08/2026 15:05:13] FASTIFY: incoming request
[09/08/2026 15:05:13] FASTIFY: request completed
[09/08/2026 15:05:13] FASTIFY: request completed
[09/08/2026 15:05:24] FASTIFY: incoming request
[09/08/2026 15:05:25] FASTIFY: incoming request
[09/08/2026 15:05:25] Xayling GET /mbtoday
[09/08/2026 15:05:25] FASTIFY: request completed
[09/08/2026 15:05:25] FASTIFY: request completed
[09/08/2026 15:08:22] FASTIFY: incoming request
[09/08/2026 15:08:22] Xayling GET /mbtoday
[09/08/2026 15:08:22] FASTIFY: incoming request
[09/08/2026 15:08:22] FASTIFY: request completed
[09/08/2026 15:08:22] FASTIFY: request completed
[09/08/2026 15:10:00] SID PGIsYWey6BOyzWe4
[09/08/2026 15:10:03] SID EDc8z56dovgdL4qC
[09/08/2026 15:14:38] FASTIFY: incoming request
[09/08/2026 15:14:38] Xayling GET /miele/token
[09/08/2026 15:14:38] FASTIFY: incoming request
[09/08/2026 15:14:38] Xayling POST /miele/list
[09/08/2026 15:14:38] FASTIFY: incoming request
[09/08/2026 15:14:38] Xayling GET /mbtoday
[09/08/2026 15:14:38] FASTIFY: incoming request
[09/08/2026 15:14:38] FASTIFY: request completed
[09/08/2026 15:14:38] FASTIFY: request completed
[09/08/2026 15:14:38] FASTIFY: request completed
[09/08/2026 15:14:38] FASTIFY: request completed
[09/08/2026 15:14:38] FASTIFY: incoming request
[09/08/2026 15:14:38] Xayling GET /miele/devices
[09/08/2026 15:14:38] FASTIFY: request completed
[09/08/2026 15:14:51] FASTIFY: incoming request
[09/08/2026 15:14:51] FASTIFY: incoming request
[09/08/2026 15:14:51] Xayling GET /mbtoday
[09/08/2026 15:14:51] FASTIFY: request completed
[09/08/2026 15:14:51] FASTIFY: request completed
[09/08/2026 15:15:00] SID EDc8z56dovgdL4qC
[09/08/2026 15:15:00] SID z61b5k95NEk5amNQ
[09/08/2026 15:18:38] FASTIFY: incoming request
[09/08/2026 15:18:38] Xayling GET /mbtoday
[09/08/2026 15:18:38] FASTIFY: incoming request
[09/08/2026 15:18:39] FASTIFY: request completed
[09/08/2026 15:18:39] FASTIFY: request completed
[09/08/2026 15:20:00] SID z61b5k95NEk5amNQ
[09/08/2026 15:20:01] SID pDVYMP4vvQrvBPYt
[09/08/2026 15:25:00] SID pDVYMP4vvQrvBPYt
[09/08/2026 15:25:04] SID YbxJ0JLZ4yQZbIbD
[09/08/2026 15:27:06] FASTIFY: incoming request
[09/08/2026 15:27:06] FASTIFY: incoming request
[09/08/2026 15:27:06] Xayling GET /mbtoday
[09/08/2026 15:27:06] FASTIFY: incoming request
[09/08/2026 15:27:06] Xayling POST /miele/list
[09/08/2026 15:27:06] FASTIFY: incoming request
[09/08/2026 15:27:06] Xayling GET /miele/token
[09/08/2026 15:27:06] FASTIFY: request completed
[09/08/2026 15:27:06] FASTIFY: request completed
[09/08/2026 15:27:06] FASTIFY: request completed
[09/08/2026 15:27:06] FASTIFY: request completed
[09/08/2026 15:27:06] FASTIFY: incoming request
[09/08/2026 15:27:06] Xayling GET /miele/devices
[09/08/2026 15:27:07] FASTIFY: request completed
[09/08/2026 15:28:14] FASTIFY: incoming request
[09/08/2026 15:28:14] Xayling GET /miele/token
[09/08/2026 15:28:14] FASTIFY: incoming request
[09/08/2026 15:28:14] Xayling POST /miele/list
[09/08/2026 15:28:14] FASTIFY: request completed
[09/08/2026 15:28:14] FASTIFY: incoming request
[09/08/2026 15:28:14] Xayling GET /mbtoday
[09/08/2026 15:28:14] FASTIFY: request completed
[09/08/2026 15:28:14] FASTIFY: incoming request
[09/08/2026 15:28:14] FASTIFY: request completed
[09/08/2026 15:28:14] FASTIFY: incoming request
[09/08/2026 15:28:14] Xayling GET /miele/devices
[09/08/2026 15:28:14] FASTIFY: request completed
[09/08/2026 15:28:14] FASTIFY: request completed
[09/08/2026 15:30:00] SID YbxJ0JLZ4yQZbIbD
[09/08/2026 15:30:03] SID QSfxfoPstcWswovZ
[09/08/2026 15:32:23] FASTIFY: incoming request
[09/08/2026 15:32:23] Xayling POST /miele/list
[09/08/2026 15:32:23] FASTIFY: incoming request
[09/08/2026 15:32:23] Xayling GET /mbtoday
[09/08/2026 15:32:23] FASTIFY: incoming request
[09/08/2026 15:32:23] FASTIFY: incoming request
[09/08/2026 15:32:23] Xayling GET /miele/token
[09/08/2026 15:32:23] FASTIFY: request completed
[09/08/2026 15:32:23] FASTIFY: request completed
[09/08/2026 15:32:23] FASTIFY: request completed
[09/08/2026 15:32:23] FASTIFY: request completed
[09/08/2026 15:32:23] FASTIFY: incoming request
[09/08/2026 15:32:23] Xayling GET /miele/devices
[09/08/2026 15:32:23] FASTIFY: request completed
[09/08/2026 15:32:39] FASTIFY: incoming request
[09/08/2026 15:32:39] FASTIFY: incoming request
[09/08/2026 15:32:40] Xayling GET /mbtoday
[09/08/2026 15:32:40] FASTIFY: incoming request
[09/08/2026 15:32:40] Xayling POST /miele/list
[09/08/2026 15:32:40] FASTIFY: incoming request
[09/08/2026 15:32:40] Xayling GET /miele/token
[09/08/2026 15:32:40] FASTIFY: request completed
[09/08/2026 15:32:40] FASTIFY: request completed
[09/08/2026 15:32:40] FASTIFY: request completed
[09/08/2026 15:32:40] FASTIFY: request completed
[09/08/2026 15:32:40] FASTIFY: incoming request
[09/08/2026 15:32:40] Xayling GET /miele/devices
[09/08/2026 15:32:40] FASTIFY: request completed
[09/08/2026 15:35:00] SID QSfxfoPstcWswovZ
[09/08/2026 15:35:04] SID C_u3VgqUo32UQjKb
[09/08/2026 15:37:15] FASTIFY: incoming request
[09/08/2026 15:37:15] FASTIFY: incoming request
[09/08/2026 15:37:15] Xayling GET /mbtoday
[09/08/2026 15:37:15] FASTIFY: incoming request
[09/08/2026 15:37:15] Xayling POST /miele/list
[09/08/2026 15:37:15] FASTIFY: incoming request
[09/08/2026 15:37:15] Xayling GET /miele/token
[09/08/2026 15:37:15] FASTIFY: request completed
[09/08/2026 15:37:15] FASTIFY: request completed
[09/08/2026 15:37:15] FASTIFY: request completed
[09/08/2026 15:37:15] FASTIFY: request completed
[09/08/2026 15:37:15] FASTIFY: incoming request
[09/08/2026 15:37:15] Xayling GET /miele/devices
[09/08/2026 15:37:15] FASTIFY: request completed
[09/08/2026 15:37:49] FASTIFY: incoming request
[09/08/2026 15:37:49] Xayling GET /miele/token
[09/08/2026 15:37:50] FASTIFY: incoming request
[09/08/2026 15:37:50] Xayling POST /miele/list
[09/08/2026 15:37:50] FASTIFY: incoming request
[09/08/2026 15:37:50] Xayling GET /mbtoday
[09/08/2026 15:37:50] FASTIFY: incoming request
[09/08/2026 15:37:50] FASTIFY: request completed
[09/08/2026 15:37:50] FASTIFY: request completed
[09/08/2026 15:37:50] FASTIFY: request completed
[09/08/2026 15:37:50] FASTIFY: request completed
[09/08/2026 15:37:50] FASTIFY: incoming request
[09/08/2026 15:37:50] Xayling GET /miele/devices
[09/08/2026 15:37:50] FASTIFY: request completed
[09/08/2026 15:38:51] FASTIFY: incoming request
[09/08/2026 15:38:51] Xayling GET /miele/token
[09/08/2026 15:38:51] FASTIFY: incoming request
[09/08/2026 15:38:51] Xayling POST /miele/list
[09/08/2026 15:38:51] FASTIFY: incoming request
[09/08/2026 15:38:51] Xayling GET /mbtoday
[09/08/2026 15:38:51] FASTIFY: incoming request
[09/08/2026 15:38:51] FASTIFY: request completed
[09/08/2026 15:38:51] FASTIFY: request completed
[09/08/2026 15:38:51] FASTIFY: request completed
[09/08/2026 15:38:51] FASTIFY: request completed
[09/08/2026 15:38:51] FASTIFY: incoming request
[09/08/2026 15:38:51] Xayling GET /miele/devices
[09/08/2026 15:38:51] FASTIFY: request completed
[09/08/2026 15:39:14] FASTIFY: incoming request
[09/08/2026 15:39:14] FASTIFY: incoming request
[09/08/2026 15:39:14] Xayling GET /mbtoday
[09/08/2026 15:39:14] FASTIFY: incoming request
[09/08/2026 15:39:14] Xayling POST /miele/list
[09/08/2026 15:39:14] FASTIFY: incoming request
[09/08/2026 15:39:14] Xayling GET /miele/token
[09/08/2026 15:39:14] FASTIFY: request completed
[09/08/2026 15:39:14] FASTIFY: request completed
[09/08/2026 15:39:14] FASTIFY: request completed
[09/08/2026 15:39:14] FASTIFY: request completed
[09/08/2026 15:39:15] FASTIFY: incoming request
[09/08/2026 15:39:15] Xayling GET /miele/devices
[09/08/2026 15:39:15] FASTIFY: request completed
[09/08/2026 15:40:00] SID C_u3VgqUo32UQjKb
[09/08/2026 15:40:08] SID 3GEcQ19C2hiCI2dK
[09/08/2026 15:45:00] SID 3GEcQ19C2hiCI2dK
[09/08/2026 15:45:06] SID vHAMpUY5gFF5hVIU
[09/08/2026 15:48:20] FASTIFY: incoming request
[09/08/2026 15:48:20] FASTIFY: incoming request
[09/08/2026 15:48:20] Xayling GET /mbtoday
[09/08/2026 15:48:20] FASTIFY: incoming request
[09/08/2026 15:48:20] Xayling POST /miele/list
[09/08/2026 15:48:20] FASTIFY: incoming request
[09/08/2026 15:48:20] Xayling GET /miele/token
[09/08/2026 15:48:20] FASTIFY: request completed
[09/08/2026 15:48:20] FASTIFY: request completed
[09/08/2026 15:48:20] FASTIFY: request completed
[09/08/2026 15:48:20] FASTIFY: request completed
[09/08/2026 15:48:20] FASTIFY: incoming request
[09/08/2026 15:48:20] Xayling GET /miele/devices
[09/08/2026 15:48:21] FASTIFY: request completed
[09/08/2026 15:48:41] FASTIFY: incoming request
[09/08/2026 15:48:41] FASTIFY: incoming request
[09/08/2026 15:48:41] Xayling GET /mbtoday
[09/08/2026 15:48:41] FASTIFY: incoming request
[09/08/2026 15:48:41] Xayling POST /miele/list
[09/08/2026 15:48:41] FASTIFY: incoming request
[09/08/2026 15:48:41] Xayling GET /miele/token
[09/08/2026 15:48:41] FASTIFY: request completed
[09/08/2026 15:48:41] FASTIFY: request completed
[09/08/2026 15:48:41] FASTIFY: request completed
[09/08/2026 15:48:41] FASTIFY: request completed
[09/08/2026 15:48:42] FASTIFY: incoming request
[09/08/2026 15:48:42] Xayling GET /miele/devices
[09/08/2026 15:48:42] FASTIFY: request completed
[09/08/2026 15:49:28] FASTIFY: incoming request
[09/08/2026 15:49:28] Xayling GET /miele/token
[09/08/2026 15:49:28] FASTIFY: incoming request
[09/08/2026 15:49:28] Xayling POST /miele/list
[09/08/2026 15:49:28] FASTIFY: incoming request
[09/08/2026 15:49:28] Xayling GET /mbtoday
[09/08/2026 15:49:28] FASTIFY: incoming request
[09/08/2026 15:49:28] FASTIFY: request completed
[09/08/2026 15:49:28] FASTIFY: request completed
[09/08/2026 15:49:28] FASTIFY: request completed
[09/08/2026 15:49:28] FASTIFY: request completed
[09/08/2026 15:49:28] FASTIFY: incoming request
[09/08/2026 15:49:28] Xayling GET /miele/devices
[09/08/2026 15:49:28] FASTIFY: request completed
[09/08/2026 15:49:47] FASTIFY: incoming request
[09/08/2026 15:49:47] FASTIFY: incoming request
[09/08/2026 15:49:47] Xayling GET /mbtoday
[09/08/2026 15:49:47] FASTIFY: incoming request
[09/08/2026 15:49:47] Xayling POST /miele/list
[09/08/2026 15:49:47] FASTIFY: incoming request
[09/08/2026 15:49:47] Xayling GET /miele/token
[09/08/2026 15:49:47] FASTIFY: request completed
[09/08/2026 15:49:47] FASTIFY: request completed
[09/08/2026 15:49:47] FASTIFY: request completed
[09/08/2026 15:49:47] FASTIFY: request completed
[09/08/2026 15:49:47] FASTIFY: incoming request
[09/08/2026 15:49:47] Xayling GET /miele/devices
[09/08/2026 15:49:48] FASTIFY: request completed
[09/08/2026 15:50:00] SID vHAMpUY5gFF5hVIU
[09/08/2026 15:50:06] SID ma5pawsubI2u_w8Y
[09/08/2026 15:50:59] FASTIFY: incoming request
[09/08/2026 15:50:59] Xayling GET /miele/token
[09/08/2026 15:50:59] FASTIFY: incoming request
[09/08/2026 15:50:59] Xayling POST /miele/list
[09/08/2026 15:50:59] FASTIFY: incoming request
[09/08/2026 15:50:59] Xayling GET /mbtoday
[09/08/2026 15:50:59] FASTIFY: incoming request
[09/08/2026 15:50:59] FASTIFY: request completed
[09/08/2026 15:50:59] FASTIFY: request completed
[09/08/2026 15:50:59] FASTIFY: request completed
[09/08/2026 15:50:59] FASTIFY: incoming request
[09/08/2026 15:50:59] Xayling GET /miele/devices
[09/08/2026 15:50:59] FASTIFY: request completed
[09/08/2026 15:50:59] FASTIFY: request completed
[09/08/2026 15:51:31] FASTIFY: incoming request
[09/08/2026 15:51:31] Xayling GET /miele/token
[09/08/2026 15:51:31] FASTIFY: incoming request
[09/08/2026 15:51:31] Xayling POST /miele/list
[09/08/2026 15:51:31] FASTIFY: incoming request
[09/08/2026 15:51:31] Xayling GET /mbtoday
[09/08/2026 15:51:31] FASTIFY: incoming request
[09/08/2026 15:51:31] FASTIFY: request completed
[09/08/2026 15:51:31] FASTIFY: request completed
[09/08/2026 15:51:31] FASTIFY: request completed
[09/08/2026 15:51:31] FASTIFY: request completed
[09/08/2026 15:51:31] FASTIFY: incoming request
[09/08/2026 15:51:31] Xayling GET /miele/devices
[09/08/2026 15:51:32] FASTIFY: request completed
[09/08/2026 15:52:41] FASTIFY: incoming request
[09/08/2026 15:52:41] Xayling GET /miele/token
[09/08/2026 15:52:41] FASTIFY: incoming request
[09/08/2026 15:52:41] Xayling POST /miele/list
[09/08/2026 15:52:41] FASTIFY: incoming request
[09/08/2026 15:52:41] Xayling GET /mbtoday
[09/08/2026 15:52:41] FASTIFY: incoming request
[09/08/2026 15:52:41] FASTIFY: request completed
[09/08/2026 15:52:41] FASTIFY: request completed
[09/08/2026 15:52:41] FASTIFY: request completed
[09/08/2026 15:52:41] FASTIFY: request completed
[09/08/2026 15:52:41] FASTIFY: incoming request
[09/08/2026 15:52:41] Xayling GET /miele/devices
[09/08/2026 15:52:41] FASTIFY: request completed
[09/08/2026 15:52:42] FASTIFY: incoming request
[09/08/2026 15:52:42] FASTIFY: incoming request
[09/08/2026 15:52:42] Xayling GET /mbtoday
[09/08/2026 15:52:42] FASTIFY: request completed
[09/08/2026 15:52:42] FASTIFY: request completed
[09/08/2026 15:52:42] FASTIFY: incoming request
[09/08/2026 15:52:42] Xayling POST /miele/list
[09/08/2026 15:52:42] FASTIFY: request completed
[09/08/2026 15:52:42] FASTIFY: incoming request
[09/08/2026 15:52:42] Xayling GET /miele/token
[09/08/2026 15:52:42] FASTIFY: request completed
[09/08/2026 15:52:42] FASTIFY: incoming request
[09/08/2026 15:52:42] Xayling GET /miele/devices
[09/08/2026 15:52:42] FASTIFY: request completed
[09/08/2026 15:53:01] FASTIFY: incoming request
[09/08/2026 15:53:01] FASTIFY: incoming request
[09/08/2026 15:53:01] Xayling GET /mbtoday
[09/08/2026 15:53:01] FASTIFY: incoming request
[09/08/2026 15:53:01] Xayling POST /miele/list
[09/08/2026 15:53:01] FASTIFY: incoming request
[09/08/2026 15:53:01] Xayling GET /miele/token
[09/08/2026 15:53:02] FASTIFY: request completed
[09/08/2026 15:53:02] FASTIFY: request completed
[09/08/2026 15:53:02] FASTIFY: request completed
[09/08/2026 15:53:02] FASTIFY: request completed
[09/08/2026 15:53:02] FASTIFY: incoming request
[09/08/2026 15:53:02] Xayling GET /miele/devices
[09/08/2026 15:53:02] FASTIFY: request completed
[09/08/2026 15:53:53] FASTIFY: incoming request
[09/08/2026 15:53:53] Xayling GET /miele/token
[09/08/2026 15:53:53] FASTIFY: incoming request
[09/08/2026 15:53:53] Xayling POST /miele/list
[09/08/2026 15:53:53] FASTIFY: incoming request
[09/08/2026 15:53:53] Xayling GET /mbtoday
[09/08/2026 15:53:53] FASTIFY: incoming request
[09/08/2026 15:53:53] FASTIFY: request completed
[09/08/2026 15:53:53] FASTIFY: incoming request
[09/08/2026 15:53:53] Xayling GET /miele/devices
[09/08/2026 15:53:53] FASTIFY: request completed
[09/08/2026 15:53:53] FASTIFY: request completed
[09/08/2026 15:53:53] FASTIFY: request completed
[09/08/2026 15:53:54] FASTIFY: request completed
[09/08/2026 15:54:08] FASTIFY: incoming request
[09/08/2026 15:54:08] FASTIFY: incoming request
[09/08/2026 15:54:08] Xayling GET /mbtoday
[09/08/2026 15:54:08] FASTIFY: incoming request
[09/08/2026 15:54:08] Xayling POST /miele/list
[09/08/2026 15:54:08] FASTIFY: incoming request
[09/08/2026 15:54:08] Xayling GET /miele/token
[09/08/2026 15:54:08] FASTIFY: request completed
[09/08/2026 15:54:08] FASTIFY: request completed
[09/08/2026 15:54:08] FASTIFY: request completed
[09/08/2026 15:54:08] FASTIFY: request completed
[09/08/2026 15:54:08] FASTIFY: incoming request
[09/08/2026 15:54:08] Xayling GET /miele/devices
[09/08/2026 15:54:08] FASTIFY: request completed
[09/08/2026 15:54:13] FASTIFY: incoming request
[09/08/2026 15:54:13] FASTIFY: incoming request
[09/08/2026 15:54:13] Xayling GET /mbtoday
[09/08/2026 15:54:13] FASTIFY: incoming request
[09/08/2026 15:54:13] Xayling POST /miele/list
[09/08/2026 15:54:13] FASTIFY: incoming request
[09/08/2026 15:54:13] Xayling GET /miele/token
[09/08/2026 15:54:13] FASTIFY: request completed
[09/08/2026 15:54:13] FASTIFY: request completed
[09/08/2026 15:54:13] FASTIFY: request completed
[09/08/2026 15:54:13] FASTIFY: request completed
[09/08/2026 15:54:13] FASTIFY: incoming request
[09/08/2026 15:54:13] Xayling GET /miele/devices
[09/08/2026 15:54:13] FASTIFY: request completed
[09/08/2026 15:55:00] SID ma5pawsubI2u_w8Y
[09/08/2026 15:55:04] FASTIFY: incoming request
[09/08/2026 15:55:04] Xayling POST /miele/list
[09/08/2026 15:55:04] FASTIFY: incoming request
[09/08/2026 15:55:04] Xayling GET /mbtoday
[09/08/2026 15:55:04] FASTIFY: incoming request
[09/08/2026 15:55:04] FASTIFY: incoming request
[09/08/2026 15:55:04] Xayling GET /miele/token
[09/08/2026 15:55:04] FASTIFY: request completed
[09/08/2026 15:55:04] FASTIFY: request completed
[09/08/2026 15:55:04] FASTIFY: request completed
[09/08/2026 15:55:04] FASTIFY: request completed
[09/08/2026 15:55:04] FASTIFY: incoming request
[09/08/2026 15:55:04] Xayling GET /miele/devices
[09/08/2026 15:55:05] FASTIFY: request completed
[09/08/2026 15:55:05] SID Yie2dJfFQVCFTKPJ
[09/08/2026 15:55:07] FASTIFY: incoming request
[09/08/2026 15:55:07] FASTIFY: incoming request
[09/08/2026 15:55:07] Xayling GET /mbtoday
[09/08/2026 15:55:07] FASTIFY: incoming request
[09/08/2026 15:55:07] Xayling POST /miele/list
[09/08/2026 15:55:07] FASTIFY: request completed
[09/08/2026 15:55:07] FASTIFY: request completed
[09/08/2026 15:55:07] FASTIFY: request completed
[09/08/2026 15:55:07] FASTIFY: incoming request
[09/08/2026 15:55:07] Xayling GET /miele/token
[09/08/2026 15:55:07] FASTIFY: request completed
[09/08/2026 15:55:07] FASTIFY: incoming request
[09/08/2026 15:55:07] Xayling GET /miele/devices
[09/08/2026 15:55:07] FASTIFY: request completed
[09/08/2026 15:55:48] FASTIFY: incoming request
[09/08/2026 15:55:48] Xayling GET /miele/token
[09/08/2026 15:55:48] FASTIFY: incoming request
[09/08/2026 15:55:48] Xayling POST /miele/list
[09/08/2026 15:55:48] FASTIFY: incoming request
[09/08/2026 15:55:48] Xayling GET /mbtoday
[09/08/2026 15:55:48] FASTIFY: incoming request
[09/08/2026 15:55:48] FASTIFY: request completed
[09/08/2026 15:55:48] FASTIFY: request completed
[09/08/2026 15:55:48] FASTIFY: request completed
[09/08/2026 15:55:48] FASTIFY: request completed
[09/08/2026 15:55:48] FASTIFY: incoming request
[09/08/2026 15:55:48] Xayling GET /miele/devices
[09/08/2026 15:55:48] FASTIFY: request completed
[09/08/2026 15:55:49] FASTIFY: incoming request
[09/08/2026 15:55:49] FASTIFY: incoming request
[09/08/2026 15:55:49] Xayling GET /mbtoday
[09/08/2026 15:55:49] FASTIFY: incoming request
[09/08/2026 15:55:49] Xayling POST /miele/list
[09/08/2026 15:55:49] FASTIFY: request completed
[09/08/2026 15:55:49] FASTIFY: request completed
[09/08/2026 15:55:49] FASTIFY: request completed
[09/08/2026 15:55:49] FASTIFY: incoming request
[09/08/2026 15:55:49] Xayling GET /miele/token
[09/08/2026 15:55:49] FASTIFY: request completed
[09/08/2026 15:55:49] FASTIFY: incoming request
[09/08/2026 15:55:49] Xayling GET /miele/devices
[09/08/2026 15:55:49] FASTIFY: request completed
[09/08/2026 15:56:18] FASTIFY: incoming request
[09/08/2026 15:56:18] FASTIFY: incoming request
[09/08/2026 15:56:18] Xayling GET /mbtoday
[09/08/2026 15:56:18] FASTIFY: incoming request
[09/08/2026 15:56:18] Xayling POST /miele/list
[09/08/2026 15:56:18] FASTIFY: incoming request
[09/08/2026 15:56:18] Xayling GET /miele/token
[09/08/2026 15:56:18] FASTIFY: request completed
[09/08/2026 15:56:18] FASTIFY: request completed
[09/08/2026 15:56:19] FASTIFY: request completed
[09/08/2026 15:56:19] FASTIFY: request completed
[09/08/2026 15:56:19] FASTIFY: incoming request
[09/08/2026 15:56:19] Xayling GET /miele/devices
[09/08/2026 15:56:20] FASTIFY: request completed
[09/08/2026 15:56:22] FASTIFY: incoming request
[09/08/2026 15:56:22] FASTIFY: incoming request
[09/08/2026 15:56:22] Xayling GET /mbtoday
[09/08/2026 15:56:22] FASTIFY: incoming request
[09/08/2026 15:56:22] Xayling POST /miele/list
[09/08/2026 15:56:22] FASTIFY: request completed
[09/08/2026 15:56:22] FASTIFY: request completed
[09/08/2026 15:56:22] FASTIFY: incoming request
[09/08/2026 15:56:22] Xayling GET /miele/token
[09/08/2026 15:56:22] FASTIFY: request completed
[09/08/2026 15:56:22] FASTIFY: request completed
[09/08/2026 15:56:22] FASTIFY: incoming request
[09/08/2026 15:56:22] Xayling GET /miele/devices
[09/08/2026 15:56:22] FASTIFY: request completed
[09/08/2026 15:56:30] FASTIFY: incoming request
[09/08/2026 15:56:30] FASTIFY: incoming request
[09/08/2026 15:56:30] Xayling GET /mbtoday
[09/08/2026 15:56:30] FASTIFY: incoming request
[09/08/2026 15:56:30] Xayling POST /miele/list
[09/08/2026 15:56:30] FASTIFY: incoming request
[09/08/2026 15:56:30] Xayling GET /miele/token
[09/08/2026 15:56:30] FASTIFY: request completed
[09/08/2026 15:56:30] FASTIFY: request completed
[09/08/2026 15:56:30] FASTIFY: request completed
[09/08/2026 15:56:30] FASTIFY: request completed
[09/08/2026 15:56:30] FASTIFY: incoming request
[09/08/2026 15:56:30] Xayling GET /miele/devices
[09/08/2026 15:56:30] FASTIFY: request completed
[09/08/2026 15:56:32] FASTIFY: incoming request
[09/08/2026 15:56:32] FASTIFY: incoming request
[09/08/2026 15:56:32] Xayling GET /mbtoday
[09/08/2026 15:56:32] FASTIFY: incoming request
[09/08/2026 15:56:32] Xayling POST /miele/list
[09/08/2026 15:56:32] FASTIFY: incoming request
[09/08/2026 15:56:32] Xayling GET /miele/token
[09/08/2026 15:56:32] FASTIFY: request completed
[09/08/2026 15:56:32] FASTIFY: request completed
[09/08/2026 15:56:32] FASTIFY: request completed
[09/08/2026 15:56:32] FASTIFY: request completed
[09/08/2026 15:56:32] FASTIFY: incoming request
[09/08/2026 15:56:32] Xayling GET /miele/devices
[09/08/2026 15:56:32] FASTIFY: request completed
[09/08/2026 15:56:46] FASTIFY: incoming request
[09/08/2026 15:56:46] FASTIFY: incoming request
[09/08/2026 15:56:46] Xayling GET /mbtoday
[09/08/2026 15:56:46] FASTIFY: incoming request
[09/08/2026 15:56:46] Xayling POST /miele/list
[09/08/2026 15:56:46] FASTIFY: incoming request
[09/08/2026 15:56:46] Xayling GET /miele/token
[09/08/2026 15:56:46] FASTIFY: request completed
[09/08/2026 15:56:46] FASTIFY: request completed
[09/08/2026 15:56:46] FASTIFY: request completed
[09/08/2026 15:56:46] FASTIFY: request completed
[09/08/2026 15:56:47] FASTIFY: incoming request
[09/08/2026 15:56:47] Xayling GET /miele/devices
[09/08/2026 15:56:47] FASTIFY: request completed
[09/08/2026 15:57:10] FASTIFY: incoming request
[09/08/2026 15:57:10] Xayling GET /mbtoday
[09/08/2026 15:57:10] FASTIFY: incoming request
[09/08/2026 15:57:10] FASTIFY: incoming request
[09/08/2026 15:57:10] Xayling POST /miele/list
[09/08/2026 15:57:10] FASTIFY: incoming request
[09/08/2026 15:57:10] Xayling GET /miele/token
[09/08/2026 15:57:10] FASTIFY: request completed
[09/08/2026 15:57:10] FASTIFY: request completed
[09/08/2026 15:57:10] FASTIFY: request completed
[09/08/2026 15:57:10] FASTIFY: request completed
[09/08/2026 15:57:11] FASTIFY: incoming request
[09/08/2026 15:57:11] Xayling GET /miele/devices
[09/08/2026 15:57:11] FASTIFY: request completed
[09/08/2026 15:58:12] FASTIFY: incoming request
[09/08/2026 15:58:12] Xayling GET /miele/token
[09/08/2026 15:58:12] FASTIFY: incoming request
[09/08/2026 15:58:12] Xayling POST /miele/list
[09/08/2026 15:58:12] FASTIFY: incoming request
[09/08/2026 15:58:12] Xayling GET /mbtoday
[09/08/2026 15:58:12] FASTIFY: request completed
[09/08/2026 15:58:12] FASTIFY: request completed
[09/08/2026 15:58:12] FASTIFY: request completed
[09/08/2026 15:58:12] FASTIFY: incoming request
[09/08/2026 15:58:12] FASTIFY: incoming request
[09/08/2026 15:58:12] Xayling GET /miele/devices
[09/08/2026 15:58:12] FASTIFY: request completed
[09/08/2026 15:58:13] FASTIFY: request completed
[09/08/2026 15:58:55] FASTIFY: incoming request
[09/08/2026 15:58:55] Xayling GET /miele/token
[09/08/2026 15:58:55] FASTIFY: incoming request
[09/08/2026 15:58:55] Xayling POST /miele/list
[09/08/2026 15:58:55] FASTIFY: incoming request
[09/08/2026 15:58:55] Xayling GET /mbtoday
[09/08/2026 15:58:55] FASTIFY: incoming request
[09/08/2026 15:58:55] FASTIFY: request completed
[09/08/2026 15:58:55] FASTIFY: request completed
[09/08/2026 15:58:55] FASTIFY: request completed
[09/08/2026 15:58:55] FASTIFY: request completed
[09/08/2026 15:58:55] FASTIFY: incoming request
[09/08/2026 15:58:55] Xayling GET /miele/devices
[09/08/2026 15:58:56] FASTIFY: request completed
[09/08/2026 16:00:00] SID Yie2dJfFQVCFTKPJ
[09/08/2026 16:00:57] FASTIFY: incoming request
[09/08/2026 16:00:57] FASTIFY: incoming request
[09/08/2026 16:00:57] Xayling GET /mbtoday
[09/08/2026 16:00:57] FASTIFY: incoming request
[09/08/2026 16:00:57] Xayling POST /miele/list
[09/08/2026 16:00:57] FASTIFY: incoming request
[09/08/2026 16:00:57] Xayling GET /miele/token
[09/08/2026 16:00:57] FASTIFY: request completed
[09/08/2026 16:00:57] FASTIFY: request completed
[09/08/2026 16:00:57] FASTIFY: request completed
[09/08/2026 16:00:57] FASTIFY: request completed
[09/08/2026 16:00:57] FASTIFY: incoming request
[09/08/2026 16:00:57] Xayling GET /miele/devices
[09/08/2026 16:00:58] FASTIFY: request completed
[09/08/2026 16:04:52] FASTIFY: incoming request
[09/08/2026 16:04:52] Xayling POST /miele/list
[09/08/2026 16:04:52] FASTIFY: incoming request
[09/08/2026 16:04:52] Xayling GET /mbtoday
[09/08/2026 16:04:52] FASTIFY: incoming request
[09/08/2026 16:04:52] FASTIFY: incoming request
[09/08/2026 16:04:52] Xayling GET /miele/token
[09/08/2026 16:04:52] FASTIFY: request completed
[09/08/2026 16:04:52] FASTIFY: request completed
[09/08/2026 16:04:52] FASTIFY: request completed
[09/08/2026 16:04:52] FASTIFY: request completed
[09/08/2026 16:04:52] FASTIFY: incoming request
[09/08/2026 16:04:52] Xayling GET /miele/devices
[09/08/2026 16:04:52] FASTIFY: request completed
[09/08/2026 16:05:00] SID Yie2dJfFQVCFTKPJ
[09/08/2026 16:05:04] SID N-hL_eOMQccM5eux
[09/08/2026 16:07:43] FASTIFY: incoming request
[09/08/2026 16:07:43] Xayling GET /miele/token
[09/08/2026 16:07:43] FASTIFY: incoming request
[09/08/2026 16:07:43] Xayling POST /miele/list
[09/08/2026 16:07:43] FASTIFY: incoming request
[09/08/2026 16:07:43] Xayling GET /mbtoday
[09/08/2026 16:07:43] FASTIFY: incoming request
[09/08/2026 16:07:43] FASTIFY: request completed
[09/08/2026 16:07:43] FASTIFY: request completed
[09/08/2026 16:07:43] FASTIFY: request completed
[09/08/2026 16:07:43] FASTIFY: request completed
[09/08/2026 16:07:43] FASTIFY: incoming request
[09/08/2026 16:07:43] Xayling GET /miele/devices
[09/08/2026 16:07:44] FASTIFY: request completed
[09/08/2026 16:08:27] FASTIFY: incoming request
[09/08/2026 16:08:27] Xayling POST /miele/list
[09/08/2026 16:08:27] FASTIFY: incoming request
[09/08/2026 16:08:27] Xayling GET /mbtoday
[09/08/2026 16:08:27] FASTIFY: incoming request
[09/08/2026 16:08:27] FASTIFY: incoming request
[09/08/2026 16:08:27] Xayling GET /miele/token
[09/08/2026 16:08:27] FASTIFY: request completed
[09/08/2026 16:08:27] FASTIFY: request completed
[09/08/2026 16:08:27] FASTIFY: request completed
[09/08/2026 16:08:27] FASTIFY: request completed
[09/08/2026 16:08:27] FASTIFY: incoming request
[09/08/2026 16:08:27] Xayling GET /miele/devices
[09/08/2026 16:08:28] FASTIFY: request completed
[09/08/2026 16:09:07] FASTIFY: incoming request
[09/08/2026 16:09:07] Xayling GET /miele/token
[09/08/2026 16:09:07] FASTIFY: incoming request
[09/08/2026 16:09:07] Xayling POST /miele/list
[09/08/2026 16:09:07] FASTIFY: incoming request
[09/08/2026 16:09:07] Xayling GET /mbtoday
[09/08/2026 16:09:07] FASTIFY: incoming request
[09/08/2026 16:09:07] FASTIFY: request completed
[09/08/2026 16:09:07] FASTIFY: request completed
[09/08/2026 16:09:07] FASTIFY: request completed
[09/08/2026 16:09:07] FASTIFY: request completed
[09/08/2026 16:09:07] FASTIFY: incoming request
[09/08/2026 16:09:07] Xayling GET /miele/devices
[09/08/2026 16:09:08] FASTIFY: request completed
[09/08/2026 16:10:00] SID N-hL_eOMQccM5eux
[09/08/2026 16:10:05] SID zDbgYn5yMCqyBlZo
[09/08/2026 16:10:45] FASTIFY: incoming request
[09/08/2026 16:10:45] FASTIFY: incoming request
[09/08/2026 16:10:45] Xayling GET /mbtoday
[09/08/2026 16:10:45] FASTIFY: incoming request
[09/08/2026 16:10:45] Xayling POST /miele/list
[09/08/2026 16:10:45] FASTIFY: incoming request
[09/08/2026 16:10:45] Xayling GET /miele/token
[09/08/2026 16:10:45] FASTIFY: request completed
[09/08/2026 16:10:45] FASTIFY: request completed
[09/08/2026 16:10:45] FASTIFY: request completed
[09/08/2026 16:10:45] FASTIFY: request completed
[09/08/2026 16:10:46] FASTIFY: incoming request
[09/08/2026 16:10:46] Xayling GET /miele/devices
[09/08/2026 16:10:46] FASTIFY: request completed
[09/08/2026 16:11:26] FASTIFY: incoming request
[09/08/2026 16:11:26] Xayling GET /mbtoday
[09/08/2026 16:11:26] FASTIFY: incoming request
[09/08/2026 16:11:26] FASTIFY: incoming request
[09/08/2026 16:11:26] Xayling POST /miele/list
[09/08/2026 16:11:26] FASTIFY: incoming request
[09/08/2026 16:11:26] Xayling GET /miele/token
[09/08/2026 16:11:26] FASTIFY: request completed
[09/08/2026 16:11:26] FASTIFY: request completed
[09/08/2026 16:11:26] FASTIFY: request completed
[09/08/2026 16:11:26] FASTIFY: request completed
[09/08/2026 16:11:26] FASTIFY: incoming request
[09/08/2026 16:11:26] Xayling GET /miele/devices
[09/08/2026 16:11:26] FASTIFY: request completed
[09/08/2026 16:13:33] FASTIFY: incoming request
[09/08/2026 16:13:33] Xayling POST /miele/list
[09/08/2026 16:13:33] FASTIFY: incoming request
[09/08/2026 16:13:33] Xayling GET /mbtoday
[09/08/2026 16:13:33] FASTIFY: incoming request
[09/08/2026 16:13:33] FASTIFY: incoming request
[09/08/2026 16:13:33] Xayling GET /miele/token
[09/08/2026 16:13:33] FASTIFY: request completed
[09/08/2026 16:13:33] FASTIFY: request completed
[09/08/2026 16:13:33] FASTIFY: request completed
[09/08/2026 16:13:33] FASTIFY: request completed
[09/08/2026 16:13:33] FASTIFY: incoming request
[09/08/2026 16:13:33] Xayling GET /miele/devices
[09/08/2026 16:13:33] FASTIFY: request completed
[09/08/2026 16:15:00] SID zDbgYn5yMCqyBlZo
[09/08/2026 16:15:03] SID xK6kIvdcEDLc6vds
[09/08/2026 16:15:42] FASTIFY: incoming request
[09/08/2026 16:15:42] Xayling GET /miele/token
[09/08/2026 16:15:42] FASTIFY: incoming request
[09/08/2026 16:15:42] Xayling POST /miele/list
[09/08/2026 16:15:42] FASTIFY: incoming request
[09/08/2026 16:15:42] Xayling GET /mbtoday
[09/08/2026 16:15:42] FASTIFY: incoming request
[09/08/2026 16:15:42] FASTIFY: request completed
[09/08/2026 16:15:42] FASTIFY: request completed
[09/08/2026 16:15:42] FASTIFY: request completed
[09/08/2026 16:15:42] FASTIFY: request completed
[09/08/2026 16:15:42] FASTIFY: incoming request
[09/08/2026 16:15:42] Xayling GET /miele/devices
[09/08/2026 16:15:42] FASTIFY: request completed
[09/08/2026 16:17:34] FASTIFY: incoming request
[09/08/2026 16:17:34] Xayling GET /miele/token
[09/08/2026 16:17:34] FASTIFY: incoming request
[09/08/2026 16:17:34] Xayling POST /miele/list
[09/08/2026 16:17:34] FASTIFY: incoming request
[09/08/2026 16:17:34] Xayling GET /mbtoday
[09/08/2026 16:17:34] FASTIFY: incoming request
[09/08/2026 16:17:34] FASTIFY: request completed
[09/08/2026 16:17:34] FASTIFY: incoming request
[09/08/2026 16:17:35] Xayling GET /miele/devices
[09/08/2026 16:17:35] FASTIFY: request completed
[09/08/2026 16:17:35] FASTIFY: request completed
[09/08/2026 16:17:35] FASTIFY: request completed
[09/08/2026 16:17:35] FASTIFY: request completed
[09/08/2026 16:17:54] FASTIFY: incoming request
[09/08/2026 16:17:54] FASTIFY: incoming request
[09/08/2026 16:17:54] Xayling GET /mbtoday
[09/08/2026 16:17:54] FASTIFY: incoming request
[09/08/2026 16:17:54] Xayling POST /miele/list
[09/08/2026 16:17:54] FASTIFY: incoming request
[09/08/2026 16:17:54] Xayling GET /miele/token
[09/08/2026 16:17:54] FASTIFY: request completed
[09/08/2026 16:17:54] FASTIFY: request completed
[09/08/2026 16:17:54] FASTIFY: request completed
[09/08/2026 16:17:54] FASTIFY: request completed
[09/08/2026 16:17:54] FASTIFY: incoming request
[09/08/2026 16:17:54] Xayling GET /miele/devices
[09/08/2026 16:17:55] FASTIFY: request completed
[09/08/2026 16:20:00] SID xK6kIvdcEDLc6vds
[09/08/2026 16:20:02] FASTIFY: incoming request
[09/08/2026 16:20:02] FASTIFY: incoming request
[09/08/2026 16:20:02] Xayling GET /mbtoday
[09/08/2026 16:20:02] FASTIFY: incoming request
[09/08/2026 16:20:02] Xayling POST /miele/list
[09/08/2026 16:20:02] FASTIFY: request completed
[09/08/2026 16:20:02] FASTIFY: request completed
[09/08/2026 16:20:02] FASTIFY: request completed
[09/08/2026 16:20:02] FASTIFY: incoming request
[09/08/2026 16:20:02] Xayling GET /miele/token
[09/08/2026 16:20:02] FASTIFY: request completed
[09/08/2026 16:20:02] FASTIFY: incoming request
[09/08/2026 16:20:02] Xayling GET /miele/devices
[09/08/2026 16:20:02] FASTIFY: request completed
[09/08/2026 16:20:02] SID hL_wFvIUj1bUcvIv
[09/08/2026 16:20:24] FASTIFY: incoming request
[09/08/2026 16:20:24] FASTIFY: incoming request
[09/08/2026 16:20:24] Xayling GET /mbtoday
[09/08/2026 16:20:24] FASTIFY: incoming request
[09/08/2026 16:20:24] Xayling POST /miele/list
[09/08/2026 16:20:24] FASTIFY: incoming request
[09/08/2026 16:20:24] Xayling GET /miele/token
[09/08/2026 16:20:24] FASTIFY: request completed
[09/08/2026 16:20:24] FASTIFY: request completed
[09/08/2026 16:20:24] FASTIFY: request completed
[09/08/2026 16:20:24] FASTIFY: request completed
[09/08/2026 16:20:24] FASTIFY: incoming request
[09/08/2026 16:20:24] Xayling GET /miele/devices
[09/08/2026 16:20:24] FASTIFY: request completed
[09/08/2026 16:21:18] FASTIFY: incoming request
[09/08/2026 16:21:18] Xayling GET /miele/token
[09/08/2026 16:21:18] FASTIFY: incoming request
[09/08/2026 16:21:18] Xayling POST /miele/list
[09/08/2026 16:21:18] FASTIFY: incoming request
[09/08/2026 16:21:18] Xayling GET /mbtoday
[09/08/2026 16:21:18] FASTIFY: request completed
[09/08/2026 16:21:18] FASTIFY: request completed
[09/08/2026 16:21:18] FASTIFY: request completed
[09/08/2026 16:21:18] FASTIFY: incoming request
[09/08/2026 16:21:18] FASTIFY: incoming request
[09/08/2026 16:21:18] Xayling GET /miele/devices
[09/08/2026 16:21:18] FASTIFY: request completed
[09/08/2026 16:21:18] FASTIFY: request completed
[09/08/2026 16:21:44] FASTIFY: incoming request
[09/08/2026 16:21:44] FASTIFY: incoming request
[09/08/2026 16:21:44] Xayling GET /mbtoday
[09/08/2026 16:21:44] FASTIFY: incoming request
[09/08/2026 16:21:44] Xayling POST /miele/list
[09/08/2026 16:21:44] FASTIFY: incoming request
[09/08/2026 16:21:44] Xayling GET /miele/token
[09/08/2026 16:21:44] FASTIFY: request completed
[09/08/2026 16:21:44] FASTIFY: request completed
[09/08/2026 16:21:44] FASTIFY: request completed
[09/08/2026 16:21:45] FASTIFY: request completed
[09/08/2026 16:21:45] FASTIFY: incoming request
[09/08/2026 16:21:45] Xayling GET /miele/devices
[09/08/2026 16:21:45] FASTIFY: request completed
[09/08/2026 16:23:06] FASTIFY: incoming request
[09/08/2026 16:23:06] FASTIFY: incoming request
[09/08/2026 16:23:06] Xayling GET /mbtoday
[09/08/2026 16:23:06] FASTIFY: incoming request
[09/08/2026 16:23:06] Xayling POST /miele/list
[09/08/2026 16:23:06] FASTIFY: incoming request
[09/08/2026 16:23:06] Xayling GET /miele/token
[09/08/2026 16:23:06] FASTIFY: request completed
[09/08/2026 16:23:06] FASTIFY: request completed
[09/08/2026 16:23:06] FASTIFY: request completed
[09/08/2026 16:23:06] FASTIFY: request completed
[09/08/2026 16:23:06] FASTIFY: incoming request
[09/08/2026 16:23:06] Xayling GET /miele/devices
[09/08/2026 16:23:07] FASTIFY: request completed
[09/08/2026 16:23:16] FASTIFY: incoming request
[09/08/2026 16:23:16] FASTIFY: incoming request
[09/08/2026 16:23:16] Xayling GET /mbtoday
[09/08/2026 16:23:16] FASTIFY: incoming request
[09/08/2026 16:23:16] Xayling POST /miele/list
[09/08/2026 16:23:16] FASTIFY: incoming request
[09/08/2026 16:23:16] Xayling GET /miele/token
[09/08/2026 16:23:16] FASTIFY: request completed
[09/08/2026 16:23:16] FASTIFY: request completed
[09/08/2026 16:23:16] FASTIFY: request completed
[09/08/2026 16:23:16] FASTIFY: request completed
[09/08/2026 16:23:16] FASTIFY: incoming request
[09/08/2026 16:23:16] Xayling GET /miele/devices
[09/08/2026 16:23:16] FASTIFY: request completed
[09/08/2026 16:25:00] SID hL_wFvIUj1bUcvIv
[09/08/2026 16:25:07] SID RTWVPurtme_t7sr9
[09/08/2026 16:25:10] FASTIFY: incoming request
[09/08/2026 16:25:10] FASTIFY: incoming request
[09/08/2026 16:25:10] Xayling GET /mbtoday
[09/08/2026 16:25:10] FASTIFY: incoming request
[09/08/2026 16:25:10] Xayling POST /miele/list
[09/08/2026 16:25:10] FASTIFY: incoming request
[09/08/2026 16:25:10] Xayling GET /miele/token
[09/08/2026 16:25:10] FASTIFY: request completed
[09/08/2026 16:25:10] FASTIFY: request completed
[09/08/2026 16:25:10] FASTIFY: request completed
[09/08/2026 16:25:10] FASTIFY: request completed
[09/08/2026 16:25:10] FASTIFY: incoming request
[09/08/2026 16:25:10] Xayling GET /miele/devices
[09/08/2026 16:25:10] FASTIFY: request completed
[09/08/2026 16:25:22] FASTIFY: incoming request
[09/08/2026 16:25:22] FASTIFY: incoming request
[09/08/2026 16:25:22] Xayling GET /mbtoday
[09/08/2026 16:25:22] FASTIFY: incoming request
[09/08/2026 16:25:22] Xayling POST /miele/list
[09/08/2026 16:25:22] FASTIFY: incoming request
[09/08/2026 16:25:22] Xayling GET /miele/token
[09/08/2026 16:25:22] FASTIFY: request completed
[09/08/2026 16:25:22] FASTIFY: request completed
[09/08/2026 16:25:22] FASTIFY: request completed
[09/08/2026 16:25:22] FASTIFY: request completed
[09/08/2026 16:25:22] FASTIFY: incoming request
[09/08/2026 16:25:22] Xayling GET /miele/devices
[09/08/2026 16:25:23] FASTIFY: request completed
[09/08/2026 16:25:59] FASTIFY: incoming request
[09/08/2026 16:25:59] FASTIFY: incoming request
[09/08/2026 16:25:59] Xayling GET /mbtoday
[09/08/2026 16:25:59] FASTIFY: incoming request
[09/08/2026 16:25:59] Xayling POST /miele/list
[09/08/2026 16:25:59] FASTIFY: request completed
[09/08/2026 16:25:59] FASTIFY: request completed
[09/08/2026 16:25:59] FASTIFY: incoming request
[09/08/2026 16:25:59] Xayling GET /miele/token
[09/08/2026 16:25:59] FASTIFY: request completed
[09/08/2026 16:25:59] FASTIFY: request completed
[09/08/2026 16:25:59] FASTIFY: incoming request
[09/08/2026 16:25:59] Xayling GET /miele/devices
[09/08/2026 16:26:00] FASTIFY: request completed
[09/08/2026 16:26:01] FASTIFY: incoming request
[09/08/2026 16:26:01] FASTIFY: incoming request
[09/08/2026 16:26:01] Xayling GET /mbtoday
[09/08/2026 16:26:01] FASTIFY: incoming request
[09/08/2026 16:26:01] Xayling POST /miele/list
[09/08/2026 16:26:01] FASTIFY: incoming request
[09/08/2026 16:26:01] Xayling GET /miele/token
[09/08/2026 16:26:01] FASTIFY: request completed
[09/08/2026 16:26:01] FASTIFY: request completed
[09/08/2026 16:26:01] FASTIFY: request completed
[09/08/2026 16:26:01] FASTIFY: request completed
[09/08/2026 16:26:01] FASTIFY: incoming request
[09/08/2026 16:26:01] Xayling GET /miele/devices
[09/08/2026 16:26:01] FASTIFY: request completed
[09/08/2026 16:26:08] FASTIFY: incoming request
[09/08/2026 16:26:08] FASTIFY: incoming request
[09/08/2026 16:26:08] Xayling GET /mbtoday
[09/08/2026 16:26:08] FASTIFY: incoming request
[09/08/2026 16:26:08] Xayling POST /miele/list
[09/08/2026 16:26:08] FASTIFY: incoming request
[09/08/2026 16:26:08] Xayling GET /miele/token
[09/08/2026 16:26:08] FASTIFY: request completed
[09/08/2026 16:26:08] FASTIFY: request completed
[09/08/2026 16:26:08] FASTIFY: request completed
[09/08/2026 16:26:08] FASTIFY: request completed
[09/08/2026 16:26:08] FASTIFY: incoming request
[09/08/2026 16:26:08] Xayling GET /miele/devices
[09/08/2026 16:26:09] FASTIFY: request completed
[09/08/2026 16:26:14] FASTIFY: incoming request
[09/08/2026 16:26:14] FASTIFY: incoming request
[09/08/2026 16:26:14] Xayling GET /mbtoday
[09/08/2026 16:26:14] FASTIFY: incoming request
[09/08/2026 16:26:14] Xayling POST /miele/list
[09/08/2026 16:26:14] FASTIFY: incoming request
[09/08/2026 16:26:14] Xayling GET /miele/token
[09/08/2026 16:26:14] FASTIFY: request completed
[09/08/2026 16:26:14] FASTIFY: request completed
[09/08/2026 16:26:14] FASTIFY: request completed
[09/08/2026 16:26:14] FASTIFY: request completed
[09/08/2026 16:26:14] FASTIFY: incoming request
[09/08/2026 16:26:14] Xayling GET /miele/devices
[09/08/2026 16:26:14] FASTIFY: request completed
[09/08/2026 16:26:16] FASTIFY: incoming request
[09/08/2026 16:26:16] FASTIFY: incoming request
[09/08/2026 16:26:16] Xayling GET /mbtoday
[09/08/2026 16:26:16] FASTIFY: incoming request
[09/08/2026 16:26:16] Xayling POST /miele/list
[09/08/2026 16:26:16] FASTIFY: request completed
[09/08/2026 16:26:16] FASTIFY: request completed
[09/08/2026 16:26:16] FASTIFY: request completed
[09/08/2026 16:26:16] FASTIFY: incoming request
[09/08/2026 16:26:16] Xayling GET /miele/token
[09/08/2026 16:26:16] FASTIFY: request completed
[09/08/2026 16:26:16] FASTIFY: incoming request
[09/08/2026 16:26:16] Xayling GET /miele/devices
[09/08/2026 16:26:16] FASTIFY: request completed
[09/08/2026 16:28:21] FASTIFY: incoming request
[09/08/2026 16:28:21] FASTIFY: incoming request
[09/08/2026 16:28:21] Xayling GET /mbtoday
[09/08/2026 16:28:21] FASTIFY: incoming request
[09/08/2026 16:28:21] Xayling POST /miele/list
[09/08/2026 16:28:21] FASTIFY: incoming request
[09/08/2026 16:28:21] Xayling GET /miele/token
[09/08/2026 16:28:21] FASTIFY: request completed
[09/08/2026 16:28:21] FASTIFY: request completed
[09/08/2026 16:28:21] FASTIFY: request completed
[09/08/2026 16:28:21] FASTIFY: request completed
[09/08/2026 16:28:21] FASTIFY: incoming request
[09/08/2026 16:28:21] Xayling GET /miele/devices
[09/08/2026 16:28:21] FASTIFY: request completed
[09/08/2026 16:30:00] SID RTWVPurtme_t7sr9
[09/08/2026 16:30:08] SID UmFaF4Pz22XzC5Pf
[09/08/2026 16:31:47] FASTIFY: incoming request
[09/08/2026 16:31:47] Xayling POST /miele/list
[09/08/2026 16:31:47] FASTIFY: incoming request
[09/08/2026 16:31:47] Xayling GET /mbtoday
[09/08/2026 16:31:47] FASTIFY: incoming request
[09/08/2026 16:31:47] FASTIFY: incoming request
[09/08/2026 16:31:47] Xayling GET /miele/token
[09/08/2026 16:31:47] FASTIFY: request completed
[09/08/2026 16:31:47] FASTIFY: request completed
[09/08/2026 16:31:47] FASTIFY: request completed
[09/08/2026 16:31:47] FASTIFY: request completed
[09/08/2026 16:31:47] FASTIFY: incoming request
[09/08/2026 16:31:47] Xayling GET /miele/devices
[09/08/2026 16:31:47] FASTIFY: request completed
[09/08/2026 16:32:51] FASTIFY: incoming request
[09/08/2026 16:32:51] Xayling GET /miele/token
[09/08/2026 16:32:51] FASTIFY: incoming request
[09/08/2026 16:32:51] Xayling POST /miele/list
[09/08/2026 16:32:51] FASTIFY: incoming request
[09/08/2026 16:32:51] Xayling GET /mbtoday
[09/08/2026 16:32:51] FASTIFY: incoming request
[09/08/2026 16:32:51] FASTIFY: request completed
[09/08/2026 16:32:51] FASTIFY: request completed
[09/08/2026 16:32:51] FASTIFY: request completed
[09/08/2026 16:32:51] FASTIFY: request completed
[09/08/2026 16:32:51] FASTIFY: incoming request
[09/08/2026 16:32:51] Xayling GET /miele/devices
[09/08/2026 16:32:51] FASTIFY: request completed
[09/08/2026 16:33:09] FASTIFY: incoming request
[09/08/2026 16:33:09] FASTIFY: incoming request
[09/08/2026 16:33:09] Xayling GET /mbtoday
[09/08/2026 16:33:09] FASTIFY: incoming request
[09/08/2026 16:33:10] Xayling POST /miele/list
[09/08/2026 16:33:10] FASTIFY: incoming request
[09/08/2026 16:33:10] Xayling GET /miele/token
[09/08/2026 16:33:10] FASTIFY: request completed
[09/08/2026 16:33:10] FASTIFY: request completed
[09/08/2026 16:33:10] FASTIFY: request completed
[09/08/2026 16:33:10] FASTIFY: request completed
[09/08/2026 16:33:10] FASTIFY: incoming request
[09/08/2026 16:33:10] Xayling GET /miele/devices
[09/08/2026 16:33:10] FASTIFY: request completed
[09/08/2026 16:35:00] SID UmFaF4Pz22XzC5Pf
[09/08/2026 16:35:01] SID JXKlGPaI26LIxO6v
[09/08/2026 16:35:34] FASTIFY: incoming request
[09/08/2026 16:35:34] Xayling GET /mbtoday
[09/08/2026 16:35:34] FASTIFY: incoming request
[09/08/2026 16:35:34] FASTIFY: request completed
[09/08/2026 16:35:35] FASTIFY: request completed
[09/08/2026 16:36:45] FASTIFY: incoming request
[09/08/2026 16:36:45] Xayling GET /mbtoday
[09/08/2026 16:36:45] FASTIFY: incoming request
[09/08/2026 16:36:45] FASTIFY: incoming request
[09/08/2026 16:36:45] Xayling POST /miele/list
[09/08/2026 16:36:45] FASTIFY: incoming request
[09/08/2026 16:36:45] Xayling GET /miele/token
[09/08/2026 16:36:45] FASTIFY: request completed
[09/08/2026 16:36:45] FASTIFY: request completed
[09/08/2026 16:36:45] FASTIFY: request completed
[09/08/2026 16:36:45] FASTIFY: request completed
[09/08/2026 16:36:45] FASTIFY: incoming request
[09/08/2026 16:36:45] Xayling GET /miele/devices
[09/08/2026 16:36:45] FASTIFY: request completed
[09/08/2026 16:36:54] FASTIFY: incoming request
[09/08/2026 16:36:54] FASTIFY: incoming request
[09/08/2026 16:36:54] Xayling GET /clim/status
[09/08/2026 16:36:54] FASTIFY: request completed
[09/08/2026 16:36:55] FASTIFY: incoming request
[09/08/2026 16:36:55] FASTIFY: incoming request
[09/08/2026 16:36:55] Xayling GET /mbtoday
[09/08/2026 16:36:55] FASTIFY: request completed
[09/08/2026 16:36:55] FASTIFY: request completed
[09/08/2026 16:36:58] FASTIFY: request completed
[09/08/2026 16:38:51] FASTIFY: incoming request
[09/08/2026 16:38:51] Xayling GET /mbtoday
[09/08/2026 16:38:51] FASTIFY: incoming request
[09/08/2026 16:38:51] FASTIFY: request completed
[09/08/2026 16:38:51] FASTIFY: request completed
[09/08/2026 16:38:58] FASTIFY: incoming request
[09/08/2026 16:38:58] FASTIFY: incoming request
[09/08/2026 16:38:58] Xayling GET /mbtoday
[09/08/2026 16:38:58] FASTIFY: request completed
[09/08/2026 16:38:58] FASTIFY: request completed
[09/08/2026 16:40:00] SID JXKlGPaI26LIxO6v
[09/08/2026 16:40:04] SID Feotx_OAEnYAR-Oi
[09/08/2026 16:40:37] FASTIFY: incoming request
[09/08/2026 16:40:37] Xayling GET /mbtoday
[09/08/2026 16:40:37] FASTIFY: incoming request
[09/08/2026 16:40:37] FASTIFY: request completed
[09/08/2026 16:40:37] FASTIFY: request completed
[09/08/2026 16:43:23] FASTIFY: incoming request
[09/08/2026 16:43:23] FASTIFY: incoming request
[09/08/2026 16:43:23] Xayling GET /mbtoday
[09/08/2026 16:43:23] FASTIFY: request completed
[09/08/2026 16:43:23] FASTIFY: request completed
[09/08/2026 16:45:00] SID Feotx_OAEnYAR-Oi
[09/08/2026 16:45:06] SID j_nTRmo5Ok-50lI6
[09/08/2026 16:46:00] FASTIFY: incoming request
[09/08/2026 16:46:00] Xayling GET /mbtoday
[09/08/2026 16:46:00] FASTIFY: incoming request
[09/08/2026 16:46:00] FASTIFY: request completed
[09/08/2026 16:46:00] FASTIFY: request completed
[09/08/2026 16:50:00] SID j_nTRmo5Ok-50lI6
[09/08/2026 16:50:08] SID mejBtxMQoWRQTzMF
[09/08/2026 16:50:24] FASTIFY: incoming request
[09/08/2026 16:50:24] FASTIFY: incoming request
[09/08/2026 16:50:24] Xayling GET /mbtoday
[09/08/2026 16:50:24] FASTIFY: request completed
[09/08/2026 16:50:24] FASTIFY: request completed
[09/08/2026 16:51:54] FASTIFY: incoming request
[09/08/2026 16:51:54] FASTIFY: incoming request
[09/08/2026 16:51:54] Xayling GET /clim/status
[09/08/2026 16:51:54] FASTIFY: request completed
[09/08/2026 16:51:55] FASTIFY: incoming request
[09/08/2026 16:51:55] FASTIFY: incoming request
[09/08/2026 16:51:55] Xayling GET /mbtoday
[09/08/2026 16:51:55] FASTIFY: request completed
[09/08/2026 16:51:55] FASTIFY: request completed
[09/08/2026 16:51:57] FASTIFY: request completed
[09/08/2026 16:53:58] FASTIFY: incoming request
[09/08/2026 16:53:58] Xayling GET /mbtoday
[09/08/2026 16:53:58] FASTIFY: incoming request
[09/08/2026 16:53:58] FASTIFY: request completed
[09/08/2026 16:53:58] FASTIFY: request completed
[09/08/2026 16:54:49] FASTIFY: incoming request
[09/08/2026 16:54:49] Xayling GET /mbtoday
[09/08/2026 16:54:49] FASTIFY: incoming request
[09/08/2026 16:54:49] FASTIFY: request completed
[09/08/2026 16:54:49] FASTIFY: request completed
[09/08/2026 16:55:00] SID mejBtxMQoWRQTzMF
[09/08/2026 16:55:02] SID cY2V2YnRj60RSb3T
[09/08/2026 16:55:17] FASTIFY: incoming request
[09/08/2026 16:55:17] FASTIFY: incoming request
[09/08/2026 16:55:17] Xayling GET /mbtoday
[09/08/2026 16:55:17] FASTIFY: request completed
[09/08/2026 16:55:17] FASTIFY: request completed
[09/08/2026 16:57:07] FASTIFY: incoming request
[09/08/2026 16:57:07] Xayling GET /mbtoday
[09/08/2026 16:57:07] FASTIFY: incoming request
[09/08/2026 16:57:07] FASTIFY: request completed
[09/08/2026 16:57:07] FASTIFY: request completed
[09/08/2026 16:57:08] FASTIFY: incoming request
[09/08/2026 16:57:08] FASTIFY: incoming request
[09/08/2026 16:57:08] Xayling GET /mbtoday
[09/08/2026 16:57:08] FASTIFY: request completed
[09/08/2026 16:57:08] FASTIFY: request completed
[09/08/2026 16:57:26] FASTIFY: incoming request
[09/08/2026 16:57:26] FASTIFY: incoming request
[09/08/2026 16:57:26] Xayling GET /mbtoday
[09/08/2026 16:57:26] FASTIFY: request completed
[09/08/2026 16:57:26] FASTIFY: request completed
[09/08/2026 16:57:28] FASTIFY: incoming request
[09/08/2026 16:57:28] FASTIFY: incoming request
[09/08/2026 16:57:28] Xayling GET /mbtoday
[09/08/2026 16:57:28] FASTIFY: request completed
[09/08/2026 16:57:28] FASTIFY: request completed
[09/08/2026 16:58:21] FASTIFY: incoming request
[09/08/2026 16:58:21] Xayling GET /clim/status
[09/08/2026 16:58:21] FASTIFY: incoming request
[09/08/2026 16:58:21] FASTIFY: request completed
[09/08/2026 16:58:28] FASTIFY: request completed
[09/08/2026 16:58:31] FASTIFY: incoming request
[09/08/2026 16:58:31] Xayling GET /clim/status
[09/08/2026 16:58:33] FASTIFY: request completed
[09/08/2026 16:58:41] FASTIFY: incoming request
[09/08/2026 16:58:41] Xayling GET /clim/status
[09/08/2026 16:58:44] FASTIFY: request completed
[09/08/2026 16:58:51] FASTIFY: incoming request
[09/08/2026 16:58:51] Xayling GET /clim/status
[09/08/2026 16:58:54] FASTIFY: request completed
[09/08/2026 16:59:01] FASTIFY: incoming request
[09/08/2026 16:59:01] Xayling GET /clim/status
[09/08/2026 16:59:03] FASTIFY: request completed
[09/08/2026 16:59:09] FASTIFY: incoming request
[09/08/2026 16:59:09] FASTIFY: incoming request
[09/08/2026 16:59:09] Xayling GET /mbtoday
[09/08/2026 16:59:09] FASTIFY: incoming request
[09/08/2026 16:59:09] Xayling POST /miele/list
[09/08/2026 16:59:09] FASTIFY: request completed
[09/08/2026 16:59:09] FASTIFY: request completed
[09/08/2026 16:59:09] FASTIFY: incoming request
[09/08/2026 16:59:09] Xayling GET /miele/token
[09/08/2026 16:59:09] FASTIFY: request completed
[09/08/2026 16:59:09] FASTIFY: request completed
[09/08/2026 16:59:09] FASTIFY: incoming request
[09/08/2026 16:59:09] Xayling GET /miele/devices
[09/08/2026 16:59:09] FASTIFY: request completed
[09/08/2026 17:00:00] SID cY2V2YnRj60RSb3T
[09/08/2026 17:00:05] SID XDUc30bA0-EAU2rT
[09/08/2026 17:00:53] FASTIFY: incoming request
[09/08/2026 17:00:53] FASTIFY: incoming request
[09/08/2026 17:00:53] Parents GET /clim/status
[09/08/2026 17:00:53] FASTIFY: request completed
[09/08/2026 17:00:56] FASTIFY: request completed
[09/08/2026 17:01:03] FASTIFY: incoming request
[09/08/2026 17:01:03] Parents GET /clim/status
[09/08/2026 17:01:05] FASTIFY: incoming request
[09/08/2026 17:01:05] FASTIFY: incoming request
[09/08/2026 17:01:05] Parents GET /mbtoday
[09/08/2026 17:01:05] FASTIFY: request completed
[09/08/2026 17:01:05] FASTIFY: request completed
[09/08/2026 17:01:09] FASTIFY: request completed
[09/08/2026 17:01:37] FASTIFY: incoming request
[09/08/2026 17:01:37] FASTIFY: request completed
[09/08/2026 17:01:38] FASTIFY: incoming request
[09/08/2026 17:01:38] Parents GET /clim/status
[09/08/2026 17:01:40] FASTIFY: incoming request
[09/08/2026 17:01:40] FASTIFY: request completed
[09/08/2026 17:01:40] FASTIFY: request completed
[09/08/2026 17:01:40] FASTIFY: incoming request
[09/08/2026 17:01:40] Parents GET /mbtoday
[09/08/2026 17:01:40] FASTIFY: request completed
[09/08/2026 17:01:48] FASTIFY: incoming request
[09/08/2026 17:01:48] FASTIFY: request completed
[09/08/2026 17:01:48] FASTIFY: incoming request
[09/08/2026 17:01:48] Parents GET /mbtoday
[09/08/2026 17:01:48] FASTIFY: request completed
[09/08/2026 17:01:55] FASTIFY: incoming request
[09/08/2026 17:01:55] FASTIFY: incoming request
[09/08/2026 17:01:55] Parents GET /mbtoday
[09/08/2026 17:01:55] FASTIFY: incoming request
[09/08/2026 17:01:55] Parents POST /miele/list
[09/08/2026 17:01:55] FASTIFY: request completed
[09/08/2026 17:01:55] FASTIFY: request completed
[09/08/2026 17:01:55] FASTIFY: request completed
[09/08/2026 17:01:55] FASTIFY: incoming request
[09/08/2026 17:01:55] Parents GET /miele/token
[09/08/2026 17:01:55] FASTIFY: request completed
[09/08/2026 17:01:55] FASTIFY: incoming request
[09/08/2026 17:01:55] Parents GET /miele/devices
[09/08/2026 17:01:55] FASTIFY: request completed
[09/08/2026 17:02:09] FASTIFY: incoming request
[09/08/2026 17:02:09] Parents GET /miele/devices/:deviceId/programs
[09/08/2026 17:02:09] FASTIFY: incoming request
[09/08/2026 17:02:09] Parents GET /miele/devices/:deviceId
[09/08/2026 17:02:09] FASTIFY: request completed
[09/08/2026 17:02:09] FASTIFY: request completed
[09/08/2026 17:02:15] FASTIFY: incoming request
[09/08/2026 17:02:15] Parents GET /miele/devices/:deviceId
[09/08/2026 17:02:15] FASTIFY: incoming request
[09/08/2026 17:02:15] Parents GET /miele/devices/:deviceId/programs
[09/08/2026 17:02:15] FASTIFY: request completed
[09/08/2026 17:02:15] FASTIFY: request completed
[09/08/2026 17:02:22] FASTIFY: incoming request
[09/08/2026 17:02:22] Parents PUT /miele/devices/:deviceId/actions
[09/08/2026 17:02:30] FASTIFY: request completed
[09/08/2026 17:02:30] FASTIFY: incoming request
[09/08/2026 17:02:30] Parents GET /miele/devices/:deviceId
[09/08/2026 17:02:30] FASTIFY: incoming request
[09/08/2026 17:02:30] Parents GET /miele/devices/:deviceId/programs
[09/08/2026 17:02:30] FASTIFY: request completed
[09/08/2026 17:02:31] FASTIFY: request completed
[09/08/2026 17:02:39] FASTIFY: incoming request
[09/08/2026 17:02:39] Parents GET /miele/devices/:deviceId
[09/08/2026 17:02:39] FASTIFY: incoming request
[09/08/2026 17:02:39] Parents GET /miele/devices/:deviceId/programs
[09/08/2026 17:02:40] FASTIFY: request completed
[09/08/2026 17:02:40] FASTIFY: request completed
[09/08/2026 17:03:10] FASTIFY: incoming request
[09/08/2026 17:03:10] Parents GET /miele/devices/:deviceId
[09/08/2026 17:03:10] FASTIFY: incoming request
[09/08/2026 17:03:10] Parents GET /miele/devices/:deviceId/programs
[09/08/2026 17:03:10] FASTIFY: request completed
[09/08/2026 17:03:10] FASTIFY: request completed
[09/08/2026 17:03:36] FASTIFY: incoming request
[09/08/2026 17:03:36] FASTIFY: incoming request
[09/08/2026 17:03:36] Parents GET /clim/status
[09/08/2026 17:03:36] FASTIFY: request completed
[09/08/2026 17:03:38] FASTIFY: request completed
[09/08/2026 17:03:46] FASTIFY: incoming request
[09/08/2026 17:03:46] Parents GET /clim/status
[09/08/2026 17:03:48] FASTIFY: request completed
[09/08/2026 17:03:56] FASTIFY: incoming request
[09/08/2026 17:03:56] Parents GET /clim/status
[09/08/2026 17:03:58] FASTIFY: request completed
[09/08/2026 17:04:06] FASTIFY: incoming request
[09/08/2026 17:04:06] Parents GET /clim/status
[09/08/2026 17:04:08] FASTIFY: request completed
[09/08/2026 17:04:16] FASTIFY: incoming request
[09/08/2026 17:04:16] Parents GET /clim/status
[09/08/2026 17:04:22] FASTIFY: request completed
[09/08/2026 17:04:26] FASTIFY: incoming request
[09/08/2026 17:04:26] Parents GET /clim/status
[09/08/2026 17:04:29] FASTIFY: request completed
[09/08/2026 17:04:36] FASTIFY: incoming request
[09/08/2026 17:04:36] Parents GET /clim/status
[09/08/2026 17:04:36] FASTIFY: incoming request
[09/08/2026 17:04:36] Parents PUT /clim/set 22
[09/08/2026 17:04:39] FASTIFY: incoming request
[09/08/2026 17:04:39] Parents PUT /clim/set 22
[09/08/2026 17:04:41] FASTIFY: incoming request
[09/08/2026 17:04:41] Parents PUT /clim/set 22
[09/08/2026 17:04:43] FASTIFY: incoming request
[09/08/2026 17:04:43] Parents PUT /clim/set 22
[09/08/2026 17:04:44] FASTIFY: request completed
[09/08/2026 17:04:44] FASTIFY: incoming request
[09/08/2026 17:04:44] Parents PUT /clim/set true
[09/08/2026 17:04:46] FASTIFY: incoming request
[09/08/2026 17:04:46] Parents GET /clim/status
[09/08/2026 17:04:48] FASTIFY: request completed
[09/08/2026 17:04:48] FASTIFY: incoming request
[09/08/2026 17:04:48] Parents GET /clim/status
[09/08/2026 17:04:49] FASTIFY: request completed
[09/08/2026 17:04:49] FASTIFY: incoming request
[09/08/2026 17:04:49] Parents GET /clim/status
[09/08/2026 17:04:51] FASTIFY: request completed
[09/08/2026 17:04:51] FASTIFY: incoming request
[09/08/2026 17:04:51] Parents PUT /clim/set true
[09/08/2026 17:04:54] FASTIFY: server.writeLog is not a function
[09/08/2026 17:04:54] FASTIFY: request completed
[09/08/2026 17:04:54] FASTIFY: incoming request
[09/08/2026 17:04:54] Parents GET /clim/status
[09/08/2026 17:04:57] FASTIFY: err is not defined
[09/08/2026 17:04:57] FASTIFY: request completed
[09/08/2026 17:04:57] FASTIFY: incoming request
[09/08/2026 17:04:57] Parents GET /clim/status
[09/08/2026 17:04:57] FASTIFY: server.writeLog is not a function
[09/08/2026 17:04:57] FASTIFY: request completed
[09/08/2026 17:04:58] FASTIFY: incoming request
[09/08/2026 17:04:58] Parents GET /clim/status
[09/08/2026 17:05:00] SID XDUc30bA0-EAU2rT
[09/08/2026 17:05:00] FASTIFY: err is not defined
[09/08/2026 17:05:00] FASTIFY: request completed
[09/08/2026 17:05:00] FASTIFY: incoming request
[09/08/2026 17:05:00] Parents GET /clim/status
[09/08/2026 17:05:01] FASTIFY: err is not defined
[09/08/2026 17:05:01] FASTIFY: request completed
[09/08/2026 17:05:02] FASTIFY: err is not defined
[09/08/2026 17:05:02] FASTIFY: request completed
[09/08/2026 17:05:03] SID RulaqvvaGJ5a9v_k
[09/08/2026 17:05:04] FASTIFY: err is not defined
[09/08/2026 17:05:04] FASTIFY: request completed
[09/08/2026 17:05:04] FASTIFY: server.writeLog is not a function
[09/08/2026 17:05:04] FASTIFY: request completed
[09/08/2026 17:05:04] FASTIFY: incoming request
[09/08/2026 17:05:04] Parents GET /clim/status
[09/08/2026 17:05:05] FASTIFY: err is not defined
[09/08/2026 17:05:05] FASTIFY: request completed
[09/08/2026 17:05:06] FASTIFY: incoming request
[09/08/2026 17:05:06] Parents GET /clim/status
[09/08/2026 17:05:07] FASTIFY: err is not defined
[09/08/2026 17:05:07] FASTIFY: request completed
[09/08/2026 17:05:08] FASTIFY: err is not defined
[09/08/2026 17:05:08] FASTIFY: request completed
[09/08/2026 17:05:10] FASTIFY: err is not defined
[09/08/2026 17:05:10] FASTIFY: request completed
[09/08/2026 17:05:16] FASTIFY: incoming request
[09/08/2026 17:05:16] Parents GET /clim/status
[09/08/2026 17:05:20] FASTIFY: err is not defined
[09/08/2026 17:05:20] FASTIFY: request completed
[09/08/2026 17:05:26] FASTIFY: incoming request
[09/08/2026 17:05:26] Parents GET /clim/status
[09/08/2026 17:05:28] FASTIFY: request completed
[09/08/2026 17:05:36] FASTIFY: incoming request
[09/08/2026 17:05:36] Parents GET /clim/status
[09/08/2026 17:05:38] FASTIFY: request completed
[09/08/2026 17:05:46] FASTIFY: incoming request
[09/08/2026 17:05:46] Parents GET /clim/status
[09/08/2026 17:05:48] FASTIFY: request completed
[09/08/2026 17:05:56] FASTIFY: incoming request
[09/08/2026 17:05:56] Parents GET /clim/status
[09/08/2026 17:05:58] FASTIFY: request completed
[09/08/2026 17:06:01] FASTIFY: incoming request
[09/08/2026 17:06:01] Xayling GET /clim/status
[09/08/2026 17:06:01] FASTIFY: incoming request
[09/08/2026 17:06:01] FASTIFY: request completed
[09/08/2026 17:06:05] FASTIFY: request completed
[09/08/2026 17:06:06] FASTIFY: incoming request
[09/08/2026 17:06:06] Parents GET /clim/status
[09/08/2026 17:06:09] FASTIFY: request completed
[09/08/2026 17:06:11] FASTIFY: incoming request
[09/08/2026 17:06:11] Parents PUT /clim/set
[09/08/2026 17:06:11] FASTIFY: incoming request
[09/08/2026 17:06:11] Xayling GET /clim/status
[09/08/2026 17:06:14] FASTIFY: request completed
[09/08/2026 17:06:16] FASTIFY: incoming request
[09/08/2026 17:06:16] Parents GET /clim/status
[09/08/2026 17:06:18] FASTIFY: incoming request
[09/08/2026 17:06:18] Parents PUT /clim/set
[09/08/2026 17:06:21] FASTIFY: incoming request
[09/08/2026 17:06:21] Xayling GET /clim/status
[09/08/2026 17:06:22] FASTIFY: incoming request
[09/08/2026 17:06:22] FASTIFY: incoming request
[09/08/2026 17:06:22] Xayling GET /mbtoday
[09/08/2026 17:06:22] FASTIFY: request completed
[09/08/2026 17:06:22] FASTIFY: request completed
[09/08/2026 17:06:22] FASTIFY: incoming request
[09/08/2026 17:06:22] FASTIFY: incoming request
[09/08/2026 17:06:22] Parents GET /mbtoday
[09/08/2026 17:06:22] FASTIFY: request completed
[09/08/2026 17:06:22] FASTIFY: request completed
[09/08/2026 17:06:23] FASTIFY: request completed
[09/08/2026 17:06:23] FASTIFY: incoming request
[09/08/2026 17:06:23] Parents GET /clim/status
[09/08/2026 17:06:25] FASTIFY: request completed
[09/08/2026 17:06:26] FASTIFY: request completed
[09/08/2026 17:06:26] FASTIFY: incoming request
[09/08/2026 17:06:26] Parents GET /clim/status
[09/08/2026 17:06:26] FASTIFY: request completed
[09/08/2026 17:06:27] FASTIFY: request completed
[09/08/2026 17:06:33] FASTIFY: request completed
[09/08/2026 17:06:53] FASTIFY: incoming request
[09/08/2026 17:06:53] Xayling POST /miele/list
[09/08/2026 17:06:53] FASTIFY: incoming request
[09/08/2026 17:06:53] Xayling GET /mbtoday
[09/08/2026 17:06:53] FASTIFY: incoming request
[09/08/2026 17:06:53] FASTIFY: incoming request
[09/08/2026 17:06:53] Xayling GET /miele/token
[09/08/2026 17:06:53] FASTIFY: request completed
[09/08/2026 17:06:53] FASTIFY: request completed
[09/08/2026 17:06:53] FASTIFY: request completed
[09/08/2026 17:06:53] FASTIFY: request completed
[09/08/2026 17:06:53] FASTIFY: incoming request
[09/08/2026 17:06:53] Xayling GET /miele/devices
[09/08/2026 17:06:53] FASTIFY: request completed
[09/08/2026 17:07:10] FASTIFY: incoming request
[09/08/2026 17:07:10] FASTIFY: incoming request
[09/08/2026 17:07:10] Xayling GET /mbtoday
[09/08/2026 17:07:10] FASTIFY: request completed
[09/08/2026 17:07:10] FASTIFY: request completed
[09/08/2026 17:08:31] FASTIFY: incoming request
[09/08/2026 17:08:31] Xayling GET /miele/token
[09/08/2026 17:08:31] FASTIFY: incoming request
[09/08/2026 17:08:31] Xayling POST /miele/list
[09/08/2026 17:08:31] FASTIFY: incoming request
[09/08/2026 17:08:31] Xayling GET /mbtoday
[09/08/2026 17:08:31] FASTIFY: incoming request
[09/08/2026 17:08:31] FASTIFY: request completed
[09/08/2026 17:08:31] FASTIFY: request completed
[09/08/2026 17:08:31] FASTIFY: request completed
[09/08/2026 17:08:31] FASTIFY: incoming request
[09/08/2026 17:08:31] Xayling GET /miele/devices
[09/08/2026 17:08:31] FASTIFY: request completed
[09/08/2026 17:08:31] FASTIFY: request completed
[09/08/2026 17:08:59] FASTIFY: incoming request
[09/08/2026 17:08:59] FASTIFY: incoming request
[09/08/2026 17:08:59] Xayling GET /mbtoday
[09/08/2026 17:08:59] FASTIFY: incoming request
[09/08/2026 17:08:59] Xayling POST /miele/list
[09/08/2026 17:08:59] FASTIFY: incoming request
[09/08/2026 17:08:59] Xayling GET /miele/token
[09/08/2026 17:08:59] FASTIFY: request completed
[09/08/2026 17:08:59] FASTIFY: request completed
[09/08/2026 17:08:59] FASTIFY: request completed
[09/08/2026 17:08:59] FASTIFY: request completed
[09/08/2026 17:09:00] FASTIFY: incoming request
[09/08/2026 17:09:00] Xayling GET /miele/devices
[09/08/2026 17:09:00] FASTIFY: request completed
[09/08/2026 17:09:00] FASTIFY: incoming request
[09/08/2026 17:09:00] FASTIFY: request completed
[09/08/2026 17:09:00] FASTIFY: incoming request
[09/08/2026 17:09:00] Parents GET /mbtoday
[09/08/2026 17:09:00] FASTIFY: request completed
[09/08/2026 17:09:04] FASTIFY: incoming request
[09/08/2026 17:09:04] Parents GET /mbtoday
[09/08/2026 17:09:04] FASTIFY: incoming request
[09/08/2026 17:09:04] FASTIFY: request completed
[09/08/2026 17:09:04] FASTIFY: request completed
[09/08/2026 17:09:04] FASTIFY: incoming request
[09/08/2026 17:09:04] Parents GET /miele/token
[09/08/2026 17:09:04] FASTIFY: incoming request
[09/08/2026 17:09:04] Parents POST /miele/list
[09/08/2026 17:09:04] FASTIFY: request completed
[09/08/2026 17:09:04] FASTIFY: request completed
[09/08/2026 17:09:04] FASTIFY: incoming request
[09/08/2026 17:09:04] Parents GET /miele/devices
[09/08/2026 17:09:05] FASTIFY: request completed
[09/08/2026 17:09:11] FASTIFY: incoming request
[09/08/2026 17:09:11] Parents GET /miele/devices/:deviceId
[09/08/2026 17:09:11] FASTIFY: incoming request
[09/08/2026 17:09:11] Parents GET /miele/devices/:deviceId/programs
[09/08/2026 17:09:12] FASTIFY: request completed
[09/08/2026 17:09:12] FASTIFY: request completed
[09/08/2026 17:09:15] FASTIFY: incoming request
[09/08/2026 17:09:15] Xayling GET /miele/devices/:deviceId
[09/08/2026 17:09:15] FASTIFY: incoming request
[09/08/2026 17:09:15] Xayling GET /miele/devices/:deviceId/programs
[09/08/2026 17:09:15] FASTIFY: request completed
[09/08/2026 17:09:15] FASTIFY: request completed
[09/08/2026 17:09:27] FASTIFY: incoming request
[09/08/2026 17:09:27] Parents PUT /miele/devices/:deviceId/programs
[09/08/2026 17:09:27] FASTIFY: request completed
[09/08/2026 17:14:11] Weather : Already got data
[09/08/2026 17:14:11] FASTIFY: Server listening at http://127.0.0.1:3000
[09/08/2026 17:14:11] FASTIFY: Server listening at http://172.24.0.5:3000
[09/08/2026 17:14:14] Clim connectée: 31885837213310 | temp: 23.0 °C
[09/08/2026 17:14:15] FASTIFY: incoming request
[09/08/2026 17:14:15] Parents GET /clim/status
[09/08/2026 17:14:20] FASTIFY: incoming request
[09/08/2026 17:14:20] Xayling GET /clim/status
[09/08/2026 17:14:24] FASTIFY: incoming request
[09/08/2026 17:14:24] Parents POST /miele/list
[09/08/2026 17:14:24] FASTIFY: incoming request
[09/08/2026 17:14:24] Parents GET /mbtoday
[09/08/2026 17:14:24] FASTIFY: incoming request
[09/08/2026 17:14:24] FASTIFY: request completed
[09/08/2026 17:14:24] FASTIFY: request completed
[09/08/2026 17:14:24] FASTIFY: incoming request
[09/08/2026 17:14:24] Parents GET /miele/token
[09/08/2026 17:14:24] FASTIFY: request completed
[09/08/2026 17:14:24] FASTIFY: request completed
[09/08/2026 17:14:24] FASTIFY: incoming request
[09/08/2026 17:14:24] Parents GET /miele/devices
[09/08/2026 17:14:24] FASTIFY: request completed
[09/08/2026 17:14:26] FASTIFY: request completed
[09/08/2026 17:14:32] FASTIFY: request completed
[09/08/2026 17:14:32] FASTIFY: incoming request
[09/08/2026 17:14:32] Xayling GET /clim/status
[09/08/2026 17:14:34] FASTIFY: request completed
[09/08/2026 17:14:35] FASTIFY: incoming request
[09/08/2026 17:14:35] FASTIFY: incoming request
[09/08/2026 17:14:35] Xayling GET /mbtoday
[09/08/2026 17:14:35] FASTIFY: request completed
[09/08/2026 17:14:35] FASTIFY: request completed
[09/08/2026 17:14:38] FASTIFY: incoming request
[09/08/2026 17:14:38] FASTIFY: incoming request
[09/08/2026 17:14:38] Parents GET /clim/status
[09/08/2026 17:14:38] FASTIFY: request completed
[09/08/2026 17:14:40] FASTIFY: incoming request
[09/08/2026 17:14:40] FASTIFY: incoming request
[09/08/2026 17:14:40] Xayling GET /clim/status
[09/08/2026 17:14:40] FASTIFY: request completed
[09/08/2026 17:14:43] FASTIFY: request completed
[09/08/2026 17:14:44] FASTIFY: incoming request
[09/08/2026 17:14:44] FASTIFY: incoming request
[09/08/2026 17:14:44] Parents GET /mbtoday
[09/08/2026 17:14:44] FASTIFY: request completed
[09/08/2026 17:14:44] FASTIFY: request completed
[09/08/2026 17:14:45] FASTIFY: request completed
[09/08/2026 17:14:50] FASTIFY: incoming request
[09/08/2026 17:14:50] Xayling GET /clim/status
[09/08/2026 17:14:52] FASTIFY: incoming request
[09/08/2026 17:14:52] FASTIFY: incoming request
[09/08/2026 17:14:52] Xayling GET /mbtoday
[09/08/2026 17:14:52] FASTIFY: request completed
[09/08/2026 17:14:52] FASTIFY: request completed
[09/08/2026 17:14:53] FASTIFY: request completed
[09/08/2026 17:15:00] SID null
[09/08/2026 17:15:03] SID 5WItBNdewnDegPNO
[09/08/2026 17:15:15] FASTIFY: incoming request
[09/08/2026 17:15:15] Xayling GET /clim/status
[09/08/2026 17:15:15] FASTIFY: incoming request
[09/08/2026 17:15:15] FASTIFY: request completed
[09/08/2026 17:15:18] FASTIFY: request completed
[09/08/2026 17:15:20] FASTIFY: incoming request
[09/08/2026 17:15:20] FASTIFY: incoming request
[09/08/2026 17:15:20] Xayling GET /mbtoday
[09/08/2026 17:15:20] FASTIFY: request completed
[09/08/2026 17:15:20] FASTIFY: request completed
[09/08/2026 17:16:14] FASTIFY: incoming request
[09/08/2026 17:16:14] Xayling GET /mbtoday
[09/08/2026 17:16:14] FASTIFY: incoming request
[09/08/2026 17:16:14] FASTIFY: request completed
[09/08/2026 17:16:14] FASTIFY: request completed
[09/08/2026 17:16:16] FASTIFY: incoming request
[09/08/2026 17:16:16] FASTIFY: incoming request
[09/08/2026 17:16:16] Xayling GET /mbtoday
[09/08/2026 17:16:16] FASTIFY: request completed
[09/08/2026 17:16:16] FASTIFY: request completed
[09/08/2026 17:16:17] FASTIFY: incoming request
[09/08/2026 17:16:17] FASTIFY: incoming request
[09/08/2026 17:16:17] Parents GET /mbtoday
[09/08/2026 17:16:17] FASTIFY: request completed
[09/08/2026 17:16:17] FASTIFY: request completed
[09/08/2026 17:16:19] FASTIFY: incoming request
[09/08/2026 17:16:19] FASTIFY: incoming request
[09/08/2026 17:16:19] Xayling GET /mbtoday
[09/08/2026 17:16:19] FASTIFY: request completed
[09/08/2026 17:16:19] FASTIFY: request completed
[09/08/2026 17:16:55] FASTIFY: incoming request
[09/08/2026 17:16:55] FASTIFY: request completed
[09/08/2026 17:16:55] FASTIFY: incoming request
[09/08/2026 17:16:55] Parents GET /clim/status
[09/08/2026 17:16:59] FASTIFY: request completed
[09/08/2026 17:17:05] FASTIFY: incoming request
[09/08/2026 17:17:05] Parents GET /clim/status
[09/08/2026 17:17:11] FASTIFY: incoming request
[09/08/2026 17:17:11] FASTIFY: request completed
[09/08/2026 17:17:11] FASTIFY: incoming request
[09/08/2026 17:17:11] Parents GET /mbtoday
[09/08/2026 17:17:11] FASTIFY: request completed
[09/08/2026 17:17:12] FASTIFY: request completed
[09/08/2026 17:18:52] FASTIFY: incoming request
[09/08/2026 17:18:52] Xayling POST /miele/list
[09/08/2026 17:18:52] FASTIFY: incoming request
[09/08/2026 17:18:52] Xayling GET /mbtoday
[09/08/2026 17:18:52] FASTIFY: request completed
[09/08/2026 17:18:52] FASTIFY: incoming request
[09/08/2026 17:18:52] FASTIFY: request completed
[09/08/2026 17:18:52] FASTIFY: request completed
[09/08/2026 17:18:52] FASTIFY: incoming request
[09/08/2026 17:18:52] Xayling GET /miele/token
[09/08/2026 17:18:52] FASTIFY: request completed
[09/08/2026 17:18:52] FASTIFY: incoming request
[09/08/2026 17:18:52] Xayling GET /miele/devices
[09/08/2026 17:18:52] FASTIFY: request completed
[09/08/2026 17:18:55] FASTIFY: incoming request
[09/08/2026 17:18:55] Xayling GET /miele/devices/:deviceId
[09/08/2026 17:18:55] FASTIFY: incoming request
[09/08/2026 17:18:55] Xayling GET /miele/devices/:deviceId/programs
[09/08/2026 17:18:55] FASTIFY: request completed
[09/08/2026 17:18:56] FASTIFY: request completed
[09/08/2026 17:19:25] FASTIFY: incoming request
[09/08/2026 17:19:25] Xayling GET /miele/devices/:deviceId/programs
[09/08/2026 17:19:25] FASTIFY: incoming request
[09/08/2026 17:19:25] Xayling GET /miele/devices/:deviceId
[09/08/2026 17:19:26] FASTIFY: request completed
[09/08/2026 17:19:26] FASTIFY: request completed
[09/08/2026 17:19:30] FASTIFY: incoming request
[09/08/2026 17:19:30] FASTIFY: request completed
[09/08/2026 17:19:30] FASTIFY: incoming request
[09/08/2026 17:19:30] Parents GET /clim/status
[09/08/2026 17:19:34] FASTIFY: request completed
[09/08/2026 17:19:55] FASTIFY: incoming request
[09/08/2026 17:19:55] Xayling GET /miele/devices/:deviceId
[09/08/2026 17:19:55] FASTIFY: incoming request
[09/08/2026 17:19:55] Xayling GET /miele/devices/:deviceId/programs
[09/08/2026 17:19:56] FASTIFY: request completed
[09/08/2026 17:19:56] FASTIFY: request completed
[09/08/2026 17:20:00] SID 5WItBNdewnDegPNO
[09/08/2026 17:20:01] SID vnFaXXYbG_Kb3Xor
[09/08/2026 17:20:25] FASTIFY: incoming request
[09/08/2026 17:20:25] Xayling GET /miele/devices/:deviceId/programs
[09/08/2026 17:20:25] FASTIFY: incoming request
[09/08/2026 17:20:25] Xayling GET /miele/devices/:deviceId
[09/08/2026 17:20:26] FASTIFY: request completed
[09/08/2026 17:20:26] FASTIFY: request completed
[09/08/2026 17:20:55] FASTIFY: incoming request
[09/08/2026 17:20:55] Xayling GET /miele/devices/:deviceId
[09/08/2026 17:20:55] FASTIFY: incoming request
[09/08/2026 17:20:55] Xayling GET /miele/devices/:deviceId/programs
[09/08/2026 17:20:55] FASTIFY: request completed
[09/08/2026 17:20:56] FASTIFY: request completed
[09/08/2026 17:21:25] FASTIFY: incoming request
[09/08/2026 17:21:25] Xayling GET /miele/devices/:deviceId/programs
[09/08/2026 17:21:25] FASTIFY: incoming request
[09/08/2026 17:21:25] Xayling GET /miele/devices/:deviceId
[09/08/2026 17:21:26] FASTIFY: request completed
[09/08/2026 17:21:26] FASTIFY: request completed
[09/08/2026 17:21:55] FASTIFY: incoming request
[09/08/2026 17:21:55] Xayling GET /miele/devices/:deviceId
[09/08/2026 17:21:55] FASTIFY: incoming request
[09/08/2026 17:21:55] Xayling GET /miele/devices/:deviceId/programs
[09/08/2026 17:21:56] FASTIFY: request completed
[09/08/2026 17:21:56] FASTIFY: request completed
[09/08/2026 17:22:50] FASTIFY: incoming request
[09/08/2026 17:22:50] Xayling POST /miele/list
[09/08/2026 17:22:50] FASTIFY: incoming request
[09/08/2026 17:22:50] Xayling GET /mbtoday
[09/08/2026 17:22:50] FASTIFY: incoming request
[09/08/2026 17:22:50] FASTIFY: incoming request
[09/08/2026 17:22:50] Xayling GET /miele/token
[09/08/2026 17:22:50] FASTIFY: request completed
[09/08/2026 17:22:50] FASTIFY: request completed
[09/08/2026 17:22:50] FASTIFY: request completed
[09/08/2026 17:22:50] FASTIFY: request completed
[09/08/2026 17:22:50] FASTIFY: incoming request
[09/08/2026 17:22:50] Xayling GET /miele/devices
[09/08/2026 17:22:50] FASTIFY: request completed
[09/08/2026 17:25:00] SID vnFaXXYbG_Kb3Xor
[09/08/2026 17:25:06] SID ZjbijOLootdo7Mr2
[09/08/2026 17:30:00] SID ZjbijOLootdo7Mr2
[09/08/2026 17:30:03] SID PY5pLVW5sND55VmM
[09/08/2026 17:31:52] FASTIFY: incoming request
[09/08/2026 17:31:52] Xayling POST /miele/list
[09/08/2026 17:31:52] FASTIFY: incoming request
[09/08/2026 17:31:52] Xayling GET /mbtoday
[09/08/2026 17:31:52] FASTIFY: incoming request
[09/08/2026 17:31:52] FASTIFY: incoming request
[09/08/2026 17:31:52] Xayling GET /miele/token
[09/08/2026 17:31:52] FASTIFY: request completed
[09/08/2026 17:31:52] FASTIFY: request completed
[09/08/2026 17:31:52] FASTIFY: incoming request
[09/08/2026 17:31:52] Xayling GET /miele/devices
[09/08/2026 17:31:52] FASTIFY: request completed
[09/08/2026 17:31:52] FASTIFY: request completed
[09/08/2026 17:31:52] FASTIFY: request completed
[09/08/2026 17:32:35] FASTIFY: Stopping Solar's_Cam platform
[09/08/2026 17:32:35] FASTIFY: Solar's_Cam platform stopped
[09/08/2026 17:32:36] Weather : Already got data
[09/08/2026 17:32:36] FASTIFY: Server listening at http://127.0.0.1:3000
[09/08/2026 17:32:36] FASTIFY: Server listening at http://172.24.0.5:3000
[09/08/2026 17:32:39] Clim connectée: 31885837213310 | temp: 22.5 °C
[09/08/2026 17:34:52] FASTIFY: Stopping Solar's_Cam platform
[09/08/2026 17:34:52] FASTIFY: Solar's_Cam platform stopped
[09/08/2026 17:34:53] Weather : Already got data
[09/08/2026 17:34:53] FASTIFY: Server listening at http://127.0.0.1:3000
[09/08/2026 17:34:53] FASTIFY: Server listening at http://172.24.0.5:3000
[09/08/2026 17:34:56] Clim connectée: 31885837213310 | temp: 23.0 °C
[09/08/2026 17:35:00] SID null
[09/08/2026 17:35:01] SID W_lbXz7Q89qQdzrr
[09/08/2026 17:35:13] FASTIFY: Stopping Solar's_Cam platform
[09/08/2026 17:35:13] FASTIFY: Solar's_Cam platform stopped
[09/08/2026 17:35:13] Weather : Already got data
[09/08/2026 17:35:13] FASTIFY: Server listening at http://127.0.0.1:3000
[09/08/2026 17:35:13] FASTIFY: Server listening at http://172.24.0.5:3000
[09/08/2026 17:35:17] Clim connectée: 31885837213310 | temp: 23.0 °C
[09/08/2026 17:36:07] FASTIFY: Stopping Solar's_Cam platform
[09/08/2026 17:36:07] FASTIFY: Solar's_Cam platform stopped
[09/08/2026 17:36:08] Weather : Already got data
[09/08/2026 17:36:08] FASTIFY: Server listening at http://127.0.0.1:3000
[09/08/2026 17:36:08] FASTIFY: Server listening at http://172.24.0.5:3000
[09/08/2026 17:36:11] Clim connectée: 31885837213310 | temp: 23.0 °C
[09/08/2026 17:36:23] FASTIFY: incoming request
[09/08/2026 17:36:23] Xayling POST /miele/list
[09/08/2026 17:36:23] FASTIFY: incoming request
[09/08/2026 17:36:23] Xayling GET /mbtoday
[09/08/2026 17:36:23] FASTIFY: incoming request
[09/08/2026 17:36:23] FASTIFY: incoming request
[09/08/2026 17:36:23] Xayling GET /miele/token
[09/08/2026 17:36:23] FASTIFY: request completed
[09/08/2026 17:36:23] FASTIFY: request completed
[09/08/2026 17:36:23] FASTIFY: request completed
[09/08/2026 17:36:23] FASTIFY: request completed
[09/08/2026 17:36:23] FASTIFY: incoming request
[09/08/2026 17:36:23] Xayling GET /miele/devices
[09/08/2026 17:36:24] FASTIFY: request completed
[09/08/2026 17:36:30] FASTIFY: Stopping Solar's_Cam platform
[09/08/2026 17:36:30] FASTIFY: Solar's_Cam platform stopped
[09/08/2026 17:36:31] Weather : Already got data
[09/08/2026 17:36:31] FASTIFY: Server listening at http://127.0.0.1:3000
[09/08/2026 17:36:31] FASTIFY: Server listening at http://172.24.0.5:3000
[09/08/2026 17:36:38] Clim connectée: 31885837213310 | temp: 23.0 °C
[09/08/2026 17:37:20] FASTIFY: Stopping Solar's_Cam platform
[09/08/2026 17:37:20] FASTIFY: Solar's_Cam platform stopped
[09/08/2026 17:37:20] Weather : Already got data
[09/08/2026 17:37:20] FASTIFY: Server listening at http://127.0.0.1:3000
[09/08/2026 17:37:20] FASTIFY: Server listening at http://172.24.0.5:3000
[09/08/2026 17:38:06] FASTIFY: Stopping Solar's_Cam platform
[09/08/2026 17:38:06] FASTIFY: Solar's_Cam platform stopped
[09/08/2026 17:38:07] Weather : Already got data
[09/08/2026 17:38:07] FASTIFY: Server listening at http://127.0.0.1:3000
[09/08/2026 17:38:07] FASTIFY: Server listening at http://172.24.0.5:3000
[09/08/2026 17:38:10] Clim connectée: 31885837213310 | temp: 23.0 °C
[09/08/2026 17:40:00] SID null
[09/08/2026 17:40:01] SID TCQMKmfvPJPvik_8
[09/08/2026 17:42:51] FASTIFY: Stopping Solar's_Cam platform
[09/08/2026 17:42:51] FASTIFY: Solar's_Cam platform stopped
[09/08/2026 17:42:52] Weather : Already got data
[09/08/2026 17:42:52] FASTIFY: Server listening at http://127.0.0.1:3000
[09/08/2026 17:42:52] FASTIFY: Server listening at http://172.24.0.5:3000
[09/08/2026 17:42:54] Clim connectée: 31885837213310 | temp: 23.0 °C
[09/08/2026 17:43:52] FASTIFY: incoming request
[09/08/2026 17:43:52] Xayling POST /miele/list
[09/08/2026 17:43:52] FASTIFY: incoming request
[09/08/2026 17:43:52] Xayling GET /mbtoday
[09/08/2026 17:43:52] FASTIFY: incoming request
[09/08/2026 17:43:52] FASTIFY: incoming request
[09/08/2026 17:43:52] Xayling GET /miele/token
[09/08/2026 17:43:52] FASTIFY: request completed
[09/08/2026 17:43:52] FASTIFY: request completed
[09/08/2026 17:43:52] FASTIFY: request completed
[09/08/2026 17:43:52] FASTIFY: request completed
[09/08/2026 17:43:52] FASTIFY: incoming request
[09/08/2026 17:43:52] Xayling GET /miele/devices
[09/08/2026 17:43:52] FASTIFY: request completed
[09/08/2026 17:44:30] FASTIFY: Stopping Solar's_Cam platform
[09/08/2026 17:44:30] FASTIFY: Solar's_Cam platform stopped
[09/08/2026 17:44:31] Weather : Already got data
[09/08/2026 17:44:31] FASTIFY: Server listening at http://127.0.0.1:3000
[09/08/2026 17:44:31] FASTIFY: Server listening at http://172.24.0.5:3000
[09/08/2026 17:44:34] Clim connectée: 31885837213310 | temp: 23.0 °C
[09/08/2026 17:45:00] SID null
[09/08/2026 17:45:00] SID wPmUNrJpYUbpEoJt
[09/08/2026 17:45:30] FASTIFY: Stopping Solar's_Cam platform
[09/08/2026 17:45:30] FASTIFY: Solar's_Cam platform stopped
[09/08/2026 18:00:34] Weather : Already got data
[09/08/2026 18:00:34] FASTIFY: Server listening at http://127.0.0.1:3000
[09/08/2026 18:00:34] FASTIFY: Server listening at http://172.24.0.5:3000
[09/08/2026 18:00:37] Clim connectée: 31885837213310 | temp: 23.5 °C
[09/08/2026 18:05:00] SID null
[09/08/2026 18:05:01] SID GgRKIyWnzAPn4wW8
[09/08/2026 18:10:00] SID GgRKIyWnzAPn4wW8
[09/08/2026 18:10:06] SID _TQNZW5rYFurJUJ4
[09/08/2026 18:15:00] SID _TQNZW5rYFurJUJ4
[09/08/2026 18:15:02] SID OiQOYSu9MC-9RRe4
[09/08/2026 18:20:00] SID OiQOYSu9MC-9RRe4
[09/08/2026 18:20:06] SID bMpoQH3vmgqvXEXq
[09/08/2026 18:25:00] SID bMpoQH3vmgqvXEXq
[09/08/2026 18:25:03] SID v60fYVctRCCtcUcI
[09/08/2026 18:40:00] SID v60fYVctRCCtcUcI
[09/08/2026 18:40:04] SID SWFZshPy2QRylhfF
[09/08/2026 18:45:00] SID SWFZshPy2QRylhfF
[09/08/2026 18:45:01] SID _jfy5VZw0FAwvVJA
[09/08/2026 18:50:00] SID _jfy5VZw0FAwvVJA
[09/08/2026 18:50:01] SID FCd4P_evodLvS8ut
[09/08/2026 18:55:00] SID FCd4P_evodLvS8ut
[09/08/2026 18:55:01] FASTIFY: incoming request
[09/08/2026 18:55:01] Xayling GET /miele/token
[09/08/2026 18:55:01] FASTIFY: incoming request
[09/08/2026 18:55:01] Xayling POST /miele/list
[09/08/2026 18:55:01] FASTIFY: incoming request
[09/08/2026 18:55:01] Xayling GET /mbtoday
[09/08/2026 18:55:01] FASTIFY: request completed
[09/08/2026 18:55:01] FASTIFY: incoming request
[09/08/2026 18:55:01] FASTIFY: incoming request
[09/08/2026 18:55:01] FASTIFY: request completed
[09/08/2026 18:55:01] FASTIFY: incoming request
[09/08/2026 18:55:01] Xayling GET /mbtoday
[09/08/2026 18:55:01] FASTIFY: incoming request
[09/08/2026 18:55:01] Xayling POST /miele/list
[09/08/2026 18:55:01] FASTIFY: request completed
[09/08/2026 18:55:01] FASTIFY: request completed
[09/08/2026 18:55:01] FASTIFY: incoming request
[09/08/2026 18:55:01] Xayling GET /miele/token
[09/08/2026 18:55:01] FASTIFY: request completed
[09/08/2026 18:55:01] FASTIFY: incoming request
[09/08/2026 18:55:01] Xayling GET /miele/devices
[09/08/2026 18:55:02] FASTIFY: request completed
[09/08/2026 18:55:03] SID SkEeehXAuaCAxi3J
[09/08/2026 18:56:53] FASTIFY: incoming request
[09/08/2026 18:56:53] Parents GET /clim/status
[09/08/2026 18:56:53] FASTIFY: incoming request
[09/08/2026 18:56:53] FASTIFY: request completed
[09/08/2026 18:56:56] FASTIFY: request completed
[09/08/2026 18:57:03] FASTIFY: incoming request
[09/08/2026 18:57:03] Parents GET /clim/status
[09/08/2026 18:57:06] FASTIFY: request completed
[09/08/2026 18:57:13] FASTIFY: incoming request
[09/08/2026 18:57:13] Parents GET /clim/status
[09/08/2026 18:57:16] FASTIFY: Stopping Solar's_Cam platform
[09/08/2026 18:57:16] FASTIFY: err is not defined
[09/08/2026 18:57:16] FASTIFY: request completed
[09/08/2026 18:57:16] FASTIFY: Solar's_Cam platform stopped
[09/08/2026 18:57:18] Weather : Already got data
[09/08/2026 18:57:18] FASTIFY: Server listening at http://127.0.0.1:3000
[09/08/2026 18:57:18] FASTIFY: Server listening at http://172.24.0.5:3000
[09/08/2026 18:57:21] Clim connectée: 31885837213310 | temp: 24.5 °C
[09/08/2026 18:57:23] FASTIFY: incoming request
[09/08/2026 18:57:23] Parents GET /clim/status
[09/08/2026 18:57:26] FASTIFY: request completed
[09/08/2026 18:57:33] FASTIFY: incoming request
[09/08/2026 18:57:33] Parents GET /clim/status
[09/08/2026 18:57:40] FASTIFY: request completed
[09/08/2026 18:57:43] FASTIFY: incoming request
[09/08/2026 18:57:43] Parents GET /clim/status
[09/08/2026 18:57:46] FASTIFY: request completed
[09/08/2026 18:57:53] FASTIFY: incoming request
[09/08/2026 18:57:53] Parents GET /clim/status
[09/08/2026 18:57:56] FASTIFY: request completed
[09/08/2026 19:00:02] Weather : Already got data
[09/08/2026 19:00:02] FASTIFY: Server listening at http://127.0.0.1:3000
[09/08/2026 19:00:02] FASTIFY: Server listening at http://172.24.0.5:3000
[09/08/2026 19:00:03] FASTIFY: incoming request
[09/08/2026 19:00:03] Parents GET /clim/status
[09/08/2026 19:00:05] Clim connectée: 31885837213310 | temp: 24.5 °C
[09/08/2026 19:00:10] FASTIFY: request completed
[09/08/2026 19:00:13] FASTIFY: incoming request
[09/08/2026 19:00:13] Parents GET /clim/status
[09/08/2026 19:00:16] FASTIFY: request completed
[09/08/2026 19:00:23] FASTIFY: incoming request
[09/08/2026 19:00:23] Parents GET /clim/status
[09/08/2026 19:00:26] FASTIFY: request completed
[09/08/2026 19:00:33] FASTIFY: incoming request
[09/08/2026 19:00:33] Parents GET /clim/status
[09/08/2026 19:00:36] FASTIFY: request completed
[09/08/2026 19:00:43] FASTIFY: incoming request
[09/08/2026 19:00:43] Parents GET /clim/status
[09/08/2026 19:00:46] FASTIFY: request completed
[09/08/2026 19:00:53] FASTIFY: incoming request
[09/08/2026 19:00:53] Parents GET /clim/status
[09/08/2026 19:00:56] FASTIFY: request completed
[09/08/2026 19:01:03] FASTIFY: incoming request
[09/08/2026 19:01:03] Parents GET /clim/status
[09/08/2026 19:01:06] FASTIFY: request completed
[09/08/2026 19:01:11] FASTIFY: Stopping Solar's_Cam platform
[09/08/2026 19:01:11] FASTIFY: Solar's_Cam platform stopped
[09/08/2026 19:01:12] Weather : Already got data
[09/08/2026 19:01:12] FASTIFY: Server listening at http://127.0.0.1:3000
[09/08/2026 19:01:12] FASTIFY: Server listening at http://172.24.0.5:3000
[09/08/2026 19:01:13] FASTIFY: incoming request
[09/08/2026 19:01:13] Parents GET /clim/status
[09/08/2026 19:01:15] Clim connectée: 31885837213310 | temp: 24.5 °C
[09/08/2026 19:01:20] FASTIFY: request completed
[09/08/2026 19:01:23] FASTIFY: incoming request
[09/08/2026 19:01:23] Parents GET /clim/status
[09/08/2026 19:01:26] FASTIFY: request completed
[09/08/2026 19:01:31] FASTIFY: incoming request
[09/08/2026 19:01:31] Xayling GET /mbtoday
[09/08/2026 19:01:31] FASTIFY: incoming request
[09/08/2026 19:01:31] FASTIFY: incoming request
[09/08/2026 19:01:31] Xayling POST /miele/list
[09/08/2026 19:01:31] FASTIFY: incoming request
[09/08/2026 19:01:31] Xayling GET /miele/token
[09/08/2026 19:01:31] FASTIFY: request completed
[09/08/2026 19:01:31] FASTIFY: request completed
[09/08/2026 19:01:31] FASTIFY: request completed
[09/08/2026 19:01:31] FASTIFY: request completed
[09/08/2026 19:01:31] FASTIFY: incoming request
[09/08/2026 19:01:31] Xayling GET /miele/devices
[09/08/2026 19:01:32] FASTIFY: request completed
[09/08/2026 19:01:33] FASTIFY: incoming request
[09/08/2026 19:01:33] Parents GET /clim/status
[09/08/2026 19:01:36] FASTIFY: request completed
[09/08/2026 19:01:43] FASTIFY: incoming request
[09/08/2026 19:01:43] Parents GET /clim/status
[09/08/2026 19:01:46] FASTIFY: request completed
[09/08/2026 19:01:50] FASTIFY: Stopping Solar's_Cam platform
[09/08/2026 19:01:50] FASTIFY: Solar's_Cam platform stopped
[09/08/2026 19:01:50] Weather : Already got data
[09/08/2026 19:01:50] FASTIFY: Server listening at http://127.0.0.1:3000
[09/08/2026 19:01:50] FASTIFY: Server listening at http://172.24.0.5:3000
[09/08/2026 19:01:53] FASTIFY: incoming request
[09/08/2026 19:01:53] Parents GET /clim/status
[09/08/2026 19:01:53] Clim connectée: 31885837213310 | temp: 24.5 °C
[09/08/2026 19:01:56] FASTIFY: request completed
[09/08/2026 19:02:03] FASTIFY: incoming request
[09/08/2026 19:02:03] Parents GET /clim/status
[09/08/2026 19:02:06] FASTIFY: request completed
[09/08/2026 19:02:14] FASTIFY: incoming request
[09/08/2026 19:02:14] Parents GET /clim/status
[09/08/2026 19:02:17] FASTIFY: request completed
[09/08/2026 19:02:24] FASTIFY: incoming request
[09/08/2026 19:02:24] Parents GET /clim/status
[09/08/2026 19:02:27] FASTIFY: request completed
[09/08/2026 19:02:34] FASTIFY: incoming request
[09/08/2026 19:02:34] Parents GET /clim/status
[09/08/2026 19:02:37] FASTIFY: request completed
[09/08/2026 19:02:44] FASTIFY: incoming request
[09/08/2026 19:02:44] Parents GET /clim/status
[09/08/2026 19:02:48] FASTIFY: err is not defined
[09/08/2026 19:02:48] FASTIFY: request completed
[09/08/2026 19:02:54] FASTIFY: incoming request
[09/08/2026 19:02:54] Parents GET /clim/status
[09/08/2026 19:02:56] FASTIFY: Stopping Solar's_Cam platform
[09/08/2026 19:02:56] FASTIFY: err is not defined
[09/08/2026 19:02:56] FASTIFY: request completed
[09/08/2026 19:02:56] FASTIFY: Solar's_Cam platform stopped
[09/08/2026 19:02:57] Weather : Already got data
[09/08/2026 19:02:57] FASTIFY: Server listening at http://127.0.0.1:3000
[09/08/2026 19:02:57] FASTIFY: Server listening at http://172.24.0.5:3000
[09/08/2026 19:03:34] Weather : Already got data
[09/08/2026 19:03:34] FASTIFY: Server listening at http://127.0.0.1:3000
[09/08/2026 19:03:34] FASTIFY: Server listening at http://172.24.0.5:3000
[09/08/2026 19:03:36] Clim connectée: 31885837213310 | temp: 24.5 °C
[09/08/2026 19:03:47] FASTIFY: Stopping Solar's_Cam platform
[09/08/2026 19:03:47] FASTIFY: Solar's_Cam platform stopped
[09/08/2026 19:03:48] Weather : Already got data
[09/08/2026 19:03:48] FASTIFY: Server listening at http://127.0.0.1:3000
[09/08/2026 19:03:48] FASTIFY: Server listening at http://172.24.0.5:3000
[09/08/2026 19:03:50] Clim connectée: 31885837213310 | temp: 24.5 °C
[09/08/2026 19:03:59] FASTIFY: incoming request
[09/08/2026 19:03:59] Parents GET /clim/status
[09/08/2026 19:04:01] FASTIFY: incoming request
[09/08/2026 19:04:01] FASTIFY: incoming request
[09/08/2026 19:04:01] Parents GET /clim/status
[09/08/2026 19:04:01] FASTIFY: request completed
[09/08/2026 19:04:12] FASTIFY: request completed
[09/08/2026 19:04:13] FASTIFY: incoming request
[09/08/2026 19:04:13] Parents GET /clim/status
[09/08/2026 19:04:16] FASTIFY: request completed
[09/08/2026 19:04:22] FASTIFY: incoming request
[09/08/2026 19:04:22] Parents GET /clim/status
[09/08/2026 19:04:24] FASTIFY: request completed
[09/08/2026 19:04:32] FASTIFY: incoming request
[09/08/2026 19:04:32] Parents GET /clim/status
[09/08/2026 19:04:35] FASTIFY: request completed
[09/08/2026 19:04:42] FASTIFY: incoming request
[09/08/2026 19:04:42] Parents GET /clim/status
[09/08/2026 19:04:45] FASTIFY: request completed
[09/08/2026 19:04:53] FASTIFY: incoming request
[09/08/2026 19:04:53] Parents GET /clim/status
[09/08/2026 19:04:56] FASTIFY: request completed
[09/08/2026 19:05:00] SID null
[09/08/2026 19:05:00] SID HQc9v32M4fpMA2ml
[09/08/2026 19:05:02] FASTIFY: incoming request
[09/08/2026 19:05:02] Parents GET /clim/status
[09/08/2026 19:05:05] FASTIFY: request completed
[09/08/2026 19:05:12] FASTIFY: incoming request
[09/08/2026 19:05:12] Parents GET /clim/status
[09/08/2026 19:05:16] FASTIFY: request completed
[09/08/2026 19:05:22] FASTIFY: incoming request
[09/08/2026 19:05:22] Parents GET /clim/status
[09/08/2026 19:05:25] FASTIFY: request completed
[09/08/2026 19:05:32] FASTIFY: incoming request
[09/08/2026 19:05:32] Parents GET /clim/status
[09/08/2026 19:05:36] FASTIFY: request completed
[09/08/2026 19:06:02] FASTIFY: incoming request
[09/08/2026 19:06:02] Xayling GET /miele/token
[09/08/2026 19:06:02] FASTIFY: incoming request
[09/08/2026 19:06:03] Xayling POST /miele/list
[09/08/2026 19:06:03] FASTIFY: incoming request
[09/08/2026 19:06:03] Xayling GET /mbtoday
[09/08/2026 19:06:03] FASTIFY: incoming request
[09/08/2026 19:06:03] FASTIFY: request completed
[09/08/2026 19:06:03] FASTIFY: request completed
[09/08/2026 19:06:03] FASTIFY: incoming request
[09/08/2026 19:06:03] Xayling GET /miele/devices
[09/08/2026 19:06:03] FASTIFY: request completed
[09/08/2026 19:06:03] FASTIFY: request completed
[09/08/2026 19:06:03] FASTIFY: request completed
[09/08/2026 19:10:00] SID HQc9v32M4fpMA2ml
[09/08/2026 19:10:01] SID PjRKpWa6xFN6dVK0
[09/08/2026 19:11:31] FASTIFY: incoming request
[09/08/2026 19:11:31] Xayling GET /mbtoday
[09/08/2026 19:11:31] FASTIFY: incoming request
[09/08/2026 19:11:31] FASTIFY: incoming request
[09/08/2026 19:11:31] Xayling POST /miele/list
[09/08/2026 19:11:31] FASTIFY: incoming request
[09/08/2026 19:11:31] Xayling GET /miele/token
[09/08/2026 19:11:31] FASTIFY: request completed
[09/08/2026 19:11:31] FASTIFY: request completed
[09/08/2026 19:11:31] FASTIFY: request completed
[09/08/2026 19:11:31] FASTIFY: request completed
[09/08/2026 19:11:31] FASTIFY: incoming request
[09/08/2026 19:11:31] Xayling GET /miele/devices
[09/08/2026 19:11:31] FASTIFY: request completed
[09/08/2026 19:15:00] SID PjRKpWa6xFN6dVK0
[09/08/2026 19:15:01] SID VGHQ98f6kXE6c9PR
[09/08/2026 19:16:02] FASTIFY: incoming request
[09/08/2026 19:16:02] Xayling GET /mbtoday
[09/08/2026 19:16:02] FASTIFY: incoming request
[09/08/2026 19:16:02] FASTIFY: incoming request
[09/08/2026 19:16:02] Xayling POST /miele/list
[09/08/2026 19:16:02] FASTIFY: request completed
[09/08/2026 19:16:02] FASTIFY: request completed
[09/08/2026 19:16:02] FASTIFY: incoming request
[09/08/2026 19:16:02] Xayling GET /miele/token
[09/08/2026 19:16:02] FASTIFY: request completed
[09/08/2026 19:16:02] FASTIFY: request completed
[09/08/2026 19:16:02] FASTIFY: incoming request
[09/08/2026 19:16:02] Xayling GET /miele/devices
[09/08/2026 19:16:02] FASTIFY: request completed
[09/08/2026 19:20:00] SID VGHQ98f6kXE6c9PR
[09/08/2026 19:20:02] SID sjXSQbIs4iasGYYq
[09/08/2026 19:23:31] FASTIFY: incoming request
[09/08/2026 19:23:31] Xayling POST /miele/list
[09/08/2026 19:23:31] FASTIFY: incoming request
[09/08/2026 19:23:31] Xayling GET /mbtoday
[09/08/2026 19:23:31] FASTIFY: incoming request
[09/08/2026 19:23:31] FASTIFY: incoming request
[09/08/2026 19:23:31] Xayling GET /miele/token
[09/08/2026 19:23:31] FASTIFY: request completed
[09/08/2026 19:23:31] FASTIFY: request completed
[09/08/2026 19:23:31] FASTIFY: request completed
[09/08/2026 19:23:31] FASTIFY: request completed
[09/08/2026 19:23:31] FASTIFY: incoming request
[09/08/2026 19:23:31] Xayling GET /miele/devices
[09/08/2026 19:23:31] FASTIFY: request completed
[09/08/2026 19:25:00] SID sjXSQbIs4iasGYYq
[09/08/2026 19:25:01] SID x-nTevtgSa6g1s9p
[09/08/2026 19:28:02] FASTIFY: incoming request
[09/08/2026 19:28:02] Xayling GET /miele/token
[09/08/2026 19:28:02] FASTIFY: request completed
[09/08/2026 19:28:02] FASTIFY: incoming request
[09/08/2026 19:28:02] Xayling POST /miele/list
[09/08/2026 19:28:02] FASTIFY: incoming request
[09/08/2026 19:28:02] Xayling GET /mbtoday
[09/08/2026 19:28:02] FASTIFY: incoming request
[09/08/2026 19:28:02] FASTIFY: request completed
[09/08/2026 19:28:02] FASTIFY: request completed
[09/08/2026 19:28:02] FASTIFY: request completed
[09/08/2026 19:28:02] FASTIFY: incoming request
[09/08/2026 19:28:02] Xayling GET /miele/devices
[09/08/2026 19:28:02] FASTIFY: request completed
[09/08/2026 19:30:00] SID x-nTevtgSa6g1s9p
[09/08/2026 19:30:03] SID NAXQLdmFqNzFvemM
[09/08/2026 19:35:00] SID NAXQLdmFqNzFvemM
[09/08/2026 19:35:01] SID bTUdDHb5AsL5fFru
[09/08/2026 19:39:31] FASTIFY: incoming request
[09/08/2026 19:39:31] Xayling POST /miele/list
[09/08/2026 19:39:31] FASTIFY: incoming request
[09/08/2026 19:39:31] Xayling GET /mbtoday
[09/08/2026 19:39:31] FASTIFY: incoming request
[09/08/2026 19:39:31] FASTIFY: incoming request
[09/08/2026 19:39:31] Xayling GET /miele/token
[09/08/2026 19:39:31] FASTIFY: request completed
[09/08/2026 19:39:31] FASTIFY: request completed
[09/08/2026 19:39:31] FASTIFY: request completed
[09/08/2026 19:39:31] FASTIFY: incoming request
[09/08/2026 19:39:31] Xayling GET /miele/devices
[09/08/2026 19:39:31] FASTIFY: request completed
[09/08/2026 19:39:31] FASTIFY: request completed
[09/08/2026 19:40:00] SID bTUdDHb5AsL5fFru
[09/08/2026 19:40:03] SID uQSFgTkSWh5SxTUm
[09/08/2026 19:44:02] FASTIFY: incoming request
[09/08/2026 19:44:02] Xayling POST /miele/list
[09/08/2026 19:44:02] FASTIFY: incoming request
[09/08/2026 19:44:02] Xayling GET /mbtoday
[09/08/2026 19:44:02] FASTIFY: incoming request
[09/08/2026 19:44:02] FASTIFY: incoming request
[09/08/2026 19:44:02] Xayling GET /miele/token
[09/08/2026 19:44:02] FASTIFY: request completed
[09/08/2026 19:44:02] FASTIFY: request completed
[09/08/2026 19:44:02] FASTIFY: request completed
[09/08/2026 19:44:02] FASTIFY: request completed
[09/08/2026 19:44:02] FASTIFY: incoming request
[09/08/2026 19:44:02] Xayling GET /miele/devices
[09/08/2026 19:44:02] FASTIFY: request completed
[09/08/2026 19:45:00] SID uQSFgTkSWh5SxTUm
[09/08/2026 19:45:03] SID _Dd4aWJkOJeksU54
[09/08/2026 19:50:00] SID _Dd4aWJkOJeksU54
[09/08/2026 19:55:00] SID _Dd4aWJkOJeksU54
[09/08/2026 19:55:01] SID akLiHBndM9zdIDnP
[09/08/2026 20:00:00] SID akLiHBndM9zdIDnP
[09/08/2026 20:00:02] SID uSe1BSMdGnfd0SM-
[09/08/2026 20:02:31] FASTIFY: incoming request
[09/08/2026 20:02:31] Xayling POST /miele/list
[09/08/2026 20:02:31] FASTIFY: incoming request
[09/08/2026 20:02:31] Xayling GET /mbtoday
[09/08/2026 20:02:31] FASTIFY: incoming request
[09/08/2026 20:02:31] FASTIFY: incoming request
[09/08/2026 20:02:31] Xayling GET /miele/token
[09/08/2026 20:02:31] FASTIFY: request completed
[09/08/2026 20:02:31] FASTIFY: request completed
[09/08/2026 20:02:31] FASTIFY: request completed
[09/08/2026 20:02:31] FASTIFY: request completed
[09/08/2026 20:02:31] FASTIFY: incoming request
[09/08/2026 20:02:31] Xayling GET /miele/devices
[09/08/2026 20:02:31] FASTIFY: request completed
[09/08/2026 20:05:00] SID uSe1BSMdGnfd0SM-
[09/08/2026 20:07:02] FASTIFY: incoming request
[09/08/2026 20:07:02] Xayling POST /miele/list
[09/08/2026 20:07:02] FASTIFY: incoming request
[09/08/2026 20:07:02] Xayling GET /mbtoday
[09/08/2026 20:07:02] FASTIFY: incoming request
[09/08/2026 20:07:02] FASTIFY: incoming request
[09/08/2026 20:07:02] Xayling GET /miele/token
[09/08/2026 20:07:02] FASTIFY: request completed
[09/08/2026 20:07:02] FASTIFY: request completed
[09/08/2026 20:07:02] FASTIFY: request completed
[09/08/2026 20:07:02] FASTIFY: request completed
[09/08/2026 20:07:02] FASTIFY: incoming request
[09/08/2026 20:07:02] Xayling GET /miele/devices
[09/08/2026 20:07:02] FASTIFY: request completed
[09/08/2026 20:10:00] SID uSe1BSMdGnfd0SM-
[09/08/2026 20:10:01] SID WDbg-ybZIbMZny7x
[09/08/2026 20:13:31] FASTIFY: incoming request
[09/08/2026 20:13:31] Xayling POST /miele/list
[09/08/2026 20:13:31] FASTIFY: incoming request
[09/08/2026 20:13:31] Xayling GET /mbtoday
[09/08/2026 20:13:31] FASTIFY: incoming request
[09/08/2026 20:13:31] FASTIFY: incoming request
[09/08/2026 20:13:31] Xayling GET /miele/token
[09/08/2026 20:13:31] FASTIFY: request completed
[09/08/2026 20:13:31] FASTIFY: request completed
[09/08/2026 20:13:31] FASTIFY: request completed
[09/08/2026 20:13:31] FASTIFY: request completed
[09/08/2026 20:13:31] FASTIFY: incoming request
[09/08/2026 20:13:31] Xayling GET /miele/devices
[09/08/2026 20:13:31] FASTIFY: request completed
[09/08/2026 20:15:00] SID WDbg-ybZIbMZny7x
[09/08/2026 20:15:05] SID QCXQroPXYPVXfqvU
[09/08/2026 20:18:02] FASTIFY: incoming request
[09/08/2026 20:18:02] Xayling POST /miele/list
[09/08/2026 20:18:02] FASTIFY: incoming request
[09/08/2026 20:18:02] Xayling GET /mbtoday
[09/08/2026 20:18:02] FASTIFY: incoming request
[09/08/2026 20:18:02] FASTIFY: incoming request
[09/08/2026 20:18:02] Xayling GET /miele/token
[09/08/2026 20:18:02] FASTIFY: request completed
[09/08/2026 20:18:02] FASTIFY: request completed
[09/08/2026 20:18:02] FASTIFY: request completed
[09/08/2026 20:18:02] FASTIFY: request completed
[09/08/2026 20:18:02] FASTIFY: incoming request
[09/08/2026 20:18:02] Xayling GET /miele/devices
[09/08/2026 20:18:02] FASTIFY: request completed
[09/08/2026 20:20:00] SID QCXQroPXYPVXfqvU
[09/08/2026 20:20:05] SID ijRK2j47M7o7rg4j
[09/08/2026 20:25:00] SID ijRK2j47M7o7rg4j
[09/08/2026 20:25:09] SID tCQMXfMLE8aLqfsr
[09/08/2026 20:28:31] FASTIFY: incoming request
[09/08/2026 20:28:31] Xayling GET /miele/token
[09/08/2026 20:28:31] FASTIFY: incoming request
[09/08/2026 20:28:31] Xayling POST /miele/list
[09/08/2026 20:28:31] FASTIFY: incoming request
[09/08/2026 20:28:31] Xayling GET /mbtoday
[09/08/2026 20:28:31] FASTIFY: incoming request
[09/08/2026 20:28:31] FASTIFY: request completed
[09/08/2026 20:28:31] FASTIFY: incoming request
[09/08/2026 20:28:31] Xayling GET /miele/devices
[09/08/2026 20:28:31] FASTIFY: request completed
[09/08/2026 20:28:31] FASTIFY: request completed
[09/08/2026 20:28:31] FASTIFY: request completed
[09/08/2026 20:28:31] FASTIFY: request completed
[09/08/2026 20:30:00] SID tCQMXfMLE8aLqfsr
[09/08/2026 20:30:03] SID AUN5mqmo-79olp23
[09/08/2026 20:35:00] SID AUN5mqmo-79olp23
[09/08/2026 20:35:05] SID SXHRKirCsI_CCj78
[09/08/2026 20:40:00] SID SXHRKirCsI_CCj78
[09/08/2026 20:44:31] FASTIFY: incoming request
[09/08/2026 20:44:31] Xayling GET /mbtoday
[09/08/2026 20:44:31] FASTIFY: incoming request
[09/08/2026 20:44:31] FASTIFY: incoming request
[09/08/2026 20:44:31] Xayling POST /miele/list
[09/08/2026 20:44:31] FASTIFY: incoming request
[09/08/2026 20:44:31] Xayling GET /miele/token
[09/08/2026 20:44:31] FASTIFY: request completed
[09/08/2026 20:44:31] FASTIFY: request completed
[09/08/2026 20:44:31] FASTIFY: request completed
[09/08/2026 20:44:31] FASTIFY: request completed
[09/08/2026 20:44:31] FASTIFY: incoming request
[09/08/2026 20:44:31] Xayling GET /miele/devices
[09/08/2026 20:44:31] FASTIFY: request completed
[09/08/2026 20:45:00] SID SXHRKirCsI_CCj78
[09/08/2026 20:45:03] SID 9zd7-eZOzZMOzf5x
[09/08/2026 20:48:00] FASTIFY: Stopping Solar's_Cam platform
[09/08/2026 20:48:00] FASTIFY: Solar's_Cam platform stopped
[09/08/2026 20:48:04] Weather : Already got data
[09/08/2026 20:48:04] FASTIFY: Server listening at http://127.0.0.1:3000
[09/08/2026 20:48:04] FASTIFY: Server listening at http://172.24.0.5:3000
[09/08/2026 20:48:07] Clim connectée: 31885837213310 | temp: 24.0 °C
[09/08/2026 20:49:02] FASTIFY: incoming request
[09/08/2026 20:49:02] Xayling POST /miele/list
[09/08/2026 20:49:02] FASTIFY: incoming request
[09/08/2026 20:49:02] Xayling GET /mbtoday
[09/08/2026 20:49:02] FASTIFY: incoming request
[09/08/2026 20:49:02] FASTIFY: incoming request
[09/08/2026 20:49:02] Xayling GET /miele/token
[09/08/2026 20:49:02] FASTIFY: request completed
[09/08/2026 20:49:02] FASTIFY: request completed
[09/08/2026 20:49:02] FASTIFY: request completed
[09/08/2026 20:49:02] FASTIFY: incoming request
[09/08/2026 20:49:02] Xayling GET /miele/devices
[09/08/2026 20:49:02] FASTIFY: request completed
[09/08/2026 20:49:03] FASTIFY: request completed
[09/08/2026 20:50:00] SID null
[09/08/2026 20:50:02] SID Tybjsn_NmRpN8nfl
[09/08/2026 20:55:00] SID Tybjsn_NmRpN8nfl
[09/08/2026 20:55:03] SID a4zDeDHl4YalZB3p
[09/08/2026 20:57:29] FASTIFY: Stopping Solar's_Cam platform
[09/08/2026 20:57:29] FASTIFY: Solar's_Cam platform stopped
[09/08/2026 20:57:30] Weather : Already got data
[09/08/2026 20:57:30] FASTIFY: Server listening at http://127.0.0.1:3000
[09/08/2026 20:57:30] FASTIFY: Server listening at http://172.24.0.5:3000
[09/08/2026 20:57:33] Clim connectée: 31885837213310 | temp: 24.0 °C
[09/08/2026 20:57:57] FASTIFY: Stopping Solar's_Cam platform
[09/08/2026 20:57:57] FASTIFY: Solar's_Cam platform stopped
[09/08/2026 20:57:58] Weather : Already got data
[09/08/2026 20:57:58] FASTIFY: Server listening at http://127.0.0.1:3000
[09/08/2026 20:57:58] FASTIFY: Server listening at http://172.24.0.5:3000
[09/08/2026 20:58:01] Clim connectée: 31885837213310 | temp: 24.0 °C
[09/08/2026 20:58:18] FASTIFY: incoming request
[09/08/2026 20:58:18] Xayling GET /miele/token
[09/08/2026 20:58:18] FASTIFY: incoming request
[09/08/2026 20:58:18] Xayling POST /miele/list
[09/08/2026 20:58:18] FASTIFY: incoming request
[09/08/2026 20:58:19] Xayling GET /mbtoday
[09/08/2026 20:58:19] FASTIFY: incoming request
[09/08/2026 20:58:19] FASTIFY: request completed
[09/08/2026 20:58:19] FASTIFY: request completed
[09/08/2026 20:58:19] FASTIFY: incoming request
[09/08/2026 20:58:19] Xayling GET /miele/devices
[09/08/2026 20:58:19] FASTIFY: request completed
[09/08/2026 20:58:19] FASTIFY: request completed
[09/08/2026 20:58:19] FASTIFY: request completed
[09/08/2026 21:00:00] SID null
[09/08/2026 21:00:00] SID 8iRK-Zt2oYw2UY9B
[09/08/2026 21:05:00] SID 8iRK-Zt2oYw2UY9B
[09/08/2026 21:05:06] SID 1ciFt9VpGVBpq9FF
[09/08/2026 21:09:31] FASTIFY: incoming request
[09/08/2026 21:09:31] Xayling POST /miele/list
[09/08/2026 21:09:31] FASTIFY: incoming request
[09/08/2026 21:09:31] Xayling GET /mbtoday
[09/08/2026 21:09:31] FASTIFY: incoming request
[09/08/2026 21:09:31] FASTIFY: incoming request
[09/08/2026 21:09:31] Xayling GET /miele/token
[09/08/2026 21:09:31] FASTIFY: request completed
[09/08/2026 21:09:31] FASTIFY: request completed
[09/08/2026 21:09:31] FASTIFY: request completed
[09/08/2026 21:09:31] FASTIFY: request completed
[09/08/2026 21:09:31] FASTIFY: incoming request
[09/08/2026 21:09:31] Xayling GET /miele/devices
[09/08/2026 21:09:31] FASTIFY: request completed
[09/08/2026 21:10:00] SID 1ciFt9VpGVBpq9FF
[09/08/2026 21:10:04] SID LzUfREKLAnWL8HKa
[09/08/2026 21:14:02] FASTIFY: incoming request
[09/08/2026 21:14:02] Xayling GET /miele/token
[09/08/2026 21:14:02] FASTIFY: incoming request
[09/08/2026 21:14:02] Xayling POST /miele/list
[09/08/2026 21:14:02] FASTIFY: incoming request
[09/08/2026 21:14:02] Xayling GET /mbtoday
[09/08/2026 21:14:02] FASTIFY: incoming request
[09/08/2026 21:14:02] FASTIFY: request completed
[09/08/2026 21:14:02] FASTIFY: request completed
[09/08/2026 21:14:02] FASTIFY: request completed
[09/08/2026 21:14:02] FASTIFY: request completed
[09/08/2026 21:14:02] FASTIFY: incoming request
[09/08/2026 21:14:02] Xayling GET /miele/devices
[09/08/2026 21:14:02] FASTIFY: request completed
[09/08/2026 21:15:00] SID LzUfREKLAnWL8HKa
[09/08/2026 21:15:01] SID YxRL-KTSoaMSYKzx
[09/08/2026 21:20:00] SID YxRL-KTSoaMSYKzx
[09/08/2026 21:20:05] SID ujZqPQow8d3wQQod
[09/08/2026 21:25:00] SID ujZqPQow8d3wQQod
[09/08/2026 21:25:10] SID zCd4ll9kF3hkHlNH
[09/08/2026 21:28:32] FASTIFY: incoming request
[09/08/2026 21:28:32] Xayling POST /miele/list
[09/08/2026 21:28:32] FASTIFY: incoming request
[09/08/2026 21:28:32] Xayling GET /mbtoday
[09/08/2026 21:28:32] FASTIFY: incoming request
[09/08/2026 21:28:32] FASTIFY: incoming request
[09/08/2026 21:28:32] Xayling GET /miele/token
[09/08/2026 21:28:32] FASTIFY: request completed
[09/08/2026 21:28:32] FASTIFY: request completed
[09/08/2026 21:28:32] FASTIFY: request completed
[09/08/2026 21:28:32] FASTIFY: request completed
[09/08/2026 21:28:32] FASTIFY: incoming request
[09/08/2026 21:28:32] Xayling GET /miele/devices
[09/08/2026 21:28:32] FASTIFY: request completed
[09/08/2026 21:30:00] SID zCd4ll9kF3hkHlNH
[09/08/2026 21:30:01] SID RgTCEvXrAwLr4tXv
[09/08/2026 21:33:02] FASTIFY: incoming request
[09/08/2026 21:33:02] Xayling POST /miele/list
[09/08/2026 21:33:02] FASTIFY: incoming request
[09/08/2026 21:33:02] Xayling GET /mbtoday
[09/08/2026 21:33:02] FASTIFY: incoming request
[09/08/2026 21:33:02] FASTIFY: request completed
[09/08/2026 21:33:02] FASTIFY: request completed
[09/08/2026 21:33:02] FASTIFY: incoming request
[09/08/2026 21:33:02] Xayling GET /miele/token
[09/08/2026 21:33:02] FASTIFY: request completed
[09/08/2026 21:33:02] FASTIFY: request completed
[09/08/2026 21:33:02] FASTIFY: incoming request
[09/08/2026 21:33:02] Xayling GET /miele/devices
[09/08/2026 21:33:02] FASTIFY: request completed
[09/08/2026 21:35:00] SID RgTCEvXrAwLr4tXv
[09/08/2026 21:35:05] SID nKyEh1MTLlRTa2MG
[09/08/2026 21:38:31] FASTIFY: incoming request
[09/08/2026 21:38:31] Xayling POST /miele/list
[09/08/2026 21:38:31] FASTIFY: incoming request
[09/08/2026 21:38:31] Xayling GET /mbtoday
[09/08/2026 21:38:31] FASTIFY: incoming request
[09/08/2026 21:38:31] FASTIFY: request completed
[09/08/2026 21:38:31] FASTIFY: incoming request
[09/08/2026 21:38:31] Xayling GET /miele/token
[09/08/2026 21:38:31] FASTIFY: request completed
[09/08/2026 21:38:31] FASTIFY: request completed
[09/08/2026 21:38:31] FASTIFY: incoming request
[09/08/2026 21:38:31] Xayling GET /miele/devices
[09/08/2026 21:38:31] FASTIFY: request completed
[09/08/2026 21:38:31] FASTIFY: request completed
[09/08/2026 21:40:00] SID nKyEh1MTLlRTa2MG
[09/08/2026 21:40:03] SID vo_yFUEIp1XI3XEf
[09/08/2026 21:43:02] FASTIFY: incoming request
[09/08/2026 21:43:02] FASTIFY: incoming request
[09/08/2026 21:43:02] Xayling GET /mbtoday
[09/08/2026 21:43:02] FASTIFY: incoming request
[09/08/2026 21:43:02] Xayling POST /miele/list
[09/08/2026 21:43:02] FASTIFY: request completed
[09/08/2026 21:43:02] FASTIFY: request completed
[09/08/2026 21:43:02] FASTIFY: incoming request
[09/08/2026 21:43:02] Xayling GET /miele/token
[09/08/2026 21:43:02] FASTIFY: request completed
[09/08/2026 21:43:02] FASTIFY: request completed
[09/08/2026 21:43:02] FASTIFY: incoming request
[09/08/2026 21:43:02] Xayling GET /miele/devices
[09/08/2026 21:43:02] FASTIFY: request completed
[09/08/2026 21:45:00] SID vo_yFUEIp1XI3XEf
[09/08/2026 21:45:03] SID C3IvNjaeyULehiKt
[09/08/2026 21:48:31] FASTIFY: incoming request
[09/08/2026 21:48:31] Xayling POST /miele/list
[09/08/2026 21:48:31] FASTIFY: incoming request
[09/08/2026 21:48:31] Xayling GET /mbtoday
[09/08/2026 21:48:31] FASTIFY: incoming request
[09/08/2026 21:48:31] FASTIFY: incoming request
[09/08/2026 21:48:31] Xayling GET /miele/token
[09/08/2026 21:48:31] FASTIFY: request completed
[09/08/2026 21:48:31] FASTIFY: request completed
[09/08/2026 21:48:31] FASTIFY: request completed
[09/08/2026 21:48:31] FASTIFY: request completed
[09/08/2026 21:48:31] FASTIFY: incoming request
[09/08/2026 21:48:31] Xayling GET /miele/devices
[09/08/2026 21:48:31] FASTIFY: request completed
[09/08/2026 21:50:00] SID C3IvNjaeyULehiKt
[09/08/2026 21:50:01] SID NZ89oeiHvA9HHfS0
[09/08/2026 21:53:02] FASTIFY: incoming request
[09/08/2026 21:53:02] Xayling POST /miele/list
[09/08/2026 21:53:02] FASTIFY: incoming request
[09/08/2026 21:53:02] Xayling GET /mbtoday
[09/08/2026 21:53:02] FASTIFY: incoming request
[09/08/2026 21:53:02] FASTIFY: request completed
[09/08/2026 21:53:02] FASTIFY: request completed
[09/08/2026 21:53:02] FASTIFY: request completed
[09/08/2026 21:53:02] FASTIFY: incoming request
[09/08/2026 21:53:02] Xayling GET /miele/token
[09/08/2026 21:53:02] FASTIFY: request completed
[09/08/2026 21:53:02] FASTIFY: incoming request
[09/08/2026 21:53:02] Xayling GET /miele/devices
[09/08/2026 21:53:02] FASTIFY: request completed
[09/08/2026 21:55:00] SID NZ89oeiHvA9HHfS0
[09/08/2026 21:55:03] SID iDTAdhIKmUSKzjIJ
[09/08/2026 21:56:23] FASTIFY: incoming request
[09/08/2026 21:56:23] FASTIFY: incoming request
[09/08/2026 21:56:23] Parents GET /clim/status
[09/08/2026 21:56:23] FASTIFY: request completed
[09/08/2026 21:56:25] FASTIFY: incoming request
[09/08/2026 21:56:25] Parents POST /miele/list
[09/08/2026 21:56:25] FASTIFY: request completed
[09/08/2026 21:56:25] FASTIFY: incoming request
[09/08/2026 21:56:25] FASTIFY: request completed
[09/08/2026 21:56:25] FASTIFY: incoming request
[09/08/2026 21:56:25] Parents GET /mbtoday
[09/08/2026 21:56:25] FASTIFY: incoming request
[09/08/2026 21:56:25] Parents GET /miele/token
[09/08/2026 21:56:25] FASTIFY: request completed
[09/08/2026 21:56:25] FASTIFY: request completed
[09/08/2026 21:56:26] FASTIFY: incoming request
[09/08/2026 21:56:26] Parents GET /miele/devices
[09/08/2026 21:56:26] FASTIFY: request completed
[09/08/2026 21:56:26] FASTIFY: request completed
[09/08/2026 21:56:28] FASTIFY: incoming request
[09/08/2026 21:56:28] Parents GET /miele/devices/:deviceId
[09/08/2026 21:56:28] FASTIFY: incoming request
[09/08/2026 21:56:28] Parents GET /miele/devices/:deviceId/programs
[09/08/2026 21:56:29] FASTIFY: request completed
[09/08/2026 21:56:29] FASTIFY: request completed
[09/08/2026 21:56:34] FASTIFY: incoming request
[09/08/2026 21:56:34] Parents PUT /miele/devices/:deviceId/programs
[09/08/2026 21:56:34] FASTIFY: request completed
[09/08/2026 21:56:34] FASTIFY: incoming request
[09/08/2026 21:56:34] Parents GET /miele/devices/:deviceId
[09/08/2026 21:56:34] FASTIFY: incoming request
[09/08/2026 21:56:34] Parents GET /miele/devices/:deviceId/programs
[09/08/2026 21:56:34] FASTIFY: request completed
[09/08/2026 21:56:35] FASTIFY: request completed
[09/08/2026 21:56:59] FASTIFY: incoming request
[09/08/2026 21:56:59] Parents GET /miele/devices/:deviceId/programs
[09/08/2026 21:56:59] FASTIFY: incoming request
[09/08/2026 21:56:59] Parents GET /miele/devices/:deviceId
[09/08/2026 21:56:59] FASTIFY: request completed
[09/08/2026 21:56:59] FASTIFY: request completed
[09/08/2026 21:57:29] FASTIFY: incoming request
[09/08/2026 21:57:29] Parents GET /miele/devices/:deviceId
[09/08/2026 21:57:29] FASTIFY: incoming request
[09/08/2026 21:57:29] Parents GET /miele/devices/:deviceId/programs
[09/08/2026 21:57:29] FASTIFY: request completed
[09/08/2026 21:57:29] FASTIFY: request completed
[09/08/2026 21:57:59] FASTIFY: incoming request
[09/08/2026 21:57:59] Parents GET /miele/devices/:deviceId/programs
[09/08/2026 21:57:59] FASTIFY: incoming request
[09/08/2026 21:57:59] Parents GET /miele/devices/:deviceId
[09/08/2026 21:57:59] FASTIFY: request completed
[09/08/2026 21:57:59] FASTIFY: request completed
[09/08/2026 21:58:28] FASTIFY: incoming request
[09/08/2026 21:58:28] Parents GET /miele/devices/:deviceId
[09/08/2026 21:58:28] FASTIFY: incoming request
[09/08/2026 21:58:28] Parents GET /miele/devices/:deviceId/programs
[09/08/2026 21:58:29] FASTIFY: request completed
[09/08/2026 21:58:29] FASTIFY: request completed
[09/08/2026 21:58:58] FASTIFY: incoming request
[09/08/2026 21:58:58] Parents GET /miele/devices/:deviceId/programs
[09/08/2026 21:58:58] FASTIFY: incoming request
[09/08/2026 21:58:58] Parents GET /miele/devices/:deviceId
[09/08/2026 21:58:59] FASTIFY: request completed
[09/08/2026 21:58:59] FASTIFY: request completed
[09/08/2026 21:59:28] FASTIFY: incoming request
[09/08/2026 21:59:28] Parents GET /miele/devices/:deviceId
[09/08/2026 21:59:28] FASTIFY: incoming request
[09/08/2026 21:59:28] Parents GET /miele/devices/:deviceId/programs
[09/08/2026 21:59:29] FASTIFY: request completed
[09/08/2026 21:59:29] FASTIFY: request completed
[09/08/2026 21:59:59] FASTIFY: incoming request
[09/08/2026 21:59:59] Parents GET /miele/devices/:deviceId/programs
[09/08/2026 21:59:59] FASTIFY: incoming request
[09/08/2026 21:59:59] Parents GET /miele/devices/:deviceId
[09/08/2026 21:59:59] FASTIFY: request completed
[09/08/2026 21:59:59] FASTIFY: request completed
[09/08/2026 22:00:00] SID iDTAdhIKmUSKzjIJ
[09/08/2026 22:00:08] SID qCbgOBcu4bDulB8N
[09/08/2026 22:00:28] FASTIFY: incoming request
[09/08/2026 22:00:28] Parents GET /miele/devices/:deviceId
[09/08/2026 22:00:28] FASTIFY: incoming request
[09/08/2026 22:00:28] Parents GET /miele/devices/:deviceId/programs
[09/08/2026 22:00:29] FASTIFY: request completed
[09/08/2026 22:00:29] FASTIFY: request completed
[09/08/2026 22:00:31] FASTIFY: incoming request
[09/08/2026 22:00:31] Xayling POST /miele/list
[09/08/2026 22:00:31] FASTIFY: incoming request
[09/08/2026 22:00:31] Xayling GET /mbtoday
[09/08/2026 22:00:31] FASTIFY: incoming request
[09/08/2026 22:00:31] FASTIFY: incoming request
[09/08/2026 22:00:31] Xayling GET /miele/token
[09/08/2026 22:00:31] FASTIFY: request completed
[09/08/2026 22:00:31] FASTIFY: request completed
[09/08/2026 22:00:31] FASTIFY: request completed
[09/08/2026 22:00:31] FASTIFY: request completed
[09/08/2026 22:00:31] FASTIFY: incoming request
[09/08/2026 22:00:31] Xayling GET /miele/devices
[09/08/2026 22:00:31] FASTIFY: request completed
[09/08/2026 22:00:59] FASTIFY: incoming request
[09/08/2026 22:00:59] Parents GET /miele/devices/:deviceId
[09/08/2026 22:00:59] FASTIFY: incoming request
[09/08/2026 22:00:59] Parents GET /miele/devices/:deviceId/programs
[09/08/2026 22:00:59] FASTIFY: request completed
[09/08/2026 22:00:59] FASTIFY: request completed
[09/08/2026 22:01:28] FASTIFY: incoming request
[09/08/2026 22:01:28] Parents GET /miele/devices/:deviceId/programs
[09/08/2026 22:01:28] FASTIFY: incoming request
[09/08/2026 22:01:28] Parents GET /miele/devices/:deviceId
[09/08/2026 22:01:29] FASTIFY: request completed
[09/08/2026 22:01:29] FASTIFY: request completed
[09/08/2026 22:01:33] FASTIFY: incoming request
[09/08/2026 22:01:33] FASTIFY: incoming request
[09/08/2026 22:01:33] Parents POST /miele/list
[09/08/2026 22:01:33] FASTIFY: incoming request
[09/08/2026 22:01:33] Parents GET /mbtoday
[09/08/2026 22:01:33] FASTIFY: incoming request
[09/08/2026 22:01:33] Parents GET /miele/token
[09/08/2026 22:01:33] FASTIFY: request completed
[09/08/2026 22:01:33] FASTIFY: request completed
[09/08/2026 22:01:33] FASTIFY: request completed
[09/08/2026 22:01:33] FASTIFY: request completed
[09/08/2026 22:01:33] FASTIFY: incoming request
[09/08/2026 22:01:33] Parents GET /miele/devices
[09/08/2026 22:01:33] FASTIFY: request completed
[09/08/2026 22:01:50] FASTIFY: Stopping Solar's_Cam platform
[09/08/2026 22:01:50] FASTIFY: Solar's_Cam platform stopped
[09/08/2026 22:01:53] Weather : Already got data
[09/08/2026 22:01:53] FASTIFY: Server listening at http://127.0.0.1:3000
[09/08/2026 22:01:53] FASTIFY: Server listening at http://172.24.0.5:3000
[09/08/2026 22:01:56] Clim connectée: 31885837213310 | temp: 24.0 °C
[09/08/2026 22:02:20] FASTIFY: incoming request
[09/08/2026 22:02:20] Parents POST /miele/list
[09/08/2026 22:02:20] FASTIFY: incoming request
[09/08/2026 22:02:20] FASTIFY: incoming request
[09/08/2026 22:02:20] Parents GET /mbtoday
[09/08/2026 22:02:20] FASTIFY: incoming request
[09/08/2026 22:02:20] Parents GET /miele/token
[09/08/2026 22:02:20] FASTIFY: request completed
[09/08/2026 22:02:20] FASTIFY: request completed
[09/08/2026 22:02:20] FASTIFY: request completed
[09/08/2026 22:02:20] FASTIFY: request completed
[09/08/2026 22:02:20] FASTIFY: incoming request
[09/08/2026 22:02:20] Parents GET /miele/devices
[09/08/2026 22:02:20] FASTIFY: request completed
[09/08/2026 22:02:33] FASTIFY: Stopping Solar's_Cam platform
[09/08/2026 22:02:33] FASTIFY: Solar's_Cam platform stopped
[09/08/2026 22:02:34] Weather : Already got data
[09/08/2026 22:02:34] FASTIFY: Server listening at http://127.0.0.1:3000
[09/08/2026 22:02:34] FASTIFY: Server listening at http://172.24.0.5:3000
[09/08/2026 22:02:37] FASTIFY: Stopping Solar's_Cam platform
[09/08/2026 22:02:37] Clim inaccessible au démarrage: Command failed: midea-beautiful-air-cli status --ip 192.168.0.205 --key 0b1ea4216f9a4cc18fe278186db1445b63f468cc609e4a87a7e329914f0f54dc --token 57990FD6230F4A418DA83F3CB4D45D8D0D366950C87A767EB118D03070E9796956D15D3B31892DDEFA028E9104D0EDCD1720B79C96BE17C810D530A0510632CE

[09/08/2026 22:02:37] FASTIFY: Solar's_Cam platform stopped
[09/08/2026 22:02:38] Weather : Already got data
[09/08/2026 22:02:38] FASTIFY: Server listening at http://127.0.0.1:3000
[09/08/2026 22:02:38] FASTIFY: Server listening at http://172.24.0.5:3000
[09/08/2026 22:02:41] Clim connectée: 31885837213310 | temp: 24.0 °C
[09/08/2026 22:05:00] SID null
[09/08/2026 22:05:01] SID OgVaHT2mz8rmGRmv
[09/08/2026 22:05:02] FASTIFY: incoming request
[09/08/2026 22:05:02] Xayling GET /miele/token
[09/08/2026 22:05:02] FASTIFY: incoming request
[09/08/2026 22:05:02] Xayling POST /miele/list
[09/08/2026 22:05:02] FASTIFY: incoming request
[09/08/2026 22:05:02] Xayling GET /mbtoday
[09/08/2026 22:05:02] FASTIFY: incoming request
[09/08/2026 22:05:02] FASTIFY: request completed
[09/08/2026 22:05:02] FASTIFY: request completed
[09/08/2026 22:05:02] FASTIFY: request completed
[09/08/2026 22:05:02] FASTIFY: request completed
[09/08/2026 22:05:02] FASTIFY: incoming request
[09/08/2026 22:05:02] Xayling GET /miele/devices
[09/08/2026 22:05:02] FASTIFY: request completed
[09/08/2026 22:06:13] FASTIFY: incoming request
[09/08/2026 22:06:13] Xayling GET /clim/status
[09/08/2026 22:06:13] FASTIFY: incoming request
[09/08/2026 22:06:13] FASTIFY: request completed
[09/08/2026 22:06:15] FASTIFY: request completed
[09/08/2026 22:06:56] FASTIFY: incoming request
[09/08/2026 22:06:56] Xayling GET /clim/status
[09/08/2026 22:06:59] FASTIFY: request completed
[09/08/2026 22:07:06] FASTIFY: incoming request
[09/08/2026 22:07:06] Xayling GET /clim/status
[09/08/2026 22:07:12] FASTIFY: request completed
[09/08/2026 22:07:16] FASTIFY: incoming request
[09/08/2026 22:07:16] Xayling GET /clim/status
[09/08/2026 22:07:18] FASTIFY: request completed
[09/08/2026 22:07:26] FASTIFY: incoming request
[09/08/2026 22:07:26] Xayling GET /clim/status
[09/08/2026 22:07:29] FASTIFY: request completed
[09/08/2026 22:07:36] FASTIFY: incoming request
[09/08/2026 22:07:36] Xayling GET /clim/status
[09/08/2026 22:07:38] FASTIFY: request completed
[09/08/2026 22:07:46] FASTIFY: incoming request
[09/08/2026 22:07:46] Xayling GET /clim/status
[09/08/2026 22:07:48] FASTIFY: request completed
[09/08/2026 22:07:56] FASTIFY: incoming request
[09/08/2026 22:07:56] Xayling GET /clim/status
[09/08/2026 22:07:58] FASTIFY: request completed
[09/08/2026 22:08:29] FASTIFY: incoming request
[09/08/2026 22:08:29] Parents GET /mbtoday
[09/08/2026 22:08:29] FASTIFY: incoming request
[09/08/2026 22:08:29] Parents POST /miele/list
[09/08/2026 22:08:29] FASTIFY: incoming request
[09/08/2026 22:08:29] FASTIFY: incoming request
[09/08/2026 22:08:29] Parents GET /miele/token
[09/08/2026 22:08:29] FASTIFY: request completed
[09/08/2026 22:08:29] FASTIFY: request completed
[09/08/2026 22:08:29] FASTIFY: request completed
[09/08/2026 22:08:29] FASTIFY: request completed
[09/08/2026 22:08:31] FASTIFY: incoming request
[09/08/2026 22:08:31] Xayling GET /clim/status
[09/08/2026 22:08:33] FASTIFY: incoming request
[09/08/2026 22:08:33] Parents GET /miele/devices
[09/08/2026 22:08:33] FASTIFY: request completed
[09/08/2026 22:08:33] FASTIFY: request completed
[09/08/2026 22:09:26] FASTIFY: incoming request
[09/08/2026 22:09:26] FASTIFY: incoming request
[09/08/2026 22:09:26] Parents POST /miele/list
[09/08/2026 22:09:26] FASTIFY: incoming request
[09/08/2026 22:09:26] Parents GET /mbtoday
[09/08/2026 22:09:26] FASTIFY: incoming request
[09/08/2026 22:09:26] Parents GET /miele/token
[09/08/2026 22:09:26] FASTIFY: request completed
[09/08/2026 22:09:26] FASTIFY: request completed
[09/08/2026 22:09:26] FASTIFY: request completed
[09/08/2026 22:09:26] FASTIFY: request completed
[09/08/2026 22:09:30] FASTIFY: incoming request
[09/08/2026 22:09:30] Parents GET /miele/devices
[09/08/2026 22:09:30] FASTIFY: request completed
[09/08/2026 22:09:31] FASTIFY: incoming request
[09/08/2026 22:09:31] Xayling GET /clim/status
[09/08/2026 22:09:34] FASTIFY: request completed
[09/08/2026 22:10:00] SID OgVaHT2mz8rmGRmv
[09/08/2026 22:10:03] SID YjUe7LLHSPYHCLrg
[09/08/2026 22:10:27] FASTIFY: incoming request
[09/08/2026 22:10:27] Parents GET /miele/token
[09/08/2026 22:10:27] FASTIFY: incoming request
[09/08/2026 22:10:27] Parents GET /mbtoday
[09/08/2026 22:10:27] FASTIFY: incoming request
[09/08/2026 22:10:27] Parents POST /miele/list
[09/08/2026 22:10:27] FASTIFY: incoming request
[09/08/2026 22:10:27] FASTIFY: request completed
[09/08/2026 22:10:27] FASTIFY: request completed
[09/08/2026 22:10:27] FASTIFY: request completed
[09/08/2026 22:10:27] FASTIFY: request completed
[09/08/2026 22:10:30] FASTIFY: incoming request
[09/08/2026 22:10:30] Parents GET /miele/devices
[09/08/2026 22:10:30] FASTIFY: request completed
[09/08/2026 22:10:31] FASTIFY: incoming request
[09/08/2026 22:10:31] Xayling GET /clim/status
[09/08/2026 22:10:34] FASTIFY: request completed
[09/08/2026 22:10:39] FASTIFY: incoming request
[09/08/2026 22:10:39] Xayling GET /clim/status
[09/08/2026 22:10:42] FASTIFY: request completed
[09/08/2026 22:10:46] FASTIFY: incoming request
[09/08/2026 22:10:46] Xayling GET /clim/status
[09/08/2026 22:10:48] FASTIFY: request completed
[09/08/2026 22:10:55] FASTIFY: incoming request
[09/08/2026 22:10:55] Xayling GET /clim/status
[09/08/2026 22:10:58] FASTIFY: request completed
[09/08/2026 22:11:06] FASTIFY: incoming request
[09/08/2026 22:11:06] Xayling GET /clim/status
[09/08/2026 22:11:08] FASTIFY: request completed
[09/08/2026 22:11:16] FASTIFY: incoming request
[09/08/2026 22:11:16] Xayling GET /clim/status
[09/08/2026 22:11:18] FASTIFY: request completed
[09/08/2026 22:11:26] FASTIFY: incoming request
[09/08/2026 22:11:26] Xayling GET /clim/status
[09/08/2026 22:11:29] FASTIFY: request completed
[09/08/2026 22:11:36] FASTIFY: incoming request
[09/08/2026 22:11:36] Xayling GET /clim/status
[09/08/2026 22:11:39] FASTIFY: request completed
[09/08/2026 22:11:46] FASTIFY: incoming request
[09/08/2026 22:11:46] Xayling GET /clim/status
[09/08/2026 22:11:49] FASTIFY: request completed
[09/08/2026 22:11:56] FASTIFY: incoming request
[09/08/2026 22:11:56] Xayling GET /clim/status
[09/08/2026 22:11:59] FASTIFY: request completed
[09/08/2026 22:12:31] FASTIFY: incoming request
[09/08/2026 22:12:31] Xayling GET /clim/status
[09/08/2026 22:12:34] FASTIFY: request completed
[09/08/2026 22:13:31] FASTIFY: incoming request
[09/08/2026 22:13:31] Xayling GET /clim/status
[09/08/2026 22:13:33] FASTIFY: request completed
[09/08/2026 22:14:31] FASTIFY: incoming request
[09/08/2026 22:14:31] Xayling GET /clim/status
[09/08/2026 22:14:31] FASTIFY: incoming request
[09/08/2026 22:14:31] FASTIFY: incoming request
[09/08/2026 22:14:31] Xayling GET /clim/status
[09/08/2026 22:14:32] FASTIFY: request completed
[09/08/2026 22:14:39] FASTIFY: request completed
[09/08/2026 22:14:42] FASTIFY: incoming request
[09/08/2026 22:14:42] Xayling GET /clim/status
[09/08/2026 22:14:44] FASTIFY: request completed
[09/08/2026 22:14:52] FASTIFY: incoming request
[09/08/2026 22:14:52] Xayling GET /clim/status
[09/08/2026 22:15:00] SID YjUe7LLHSPYHCLrg
[09/08/2026 22:15:01] SID Y1KnbJTkoNCkOJjI
[09/08/2026 22:15:02] FASTIFY: request completed
[09/08/2026 22:15:03] FASTIFY: incoming request
[09/08/2026 22:15:03] Xayling GET /clim/status
[09/08/2026 22:15:05] FASTIFY: request completed
[09/08/2026 22:15:12] FASTIFY: incoming request
[09/08/2026 22:15:12] Xayling GET /clim/status
[09/08/2026 22:15:15] FASTIFY: request completed
[09/08/2026 22:15:22] FASTIFY: incoming request
[09/08/2026 22:15:22] Xayling GET /clim/status
[09/08/2026 22:15:25] FASTIFY: request completed
[09/08/2026 22:15:31] FASTIFY: incoming request
[09/08/2026 22:15:31] Xayling GET /clim/status
[09/08/2026 22:15:35] FASTIFY: request completed
[09/08/2026 22:20:32] Weather : Already got data
[09/08/2026 22:20:32] FASTIFY: Server listening at http://127.0.0.1:3000
[09/08/2026 22:20:32] FASTIFY: Server listening at http://172.24.0.5:3000
[09/08/2026 22:20:36] Clim connectée: 31885837213310 | temp: 24.0 °C
[09/08/2026 22:24:26] FASTIFY: incoming request
[09/08/2026 22:24:26] FASTIFY: request completed
[09/08/2026 22:24:26] FASTIFY: incoming request
[09/08/2026 22:24:26] Parents POST /miele/list
[09/08/2026 22:24:26] FASTIFY: incoming request
[09/08/2026 22:24:26] Parents GET /mbtoday
[09/08/2026 22:24:26] FASTIFY: request completed
[09/08/2026 22:24:26] FASTIFY: incoming request
[09/08/2026 22:24:26] Parents GET /miele/token
[09/08/2026 22:24:26] FASTIFY: request completed
[09/08/2026 22:24:26] FASTIFY: request completed
[09/08/2026 22:24:26] FASTIFY: incoming request
[09/08/2026 22:24:26] Parents GET /miele/devices
[09/08/2026 22:24:27] FASTIFY: request completed
[09/08/2026 22:24:29] FASTIFY: incoming request
[09/08/2026 22:24:29] Parents POST /miele/list
[09/08/2026 22:24:29] FASTIFY: incoming request
[09/08/2026 22:24:29] FASTIFY: incoming request
[09/08/2026 22:24:29] Parents GET /mbtoday
[09/08/2026 22:24:29] FASTIFY: incoming request
[09/08/2026 22:24:29] Parents GET /miele/token
[09/08/2026 22:24:29] FASTIFY: request completed
[09/08/2026 22:24:29] FASTIFY: request completed
[09/08/2026 22:24:29] FASTIFY: request completed
[09/08/2026 22:24:29] FASTIFY: request completed
[09/08/2026 22:24:29] FASTIFY: incoming request
[09/08/2026 22:24:29] Parents GET /miele/devices
[09/08/2026 22:24:29] FASTIFY: request completed
[09/08/2026 22:25:00] SID null
[09/08/2026 22:25:02] SID fyTD3U__i8k_dUvT
[09/08/2026 22:30:00] SID fyTD3U__i8k_dUvT
[09/08/2026 22:30:05] SID MEGUxZGtskQtXZGC
[09/08/2026 22:35:00] SID MEGUxZGtskQtXZGC
[09/08/2026 22:35:02] SID yK6k5j95UHo5DgNg
[09/08/2026 22:40:00] SID yK6k5j95UHo5DgNg
[09/08/2026 22:40:02] SID 3QalL3VSGMLSs2ls
[09/08/2026 22:45:00] SID 3QalL3VSGMLSs2ls
[09/08/2026 22:45:03] SID IvnSnLKj0-ZjqJqn
[09/08/2026 22:50:00] SID IvnSnLKj0-ZjqJqn
[09/08/2026 22:50:01] SID Jp-2EPy6Twr6MMSv
[09/08/2026 22:55:00] SID Jp-2EPy6Twr6MMSv
[09/08/2026 22:55:08] SID aAc80C3lqzsl-BXz
[09/08/2026 23:00:00] SID aAc80C3lqzsl-BXz
[09/08/2026 23:00:05] SID FulaY_e6OAK6D8eo
[09/08/2026 23:05:00] SID FulaY_e6OAK6D8eo
[09/08/2026 23:05:02] SID BI94WuGCs6eCjv27
[09/08/2026 23:10:00] SID BI94WuGCs6eCjv27
[09/08/2026 23:10:04] SID kybjn6MVQ8dV46s3
[09/08/2026 23:15:00] SID kybjn6MVQ8dV46s3
[09/08/2026 23:15:03] SID dpyGpczM9HlMefDU
[09/08/2026 23:20:00] SID dpyGpczM9HlMefDU
[09/08/2026 23:20:01] SID PjXSOVqG4ZzG1X6N
[09/08/2026 23:25:00] SID PjXSOVqG4ZzG1X6N
[09/08/2026 23:25:03] SID zRVZwkB-7hU-IkRS
[09/08/2026 23:30:00] SID zRVZwkB-7hU-IkRS
[09/08/2026 23:35:00] SID zRVZwkB-7hU-IkRS
[09/08/2026 23:35:00] SID NSVZUeOuQzeuKde7
[09/08/2026 23:40:00] SID NSVZUeOuQzeuKde7
[09/08/2026 23:40:01] SID 8kFaMYFRoTXR3aVd
[09/08/2026 23:45:00] SID 8kFaMYFRoTXR3aVd
[09/08/2026 23:45:00] SID jCbg-l8dsZgdDm8B
[09/08/2026 23:50:00] SID jCbg-l8dsZgdDm8B
[09/08/2026 23:50:02] SID L57jMFyr0SjrZFSN
[09/08/2026 23:55:20] FASTIFY: incoming request
[09/08/2026 23:55:21] Xayling GET /clim/status
[09/08/2026 23:55:21] FASTIFY: incoming request
[09/08/2026 23:55:21] FASTIFY: request completed
[09/08/2026 23:55:32] FASTIFY: request completed
[09/08/2026 23:55:32] FASTIFY: incoming request
[09/08/2026 23:55:32] Xayling GET /clim/status
[09/08/2026 23:55:35] FASTIFY: request completed
[09/08/2026 23:55:40] FASTIFY: incoming request
[09/08/2026 23:55:40] Xayling GET /clim/status
[09/08/2026 23:55:44] FASTIFY: request completed
[09/08/2026 23:55:50] FASTIFY: incoming request
[09/08/2026 23:55:50] Xayling GET /clim/status
[09/08/2026 23:55:53] FASTIFY: request completed
[09/08/2026 23:56:00] FASTIFY: incoming request
[09/08/2026 23:56:00] Xayling GET /clim/status
[09/08/2026 23:56:01] FASTIFY: incoming request
[09/08/2026 23:56:01] Parents GET /clim/status
[09/08/2026 23:56:01] FASTIFY: incoming request
[09/08/2026 23:56:01] FASTIFY: request completed
[09/08/2026 23:56:05] FASTIFY: request completed
[09/08/2026 23:56:07] FASTIFY: request completed
[09/08/2026 23:56:10] FASTIFY: incoming request
[09/08/2026 23:56:10] Xayling GET /clim/status
[09/08/2026 23:56:11] FASTIFY: incoming request
[09/08/2026 23:56:11] Parents GET /clim/status
[09/08/2026 23:56:15] FASTIFY: request completed
[09/08/2026 23:56:17] FASTIFY: request completed
[09/08/2026 23:56:20] FASTIFY: incoming request
[09/08/2026 23:56:20] Xayling GET /clim/status
[09/08/2026 23:56:21] FASTIFY: incoming request
[09/08/2026 23:56:21] Parents GET /clim/status
[09/08/2026 23:56:24] FASTIFY: request completed
[09/08/2026 23:56:24] FASTIFY: request completed
[09/08/2026 23:56:30] FASTIFY: incoming request
[09/08/2026 23:56:30] Xayling GET /clim/status
[09/08/2026 23:56:31] FASTIFY: incoming request
[09/08/2026 23:56:31] Parents GET /clim/status
[09/08/2026 23:56:38] FASTIFY: request completed
[09/08/2026 23:56:40] FASTIFY: incoming request
[09/08/2026 23:56:40] FASTIFY: incoming request
[09/08/2026 23:56:40] Parents POST /miele/list
[09/08/2026 23:56:40] FASTIFY: incoming request
[09/08/2026 23:56:40] Parents GET /mbtoday
[09/08/2026 23:56:40] FASTIFY: request completed
[09/08/2026 23:56:40] FASTIFY: incoming request
[09/08/2026 23:56:40] Parents GET /miele/token
[09/08/2026 23:56:40] FASTIFY: request completed
[09/08/2026 23:56:40] FASTIFY: request completed
[09/08/2026 23:56:40] FASTIFY: request completed
[09/08/2026 23:56:40] FASTIFY: incoming request
[09/08/2026 23:56:40] Parents GET /miele/devices
[09/08/2026 23:56:40] FASTIFY: request completed
[09/08/2026 23:56:40] FASTIFY: incoming request
[09/08/2026 23:56:40] Xayling GET /clim/status
[09/08/2026 23:56:44] FASTIFY: incoming request
[09/08/2026 23:56:44] FASTIFY: incoming request
[09/08/2026 23:56:44] Parents GET /clim/status
[09/08/2026 23:56:44] FASTIFY: request completed
[09/08/2026 23:56:47] FASTIFY: request completed
[09/08/2026 23:56:52] FASTIFY: request completed
[09/08/2026 23:56:52] FASTIFY: incoming request
[09/08/2026 23:56:52] Xayling GET /clim/status
[09/08/2026 23:56:54] FASTIFY: incoming request
[09/08/2026 23:56:54] Parents GET /clim/status
[09/08/2026 23:56:55] FASTIFY: request completed
[09/08/2026 23:57:00] FASTIFY: incoming request
[09/08/2026 23:57:00] Xayling GET /clim/status
[09/08/2026 23:57:03] FASTIFY: request completed
[09/08/2026 23:57:06] FASTIFY: err is not defined
[09/08/2026 23:57:06] FASTIFY: request completed
[09/08/2026 23:57:06] FASTIFY: incoming request
[09/08/2026 23:57:06] Parents GET /clim/status
[09/08/2026 23:57:09] FASTIFY: request completed
[09/08/2026 23:57:10] FASTIFY: incoming request
[09/08/2026 23:57:10] Xayling GET /clim/status
[09/08/2026 23:57:13] FASTIFY: request completed
[09/08/2026 23:57:14] FASTIFY: incoming request
[09/08/2026 23:57:14] Parents GET /clim/status
[09/08/2026 23:57:17] FASTIFY: request completed
[09/08/2026 23:57:20] FASTIFY: incoming request
[09/08/2026 23:57:20] Xayling GET /clim/status
[09/08/2026 23:57:24] FASTIFY: incoming request
[09/08/2026 23:57:24] Parents GET /clim/status
[09/08/2026 23:57:27] FASTIFY: request completed
[09/08/2026 23:57:29] FASTIFY: request completed
[09/08/2026 23:57:30] FASTIFY: incoming request
[09/08/2026 23:57:30] FASTIFY: incoming request
[09/08/2026 23:57:30] Xayling GET /mbtoday
[09/08/2026 23:57:30] FASTIFY: incoming request
[09/08/2026 23:57:30] Xayling POST /miele/list
[09/08/2026 23:57:30] FASTIFY: incoming request
[09/08/2026 23:57:30] Xayling GET /miele/token
[09/08/2026 23:57:30] FASTIFY: request completed
[09/08/2026 23:57:30] FASTIFY: request completed
[09/08/2026 23:57:30] FASTIFY: request completed
[09/08/2026 23:57:30] FASTIFY: request completed
[09/08/2026 23:57:30] FASTIFY: incoming request
[09/08/2026 23:57:30] Xayling GET /miele/devices
[09/08/2026 23:57:31] FASTIFY: request completed
[09/08/2026 23:57:33] FASTIFY: incoming request
[09/08/2026 23:57:33] Xayling GET /miele/devices/:deviceId
[09/08/2026 23:57:33] FASTIFY: incoming request
[09/08/2026 23:57:33] Xayling GET /miele/devices/:deviceId/programs
[09/08/2026 23:57:33] FASTIFY: request completed
[09/08/2026 23:57:33] FASTIFY: request completed
[09/08/2026 23:57:34] FASTIFY: incoming request
[09/08/2026 23:57:34] Parents GET /clim/status
[09/08/2026 23:57:37] FASTIFY: request completed
[09/08/2026 23:57:44] FASTIFY: incoming request
[09/08/2026 23:57:44] Parents GET /clim/status
[09/08/2026 23:57:47] FASTIFY: request completed
[09/08/2026 23:57:54] FASTIFY: incoming request
[09/08/2026 23:57:54] Parents GET /clim/status
[09/08/2026 23:57:56] FASTIFY: request completed
[09/08/2026 23:58:03] FASTIFY: incoming request
[09/08/2026 23:58:03] Xayling GET /miele/devices/:deviceId
[09/08/2026 23:58:03] FASTIFY: incoming request
[09/08/2026 23:58:03] Xayling GET /miele/devices/:deviceId/programs
[09/08/2026 23:58:03] FASTIFY: request completed
[09/08/2026 23:58:03] FASTIFY: request completed
[09/08/2026 23:58:04] FASTIFY: incoming request
[09/08/2026 23:58:04] Parents GET /clim/status
[09/08/2026 23:58:06] FASTIFY: request completed
[09/08/2026 23:58:07] FASTIFY: incoming request
[09/08/2026 23:58:07] Xayling GET /miele/devices/:deviceId
[09/08/2026 23:58:07] FASTIFY: incoming request
[09/08/2026 23:58:07] Xayling GET /miele/devices/:deviceId/programs
[09/08/2026 23:58:07] FASTIFY: request completed
[09/08/2026 23:58:07] FASTIFY: request completed
[09/08/2026 23:58:11] FASTIFY: incoming request
[09/08/2026 23:58:11] FASTIFY: incoming request
[09/08/2026 23:58:11] Xayling GET /mbtoday
[09/08/2026 23:58:11] FASTIFY: incoming request
[09/08/2026 23:58:11] Xayling POST /miele/list
[09/08/2026 23:58:11] FASTIFY: request completed
[09/08/2026 23:58:11] FASTIFY: incoming request
[09/08/2026 23:58:11] Xayling GET /miele/token
[09/08/2026 23:58:11] FASTIFY: request completed
[09/08/2026 23:58:11] FASTIFY: request completed
[09/08/2026 23:58:11] FASTIFY: request completed
[09/08/2026 23:58:11] FASTIFY: incoming request
[09/08/2026 23:58:11] Xayling GET /miele/devices
[09/08/2026 23:58:11] FASTIFY: request completed
[09/08/2026 23:58:14] FASTIFY: incoming request
[09/08/2026 23:58:14] Parents GET /clim/status
[09/08/2026 23:58:15] FASTIFY: incoming request
[09/08/2026 23:58:15] Xayling GET /miele/devices/:deviceId/programs
[09/08/2026 23:58:15] FASTIFY: incoming request
[09/08/2026 23:58:15] Xayling GET /miele/devices/:deviceId
[09/08/2026 23:58:15] FASTIFY: request completed
[09/08/2026 23:58:15] FASTIFY: request completed
[09/08/2026 23:58:17] FASTIFY: request completed
[09/08/2026 23:58:19] FASTIFY: incoming request
[09/08/2026 23:58:19] Xayling GET /miele/devices/:deviceId
[09/08/2026 23:58:19] FASTIFY: incoming request
[09/08/2026 23:58:19] Xayling GET /miele/devices/:deviceId/programs
[09/08/2026 23:58:19] FASTIFY: request completed
[09/08/2026 23:58:19] FASTIFY: request completed
[09/08/2026 23:58:24] FASTIFY: incoming request
[09/08/2026 23:58:24] Parents GET /clim/status
[09/08/2026 23:58:27] FASTIFY: request completed
[09/08/2026 23:58:34] FASTIFY: incoming request
[09/08/2026 23:58:34] Parents GET /clim/status
[09/08/2026 23:58:37] FASTIFY: request completed
[09/08/2026 23:58:44] FASTIFY: incoming request
[09/08/2026 23:58:44] Parents GET /clim/status
[09/08/2026 23:58:45] FASTIFY: incoming request
[09/08/2026 23:58:45] Xayling GET /miele/devices/:deviceId
[09/08/2026 23:58:45] FASTIFY: incoming request
[09/08/2026 23:58:45] Xayling GET /miele/devices/:deviceId/programs
[09/08/2026 23:58:45] FASTIFY: request completed
[09/08/2026 23:58:45] FASTIFY: request completed
[09/08/2026 23:58:55] FASTIFY: request completed
[09/08/2026 23:58:55] FASTIFY: incoming request
[09/08/2026 23:58:55] Parents GET /clim/status
[09/08/2026 23:58:57] FASTIFY: request completed
[09/08/2026 23:59:04] FASTIFY: incoming request
[09/08/2026 23:59:04] Parents GET /clim/status
[09/08/2026 23:59:07] FASTIFY: request completed
[09/08/2026 23:59:14] FASTIFY: incoming request
[09/08/2026 23:59:14] Parents GET /clim/status
[09/08/2026 23:59:15] FASTIFY: incoming request
[09/08/2026 23:59:15] Xayling GET /miele/devices/:deviceId
[09/08/2026 23:59:15] FASTIFY: incoming request
[09/08/2026 23:59:15] Xayling GET /miele/devices/:deviceId/programs
[09/08/2026 23:59:15] FASTIFY: request completed
[09/08/2026 23:59:15] FASTIFY: request completed
[09/08/2026 23:59:17] FASTIFY: request completed
[09/08/2026 23:59:24] FASTIFY: incoming request
[09/08/2026 23:59:24] Parents GET /clim/status
[09/08/2026 23:59:27] FASTIFY: request completed
[09/08/2026 23:59:34] FASTIFY: incoming request
[09/08/2026 23:59:34] Parents GET /clim/status
[09/08/2026 23:59:37] FASTIFY: request completed
[09/08/2026 23:59:44] FASTIFY: incoming request
[09/08/2026 23:59:44] Parents GET /clim/status
[09/08/2026 23:59:45] FASTIFY: incoming request
[09/08/2026 23:59:45] Xayling GET /miele/devices/:deviceId
[09/08/2026 23:59:45] FASTIFY: incoming request
[09/08/2026 23:59:45] Xayling GET /miele/devices/:deviceId/programs
[09/08/2026 23:59:45] FASTIFY: request completed
[09/08/2026 23:59:45] FASTIFY: request completed
[09/08/2026 23:59:47] FASTIFY: request completed
[09/08/2026 23:59:54] FASTIFY: incoming request
[09/08/2026 23:59:54] Parents GET /clim/status
[09/08/2026 23:59:57] FASTIFY: request completed
[10/08/2026 00:00:00] SID L57jMFyr0SjrZFSN
[10/08/2026 00:00:01] SID s1O3XbgcM-6cKagr
[10/08/2026 00:00:04] FASTIFY: incoming request
[10/08/2026 00:00:04] Parents GET /clim/status
[10/08/2026 00:00:07] FASTIFY: request completed
[10/08/2026 00:00:14] FASTIFY: incoming request
[10/08/2026 00:00:14] Parents GET /clim/status
[10/08/2026 00:00:15] FASTIFY: incoming request
[10/08/2026 00:00:15] Xayling GET /miele/devices/:deviceId
[10/08/2026 00:00:15] FASTIFY: incoming request
[10/08/2026 00:00:15] Xayling GET /miele/devices/:deviceId/programs
[10/08/2026 00:00:15] FASTIFY: request completed
[10/08/2026 00:00:15] FASTIFY: request completed
[10/08/2026 00:00:21] FASTIFY: request completed
[10/08/2026 00:00:23] FASTIFY: Stopping Solar's_Cam platform
[10/08/2026 00:00:23] FASTIFY: Solar's_Cam platform stopped
[10/08/2026 00:00:26] Weather : Already got data
[10/08/2026 00:00:26] FASTIFY: Server listening at http://127.0.0.1:3000
[10/08/2026 00:00:26] FASTIFY: Server listening at http://172.24.0.5:3000
[10/08/2026 00:00:34] Clim connectée: 31885837213310 | temp: 23.5 °C
[10/08/2026 00:00:34] FASTIFY: incoming request
[10/08/2026 00:00:34] Parents GET /clim/status
[10/08/2026 00:00:36] FASTIFY: request completed
[10/08/2026 00:00:44] FASTIFY: incoming request
[10/08/2026 00:00:44] Parents GET /clim/status
[10/08/2026 00:00:45] FASTIFY: incoming request
[10/08/2026 00:00:45] Xayling GET /miele/devices/:deviceId/programs
[10/08/2026 00:00:45] FASTIFY: incoming request
[10/08/2026 00:00:45] Xayling GET /miele/devices/:deviceId
[10/08/2026 00:00:45] FASTIFY: request completed
[10/08/2026 00:00:45] FASTIFY: request completed
[10/08/2026 00:00:46] FASTIFY: request completed
[10/08/2026 00:00:54] FASTIFY: incoming request
[10/08/2026 00:00:54] Parents GET /clim/status
[10/08/2026 00:00:58] FASTIFY: err is not defined
[10/08/2026 00:00:58] FASTIFY: request completed
[10/08/2026 00:01:04] FASTIFY: incoming request
[10/08/2026 00:01:04] Parents GET /clim/status
[10/08/2026 00:01:08] FASTIFY: err is not defined
[10/08/2026 00:01:08] FASTIFY: request completed
[10/08/2026 00:01:14] FASTIFY: incoming request
[10/08/2026 00:01:14] Parents GET /clim/status
[10/08/2026 00:01:15] FASTIFY: incoming request
[10/08/2026 00:01:15] Xayling GET /miele/devices/:deviceId
[10/08/2026 00:01:15] FASTIFY: incoming request
[10/08/2026 00:01:15] Xayling GET /miele/devices/:deviceId/programs
[10/08/2026 00:01:15] FASTIFY: request completed
[10/08/2026 00:01:15] FASTIFY: request completed
[10/08/2026 00:01:17] FASTIFY: request completed
[10/08/2026 00:01:24] FASTIFY: incoming request
[10/08/2026 00:01:24] Parents GET /clim/status
[10/08/2026 00:01:27] FASTIFY: request completed
[10/08/2026 00:01:34] FASTIFY: incoming request
[10/08/2026 00:01:34] Parents GET /clim/status
[10/08/2026 00:01:37] FASTIFY: request completed
[10/08/2026 00:01:44] FASTIFY: incoming request
[10/08/2026 00:01:44] Parents GET /clim/status
[10/08/2026 00:01:47] FASTIFY: request completed
[10/08/2026 00:01:54] FASTIFY: incoming request
[10/08/2026 00:01:54] Parents GET /clim/status
[10/08/2026 00:01:57] FASTIFY: request completed
[10/08/2026 00:01:58] FASTIFY: incoming request
[10/08/2026 00:01:58] Xayling GET /miele/devices/:deviceId/programs
[10/08/2026 00:01:58] FASTIFY: incoming request
[10/08/2026 00:01:58] Xayling GET /miele/devices/:deviceId
[10/08/2026 00:01:58] FASTIFY: request completed
[10/08/2026 00:01:58] FASTIFY: request completed
[10/08/2026 00:02:19] FASTIFY: incoming request
[10/08/2026 00:02:19] Parents GET /clim/status
[10/08/2026 00:02:22] FASTIFY: request completed
[10/08/2026 00:02:42] FASTIFY: incoming request
[10/08/2026 00:02:42] Xayling POST /miele/list
[10/08/2026 00:02:42] FASTIFY: incoming request
[10/08/2026 00:02:42] Xayling GET /mbtoday
[10/08/2026 00:02:42] FASTIFY: incoming request
[10/08/2026 00:02:42] FASTIFY: incoming request
[10/08/2026 00:02:42] Xayling GET /miele/token
[10/08/2026 00:02:42] FASTIFY: request completed
[10/08/2026 00:02:42] FASTIFY: request completed
[10/08/2026 00:02:42] FASTIFY: request completed
[10/08/2026 00:02:42] FASTIFY: request completed
[10/08/2026 00:02:42] FASTIFY: incoming request
[10/08/2026 00:02:42] Xayling GET /miele/devices
[10/08/2026 00:02:42] FASTIFY: request completed
[10/08/2026 00:02:53] FASTIFY: incoming request
[10/08/2026 00:02:53] Parents GET /clim/status
[10/08/2026 00:02:56] FASTIFY: request completed
[10/08/2026 00:03:34] FASTIFY: incoming request
[10/08/2026 00:03:34] Parents GET /clim/status
[10/08/2026 00:03:36] FASTIFY: request completed
[10/08/2026 00:03:45] FASTIFY: incoming request
[10/08/2026 00:03:45] FASTIFY: incoming request
[10/08/2026 00:03:45] Parents GET /clim/status
[10/08/2026 00:03:45] FASTIFY: request completed
[10/08/2026 00:03:49] FASTIFY: request completed
[10/08/2026 00:04:01] FASTIFY: incoming request
[10/08/2026 00:04:01] FASTIFY: incoming request
[10/08/2026 00:04:01] Xayling GET /clim/status
[10/08/2026 00:04:01] FASTIFY: request completed
[10/08/2026 00:04:03] FASTIFY: request completed
[10/08/2026 00:04:11] FASTIFY: incoming request
[10/08/2026 00:04:11] Xayling GET /clim/status
[10/08/2026 00:04:13] FASTIFY: request completed
[10/08/2026 00:04:21] FASTIFY: incoming request
[10/08/2026 00:04:21] Xayling GET /clim/status
[10/08/2026 00:04:21] FASTIFY: incoming request
[10/08/2026 00:04:22] Parents GET /clim/status
[10/08/2026 00:04:24] FASTIFY: request completed
[10/08/2026 00:04:29] FASTIFY: request completed
[10/08/2026 00:04:31] FASTIFY: incoming request
[10/08/2026 00:04:31] Xayling GET /clim/status
[10/08/2026 00:04:33] FASTIFY: request completed
[10/08/2026 00:04:41] FASTIFY: incoming request
[10/08/2026 00:04:41] Xayling GET /clim/status
[10/08/2026 00:04:42] FASTIFY: incoming request
[10/08/2026 00:04:42] Parents GET /clim/status
[10/08/2026 00:04:42] FASTIFY: incoming request
[10/08/2026 00:04:42] FASTIFY: request completed
[10/08/2026 00:04:45] FASTIFY: request completed
[10/08/2026 00:04:47] FASTIFY: request completed
[10/08/2026 00:04:51] FASTIFY: incoming request
[10/08/2026 00:04:51] Xayling GET /clim/status
[10/08/2026 00:04:54] FASTIFY: request completed
[10/08/2026 00:05:00] SID null
[10/08/2026 00:05:05] SID OI-0nQ28t9l8KQmX
[10/08/2026 00:05:10] FASTIFY: incoming request
[10/08/2026 00:05:10] FASTIFY: incoming request
[10/08/2026 00:05:10] Xayling GET /clim/status
[10/08/2026 00:05:10] FASTIFY: request completed
[10/08/2026 00:05:13] FASTIFY: request completed
[10/08/2026 00:05:20] FASTIFY: incoming request
[10/08/2026 00:05:20] Xayling GET /clim/status
[10/08/2026 00:05:23] FASTIFY: request completed
[10/08/2026 00:05:30] FASTIFY: incoming request
[10/08/2026 00:05:30] Xayling GET /clim/status
[10/08/2026 00:05:37] FASTIFY: request completed
[10/08/2026 00:05:40] FASTIFY: incoming request
[10/08/2026 00:05:40] Xayling GET /clim/status
[10/08/2026 00:05:43] FASTIFY: request completed
[10/08/2026 00:05:50] FASTIFY: incoming request
[10/08/2026 00:05:50] Xayling GET /clim/status
[10/08/2026 00:05:53] FASTIFY: request completed
[10/08/2026 00:06:00] FASTIFY: incoming request
[10/08/2026 00:06:00] Xayling GET /clim/status
[10/08/2026 00:06:12] FASTIFY: err is not defined
[10/08/2026 00:06:12] FASTIFY: request completed
[10/08/2026 00:06:12] FASTIFY: incoming request
[10/08/2026 00:06:12] Xayling GET /clim/status
[10/08/2026 00:06:16] FASTIFY: err is not defined
[10/08/2026 00:06:16] FASTIFY: request completed
[10/08/2026 00:06:20] FASTIFY: incoming request
[10/08/2026 00:06:20] Xayling GET /clim/status
[10/08/2026 00:06:28] FASTIFY: request completed
[10/08/2026 00:06:30] FASTIFY: incoming request
[10/08/2026 00:06:30] Xayling GET /clim/status
[10/08/2026 00:06:37] FASTIFY: request completed
[10/08/2026 00:06:40] FASTIFY: incoming request
[10/08/2026 00:06:40] Xayling GET /clim/status
[10/08/2026 00:06:43] FASTIFY: request completed
[10/08/2026 00:06:50] FASTIFY: incoming request
[10/08/2026 00:06:50] Xayling GET /clim/status
[10/08/2026 00:06:53] FASTIFY: request completed
[10/08/2026 00:06:55] FASTIFY: incoming request
[10/08/2026 00:06:55] FASTIFY: incoming request
[10/08/2026 00:06:55] Xayling GET /clim/status
[10/08/2026 00:06:55] FASTIFY: request completed
[10/08/2026 00:06:58] FASTIFY: request completed
[10/08/2026 00:07:05] FASTIFY: incoming request
[10/08/2026 00:07:05] Xayling GET /clim/status
[10/08/2026 00:07:08] FASTIFY: request completed
[10/08/2026 00:07:15] FASTIFY: incoming request
[10/08/2026 00:07:15] Xayling GET /clim/status
[10/08/2026 00:07:18] FASTIFY: request completed
[10/08/2026 00:07:25] FASTIFY: incoming request
[10/08/2026 00:07:25] Xayling GET /clim/status
[10/08/2026 00:07:29] FASTIFY: request completed
[10/08/2026 00:07:35] FASTIFY: incoming request
[10/08/2026 00:07:35] Xayling GET /clim/status
[10/08/2026 00:07:38] FASTIFY: request completed
[10/08/2026 00:07:45] FASTIFY: incoming request
[10/08/2026 00:07:45] Xayling GET /clim/status
[10/08/2026 00:07:48] FASTIFY: request completed
[10/08/2026 00:07:55] FASTIFY: incoming request
[10/08/2026 00:07:55] Xayling GET /clim/status
[10/08/2026 00:07:58] FASTIFY: request completed
[10/08/2026 00:08:05] FASTIFY: incoming request
[10/08/2026 00:08:05] Xayling GET /clim/status
[10/08/2026 00:08:08] FASTIFY: request completed
[10/08/2026 00:08:15] FASTIFY: incoming request
[10/08/2026 00:08:15] Xayling GET /clim/status
[10/08/2026 00:08:22] FASTIFY: request completed
[10/08/2026 00:08:25] FASTIFY: incoming request
[10/08/2026 00:08:25] Xayling GET /clim/status
[10/08/2026 00:08:28] FASTIFY: request completed
[10/08/2026 00:08:35] FASTIFY: incoming request
[10/08/2026 00:08:35] Xayling GET /clim/status
[10/08/2026 00:08:38] FASTIFY: request completed
[10/08/2026 00:08:45] FASTIFY: incoming request
[10/08/2026 00:08:45] Xayling GET /clim/status
[10/08/2026 00:08:48] FASTIFY: request completed
[10/08/2026 00:08:55] FASTIFY: incoming request
[10/08/2026 00:08:55] Xayling GET /clim/status
[10/08/2026 00:08:58] FASTIFY: request completed
[10/08/2026 00:09:05] FASTIFY: incoming request
[10/08/2026 00:09:05] Xayling GET /clim/status
[10/08/2026 00:09:08] FASTIFY: request completed
[10/08/2026 00:09:15] FASTIFY: incoming request
[10/08/2026 00:09:15] Xayling GET /clim/status
[10/08/2026 00:09:19] FASTIFY: err is not defined
[10/08/2026 00:09:19] FASTIFY: request completed
[10/08/2026 00:09:25] FASTIFY: incoming request
[10/08/2026 00:09:25] Xayling GET /clim/status
[10/08/2026 00:09:29] FASTIFY: err is not defined
[10/08/2026 00:09:29] FASTIFY: request completed
[10/08/2026 00:09:58] FASTIFY: incoming request
[10/08/2026 00:09:58] Xayling GET /clim/status
[10/08/2026 00:10:00] SID OI-0nQ28t9l8KQmX
[10/08/2026 00:10:01] FASTIFY: request completed
[10/08/2026 00:10:05] SID tGEcnfsX8_5Xkesn
[10/08/2026 00:10:56] FASTIFY: incoming request
[10/08/2026 00:10:56] Xayling GET /clim/status
[10/08/2026 00:10:56] FASTIFY: incoming request
[10/08/2026 00:10:56] FASTIFY: request completed
[10/08/2026 00:10:58] FASTIFY: request completed
[10/08/2026 00:11:06] FASTIFY: incoming request
[10/08/2026 00:11:06] Xayling GET /clim/status
[10/08/2026 00:11:09] FASTIFY: request completed
[10/08/2026 00:11:16] FASTIFY: incoming request
[10/08/2026 00:11:16] Xayling GET /clim/status
[10/08/2026 00:11:19] FASTIFY: request completed
[10/08/2026 00:11:26] FASTIFY: incoming request
[10/08/2026 00:11:26] Xayling GET /clim/status
[10/08/2026 00:11:29] FASTIFY: request completed
[10/08/2026 00:11:36] FASTIFY: incoming request
[10/08/2026 00:11:36] Xayling GET /clim/status
[10/08/2026 00:11:39] FASTIFY: request completed
[10/08/2026 00:11:46] FASTIFY: incoming request
[10/08/2026 00:11:46] Xayling GET /clim/status
[10/08/2026 00:11:50] FASTIFY: request completed
[10/08/2026 00:11:56] FASTIFY: incoming request
[10/08/2026 00:11:56] Xayling GET /clim/status
[10/08/2026 00:11:58] FASTIFY: request completed
[10/08/2026 00:12:06] FASTIFY: incoming request
[10/08/2026 00:12:06] Xayling GET /clim/status
[10/08/2026 00:12:09] FASTIFY: request completed
[10/08/2026 00:12:58] FASTIFY: incoming request
[10/08/2026 00:12:58] Xayling GET /clim/status
[10/08/2026 00:13:05] FASTIFY: request completed
[10/08/2026 00:13:58] FASTIFY: incoming request
[10/08/2026 00:13:58] Xayling GET /clim/status
[10/08/2026 00:14:01] FASTIFY: request completed
[10/08/2026 00:14:57] FASTIFY: incoming request
[10/08/2026 00:14:57] Xayling GET /clim/status
[10/08/2026 00:14:57] FASTIFY: incoming request
[10/08/2026 00:14:57] FASTIFY: request completed
[10/08/2026 00:14:59] FASTIFY: request completed
[10/08/2026 00:15:00] SID tGEcnfsX8_5Xkesn
[10/08/2026 00:15:05] SID cZwNuZz1vbh1sYzF
[10/08/2026 00:15:07] FASTIFY: incoming request
[10/08/2026 00:15:07] Xayling GET /clim/status
[10/08/2026 00:15:10] FASTIFY: request completed
[10/08/2026 00:15:17] FASTIFY: incoming request
[10/08/2026 00:15:17] Xayling GET /clim/status
[10/08/2026 00:15:21] FASTIFY: err is not defined
[10/08/2026 00:15:21] FASTIFY: request completed
[10/08/2026 00:15:27] FASTIFY: incoming request
[10/08/2026 00:15:27] Xayling GET /clim/status
[10/08/2026 00:15:31] FASTIFY: err is not defined
[10/08/2026 00:15:31] FASTIFY: request completed
[10/08/2026 00:15:37] FASTIFY: incoming request
[10/08/2026 00:15:37] Xayling GET /clim/status
[10/08/2026 00:15:40] FASTIFY: request completed
[10/08/2026 00:15:47] FASTIFY: incoming request
[10/08/2026 00:15:47] Xayling GET /clim/status
[10/08/2026 00:15:50] FASTIFY: request completed
[10/08/2026 00:15:57] FASTIFY: incoming request
[10/08/2026 00:15:57] Xayling GET /clim/status
[10/08/2026 00:16:00] FASTIFY: request completed
[10/08/2026 00:16:07] FASTIFY: incoming request
[10/08/2026 00:16:07] Xayling GET /clim/status
[10/08/2026 00:16:11] FASTIFY: request completed
[10/08/2026 00:16:58] FASTIFY: incoming request
[10/08/2026 00:16:58] Xayling GET /clim/status
[10/08/2026 00:17:01] FASTIFY: request completed
[10/08/2026 00:17:58] FASTIFY: incoming request
[10/08/2026 00:17:58] Xayling GET /clim/status
[10/08/2026 00:18:01] FASTIFY: request completed
[10/08/2026 00:18:58] FASTIFY: incoming request
[10/08/2026 00:18:58] Xayling GET /clim/status
[10/08/2026 00:18:58] FASTIFY: incoming request
[10/08/2026 00:18:58] FASTIFY: request completed
[10/08/2026 00:19:00] FASTIFY: request completed
[10/08/2026 00:19:08] FASTIFY: incoming request
[10/08/2026 00:19:08] Xayling GET /clim/status
[10/08/2026 00:19:11] FASTIFY: request completed
[10/08/2026 00:19:18] FASTIFY: incoming request
[10/08/2026 00:19:18] Xayling GET /clim/status
[10/08/2026 00:19:20] FASTIFY: request completed
[10/08/2026 00:19:28] FASTIFY: incoming request
[10/08/2026 00:19:28] Xayling GET /clim/status
[10/08/2026 00:19:31] FASTIFY: request completed
[10/08/2026 00:19:38] FASTIFY: incoming request
[10/08/2026 00:19:38] Xayling GET /clim/status
[10/08/2026 00:19:41] FASTIFY: request completed
[10/08/2026 00:19:48] FASTIFY: incoming request
[10/08/2026 00:19:48] Xayling GET /clim/status
[10/08/2026 00:19:51] FASTIFY: request completed
[10/08/2026 00:19:58] FASTIFY: incoming request
[10/08/2026 00:19:58] Xayling GET /clim/status
[10/08/2026 00:20:00] SID cZwNuZz1vbh1sYzF
[10/08/2026 00:20:01] FASTIFY: request completed
[10/08/2026 00:20:07] SID 7TXRaFpFjJyFrH5I
[10/08/2026 00:20:08] FASTIFY: incoming request
[10/08/2026 00:20:08] Xayling GET /clim/status
[10/08/2026 00:20:11] FASTIFY: request completed
[10/08/2026 00:20:58] FASTIFY: incoming request
[10/08/2026 00:20:58] Xayling GET /clim/status
[10/08/2026 00:21:01] FASTIFY: request completed
[10/08/2026 00:21:58] FASTIFY: incoming request
[10/08/2026 00:21:58] Xayling GET /clim/status
[10/08/2026 00:22:02] FASTIFY: err is not defined
[10/08/2026 00:22:02] FASTIFY: request completed
[10/08/2026 00:22:58] FASTIFY: incoming request
[10/08/2026 00:22:58] Xayling GET /clim/status
[10/08/2026 00:23:01] FASTIFY: request completed
[10/08/2026 00:23:58] FASTIFY: incoming request
[10/08/2026 00:23:58] Xayling GET /clim/status
[10/08/2026 00:23:59] FASTIFY: incoming request
[10/08/2026 00:23:59] FASTIFY: incoming request
[10/08/2026 00:23:59] Xayling GET /clim/status
[10/08/2026 00:23:59] FASTIFY: request completed
[10/08/2026 00:24:02] FASTIFY: request completed
[10/08/2026 00:24:09] FASTIFY: incoming request
[10/08/2026 00:24:09] Xayling GET /clim/status
[10/08/2026 00:24:12] FASTIFY: request completed
[10/08/2026 00:24:19] FASTIFY: incoming request
[10/08/2026 00:24:19] Xayling GET /clim/status
[10/08/2026 00:24:22] FASTIFY: request completed
[10/08/2026 00:24:29] FASTIFY: incoming request
[10/08/2026 00:24:29] Xayling GET /clim/status
[10/08/2026 00:24:32] FASTIFY: request completed
[10/08/2026 00:24:39] FASTIFY: incoming request
[10/08/2026 00:24:39] Xayling GET /clim/status
[10/08/2026 00:24:42] FASTIFY: request completed
[10/08/2026 00:24:49] FASTIFY: incoming request
[10/08/2026 00:24:49] Xayling GET /clim/status
[10/08/2026 00:24:56] FASTIFY: request completed
[10/08/2026 00:24:59] FASTIFY: incoming request
[10/08/2026 00:24:59] Xayling GET /clim/status
[10/08/2026 00:25:00] SID 7TXRaFpFjJyFrH5I
[10/08/2026 00:25:00] SID DBQMSmi58o-5Yky6
[10/08/2026 00:25:02] FASTIFY: request completed
[10/08/2026 00:25:09] FASTIFY: incoming request
[10/08/2026 00:25:09] Xayling GET /clim/status
[10/08/2026 00:25:16] FASTIFY: request completed
[10/08/2026 00:25:58] FASTIFY: incoming request
[10/08/2026 00:25:58] Xayling GET /clim/status
[10/08/2026 00:26:01] FASTIFY: request completed
[10/08/2026 00:26:58] FASTIFY: incoming request
[10/08/2026 00:26:58] Xayling GET /clim/status
[10/08/2026 00:27:01] FASTIFY: request completed
[10/08/2026 00:27:58] FASTIFY: incoming request
[10/08/2026 00:27:58] Xayling GET /clim/status
[10/08/2026 00:28:05] FASTIFY: request completed
[10/08/2026 00:28:58] FASTIFY: incoming request
[10/08/2026 00:28:58] Xayling GET /clim/status
[10/08/2026 00:28:58] FASTIFY: incoming request
[10/08/2026 00:28:59] FASTIFY: incoming request
[10/08/2026 00:28:59] Xayling GET /clim/status
[10/08/2026 00:28:59] FASTIFY: request completed
[10/08/2026 00:29:02] FASTIFY: request completed
[10/08/2026 00:29:09] FASTIFY: incoming request
[10/08/2026 00:29:09] Xayling GET /clim/status
[10/08/2026 00:29:12] FASTIFY: request completed
[10/08/2026 00:29:19] FASTIFY: incoming request
[10/08/2026 00:29:19] Xayling GET /clim/status
[10/08/2026 00:29:22] FASTIFY: request completed
[10/08/2026 00:29:29] FASTIFY: incoming request
[10/08/2026 00:29:29] Xayling GET /clim/status
[10/08/2026 00:29:33] FASTIFY: err is not defined
[10/08/2026 00:29:33] FASTIFY: request completed
[10/08/2026 00:29:39] FASTIFY: incoming request
[10/08/2026 00:29:39] Xayling GET /clim/status
[10/08/2026 00:29:42] FASTIFY: request completed
[10/08/2026 00:29:49] FASTIFY: incoming request
[10/08/2026 00:29:49] Xayling GET /clim/status
[10/08/2026 00:29:52] FASTIFY: request completed
[10/08/2026 00:29:59] FASTIFY: incoming request
[10/08/2026 00:29:59] Xayling GET /clim/status
[10/08/2026 00:30:00] SID DBQMSmi58o-5Yky6
[10/08/2026 00:30:02] FASTIFY: request completed
[10/08/2026 00:30:03] SID iLyEiiIfJpdfDi42
[10/08/2026 00:30:09] FASTIFY: incoming request
[10/08/2026 00:30:09] Xayling GET /clim/status
[10/08/2026 00:30:12] FASTIFY: request completed
[10/08/2026 00:30:58] FASTIFY: incoming request
[10/08/2026 00:30:58] Xayling GET /clim/status
[10/08/2026 00:31:02] FASTIFY: err is not defined
[10/08/2026 00:31:02] FASTIFY: request completed
[10/08/2026 00:31:58] FASTIFY: incoming request
[10/08/2026 00:31:58] Xayling GET /clim/status
[10/08/2026 00:32:01] FASTIFY: request completed
[10/08/2026 00:32:58] FASTIFY: incoming request
[10/08/2026 00:32:58] Xayling GET /clim/status
[10/08/2026 00:33:01] FASTIFY: request completed
[10/08/2026 00:33:56] FASTIFY: incoming request
[10/08/2026 00:33:56] Xayling GET /clim/status
[10/08/2026 00:33:56] FASTIFY: incoming request
[10/08/2026 00:33:56] FASTIFY: request completed
[10/08/2026 00:34:03] FASTIFY: request completed
[10/08/2026 00:34:06] FASTIFY: incoming request
[10/08/2026 00:34:06] Xayling GET /clim/status
[10/08/2026 00:34:09] FASTIFY: request completed
[10/08/2026 00:34:16] FASTIFY: incoming request
[10/08/2026 00:34:16] Xayling GET /clim/status
[10/08/2026 00:34:21] FASTIFY: err is not defined
[10/08/2026 00:34:21] FASTIFY: request completed
[10/08/2026 00:34:26] FASTIFY: incoming request
[10/08/2026 00:34:26] Xayling GET /clim/status
[10/08/2026 00:34:29] FASTIFY: request completed
[10/08/2026 00:34:36] FASTIFY: incoming request
[10/08/2026 00:34:36] Xayling GET /clim/status
[10/08/2026 00:34:39] FASTIFY: request completed
[10/08/2026 00:34:46] FASTIFY: incoming request
[10/08/2026 00:34:46] Xayling GET /clim/status
[10/08/2026 00:34:49] FASTIFY: request completed
[10/08/2026 00:34:56] FASTIFY: incoming request
[10/08/2026 00:34:56] Xayling GET /clim/status
[10/08/2026 00:35:00] FASTIFY: request completed
[10/08/2026 00:35:00] SID iLyEiiIfJpdfDi42
[10/08/2026 00:35:06] FASTIFY: incoming request
[10/08/2026 00:35:06] Xayling GET /clim/status
[10/08/2026 00:35:08] SID amHSPBPSZZTSMB_N
[10/08/2026 00:35:10] FASTIFY: request completed
[10/08/2026 00:50:59] FASTIFY: incoming request
[10/08/2026 00:50:59] Xayling GET /clim/status
[10/08/2026 00:51:01] FASTIFY: request completed
[10/08/2026 00:51:58] FASTIFY: incoming request
[10/08/2026 00:51:59] Xayling GET /clim/status
[10/08/2026 00:52:01] FASTIFY: request completed
[10/08/2026 00:52:57] FASTIFY: incoming request
[10/08/2026 00:52:57] Xayling GET /clim/status
[10/08/2026 00:52:57] FASTIFY: incoming request
[10/08/2026 00:52:57] FASTIFY: request completed
[10/08/2026 00:53:00] FASTIFY: request completed
[10/08/2026 00:53:07] FASTIFY: incoming request
[10/08/2026 00:53:07] Xayling GET /clim/status
[10/08/2026 00:53:15] FASTIFY: request completed
[10/08/2026 00:53:17] FASTIFY: incoming request
[10/08/2026 00:53:17] Xayling GET /clim/status
[10/08/2026 00:53:20] FASTIFY: request completed
[10/08/2026 00:53:27] FASTIFY: incoming request
[10/08/2026 00:53:27] Xayling GET /clim/status
[10/08/2026 00:53:30] FASTIFY: request completed
[10/08/2026 00:53:37] FASTIFY: incoming request
[10/08/2026 00:53:37] Xayling GET /clim/status
[10/08/2026 00:53:41] FASTIFY: request completed
[10/08/2026 00:53:47] FASTIFY: incoming request
[10/08/2026 00:53:47] Xayling GET /clim/status
[10/08/2026 00:53:50] FASTIFY: request completed
[10/08/2026 00:53:57] FASTIFY: incoming request
[10/08/2026 00:53:58] Xayling GET /clim/status
[10/08/2026 00:54:01] FASTIFY: request completed
[10/08/2026 00:54:07] FASTIFY: incoming request
[10/08/2026 00:54:07] Xayling GET /clim/status
[10/08/2026 00:54:10] FASTIFY: request completed
[10/08/2026 00:54:59] FASTIFY: incoming request
[10/08/2026 00:54:59] Xayling GET /clim/status
[10/08/2026 00:55:00] SID amHSPBPSZZTSMB_N
[10/08/2026 00:55:01] FASTIFY: request completed
[10/08/2026 00:55:02] SID YK5oYIvaXH2avJPY
[10/08/2026 00:55:59] FASTIFY: incoming request
[10/08/2026 00:55:59] Xayling GET /clim/status
[10/08/2026 00:56:02] FASTIFY: request completed
[10/08/2026 00:56:28] FASTIFY: incoming request
[10/08/2026 00:56:28] Xayling GET /clim/status
[10/08/2026 00:56:31] FASTIFY: request completed
[10/08/2026 00:56:37] FASTIFY: incoming request
[10/08/2026 00:56:37] Xayling GET /clim/status
[10/08/2026 00:56:40] FASTIFY: request completed
[10/08/2026 00:56:42] FASTIFY: incoming request
[10/08/2026 00:56:42] FASTIFY: incoming request
[10/08/2026 00:56:42] Xayling GET /mbtoday
[10/08/2026 00:56:42] FASTIFY: incoming request
[10/08/2026 00:56:42] Xayling POST /miele/list
[10/08/2026 00:56:42] FASTIFY: request completed
[10/08/2026 00:56:42] FASTIFY: incoming request
[10/08/2026 00:56:42] Xayling GET /miele/token
[10/08/2026 00:56:42] FASTIFY: request completed
[10/08/2026 00:56:42] FASTIFY: request completed
[10/08/2026 00:56:42] FASTIFY: incoming request
[10/08/2026 00:56:42] Xayling GET /miele/devices
[10/08/2026 00:56:42] FASTIFY: request completed
[10/08/2026 00:56:42] FASTIFY: request completed
[10/08/2026 01:00:20] FASTIFY: incoming request
[10/08/2026 01:00:20] Xayling GET /miele/devices/:deviceId/programs
[10/08/2026 01:00:20] FASTIFY: incoming request
[10/08/2026 01:00:20] Xayling GET /miele/devices/:deviceId
[10/08/2026 01:00:20] FASTIFY: request completed
[10/08/2026 01:00:20] FASTIFY: request completed
[10/08/2026 01:00:50] FASTIFY: incoming request
[10/08/2026 01:00:50] FASTIFY: incoming request
[10/08/2026 01:00:50] Xayling GET /mbtoday
[10/08/2026 01:00:50] FASTIFY: incoming request
[10/08/2026 01:00:50] Xayling POST /miele/list
[10/08/2026 01:00:50] FASTIFY: request completed
[10/08/2026 01:00:50] FASTIFY: request completed
[10/08/2026 01:00:50] FASTIFY: incoming request
[10/08/2026 01:00:50] Xayling GET /miele/token
[10/08/2026 01:00:50] FASTIFY: request completed
[10/08/2026 01:00:50] FASTIFY: request completed
[10/08/2026 01:00:50] FASTIFY: incoming request
[10/08/2026 01:00:50] Xayling GET /miele/devices
[10/08/2026 01:00:51] FASTIFY: request completed
[10/08/2026 01:01:08] FASTIFY: incoming request
[10/08/2026 01:01:08] Parents GET /clim/status
[10/08/2026 01:01:10] FASTIFY: request completed
[10/08/2026 02:05:00] SID YK5oYIvaXH2avJPY
[10/08/2026 02:05:00] SID QGFYLq_R9LvRSp_8
[10/08/2026 02:36:25] FASTIFY: incoming request
[10/08/2026 02:36:25] Xayling POST /miele/list
[10/08/2026 02:36:25] FASTIFY: incoming request
[10/08/2026 02:36:25] Xayling GET /mbtoday
[10/08/2026 02:36:25] FASTIFY: incoming request
[10/08/2026 02:36:25] FASTIFY: incoming request
[10/08/2026 02:36:25] Xayling GET /miele/token
[10/08/2026 02:36:25] FASTIFY: request completed
[10/08/2026 02:36:25] FASTIFY: request completed
[10/08/2026 02:36:25] FASTIFY: request completed
[10/08/2026 02:36:25] FASTIFY: request completed
[10/08/2026 02:36:25] FASTIFY: incoming request
[10/08/2026 02:36:25] Xayling GET /miele/devices
[10/08/2026 02:36:25] FASTIFY: request completed
[10/08/2026 11:48:27] FASTIFY: incoming request
[10/08/2026 11:48:27] Xayling GET /miele/token
[10/08/2026 11:48:27] FASTIFY: incoming request
[10/08/2026 11:48:27] Xayling POST /miele/list
[10/08/2026 11:48:27] FASTIFY: incoming request
[10/08/2026 11:48:27] Xayling GET /mbtoday
[10/08/2026 11:48:27] FASTIFY: incoming request
[10/08/2026 11:48:27] FASTIFY: request completed
[10/08/2026 11:48:27] FASTIFY: incoming request
[10/08/2026 11:48:27] Xayling GET /miele/devices
[10/08/2026 11:48:27] FASTIFY: request completed
[10/08/2026 11:48:27] FASTIFY: request completed
[10/08/2026 11:48:27] FASTIFY: request completed
[10/08/2026 11:48:29] FASTIFY: request completed
[10/08/2026 12:00:00] SID QGFYLq_R9LvRSp_8
[10/08/2026 12:00:06] SID 4GN4HItV173V3L9f
[10/08/2026 12:02:26] FASTIFY: Stopping Solar's_Cam platform
[10/08/2026 12:02:26] FASTIFY: Solar's_Cam platform stopped
[10/08/2026 12:02:29] Weather : Already got data
[10/08/2026 12:02:29] FASTIFY: Server listening at http://127.0.0.1:3000
[10/08/2026 12:02:29] FASTIFY: Server listening at http://172.24.0.5:3000
[10/08/2026 12:02:31] Clim connectée: 31885837213310 | temp: 24.5 °C
[10/08/2026 12:03:05] FASTIFY: incoming request
[10/08/2026 12:03:05] POST /login
[10/08/2026 12:03:05] FASTIFY: request completed
[10/08/2026 12:03:05] FASTIFY: incoming request
[10/08/2026 12:03:05] FASTIFY: request completed
[10/08/2026 12:03:05] FASTIFY: incoming request
[10/08/2026 12:03:05] Titipuce GET /clim/status
[10/08/2026 12:03:09] FASTIFY: request completed
[10/08/2026 12:03:16] FASTIFY: incoming request
[10/08/2026 12:03:16] Titipuce GET /clim/status
[10/08/2026 12:03:16] FASTIFY: incoming request
[10/08/2026 12:03:16] FASTIFY: request completed
[10/08/2026 12:03:23] FASTIFY: request completed
[10/08/2026 12:04:53] FASTIFY: incoming request
[10/08/2026 12:04:54] Xayling POST /miele/list
[10/08/2026 12:04:54] FASTIFY: incoming request
[10/08/2026 12:04:54] Xayling GET /mbtoday
[10/08/2026 12:04:54] FASTIFY: incoming request
[10/08/2026 12:04:54] FASTIFY: incoming request
[10/08/2026 12:04:54] Xayling GET /miele/token
[10/08/2026 12:04:54] FASTIFY: request completed
[10/08/2026 12:04:54] FASTIFY: request completed
[10/08/2026 12:04:54] FASTIFY: request completed
[10/08/2026 12:04:54] FASTIFY: request completed
[10/08/2026 12:04:54] FASTIFY: incoming request
[10/08/2026 12:04:54] Xayling GET /miele/devices
[10/08/2026 12:04:54] FASTIFY: request completed
[10/08/2026 12:05:00] SID null
[10/08/2026 12:05:04] SID ckFauZHOJcROaanF
[10/08/2026 12:08:16] FASTIFY: Stopping Solar's_Cam platform
[10/08/2026 12:08:16] FASTIFY: Solar's_Cam platform stopped
[10/08/2026 12:08:18] Weather : Already got data
[10/08/2026 12:08:18] FASTIFY: Server listening at http://127.0.0.1:3000
[10/08/2026 12:08:18] FASTIFY: Server listening at http://172.24.0.5:3000
[10/08/2026 12:08:21] Clim connectée: 31885837213310 | temp: 24.5 °C
[10/08/2026 12:09:04] FASTIFY: Stopping Solar's_Cam platform
[10/08/2026 12:09:04] FASTIFY: Solar's_Cam platform stopped
[10/08/2026 12:09:05] Weather : Already got data
[10/08/2026 12:09:05] FASTIFY: Server listening at http://127.0.0.1:3000
[10/08/2026 12:09:05] FASTIFY: Server listening at http://172.24.0.5:3000
[10/08/2026 12:09:08] Clim connectée: 31885837213310 | temp: 24.5 °C
[10/08/2026 12:09:28] FASTIFY: incoming request
[10/08/2026 12:09:28] POST /login
[10/08/2026 12:09:29] FASTIFY: request completed
[10/08/2026 12:09:29] FASTIFY: incoming request
[10/08/2026 12:09:29] FASTIFY: request completed
[10/08/2026 12:09:29] FASTIFY: incoming request
[10/08/2026 12:09:29] Obiwanlolo GET /clim/status
[10/08/2026 12:09:32] FASTIFY: request completed
[10/08/2026 12:09:39] FASTIFY: incoming request
[10/08/2026 12:09:39] Obiwanlolo GET /clim/status
[10/08/2026 12:09:41] FASTIFY: incoming request
[10/08/2026 12:09:41] FASTIFY: request completed
[10/08/2026 12:09:46] FASTIFY: request completed
[10/08/2026 12:10:00] SID null
[10/08/2026 12:15:00] SID null
[10/08/2026 12:15:01] SID PkHSFVW4dzD4FVWP
[10/08/2026 12:15:54] FASTIFY: incoming request
[10/08/2026 12:15:54] Xayling POST /miele/list
[10/08/2026 12:15:54] FASTIFY: incoming request
[10/08/2026 12:15:54] Xayling GET /mbtoday
[10/08/2026 12:15:54] FASTIFY: incoming request
[10/08/2026 12:15:54] FASTIFY: incoming request
[10/08/2026 12:15:54] Xayling GET /miele/token
[10/08/2026 12:15:54] FASTIFY: request completed
[10/08/2026 12:15:54] FASTIFY: request completed
[10/08/2026 12:15:54] FASTIFY: request completed
[10/08/2026 12:15:54] FASTIFY: request completed
[10/08/2026 12:15:54] FASTIFY: incoming request
[10/08/2026 12:15:54] Xayling GET /miele/devices
[10/08/2026 12:15:54] FASTIFY: request completed
[10/08/2026 12:20:00] SID PkHSFVW4dzD4FVWP
[10/08/2026 12:20:07] SID GzYvtw6mZRlm-waV
[10/08/2026 12:20:25] FASTIFY: incoming request
[10/08/2026 12:20:25] Xayling POST /miele/list
[10/08/2026 12:20:25] FASTIFY: incoming request
[10/08/2026 12:20:25] Xayling GET /mbtoday
[10/08/2026 12:20:25] FASTIFY: incoming request
[10/08/2026 12:20:25] FASTIFY: incoming request
[10/08/2026 12:20:25] Xayling GET /miele/token
[10/08/2026 12:20:25] FASTIFY: request completed
[10/08/2026 12:20:25] FASTIFY: request completed
[10/08/2026 12:20:25] FASTIFY: request completed
[10/08/2026 12:20:25] FASTIFY: request completed
[10/08/2026 12:20:25] FASTIFY: incoming request
[10/08/2026 12:20:25] Xayling GET /miele/devices
[10/08/2026 12:20:25] FASTIFY: request completed
[10/08/2026 12:25:00] SID GzYvtw6mZRlm-waV
[10/08/2026 12:25:03] SID XelZW0PHq-WH62vb
[10/08/2026 12:30:00] SID XelZW0PHq-WH62vb
[10/08/2026 12:30:02] SID 1nDCR_JMRgaMY-Zq
[10/08/2026 12:33:54] FASTIFY: incoming request
[10/08/2026 12:33:54] FASTIFY: incoming request
[10/08/2026 12:33:54] Xayling GET /mbtoday
[10/08/2026 12:33:54] FASTIFY: incoming request
[10/08/2026 12:33:54] Xayling POST /miele/list
[10/08/2026 12:33:54] FASTIFY: request completed
[10/08/2026 12:33:54] FASTIFY: incoming request
[10/08/2026 12:33:54] Xayling GET /miele/token
[10/08/2026 12:33:54] FASTIFY: request completed
[10/08/2026 12:33:54] FASTIFY: request completed
[10/08/2026 12:33:54] FASTIFY: request completed
[10/08/2026 12:33:54] FASTIFY: incoming request
[10/08/2026 12:33:54] Xayling GET /miele/devices
[10/08/2026 12:33:54] FASTIFY: request completed
[10/08/2026 12:35:00] SID 1nDCR_JMRgaMY-Zq
[10/08/2026 12:35:08] SID v2IvhXcVWjJV8Xcm
[10/08/2026 12:37:25] FASTIFY: incoming request
[10/08/2026 12:37:25] Xayling POST /miele/list
[10/08/2026 12:37:25] FASTIFY: incoming request
[10/08/2026 12:37:25] Xayling GET /mbtoday
[10/08/2026 12:37:25] FASTIFY: incoming request
[10/08/2026 12:37:25] FASTIFY: incoming request
[10/08/2026 12:37:25] Xayling GET /miele/token
[10/08/2026 12:37:25] FASTIFY: request completed
[10/08/2026 12:37:25] FASTIFY: request completed
[10/08/2026 12:37:25] FASTIFY: request completed
[10/08/2026 12:37:25] FASTIFY: request completed
[10/08/2026 12:37:25] FASTIFY: incoming request
[10/08/2026 12:37:25] Xayling GET /miele/devices
[10/08/2026 12:37:26] FASTIFY: request completed
[10/08/2026 14:58:48] FASTIFY: incoming request
[10/08/2026 14:58:48] Xayling POST /miele/list
[10/08/2026 14:58:48] FASTIFY: incoming request
[10/08/2026 14:58:48] Xayling GET /mbtoday
[10/08/2026 14:58:48] FASTIFY: incoming request
[10/08/2026 14:58:48] FASTIFY: incoming request
[10/08/2026 14:58:48] Xayling GET /miele/token
[10/08/2026 14:58:48] FASTIFY: request completed
[10/08/2026 14:58:48] FASTIFY: request completed
[10/08/2026 14:58:48] FASTIFY: request completed
[10/08/2026 14:58:48] FASTIFY: request completed
[10/08/2026 14:58:48] FASTIFY: incoming request
[10/08/2026 14:58:48] Xayling GET /miele/devices
[10/08/2026 14:58:48] FASTIFY: request completed
[10/08/2026 15:00:00] SID v2IvhXcVWjJV8Xcm
[10/08/2026 15:00:00] SID clLiVaz-pzu-wYT7
[10/08/2026 15:03:19] FASTIFY: incoming request
[10/08/2026 15:03:19] Xayling GET /miele/token
[10/08/2026 15:03:19] FASTIFY: incoming request
[10/08/2026 15:03:19] Xayling POST /miele/list
[10/08/2026 15:03:19] FASTIFY: incoming request
[10/08/2026 15:03:19] Xayling GET /mbtoday
[10/08/2026 15:03:19] FASTIFY: request completed
[10/08/2026 15:03:19] FASTIFY: request completed
[10/08/2026 15:03:19] FASTIFY: request completed
[10/08/2026 15:03:19] FASTIFY: incoming request
[10/08/2026 15:03:19] FASTIFY: request completed
[10/08/2026 15:03:19] FASTIFY: incoming request
[10/08/2026 15:03:19] Xayling GET /miele/devices
[10/08/2026 15:03:19] FASTIFY: request completed
[10/08/2026 15:05:00] SID clLiVaz-pzu-wYT7
[10/08/2026 15:05:03] SID onHSkJIBG0RBILIH
[10/08/2026 15:10:00] SID onHSkJIBG0RBILIH
[10/08/2026 15:10:01] SID KmDC_A-pRakpqB-R
[10/08/2026 15:15:00] SID KmDC_A-pRakpqB-R
[10/08/2026 15:15:01] SID S0BL9jX3JTI3TgXh
[10/08/2026 15:20:00] SID S0BL9jX3JTI3TgXh
[10/08/2026 15:20:02] SID n63Tn38k_5pkD18n
[10/08/2026 15:25:00] SID n63Tn38k_5pkD18n
[10/08/2026 15:25:01] SID skCGzbk-Fo4-rY0i
[10/08/2026 15:29:48] FASTIFY: incoming request
[10/08/2026 15:29:48] Xayling POST /miele/list
[10/08/2026 15:29:48] FASTIFY: incoming request
[10/08/2026 15:29:48] Xayling GET /mbtoday
[10/08/2026 15:29:48] FASTIFY: incoming request
[10/08/2026 15:29:48] FASTIFY: incoming request
[10/08/2026 15:29:48] Xayling GET /miele/token
[10/08/2026 15:29:48] FASTIFY: request completed
[10/08/2026 15:29:48] FASTIFY: request completed
[10/08/2026 15:29:48] FASTIFY: request completed
[10/08/2026 15:29:48] FASTIFY: request completed
[10/08/2026 15:29:48] FASTIFY: incoming request
[10/08/2026 15:29:48] Xayling GET /miele/devices
[10/08/2026 15:29:48] FASTIFY: request completed
[10/08/2026 15:30:00] SID skCGzbk-Fo4-rY0i
[10/08/2026 15:30:01] SID EHO085Kw5WQwS4KB
[10/08/2026 15:34:19] FASTIFY: incoming request
[10/08/2026 15:34:19] Xayling POST /miele/list
[10/08/2026 15:34:19] FASTIFY: incoming request
[10/08/2026 15:34:19] Xayling GET /mbtoday
[10/08/2026 15:34:19] FASTIFY: incoming request
[10/08/2026 15:34:19] FASTIFY: incoming request
[10/08/2026 15:34:19] Xayling GET /miele/token
[10/08/2026 15:34:19] FASTIFY: request completed
[10/08/2026 15:34:19] FASTIFY: request completed
[10/08/2026 15:34:19] FASTIFY: request completed
[10/08/2026 15:34:19] FASTIFY: request completed
[10/08/2026 15:34:19] FASTIFY: incoming request
[10/08/2026 15:34:19] Xayling GET /miele/devices
[10/08/2026 15:34:19] FASTIFY: request completed
[10/08/2026 15:35:00] SID EHO085Kw5WQwS4KB
[10/08/2026 15:35:06] SID SK88ch_5LVi50gPJ
[10/08/2026 15:40:00] SID SK88ch_5LVi50gPJ
[10/08/2026 15:40:00] SID lnJqb8IbpIWb4-4Y
[10/08/2026 15:42:48] FASTIFY: incoming request
[10/08/2026 15:42:48] Xayling POST /miele/list
[10/08/2026 15:42:48] FASTIFY: incoming request
[10/08/2026 15:42:48] Xayling GET /mbtoday
[10/08/2026 15:42:48] FASTIFY: incoming request
[10/08/2026 15:42:48] FASTIFY: incoming request
[10/08/2026 15:42:48] Xayling GET /miele/token
[10/08/2026 15:42:48] FASTIFY: request completed
[10/08/2026 15:42:48] FASTIFY: request completed
[10/08/2026 15:42:48] FASTIFY: incoming request
[10/08/2026 15:42:48] Xayling GET /miele/devices
[10/08/2026 15:42:48] FASTIFY: request completed
[10/08/2026 15:42:48] FASTIFY: request completed
[10/08/2026 15:42:48] FASTIFY: request completed
[10/08/2026 15:45:00] SID lnJqb8IbpIWb4-4Y
[10/08/2026 15:45:09] SID h-vzSuclasOlAts6
[10/08/2026 15:47:19] FASTIFY: incoming request
[10/08/2026 15:47:19] Xayling POST /miele/list
[10/08/2026 15:47:19] FASTIFY: incoming request
[10/08/2026 15:47:19] Xayling GET /mbtoday
[10/08/2026 15:47:19] FASTIFY: incoming request
[10/08/2026 15:47:19] FASTIFY: incoming request
[10/08/2026 15:47:19] Xayling GET /miele/token
[10/08/2026 15:47:19] FASTIFY: request completed
[10/08/2026 15:47:19] FASTIFY: request completed
[10/08/2026 15:47:19] FASTIFY: request completed
[10/08/2026 15:47:19] FASTIFY: request completed
[10/08/2026 15:47:19] FASTIFY: incoming request
[10/08/2026 15:47:19] Xayling GET /miele/devices
[10/08/2026 15:47:19] FASTIFY: request completed
[10/08/2026 15:49:19] FASTIFY: incoming request
[10/08/2026 15:49:19] Xayling GET /miele/token
[10/08/2026 15:49:19] FASTIFY: incoming request
[10/08/2026 15:49:19] Xayling POST /miele/list
[10/08/2026 15:49:19] FASTIFY: incoming request
[10/08/2026 15:49:19] Xayling GET /mbtoday
[10/08/2026 15:49:19] FASTIFY: incoming request
[10/08/2026 15:49:19] FASTIFY: request completed
[10/08/2026 15:49:19] FASTIFY: request completed
[10/08/2026 15:49:19] FASTIFY: incoming request
[10/08/2026 15:49:19] Xayling GET /miele/devices
[10/08/2026 15:49:20] FASTIFY: request completed
[10/08/2026 15:49:20] FASTIFY: request completed
[10/08/2026 15:49:20] FASTIFY: request completed
[10/08/2026 16:00:00] SID h-vzSuclasOlAts6
[10/08/2026 16:00:03] SID V9mX38zHM4kHG_zT
[10/08/2026 16:05:00] SID V9mX38zHM4kHG_zT
[10/08/2026 16:05:04] SID unIugT4MZkpMpTIm
[10/08/2026 16:10:00] SID unIugT4MZkpMpTIm
[10/08/2026 16:10:04] SID OWGVFQeNezHNuTef
[10/08/2026 16:15:00] SID OWGVFQeNezHNuTef
[10/08/2026 16:15:02] SID VUItt-XvhRNvh9X1
[10/08/2026 16:20:00] SID VUItt-XvhRNvh9X1
[10/08/2026 16:20:05] SID lWHR28sDh90DQ_sT
[10/08/2026 16:25:00] SID lWHR28sDh90DQ_sT
[10/08/2026 16:25:03] SID o8gPUIkgw02gdJEb
[10/08/2026 16:30:00] SID o8gPUIkgw02gdJEb
[10/08/2026 16:30:09] SID 0nJq24ZLp_ELN7pT
[10/08/2026 16:35:00] SID 0nJq24ZLp_ELN7pT
[10/08/2026 16:35:01] SID SVPxQjTahlKaIiDq
[10/08/2026 16:38:31] FASTIFY: incoming request
[10/08/2026 16:38:31] Obiwanlolo GET /clim/status
[10/08/2026 16:38:31] FASTIFY: incoming request
[10/08/2026 16:38:31] FASTIFY: request completed
[10/08/2026 16:38:34] FASTIFY: request completed
[10/08/2026 16:38:41] FASTIFY: incoming request
[10/08/2026 16:38:41] Obiwanlolo GET /clim/status
[10/08/2026 16:38:43] FASTIFY: request completed
[10/08/2026 16:38:50] FASTIFY: incoming request
[10/08/2026 16:38:51] Obiwanlolo GET /clim/status
[10/08/2026 16:38:53] FASTIFY: request completed
[10/08/2026 16:39:00] FASTIFY: incoming request
[10/08/2026 16:39:00] Obiwanlolo GET /clim/status
[10/08/2026 16:39:03] FASTIFY: request completed
[10/08/2026 16:39:22] FASTIFY: incoming request
[10/08/2026 16:39:22] POST /login
[10/08/2026 16:39:22] FASTIFY: request completed
[10/08/2026 16:39:22] FASTIFY: incoming request
[10/08/2026 16:39:22] FASTIFY: incoming request
[10/08/2026 16:39:22] Obiwanlolo GET /clim/status
[10/08/2026 16:39:22] FASTIFY: request completed
[10/08/2026 16:39:25] FASTIFY: request completed
[10/08/2026 16:39:32] FASTIFY: incoming request
[10/08/2026 16:39:32] Obiwanlolo GET /clim/status
[10/08/2026 16:39:34] FASTIFY: request completed
[10/08/2026 16:39:42] FASTIFY: incoming request
[10/08/2026 16:39:42] Obiwanlolo GET /clim/status
[10/08/2026 16:39:44] FASTIFY: request completed
[10/08/2026 16:39:52] FASTIFY: incoming request
[10/08/2026 16:39:52] Obiwanlolo GET /clim/status
[10/08/2026 16:39:54] FASTIFY: request completed
[10/08/2026 16:40:00] SID SVPxQjTahlKaIiDq
[10/08/2026 16:40:05] SID fcgN8X3ECXoExXHh
[10/08/2026 16:43:22] FASTIFY: incoming request
[10/08/2026 16:43:22] FASTIFY: incoming request
[10/08/2026 16:43:22] Xayling GET /clim/status
[10/08/2026 16:43:22] FASTIFY: request completed
[10/08/2026 16:43:25] FASTIFY: request completed
[10/08/2026 16:43:32] FASTIFY: incoming request
[10/08/2026 16:43:32] Xayling GET /clim/status
[10/08/2026 16:43:35] FASTIFY: request completed
[10/08/2026 16:43:42] FASTIFY: incoming request
[10/08/2026 16:43:42] Xayling GET /clim/status
[10/08/2026 16:43:45] FASTIFY: request completed
[10/08/2026 16:43:52] FASTIFY: incoming request
[10/08/2026 16:43:52] Xayling GET /clim/status
[10/08/2026 16:43:55] FASTIFY: request completed
[10/08/2026 16:44:02] FASTIFY: incoming request
[10/08/2026 16:44:02] Xayling GET /clim/status
[10/08/2026 16:44:05] FASTIFY: request completed
[10/08/2026 16:44:12] FASTIFY: incoming request
[10/08/2026 16:44:12] Xayling GET /clim/status
[10/08/2026 16:44:16] FASTIFY: request completed
[10/08/2026 16:44:22] FASTIFY: incoming request
[10/08/2026 16:44:22] Xayling GET /clim/status
[10/08/2026 16:44:25] FASTIFY: request completed
[10/08/2026 16:44:32] FASTIFY: incoming request
[10/08/2026 16:44:32] Xayling GET /clim/status
[10/08/2026 16:44:35] FASTIFY: request completed
[10/08/2026 16:45:00] SID fcgN8X3ECXoExXHh
[10/08/2026 16:45:04] SID 9mJqocd6pFF6KcNU
[10/08/2026 16:45:15] FASTIFY: incoming request
[10/08/2026 16:45:15] Xayling GET /clim/status
[10/08/2026 16:45:18] FASTIFY: request completed
[10/08/2026 16:50:00] SID 9mJqocd6pFF6KcNU
[10/08/2026 16:50:02] SID Acs9DpmFdrzFzr2O
[10/08/2026 16:51:09] FASTIFY: incoming request
[10/08/2026 16:51:09] Xayling GET /clim/status
[10/08/2026 16:51:09] FASTIFY: incoming request
[10/08/2026 16:51:09] FASTIFY: request completed
[10/08/2026 16:51:10] FASTIFY: incoming request
[10/08/2026 16:51:10] FASTIFY: incoming request
[10/08/2026 16:51:10] Xayling GET /clim/status
[10/08/2026 16:51:10] FASTIFY: request completed
[10/08/2026 16:51:14] FASTIFY: err is not defined
[10/08/2026 16:51:15] FASTIFY: err is not defined
[10/08/2026 16:51:15] FASTIFY: request completed
[10/08/2026 16:51:19] FASTIFY: incoming request
[10/08/2026 16:51:19] FASTIFY: incoming request
[10/08/2026 16:51:19] Xayling GET /clim/status
[10/08/2026 16:51:20] FASTIFY: request completed
[10/08/2026 16:51:24] FASTIFY: err is not defined
[10/08/2026 16:51:24] FASTIFY: request completed
[10/08/2026 16:51:29] FASTIFY: incoming request
[10/08/2026 16:51:29] FASTIFY: incoming request
[10/08/2026 16:51:29] Xayling GET /clim/status
[10/08/2026 16:51:29] FASTIFY: request completed
[10/08/2026 16:51:32] FASTIFY: incoming request
[10/08/2026 16:51:32] FASTIFY: incoming request
[10/08/2026 16:51:32] Xayling GET /clim/status
[10/08/2026 16:51:32] FASTIFY: request completed
[10/08/2026 16:51:33] FASTIFY: err is not defined
[10/08/2026 16:51:36] FASTIFY: err is not defined
[10/08/2026 16:51:36] FASTIFY: request completed
[10/08/2026 16:51:42] FASTIFY: incoming request
[10/08/2026 16:51:42] Xayling GET /clim/status
[10/08/2026 16:51:42] FASTIFY: incoming request
[10/08/2026 16:51:42] FASTIFY: request completed
[10/08/2026 16:51:46] FASTIFY: err is not defined
[10/08/2026 16:51:46] FASTIFY: request completed
[10/08/2026 16:51:51] FASTIFY: incoming request
[10/08/2026 16:51:51] FASTIFY: incoming request
[10/08/2026 16:51:51] Xayling GET /clim/status
[10/08/2026 16:51:51] FASTIFY: request completed
[10/08/2026 16:51:55] FASTIFY: err is not defined
[10/08/2026 16:51:55] FASTIFY: request completed
[10/08/2026 16:52:01] FASTIFY: incoming request
[10/08/2026 16:52:01] FASTIFY: incoming request
[10/08/2026 16:52:01] Xayling GET /clim/status
[10/08/2026 16:52:01] FASTIFY: request completed
[10/08/2026 16:52:05] FASTIFY: err is not defined
[10/08/2026 16:52:05] FASTIFY: request completed
[10/08/2026 16:52:11] FASTIFY: incoming request
[10/08/2026 16:52:11] Xayling GET /clim/status
[10/08/2026 16:52:16] FASTIFY: err is not defined
[10/08/2026 16:52:16] FASTIFY: request completed
[10/08/2026 16:52:21] FASTIFY: incoming request
[10/08/2026 16:52:21] Xayling GET /clim/status
[10/08/2026 16:52:26] FASTIFY: err is not defined
[10/08/2026 16:52:26] FASTIFY: request completed
[10/08/2026 16:52:31] FASTIFY: incoming request
[10/08/2026 16:52:31] Xayling GET /clim/status
[10/08/2026 16:52:36] FASTIFY: err is not defined
[10/08/2026 16:52:36] FASTIFY: request completed
[10/08/2026 16:52:41] FASTIFY: incoming request
[10/08/2026 16:52:41] FASTIFY: incoming request
[10/08/2026 16:52:41] Xayling GET /clim/status
[10/08/2026 16:52:41] FASTIFY: request completed
[10/08/2026 16:52:46] FASTIFY: err is not defined
[10/08/2026 16:52:46] FASTIFY: request completed
[10/08/2026 16:52:51] FASTIFY: incoming request
[10/08/2026 16:52:51] Xayling GET /clim/status
[10/08/2026 16:52:56] FASTIFY: err is not defined
[10/08/2026 16:52:56] FASTIFY: request completed
[10/08/2026 16:53:00] FASTIFY: incoming request
[10/08/2026 16:53:00] Xayling GET /clim/status
[10/08/2026 16:53:00] FASTIFY: incoming request
[10/08/2026 16:53:00] FASTIFY: request completed
[10/08/2026 16:53:04] FASTIFY: err is not defined
[10/08/2026 16:53:04] FASTIFY: request completed
[10/08/2026 16:53:08] FASTIFY: incoming request
[10/08/2026 16:53:08] FASTIFY: incoming request
[10/08/2026 16:53:08] Xayling GET /clim/status
[10/08/2026 16:53:09] FASTIFY: request completed
[10/08/2026 16:53:13] FASTIFY: err is not defined
[10/08/2026 16:53:13] FASTIFY: request completed
[10/08/2026 16:53:19] FASTIFY: incoming request
[10/08/2026 16:53:19] Xayling GET /clim/status
[10/08/2026 16:53:23] FASTIFY: err is not defined
[10/08/2026 16:53:23] FASTIFY: request completed
[10/08/2026 16:53:27] FASTIFY: Stopping Solar's_Cam platform
[10/08/2026 16:53:27] FASTIFY: Solar's_Cam platform stopped
[10/08/2026 16:53:31] Weather : Already got data
[10/08/2026 16:53:31] FASTIFY: Server listening at http://127.0.0.1:3000
[10/08/2026 16:53:31] FASTIFY: Server listening at http://172.24.0.5:3000
[10/08/2026 16:53:35] Clim inaccessible au démarrage: Traceback (most recent call last):
  File "/root/.local/pipx/venvs/midea-beautiful-air/lib/python3.11/site-packages/midea_beautiful/lan.py", line 1014, in appliance_state
    response = sock.recv(512)
               ^^^^^^^^^^^^^^
TimeoutError: timed out

The above exception was the direct cause of the following exception:

Traceback (most recent call last):
  File "/root/.local/bin/midea-beautiful-air-cli", line 6, in <module>
    sys.exit(cli())
             ^^^^^
  File "/root/.local/pipx/venvs/midea-beautiful-air/lib/python3.11/site-packages/midea_beautiful/cli.py", line 357, in cli
    return function(args)
           ^^^^^^^^^^^^^^
  File "/root/.local/pipx/venvs/midea-beautiful-air/lib/python3.11/site-packages/midea_beautiful/cli.py", line 158, in _run_status_command
    appliance = appliance_state(
                ^^^^^^^^^^^^^^^^
  File "/root/.local/pipx/venvs/midea-beautiful-air/lib/python3.11/site-packages/midea_beautiful/lan.py", line 1038, in appliance_state
    raise MideaNetworkError(
midea_beautiful.exceptions.MideaNetworkError: Timeout while connecting to appliance 192.168.0.205:20086

[10/08/2026 16:53:40] FASTIFY: incoming request
[10/08/2026 16:53:40] Xayling GET /clim/status
[10/08/2026 16:53:45] FASTIFY: err is not defined
[10/08/2026 16:53:45] FASTIFY: request completed
[10/08/2026 16:53:50] FASTIFY: incoming request
[10/08/2026 16:53:50] Xayling GET /clim/status
[10/08/2026 16:53:54] FASTIFY: err is not defined
[10/08/2026 16:53:54] FASTIFY: request completed
[10/08/2026 16:54:00] FASTIFY: incoming request
[10/08/2026 16:54:00] Xayling GET /clim/status
[10/08/2026 16:54:04] FASTIFY: err is not defined
[10/08/2026 16:54:04] FASTIFY: request completed
[10/08/2026 16:54:10] FASTIFY: incoming request
[10/08/2026 16:54:10] Xayling GET /clim/status
[10/08/2026 16:54:14] FASTIFY: err is not defined
[10/08/2026 16:54:14] FASTIFY: request completed
[10/08/2026 16:54:20] FASTIFY: incoming request
[10/08/2026 16:54:20] Xayling GET /clim/status
[10/08/2026 16:54:24] FASTIFY: err is not defined
[10/08/2026 16:54:24] FASTIFY: request completed
[10/08/2026 16:54:30] FASTIFY: incoming request
[10/08/2026 16:54:30] Xayling GET /clim/status
[10/08/2026 16:54:34] FASTIFY: err is not defined
[10/08/2026 16:54:34] FASTIFY: request completed
[10/08/2026 16:54:40] FASTIFY: incoming request
[10/08/2026 16:54:40] Xayling GET /clim/status
[10/08/2026 16:54:45] FASTIFY: err is not defined
[10/08/2026 16:54:45] FASTIFY: request completed
[10/08/2026 16:54:50] FASTIFY: incoming request
[10/08/2026 16:54:50] Xayling GET /clim/status
[10/08/2026 16:54:55] FASTIFY: err is not defined
[10/08/2026 16:54:55] FASTIFY: request completed
[10/08/2026 16:55:00] SID null
[10/08/2026 16:55:00] FASTIFY: incoming request
[10/08/2026 16:55:00] Xayling GET /clim/status
[10/08/2026 16:55:05] FASTIFY: err is not defined
[10/08/2026 16:55:05] FASTIFY: request completed
[10/08/2026 16:55:06] SID W3IvYzbxHHKxjwLo
[10/08/2026 16:55:10] FASTIFY: incoming request
[10/08/2026 16:55:10] Xayling GET /clim/status
[10/08/2026 16:55:15] FASTIFY: err is not defined
[10/08/2026 16:55:15] FASTIFY: request completed
[10/08/2026 16:55:20] FASTIFY: incoming request
[10/08/2026 16:55:20] Xayling GET /clim/status
[10/08/2026 16:55:23] FASTIFY: request completed
[10/08/2026 16:55:30] FASTIFY: incoming request
[10/08/2026 16:55:30] Xayling GET /clim/status
[10/08/2026 16:55:33] FASTIFY: request completed
[10/08/2026 16:56:15] FASTIFY: incoming request
[10/08/2026 16:56:15] Xayling GET /clim/status
[10/08/2026 16:56:19] FASTIFY: request completed
[10/08/2026 16:57:15] FASTIFY: incoming request
[10/08/2026 16:57:16] Xayling GET /clim/status
[10/08/2026 16:57:18] FASTIFY: request completed
[10/08/2026 16:58:15] FASTIFY: incoming request
[10/08/2026 16:58:15] Xayling GET /clim/status
[10/08/2026 16:58:18] FASTIFY: request completed
[10/08/2026 16:58:46] FASTIFY: Stopping Solar's_Cam platform
[10/08/2026 16:58:46] FASTIFY: Solar's_Cam platform stopped
[10/08/2026 16:58:48] Weather : Already got data
[10/08/2026 16:58:48] FASTIFY: Server listening at http://127.0.0.1:3000
[10/08/2026 16:58:48] FASTIFY: Server listening at http://172.24.0.5:3000
[10/08/2026 16:58:50] Clim connectée: 31885837213310 | temp: 23.5 °C
[10/08/2026 16:59:15] FASTIFY: incoming request
[10/08/2026 16:59:16] Xayling GET /clim/status
[10/08/2026 16:59:18] FASTIFY: request completed
[10/08/2026 17:00:00] SID null
[10/08/2026 17:00:00] SID mkHS6zU1JMI1ywkg
[10/08/2026 17:00:15] FASTIFY: incoming request
[10/08/2026 17:00:15] Xayling GET /clim/status
[10/08/2026 17:00:18] FASTIFY: request completed
[10/08/2026 17:01:15] FASTIFY: incoming request
[10/08/2026 17:01:15] Xayling GET /clim/status
[10/08/2026 17:01:19] FASTIFY: request completed
[10/08/2026 17:01:29] FASTIFY: incoming request
[10/08/2026 17:01:29] Xayling GET /clim/status
[10/08/2026 17:01:31] FASTIFY: incoming request
[10/08/2026 17:01:31] FASTIFY: incoming request
[10/08/2026 17:01:31] Xayling GET /clim/status
[10/08/2026 17:01:31] FASTIFY: request completed
[10/08/2026 17:01:38] FASTIFY: request completed
[10/08/2026 17:01:41] FASTIFY: incoming request
[10/08/2026 17:01:41] Xayling GET /clim/status
[10/08/2026 17:01:43] FASTIFY: request completed
[10/08/2026 17:01:51] FASTIFY: incoming request
[10/08/2026 17:01:51] Xayling GET /clim/status
[10/08/2026 17:01:53] FASTIFY: request completed
[10/08/2026 17:02:01] FASTIFY: incoming request
[10/08/2026 17:02:01] Xayling GET /clim/status
[10/08/2026 17:02:04] FASTIFY: request completed
[10/08/2026 17:02:11] FASTIFY: incoming request
[10/08/2026 17:02:11] Xayling GET /clim/status
[10/08/2026 17:02:13] FASTIFY: request completed
[10/08/2026 17:02:21] FASTIFY: incoming request
[10/08/2026 17:02:21] Xayling GET /clim/status
[10/08/2026 17:02:24] FASTIFY: request completed
[10/08/2026 17:02:31] FASTIFY: incoming request
[10/08/2026 17:02:31] Xayling GET /clim/status
[10/08/2026 17:02:33] FASTIFY: request completed
[10/08/2026 17:02:41] FASTIFY: incoming request
[10/08/2026 17:02:41] Xayling GET /clim/status
[10/08/2026 17:02:43] FASTIFY: request completed
[10/08/2026 17:02:51] FASTIFY: incoming request
[10/08/2026 17:02:51] Xayling GET /clim/status
[10/08/2026 17:02:53] FASTIFY: request completed
[10/08/2026 17:03:01] FASTIFY: incoming request
[10/08/2026 17:03:01] Xayling GET /clim/status
[10/08/2026 17:03:04] FASTIFY: request completed
[10/08/2026 17:03:11] FASTIFY: incoming request
[10/08/2026 17:03:11] Xayling GET /clim/status
[10/08/2026 17:03:14] FASTIFY: request completed
[10/08/2026 17:03:21] FASTIFY: incoming request
[10/08/2026 17:03:21] Xayling GET /clim/status
[10/08/2026 17:03:23] FASTIFY: request completed
[10/08/2026 17:03:31] FASTIFY: incoming request
[10/08/2026 17:03:31] Xayling GET /clim/status
[10/08/2026 17:03:37] FASTIFY: request completed
[10/08/2026 17:03:39] FASTIFY: incoming request
[10/08/2026 17:03:39] FASTIFY: incoming request
[10/08/2026 17:03:39] Obiwanlolo GET /clim/status
[10/08/2026 17:03:39] FASTIFY: request completed
[10/08/2026 17:03:41] FASTIFY: incoming request
[10/08/2026 17:03:41] Xayling GET /clim/status
[10/08/2026 17:03:44] FASTIFY: request completed
[10/08/2026 17:03:51] FASTIFY: incoming request
[10/08/2026 17:03:51] Xayling GET /clim/status
[10/08/2026 17:03:54] FASTIFY: request completed
[10/08/2026 17:04:01] FASTIFY: incoming request
[10/08/2026 17:04:01] Xayling GET /clim/status
[10/08/2026 17:04:05] FASTIFY: err is not defined
[10/08/2026 17:04:05] FASTIFY: request completed
[10/08/2026 17:04:11] FASTIFY: incoming request
[10/08/2026 17:04:11] Xayling GET /clim/status
[10/08/2026 17:04:13] FASTIFY: request completed
[10/08/2026 17:04:21] FASTIFY: incoming request
[10/08/2026 17:04:21] Xayling GET /clim/status
[10/08/2026 17:04:33] FASTIFY: err is not defined
[10/08/2026 17:04:33] FASTIFY: request completed
[10/08/2026 17:04:33] FASTIFY: incoming request
[10/08/2026 17:04:33] Xayling GET /clim/status
[10/08/2026 17:04:38] FASTIFY: err is not defined
[10/08/2026 17:04:38] FASTIFY: request completed
[10/08/2026 17:04:41] FASTIFY: incoming request
[10/08/2026 17:04:41] Xayling GET /clim/status
[10/08/2026 17:04:47] FASTIFY: request completed
[10/08/2026 17:04:51] FASTIFY: incoming request
[10/08/2026 17:04:51] Xayling GET /clim/status
[10/08/2026 17:04:58] FASTIFY: request completed
[10/08/2026 17:05:00] SID mkHS6zU1JMI1ywkg
[10/08/2026 17:05:00] SID GnM-UwKPV1WPUzKb
[10/08/2026 17:05:01] FASTIFY: incoming request
[10/08/2026 17:05:01] Xayling GET /clim/status
[10/08/2026 17:05:03] FASTIFY: request completed
[10/08/2026 17:05:11] FASTIFY: incoming request
[10/08/2026 17:05:11] Xayling GET /clim/status
[10/08/2026 17:05:17] FASTIFY: request completed
[10/08/2026 17:05:21] FASTIFY: incoming request
[10/08/2026 17:05:21] Xayling GET /clim/status
[10/08/2026 17:05:23] FASTIFY: request completed
[10/08/2026 17:05:31] FASTIFY: incoming request
[10/08/2026 17:05:31] Xayling GET /clim/status
[10/08/2026 17:05:34] FASTIFY: request completed
[10/08/2026 17:05:41] FASTIFY: incoming request
[10/08/2026 17:05:41] Xayling GET /clim/status
[10/08/2026 17:05:43] FASTIFY: request completed
[10/08/2026 17:05:51] FASTIFY: incoming request
[10/08/2026 17:05:51] Xayling GET /clim/status
[10/08/2026 17:05:54] FASTIFY: request completed
[10/08/2026 17:06:01] FASTIFY: incoming request
[10/08/2026 17:06:01] Xayling GET /clim/status
[10/08/2026 17:06:04] FASTIFY: request completed
[10/08/2026 17:06:11] FASTIFY: incoming request
[10/08/2026 17:06:11] Xayling GET /clim/status
[10/08/2026 17:06:14] FASTIFY: request completed
[10/08/2026 17:06:21] FASTIFY: incoming request
[10/08/2026 17:06:21] Xayling GET /clim/status
[10/08/2026 17:06:24] FASTIFY: request completed
[10/08/2026 17:06:31] FASTIFY: incoming request
[10/08/2026 17:06:31] Xayling GET /clim/status
[10/08/2026 17:06:34] FASTIFY: request completed
[10/08/2026 17:06:41] FASTIFY: incoming request
[10/08/2026 17:06:41] Xayling GET /clim/status
[10/08/2026 17:06:43] FASTIFY: request completed
[10/08/2026 17:06:51] FASTIFY: incoming request
[10/08/2026 17:06:51] Xayling GET /clim/status
[10/08/2026 17:06:53] FASTIFY: request completed
[10/08/2026 17:07:01] FASTIFY: incoming request
[10/08/2026 17:07:01] Xayling GET /clim/status
[10/08/2026 17:07:04] FASTIFY: request completed
[10/08/2026 17:07:11] FASTIFY: incoming request
[10/08/2026 17:07:11] Xayling GET /clim/status
[10/08/2026 17:07:14] FASTIFY: request completed
[10/08/2026 17:07:21] FASTIFY: incoming request
[10/08/2026 17:07:21] Xayling GET /clim/status
[10/08/2026 17:07:23] FASTIFY: request completed
[10/08/2026 17:07:31] FASTIFY: incoming request
[10/08/2026 17:07:31] Xayling GET /clim/status
[10/08/2026 17:07:33] FASTIFY: request completed
[10/08/2026 17:07:41] FASTIFY: incoming request
[10/08/2026 17:07:41] Xayling GET /clim/status
[10/08/2026 17:07:44] FASTIFY: request completed
[10/08/2026 17:07:51] FASTIFY: incoming request
[10/08/2026 17:07:51] Xayling GET /clim/status
[10/08/2026 17:07:54] FASTIFY: request completed
[10/08/2026 17:08:01] FASTIFY: incoming request
[10/08/2026 17:08:01] Xayling GET /clim/status
[10/08/2026 17:08:07] FASTIFY: request completed
[10/08/2026 17:08:11] FASTIFY: incoming request
[10/08/2026 17:08:11] Xayling GET /clim/status
[10/08/2026 17:08:13] FASTIFY: request completed
[10/08/2026 17:08:21] FASTIFY: incoming request
[10/08/2026 17:08:21] Xayling GET /clim/status
[10/08/2026 17:08:25] FASTIFY: err is not defined
[10/08/2026 17:08:25] FASTIFY: request completed
[10/08/2026 17:08:31] FASTIFY: incoming request
[10/08/2026 17:08:31] Xayling GET /clim/status
[10/08/2026 17:08:34] FASTIFY: request completed
[10/08/2026 17:08:41] FASTIFY: incoming request
[10/08/2026 17:08:41] Xayling GET /clim/status
[10/08/2026 17:08:43] FASTIFY: request completed
[10/08/2026 17:08:51] FASTIFY: incoming request
[10/08/2026 17:08:51] Xayling GET /clim/status
[10/08/2026 17:08:53] FASTIFY: request completed
[10/08/2026 17:09:01] FASTIFY: incoming request
[10/08/2026 17:09:01] Xayling GET /clim/status
[10/08/2026 17:09:03] FASTIFY: request completed
[10/08/2026 17:09:11] FASTIFY: incoming request
[10/08/2026 17:09:11] Xayling GET /clim/status
[10/08/2026 17:09:14] FASTIFY: request completed
[10/08/2026 17:09:21] FASTIFY: incoming request
[10/08/2026 17:09:21] Xayling GET /clim/status
[10/08/2026 17:09:24] FASTIFY: request completed
[10/08/2026 17:09:31] FASTIFY: incoming request
[10/08/2026 17:09:31] Xayling GET /clim/status
[10/08/2026 17:09:34] FASTIFY: request completed
[10/08/2026 17:09:41] FASTIFY: incoming request
[10/08/2026 17:09:41] Xayling GET /clim/status
[10/08/2026 17:09:45] FASTIFY: request completed
[10/08/2026 17:09:51] FASTIFY: incoming request
[10/08/2026 17:09:51] Xayling GET /clim/status
[10/08/2026 17:09:54] FASTIFY: request completed
[10/08/2026 17:10:00] SID GnM-UwKPV1WPUzKb
[10/08/2026 17:10:01] SID -lN6bSBHRIeH1Tx4
[10/08/2026 17:10:01] FASTIFY: incoming request
[10/08/2026 17:10:01] Xayling GET /clim/status
[10/08/2026 17:10:04] FASTIFY: request completed
[10/08/2026 17:10:11] FASTIFY: incoming request
[10/08/2026 17:10:11] Xayling GET /clim/status
[10/08/2026 17:10:15] FASTIFY: request completed
[10/08/2026 17:10:21] FASTIFY: incoming request
[10/08/2026 17:10:21] Xayling GET /clim/status
[10/08/2026 17:10:24] FASTIFY: request completed
[10/08/2026 17:10:24] FASTIFY: Stopping Solar's_Cam platform
[10/08/2026 17:10:25] FASTIFY: Solar's_Cam platform stopped
[10/08/2026 17:10:27] Weather : Already got data
[10/08/2026 17:10:27] FASTIFY: Server listening at http://127.0.0.1:3000
[10/08/2026 17:10:27] FASTIFY: Server listening at http://172.24.0.5:3000
[10/08/2026 17:10:30] Clim connectée: 31885837213310 | temp: 24.0 °C
[10/08/2026 17:10:31] FASTIFY: incoming request
[10/08/2026 17:10:31] Xayling GET /clim/status
[10/08/2026 17:10:31] FASTIFY: request completed
[10/08/2026 17:10:41] FASTIFY: incoming request
[10/08/2026 17:10:41] Xayling GET /clim/status
[10/08/2026 17:10:41] FASTIFY: request completed
[10/08/2026 17:10:45] FASTIFY: incoming request
[10/08/2026 17:10:45] FASTIFY: incoming request
[10/08/2026 17:10:45] Xayling GET /clim/status
[10/08/2026 17:10:45] FASTIFY: request completed
[10/08/2026 17:10:45] FASTIFY: request completed
[10/08/2026 17:10:55] FASTIFY: incoming request
[10/08/2026 17:10:55] Xayling GET /clim/status
[10/08/2026 17:10:55] FASTIFY: request completed
[10/08/2026 17:10:58] FASTIFY: Stopping Solar's_Cam platform
[10/08/2026 17:10:59] FASTIFY: Solar's_Cam platform stopped
[10/08/2026 17:11:00] Weather : Already got data
[10/08/2026 17:11:00] FASTIFY: Server listening at http://127.0.0.1:3000
[10/08/2026 17:11:00] FASTIFY: Server listening at http://172.24.0.5:3000
[10/08/2026 17:11:03] Clim connectée: 31885837213310 | temp: 24.0 °C
[10/08/2026 17:11:05] FASTIFY: incoming request
[10/08/2026 17:11:05] Xayling GET /clim/status
[10/08/2026 17:11:08] FASTIFY: request completed
[10/08/2026 17:11:15] FASTIFY: incoming request
[10/08/2026 17:11:15] Xayling GET /clim/status
[10/08/2026 17:11:17] FASTIFY: request completed
[10/08/2026 17:11:25] FASTIFY: incoming request
[10/08/2026 17:11:25] Xayling GET /clim/status
[10/08/2026 17:11:28] FASTIFY: request completed
[10/08/2026 17:11:35] FASTIFY: incoming request
[10/08/2026 17:11:35] Xayling GET /clim/status
[10/08/2026 17:11:37] FASTIFY: request completed
[10/08/2026 17:11:45] FASTIFY: incoming request
[10/08/2026 17:11:45] Xayling GET /clim/status
[10/08/2026 17:11:47] FASTIFY: request completed
[10/08/2026 17:11:55] FASTIFY: incoming request
[10/08/2026 17:11:55] Xayling GET /clim/status
[10/08/2026 17:12:02] FASTIFY: request completed
[10/08/2026 17:12:05] FASTIFY: incoming request
[10/08/2026 17:12:05] Xayling GET /clim/status
[10/08/2026 17:12:07] FASTIFY: request completed
[10/08/2026 17:12:15] FASTIFY: incoming request
[10/08/2026 17:12:15] Xayling GET /clim/status
[10/08/2026 17:12:17] FASTIFY: request completed
[10/08/2026 17:12:25] FASTIFY: incoming request
[10/08/2026 17:12:25] Xayling GET /clim/status
[10/08/2026 17:12:29] FASTIFY: request completed
[10/08/2026 17:12:35] FASTIFY: incoming request
[10/08/2026 17:12:35] Xayling GET /clim/status
[10/08/2026 17:12:37] FASTIFY: request completed
[10/08/2026 17:12:45] FASTIFY: incoming request
[10/08/2026 17:12:45] Xayling GET /clim/status
[10/08/2026 17:12:47] FASTIFY: request completed
[10/08/2026 17:12:55] FASTIFY: incoming request
[10/08/2026 17:12:55] Xayling GET /clim/status
[10/08/2026 17:12:57] FASTIFY: request completed
[10/08/2026 17:13:05] FASTIFY: incoming request
[10/08/2026 17:13:05] Xayling GET /clim/status
[10/08/2026 17:13:07] FASTIFY: request completed
[10/08/2026 17:13:15] FASTIFY: incoming request
[10/08/2026 17:13:15] Xayling GET /clim/status
[10/08/2026 17:13:17] FASTIFY: request completed
[10/08/2026 17:13:25] FASTIFY: incoming request
[10/08/2026 17:13:25] Xayling GET /clim/status
[10/08/2026 17:13:27] FASTIFY: request completed
[10/08/2026 17:13:35] FASTIFY: incoming request
[10/08/2026 17:13:35] Xayling GET /clim/status
[10/08/2026 17:13:37] FASTIFY: request completed
[10/08/2026 17:13:45] FASTIFY: incoming request
[10/08/2026 17:13:45] Xayling GET /clim/status
[10/08/2026 17:13:47] FASTIFY: request completed
[10/08/2026 17:13:55] FASTIFY: incoming request
[10/08/2026 17:13:55] Xayling GET /clim/status
[10/08/2026 17:13:59] FASTIFY: err is not defined
[10/08/2026 17:13:59] FASTIFY: request completed
[10/08/2026 17:14:05] FASTIFY: incoming request
[10/08/2026 17:14:05] Xayling GET /clim/status
[10/08/2026 17:14:07] FASTIFY: request completed
[10/08/2026 17:14:15] FASTIFY: incoming request
[10/08/2026 17:14:15] Xayling GET /clim/status
[10/08/2026 17:14:21] FASTIFY: request completed
[10/08/2026 17:14:25] FASTIFY: incoming request
[10/08/2026 17:14:25] Xayling GET /clim/status
[10/08/2026 17:14:27] FASTIFY: request completed
[10/08/2026 17:14:35] FASTIFY: incoming request
[10/08/2026 17:14:35] Xayling GET /clim/status
[10/08/2026 17:14:37] FASTIFY: request completed
[10/08/2026 17:14:45] FASTIFY: incoming request
[10/08/2026 17:14:45] Xayling GET /clim/status
[10/08/2026 17:14:47] FASTIFY: request completed
[10/08/2026 17:14:55] FASTIFY: incoming request
[10/08/2026 17:14:55] Xayling GET /clim/status
[10/08/2026 17:14:57] FASTIFY: request completed
[10/08/2026 17:15:00] SID null
[10/08/2026 17:15:00] SID jPkcwmYKwmMKDnIy
[10/08/2026 17:15:05] FASTIFY: incoming request
[10/08/2026 17:15:05] Xayling GET /clim/status
[10/08/2026 17:15:07] FASTIFY: request completed
[10/08/2026 17:15:15] FASTIFY: incoming request
[10/08/2026 17:15:15] Xayling GET /clim/status
[10/08/2026 17:15:21] FASTIFY: request completed
[10/08/2026 17:15:25] FASTIFY: incoming request
[10/08/2026 17:15:25] Xayling GET /clim/status
[10/08/2026 17:15:27] FASTIFY: request completed
[10/08/2026 17:15:35] FASTIFY: incoming request
[10/08/2026 17:15:35] Xayling GET /clim/status
[10/08/2026 17:15:37] FASTIFY: request completed
[10/08/2026 17:15:45] FASTIFY: incoming request
[10/08/2026 17:15:45] Xayling GET /clim/status
[10/08/2026 17:15:47] FASTIFY: request completed
[10/08/2026 17:15:55] FASTIFY: incoming request
[10/08/2026 17:15:55] Xayling GET /clim/status
[10/08/2026 17:15:57] FASTIFY: request completed
[10/08/2026 17:16:05] FASTIFY: incoming request
[10/08/2026 17:16:05] Xayling GET /clim/status
[10/08/2026 17:16:07] FASTIFY: request completed
[10/08/2026 17:16:15] FASTIFY: incoming request
[10/08/2026 17:16:15] Xayling GET /clim/status
[10/08/2026 17:16:17] FASTIFY: request completed
[10/08/2026 17:16:25] FASTIFY: incoming request
[10/08/2026 17:16:25] Xayling GET /clim/status
[10/08/2026 17:16:28] FASTIFY: request completed
[10/08/2026 17:16:35] FASTIFY: incoming request
[10/08/2026 17:16:35] Xayling GET /clim/status
[10/08/2026 17:16:37] FASTIFY: request completed
[10/08/2026 17:16:45] FASTIFY: incoming request
[10/08/2026 17:16:45] Xayling GET /clim/status
[10/08/2026 17:16:47] FASTIFY: request completed
[10/08/2026 17:16:55] FASTIFY: incoming request
[10/08/2026 17:16:55] Xayling GET /clim/status
[10/08/2026 17:16:57] FASTIFY: request completed
[10/08/2026 17:17:05] FASTIFY: incoming request
[10/08/2026 17:17:05] Xayling GET /clim/status
[10/08/2026 17:17:08] FASTIFY: request completed
[10/08/2026 17:17:15] FASTIFY: incoming request
[10/08/2026 17:17:15] Xayling GET /clim/status
[10/08/2026 17:17:17] FASTIFY: request completed
[10/08/2026 17:17:25] FASTIFY: incoming request
[10/08/2026 17:17:25] Xayling GET /clim/status
[10/08/2026 17:17:27] FASTIFY: request completed
[10/08/2026 17:17:35] FASTIFY: incoming request
[10/08/2026 17:17:35] Xayling GET /clim/status
[10/08/2026 17:17:37] FASTIFY: request completed
[10/08/2026 17:17:45] FASTIFY: incoming request
[10/08/2026 17:17:45] Xayling GET /clim/status
[10/08/2026 17:17:47] FASTIFY: request completed
[10/08/2026 17:17:55] FASTIFY: incoming request
[10/08/2026 17:17:55] Xayling GET /clim/status
[10/08/2026 17:18:01] FASTIFY: request completed
[10/08/2026 17:18:05] FASTIFY: incoming request
[10/08/2026 17:18:05] Xayling GET /clim/status
[10/08/2026 17:18:11] FASTIFY: request completed
[10/08/2026 17:18:15] FASTIFY: incoming request
[10/08/2026 17:18:15] Xayling GET /clim/status
[10/08/2026 17:18:17] FASTIFY: request completed
[10/08/2026 17:18:25] FASTIFY: incoming request
[10/08/2026 17:18:25] Xayling GET /clim/status
[10/08/2026 17:18:29] FASTIFY: request completed
[10/08/2026 17:18:35] FASTIFY: incoming request
[10/08/2026 17:18:35] Xayling GET /clim/status
[10/08/2026 17:18:46] FASTIFY: request completed
[10/08/2026 17:18:46] FASTIFY: incoming request
[10/08/2026 17:18:46] Xayling GET /clim/status
[10/08/2026 17:18:49] FASTIFY: request completed
[10/08/2026 17:18:55] FASTIFY: incoming request
[10/08/2026 17:18:55] Xayling GET /clim/status
[10/08/2026 17:18:58] FASTIFY: request completed
[10/08/2026 17:19:05] FASTIFY: incoming request
[10/08/2026 17:19:05] Xayling GET /clim/status
[10/08/2026 17:19:08] FASTIFY: request completed
[10/08/2026 17:19:15] FASTIFY: incoming request
[10/08/2026 17:19:15] Xayling GET /clim/status
[10/08/2026 17:19:22] FASTIFY: request completed
[10/08/2026 17:20:00] SID jPkcwmYKwmMKDnIy
[10/08/2026 17:20:01] SID DmJq2ku_5-0_SkuT
[10/08/2026 17:20:15] FASTIFY: incoming request
[10/08/2026 17:20:15] Xayling GET /clim/status
[10/08/2026 17:20:15] FASTIFY: incoming request
[10/08/2026 17:20:15] FASTIFY: request completed
[10/08/2026 17:20:18] FASTIFY: request completed
[10/08/2026 17:20:25] FASTIFY: incoming request
[10/08/2026 17:20:25] Xayling GET /clim/status
[10/08/2026 17:20:28] FASTIFY: request completed
[10/08/2026 17:20:35] FASTIFY: incoming request
[10/08/2026 17:20:35] Xayling GET /clim/status
[10/08/2026 17:20:38] FASTIFY: request completed
[10/08/2026 17:20:45] FASTIFY: incoming request
[10/08/2026 17:20:45] Xayling GET /clim/status
[10/08/2026 17:20:48] FASTIFY: request completed
[10/08/2026 17:20:55] FASTIFY: incoming request
[10/08/2026 17:20:55] Xayling GET /clim/status
[10/08/2026 17:20:58] FASTIFY: request completed
[10/08/2026 17:21:05] FASTIFY: incoming request
[10/08/2026 17:21:05] Xayling GET /clim/status
[10/08/2026 17:21:08] FASTIFY: request completed
[10/08/2026 17:21:15] FASTIFY: incoming request
[10/08/2026 17:21:15] Xayling GET /clim/status
[10/08/2026 17:21:18] FASTIFY: request completed
[10/08/2026 17:21:25] FASTIFY: incoming request
[10/08/2026 17:21:25] Xayling GET /clim/status
[10/08/2026 17:21:32] FASTIFY: request completed
[10/08/2026 17:22:15] FASTIFY: incoming request
[10/08/2026 17:22:15] Xayling GET /clim/status
[10/08/2026 17:22:18] FASTIFY: request completed
[10/08/2026 17:23:15] FASTIFY: incoming request
[10/08/2026 17:23:16] Xayling GET /clim/status
[10/08/2026 17:23:18] FASTIFY: request completed
[10/08/2026 17:24:15] FASTIFY: incoming request
[10/08/2026 17:24:15] Xayling GET /clim/status
[10/08/2026 17:24:18] FASTIFY: request completed
[10/08/2026 17:25:00] SID DmJq2ku_5-0_SkuT
[10/08/2026 17:25:07] SID kgbiU6kYp3-YP6E7
[10/08/2026 17:25:15] FASTIFY: incoming request
[10/08/2026 17:25:15] Xayling GET /clim/status
[10/08/2026 17:25:19] FASTIFY: request completed
[10/08/2026 17:26:15] FASTIFY: incoming request
[10/08/2026 17:26:15] Xayling GET /clim/status
[10/08/2026 17:26:16] FASTIFY: incoming request
[10/08/2026 17:26:16] FASTIFY: incoming request
[10/08/2026 17:26:16] Xayling GET /clim/status
[10/08/2026 17:26:16] FASTIFY: request completed
[10/08/2026 17:26:23] FASTIFY: request completed
[10/08/2026 17:26:26] FASTIFY: incoming request
[10/08/2026 17:26:26] Xayling GET /clim/status
[10/08/2026 17:26:30] FASTIFY: request completed
[10/08/2026 17:26:36] FASTIFY: incoming request
[10/08/2026 17:26:36] Xayling GET /clim/status
[10/08/2026 17:26:39] FASTIFY: request completed
[10/08/2026 17:26:46] FASTIFY: incoming request
[10/08/2026 17:26:46] Xayling GET /clim/status
[10/08/2026 17:26:49] FASTIFY: request completed
[10/08/2026 17:26:56] FASTIFY: incoming request
[10/08/2026 17:26:56] Xayling GET /clim/status
[10/08/2026 17:26:59] FASTIFY: request completed
[10/08/2026 17:27:06] FASTIFY: incoming request
[10/08/2026 17:27:06] Xayling GET /clim/status
[10/08/2026 17:27:13] FASTIFY: request completed
[10/08/2026 17:27:16] FASTIFY: incoming request
[10/08/2026 17:27:16] Xayling GET /clim/status
[10/08/2026 17:27:19] FASTIFY: request completed
[10/08/2026 17:27:26] FASTIFY: incoming request
[10/08/2026 17:27:26] Xayling GET /clim/status
[10/08/2026 17:27:29] FASTIFY: request completed
[10/08/2026 17:28:15] FASTIFY: incoming request
[10/08/2026 17:28:15] Xayling GET /clim/status
[10/08/2026 17:28:19] FASTIFY: request completed
[10/08/2026 17:29:15] FASTIFY: incoming request
[10/08/2026 17:29:15] Xayling GET /clim/status
[10/08/2026 17:29:18] FASTIFY: request completed
[10/08/2026 17:30:00] SID kgbiU6kYp3-YP6E7
[10/08/2026 17:30:08] SID HPiEU16Gd1iG13KL
[10/08/2026 17:30:15] FASTIFY: incoming request
[10/08/2026 17:30:15] Xayling GET /clim/status
[10/08/2026 17:30:18] FASTIFY: request completed
[10/08/2026 17:31:15] FASTIFY: incoming request
[10/08/2026 17:31:15] Xayling GET /clim/status
[10/08/2026 17:31:18] FASTIFY: request completed
[10/08/2026 17:32:15] FASTIFY: incoming request
[10/08/2026 17:32:16] Xayling GET /clim/status
[10/08/2026 17:32:16] FASTIFY: incoming request
[10/08/2026 17:32:16] FASTIFY: incoming request
[10/08/2026 17:32:16] Xayling GET /clim/status
[10/08/2026 17:32:16] FASTIFY: request completed
[10/08/2026 17:32:24] FASTIFY: request completed
[10/08/2026 17:32:26] FASTIFY: incoming request
[10/08/2026 17:32:26] Xayling GET /clim/status
[10/08/2026 17:32:29] FASTIFY: request completed
[10/08/2026 17:32:36] FASTIFY: incoming request
[10/08/2026 17:32:36] Xayling GET /clim/status
[10/08/2026 17:32:39] FASTIFY: request completed
[10/08/2026 17:32:46] FASTIFY: incoming request
[10/08/2026 17:32:46] Xayling GET /clim/status
[10/08/2026 17:32:50] FASTIFY: request completed
[10/08/2026 17:32:56] FASTIFY: incoming request
[10/08/2026 17:32:56] Xayling GET /clim/status
[10/08/2026 17:33:03] FASTIFY: request completed
[10/08/2026 17:33:06] FASTIFY: incoming request
[10/08/2026 17:33:06] Xayling GET /clim/status
[10/08/2026 17:33:09] FASTIFY: request completed
[10/08/2026 17:33:16] FASTIFY: incoming request
[10/08/2026 17:33:16] Xayling GET /clim/status
[10/08/2026 17:33:19] FASTIFY: request completed
[10/08/2026 17:33:26] FASTIFY: incoming request
[10/08/2026 17:33:26] Xayling GET /clim/status
[10/08/2026 17:33:29] FASTIFY: request completed
[10/08/2026 17:34:15] FASTIFY: incoming request
[10/08/2026 17:34:15] Xayling GET /clim/status
[10/08/2026 17:34:18] FASTIFY: request completed
[10/08/2026 17:35:00] SID HPiEU16Gd1iG13KL
[10/08/2026 17:35:06] SID _NhIWXR65-K6GUhr
[10/08/2026 17:35:15] FASTIFY: incoming request
[10/08/2026 17:35:15] Xayling GET /clim/status
[10/08/2026 17:35:18] FASTIFY: request completed
[10/08/2026 17:36:16] FASTIFY: incoming request
[10/08/2026 17:36:16] Xayling GET /clim/status
[10/08/2026 17:36:18] FASTIFY: request completed
[10/08/2026 17:37:15] FASTIFY: incoming request
[10/08/2026 17:37:15] Xayling GET /clim/status
[10/08/2026 17:37:18] FASTIFY: request completed
[10/08/2026 17:38:15] FASTIFY: incoming request
[10/08/2026 17:38:16] Xayling GET /clim/status
[10/08/2026 17:38:16] FASTIFY: incoming request
[10/08/2026 17:38:16] FASTIFY: incoming request
[10/08/2026 17:38:16] Xayling GET /clim/status
[10/08/2026 17:38:16] FASTIFY: request completed
[10/08/2026 17:38:19] FASTIFY: request completed
[10/08/2026 17:38:26] FASTIFY: incoming request
[10/08/2026 17:38:26] Xayling GET /clim/status
[10/08/2026 17:38:29] FASTIFY: request completed
[10/08/2026 17:38:36] FASTIFY: incoming request
[10/08/2026 17:38:36] Xayling GET /clim/status
[10/08/2026 17:38:39] FASTIFY: request completed
[10/08/2026 17:38:46] FASTIFY: incoming request
[10/08/2026 17:38:46] Xayling GET /clim/status
[10/08/2026 17:38:49] FASTIFY: request completed
[10/08/2026 17:38:56] FASTIFY: incoming request
[10/08/2026 17:38:56] Xayling GET /clim/status
[10/08/2026 17:38:59] FASTIFY: request completed
[10/08/2026 17:39:06] FASTIFY: incoming request
[10/08/2026 17:39:06] Xayling GET /clim/status
[10/08/2026 17:39:09] FASTIFY: request completed
[10/08/2026 17:39:16] FASTIFY: incoming request
[10/08/2026 17:39:16] Xayling GET /clim/status
[10/08/2026 17:39:19] FASTIFY: request completed
[10/08/2026 17:39:26] FASTIFY: incoming request
[10/08/2026 17:39:26] Xayling GET /clim/status
[10/08/2026 17:39:29] FASTIFY: request completed
[10/08/2026 17:40:00] SID _NhIWXR65-K6GUhr
[10/08/2026 17:40:05] SID ob-1RI4O1gmOLLYa
[10/08/2026 17:40:15] FASTIFY: incoming request
[10/08/2026 17:40:15] Xayling GET /clim/status
[10/08/2026 17:40:18] FASTIFY: request completed
[10/08/2026 17:41:15] FASTIFY: incoming request
[10/08/2026 17:41:15] Xayling GET /clim/status
[10/08/2026 17:41:18] FASTIFY: request completed
[10/08/2026 17:42:16] FASTIFY: incoming request
[10/08/2026 17:42:16] Xayling GET /clim/status
[10/08/2026 17:42:22] FASTIFY: request completed
[10/08/2026 17:43:15] FASTIFY: incoming request
[10/08/2026 17:43:16] Xayling GET /clim/status
[10/08/2026 17:43:18] FASTIFY: request completed
[10/08/2026 17:44:15] FASTIFY: incoming request
[10/08/2026 17:44:16] Xayling GET /clim/status
[10/08/2026 17:44:16] FASTIFY: incoming request
[10/08/2026 17:44:16] FASTIFY: incoming request
[10/08/2026 17:44:16] Xayling GET /clim/status
[10/08/2026 17:44:16] FASTIFY: request completed
[10/08/2026 17:44:20] FASTIFY: request completed
[10/08/2026 17:44:26] FASTIFY: incoming request
[10/08/2026 17:44:26] Xayling GET /clim/status
[10/08/2026 17:44:29] FASTIFY: request completed
[10/08/2026 17:44:36] FASTIFY: incoming request
[10/08/2026 17:44:36] Xayling GET /clim/status
[10/08/2026 17:44:39] FASTIFY: request completed
[10/08/2026 17:44:46] FASTIFY: incoming request
[10/08/2026 17:44:46] Xayling GET /clim/status
[10/08/2026 17:44:49] FASTIFY: request completed
[10/08/2026 17:44:56] FASTIFY: incoming request
[10/08/2026 17:44:56] Xayling GET /clim/status
[10/08/2026 17:44:59] FASTIFY: request completed
[10/08/2026 17:45:00] SID ob-1RI4O1gmOLLYa
[10/08/2026 17:45:04] SID MmHSzaOJ5pcJWb-y
[10/08/2026 17:45:06] FASTIFY: incoming request
[10/08/2026 17:45:06] Xayling GET /clim/status
[10/08/2026 17:45:10] FASTIFY: request completed
[10/08/2026 17:45:16] FASTIFY: incoming request
[10/08/2026 17:45:16] Xayling GET /clim/status
[10/08/2026 17:45:19] FASTIFY: request completed
[10/08/2026 17:45:26] FASTIFY: incoming request
[10/08/2026 17:45:26] Xayling GET /clim/status
[10/08/2026 17:45:33] FASTIFY: request completed
[10/08/2026 17:46:15] FASTIFY: incoming request
[10/08/2026 17:46:15] Xayling GET /clim/status
[10/08/2026 17:46:18] FASTIFY: request completed
[10/08/2026 17:47:15] FASTIFY: incoming request
[10/08/2026 17:47:15] Xayling GET /clim/status
[10/08/2026 17:47:18] FASTIFY: request completed
[10/08/2026 17:48:16] FASTIFY: incoming request
[10/08/2026 17:48:16] Xayling GET /clim/status
[10/08/2026 17:48:18] FASTIFY: request completed
[10/08/2026 17:49:15] FASTIFY: incoming request
[10/08/2026 17:49:15] Xayling GET /clim/status
[10/08/2026 17:49:18] FASTIFY: request completed
[10/08/2026 17:50:00] SID MmHSzaOJ5pcJWb-y
[10/08/2026 17:50:00] SID TEEcZln2pBy2pkXI
[10/08/2026 17:50:15] FASTIFY: incoming request
[10/08/2026 17:50:15] Xayling GET /clim/status
[10/08/2026 17:50:16] FASTIFY: incoming request
[10/08/2026 17:50:16] FASTIFY: incoming request
[10/08/2026 17:50:16] Xayling GET /clim/status
[10/08/2026 17:50:16] FASTIFY: request completed
[10/08/2026 17:50:20] FASTIFY: request completed
[10/08/2026 17:50:26] FASTIFY: incoming request
[10/08/2026 17:50:26] Xayling GET /clim/status
[10/08/2026 17:50:29] FASTIFY: request completed
[10/08/2026 17:50:36] FASTIFY: incoming request
[10/08/2026 17:50:36] Xayling GET /clim/status
[10/08/2026 17:50:39] FASTIFY: request completed
[10/08/2026 17:50:46] FASTIFY: incoming request
[10/08/2026 17:50:46] Xayling GET /clim/status
[10/08/2026 17:50:49] FASTIFY: request completed
[10/08/2026 17:50:56] FASTIFY: incoming request
[10/08/2026 17:50:56] Xayling GET /clim/status
[10/08/2026 17:50:59] FASTIFY: request completed
[10/08/2026 17:51:06] FASTIFY: incoming request
[10/08/2026 17:51:06] Xayling GET /clim/status
[10/08/2026 17:51:09] FASTIFY: request completed
[10/08/2026 17:51:16] FASTIFY: incoming request
[10/08/2026 17:51:16] Xayling GET /clim/status
[10/08/2026 17:51:19] FASTIFY: request completed
[10/08/2026 17:51:26] FASTIFY: incoming request
[10/08/2026 17:51:26] Xayling GET /clim/status
[10/08/2026 17:51:29] FASTIFY: request completed
[10/08/2026 17:52:15] FASTIFY: incoming request
[10/08/2026 17:52:15] Xayling GET /clim/status
[10/08/2026 17:52:22] FASTIFY: request completed
[10/08/2026 17:53:15] FASTIFY: incoming request
[10/08/2026 17:53:15] Xayling GET /clim/status
[10/08/2026 17:53:18] FASTIFY: request completed
[10/08/2026 17:54:15] FASTIFY: incoming request
[10/08/2026 17:54:15] Xayling GET /clim/status
[10/08/2026 17:54:22] FASTIFY: request completed
[10/08/2026 17:55:00] SID TEEcZln2pBy2pkXI
[10/08/2026 17:55:04] SID pazBqNMWhNRWsOsE
[10/08/2026 17:55:15] FASTIFY: incoming request
[10/08/2026 17:55:16] Xayling GET /clim/status
[10/08/2026 17:55:18] FASTIFY: request completed
[10/08/2026 17:56:15] FASTIFY: incoming request
[10/08/2026 17:56:15] Xayling GET /clim/status
[10/08/2026 17:56:18] FASTIFY: request completed
[10/08/2026 17:56:54] FASTIFY: incoming request
[10/08/2026 17:56:54] Xayling GET /clim/status
[10/08/2026 17:56:58] FASTIFY: request completed
[10/08/2026 17:56:58] FASTIFY: incoming request
[10/08/2026 17:56:58] Xayling GET /clim/status
[10/08/2026 17:57:00] FASTIFY: request completed
[10/08/2026 18:00:00] SID pazBqNMWhNRWsOsE
[10/08/2026 18:00:05] SID YFLgsIjY1U1YXKDV
[10/08/2026 18:06:35] Weather : Already got data
[10/08/2026 18:06:35] FASTIFY: Server listening at http://127.0.0.1:3000
[10/08/2026 18:06:35] FASTIFY: Server listening at http://172.24.0.5:3000
[10/08/2026 18:06:45] Clim connectée: 31885837213310 | temp: 25.0 °C
[10/08/2026 18:10:00] SID null
[10/08/2026 18:10:00] SID DFKkwlye5lgeMmCC
[10/08/2026 18:15:00] SID DFKkwlye5lgeMmCC
[10/08/2026 18:15:05] SID YEDA5KnB5A8B_LXw
[10/08/2026 18:20:00] SID YEDA5KnB5A8B_LXw
[10/08/2026 18:20:06] SID --vzVR9AKziA5TdL
[10/08/2026 18:25:00] SID --vzVR9AKziA5TdL
[10/08/2026 18:30:00] SID --vzVR9AKziA5TdL
[10/08/2026 18:30:05] SID Z3KnYMbyhEGy1MLY
[10/08/2026 18:35:00] SID Z3KnYMbyhEGy1MLY
[10/08/2026 18:35:09] SID 7lCGYGBsVGesNFB4
[10/08/2026 18:38:45] FASTIFY: incoming request
[10/08/2026 18:38:45] FASTIFY: incoming request
[10/08/2026 18:38:45] Parents GET /clim/status
[10/08/2026 18:38:45] FASTIFY: request completed
[10/08/2026 18:38:48] FASTIFY: request completed
[10/08/2026 18:38:54] FASTIFY: incoming request
[10/08/2026 18:38:55] Parents GET /clim/status
[10/08/2026 18:38:57] FASTIFY: request completed
[10/08/2026 18:39:04] FASTIFY: incoming request
[10/08/2026 18:39:04] Parents GET /clim/status
[10/08/2026 18:39:07] FASTIFY: request completed
[10/08/2026 18:39:14] FASTIFY: incoming request
[10/08/2026 18:39:14] Parents GET /clim/status
[10/08/2026 18:39:17] FASTIFY: request completed
[10/08/2026 18:40:00] SID 7lCGYGBsVGesNFB4
[10/08/2026 18:40:01] SID AnFavo6k5alktp6V
[10/08/2026 18:45:00] SID AnFavo6k5alktp6V
[10/08/2026 18:45:01] SID dK1Y3ffCe1ICJcPj
[10/08/2026 18:50:00] SID dK1Y3ffCe1ICJcPj
[10/08/2026 18:50:00] SID dq_yQd_tCrit2e_K
[10/08/2026 18:55:00] SID dq_yQd_tCrit2e_K
[10/08/2026 18:55:05] SID dawN0efbh5Mbvd_z
[10/08/2026 19:00:00] SID dawN0efbh5Mbvd_z
[10/08/2026 19:00:09] SID fiSGhUv1_u11VXvW
[10/08/2026 19:05:00] SID fiSGhUv1_u11VXvW
[10/08/2026 19:05:02] SID ces9oaP26Jd2cb_0
[10/08/2026 19:10:00] SID ces9oaP26Jd2cb_0
[10/08/2026 19:10:02] SID YWLhpL_dcNpdyJvk
[10/08/2026 19:15:52] Weather : Already got data
[10/08/2026 19:15:52] FASTIFY: Server listening at http://127.0.0.1:3000
[10/08/2026 19:15:52] FASTIFY: Server listening at http://172.24.0.5:3000
[10/08/2026 19:15:55] Clim connectée: 31885837213310 | temp: 24.5 °C
[10/08/2026 19:20:00] SID null
[10/08/2026 19:20:00] SID V-t7K_fygDLyB_fs
[10/08/2026 19:22:52] Weather : Already got data
[10/08/2026 19:22:52] FASTIFY: Server listening at http://127.0.0.1:3000
[10/08/2026 19:22:52] FASTIFY: Server listening at http://172.24.0.5:3000
[10/08/2026 19:22:55] Clim connectée: 31885837213310 | temp: 24.5 °C
[10/08/2026 19:25:00] SID null
[10/08/2026 19:25:06] SID bOlYfHPFiUaFdEPp
[10/08/2026 19:30:00] SID bOlYfHPFiUaFdEPp
[10/08/2026 19:30:11] SID ferhlUvXW81XUVvX
[10/08/2026 19:35:00] SID ferhlUvXW81XUVvX
[10/08/2026 19:35:06] SID UCWUV6fop-Ooq6v7
[10/08/2026 19:40:00] SID UCWUV6fop-Ooq6v7
[10/08/2026 19:40:03] SID Z65rPOfGsVPGVMP9
[10/08/2026 19:45:00] SID Z65rPOfGsVPGVMP9
[10/08/2026 19:45:01] SID RqwOzuvmWk8mUuPy
[10/08/2026 19:50:00] SID RqwOzuvmWk8mUuPy
[10/08/2026 19:50:07] SID Vyd7V__JS-qJo8vr
[10/08/2026 19:55:00] SID Vyd7V__JS-qJo8vr
[10/08/2026 20:00:00] SID Vyd7V__JS-qJo8vr
[10/08/2026 20:00:00] SID X6-3p0_LxNlL-0vU
[10/08/2026 20:05:00] SID X6-3p0_LxNlL-0vU
[10/08/2026 20:05:03] SID Z67jIOPowJfoyO_8
[10/08/2026 20:10:00] SID Z67jIOPowJfoyO_8
[10/08/2026 20:10:03] SID N2JrGeuMmx_Mhce_
[10/08/2026 20:15:00] SID N2JrGeuMmx_Mhce_
[10/08/2026 20:15:06] SID VGBIC9vz4gzzb_fO
[10/08/2026 20:20:00] SID VGBIC9vz4gzzb_fO
[10/08/2026 20:20:04] SID IK88YIupRK2pwK-Y
[10/08/2026 20:25:00] SID IK88YIupRK2pwK-Y
[10/08/2026 20:25:01] SID Wa2VFxPza8TzbzvP
[10/08/2026 20:30:00] SID Wa2VFxPza8TzbzvP
[10/08/2026 20:30:02] SID feql3XP7O0Y70XPj
[10/08/2026 20:35:00] SID feql3XP7O0Y70XPj
[10/08/2026 20:35:04] SID PK_wyXucqg4crVei
[10/08/2026 20:40:00] SID PK_wyXucqg4crVei
[10/08/2026 20:40:00] SID bq3SkGfk65NkKG_3
[10/08/2026 21:20:00] SID bq3SkGfk65NkKG_3
[10/08/2026 21:25:00] SID bq3SkGfk65NkKG_3
[10/08/2026 21:25:04] SID DWCFOmOPqSfPZke9
[10/08/2026 21:30:00] SID DWCFOmOPqSfPZke9
[10/08/2026 21:30:07] SID RyWXYu_QSLuQlt_4
[10/08/2026 21:35:00] SID RyWXYu_QSLuQlt_4
[10/08/2026 21:35:05] SID L-jDmFeTYzBTqFeH
[10/08/2026 21:40:00] SID L-jDmFeTYzBTqFeH
[10/08/2026 21:45:00] SID L-jDmFeTYzBTqFeH
[10/08/2026 21:45:01] SID NK5oCfe_uiL_Xfeu
[10/08/2026 21:50:00] SID NK5oCfe_uiL_Xfeu
[10/08/2026 21:50:00] SID f64v_V_lpXgl8WPB
[10/08/2026 21:55:00] SID f64v_V_lpXgl8WPB
[10/08/2026 21:55:03] SID 7KzAIHdKkKLKFE9s
[10/08/2026 22:00:00] SID 7KzAIHdKkKLKFE9s
[10/08/2026 22:00:08] SID ISRJbKOxTHexpLO4
[10/08/2026 22:05:00] SID ISRJbKOxTHexpLO4
[10/08/2026 22:05:02] SID RWN5ztfX4kAXztPC
[10/08/2026 22:10:00] SID RWN5ztfX4kAXztPC
[10/08/2026 22:10:01] SID Mq2W3ZuKy1wKaYOD
[10/08/2026 22:15:00] SID Mq2W3ZuKy1wKaYOD
[10/08/2026 22:15:02] SID ZK7g9MfZ3fEZUNvR
[10/08/2026 22:20:00] SID ZK7g9MfZ3fEZUNvR
[10/08/2026 22:20:00] SID 0ugOk7N7k5Z7e79n
[10/08/2026 22:25:00] SID 0ugOk7N7k5Z7e79n
[10/08/2026 22:25:00] SID Deu1Sne18hK1mneq
[10/08/2026 22:30:00] SID Deu1Sne18hK1mneq
[10/08/2026 22:35:00] SID Deu1Sne18hK1mneq
[10/08/2026 22:35:05] SID Nq965cegiMEg0euQ
[13/08/2026 03:30:11] Weather : Already got data
[13/08/2026 03:30:11] FASTIFY: Server listening at http://127.0.0.1:3000
[13/08/2026 03:30:11] FASTIFY: Server listening at http://172.24.0.5:3000
[13/08/2026 03:30:16] Clim inaccessible au démarrage: Traceback (most recent call last):
  File "/root/.local/pipx/venvs/midea-beautiful-air/lib/python3.11/site-packages/midea_beautiful/lan.py", line 1014, in appliance_state
    response = sock.recv(512)
               ^^^^^^^^^^^^^^
TimeoutError: timed out

The above exception was the direct cause of the following exception:

Traceback (most recent call last):
  File "/root/.local/bin/midea-beautiful-air-cli", line 6, in <module>
    sys.exit(cli())
             ^^^^^
  File "/root/.local/pipx/venvs/midea-beautiful-air/lib/python3.11/site-packages/midea_beautiful/cli.py", line 357, in cli
    return function(args)
           ^^^^^^^^^^^^^^
  File "/root/.local/pipx/venvs/midea-beautiful-air/lib/python3.11/site-packages/midea_beautiful/cli.py", line 158, in _run_status_command
    appliance = appliance_state(
                ^^^^^^^^^^^^^^^^
  File "/root/.local/pipx/venvs/midea-beautiful-air/lib/python3.11/site-packages/midea_beautiful/lan.py", line 1038, in appliance_state
    raise MideaNetworkError(
midea_beautiful.exceptions.MideaNetworkError: Timeout while connecting to appliance 192.168.0.205:20086

[13/08/2026 03:30:34] FASTIFY: incoming request
[13/08/2026 03:30:34] Xayling GET /clim/status
[13/08/2026 03:30:38] FASTIFY: err is not defined
[13/08/2026 03:30:38] FASTIFY: request completed
[13/08/2026 03:31:34] FASTIFY: incoming request
[13/08/2026 03:31:34] Xayling GET /clim/status
[13/08/2026 03:31:39] FASTIFY: err is not defined
[13/08/2026 03:31:39] FASTIFY: request completed
[13/08/2026 03:32:34] FASTIFY: incoming request
[13/08/2026 03:32:34] Xayling GET /clim/status
[13/08/2026 03:32:38] FASTIFY: err is not defined
[13/08/2026 03:32:39] FASTIFY: request completed
[13/08/2026 03:33:34] FASTIFY: incoming request
[13/08/2026 03:33:34] Xayling GET /clim/status
[13/08/2026 03:33:38] FASTIFY: err is not defined
[13/08/2026 03:33:38] FASTIFY: request completed
[13/08/2026 03:34:34] FASTIFY: incoming request
[13/08/2026 03:34:34] Xayling GET /clim/status
[13/08/2026 03:34:38] FASTIFY: err is not defined
[13/08/2026 03:34:38] FASTIFY: request completed
[13/08/2026 03:35:00] SID null
[13/08/2026 03:35:34] FASTIFY: incoming request
[13/08/2026 03:35:34] Xayling GET /clim/status
[13/08/2026 03:35:38] FASTIFY: err is not defined
[13/08/2026 03:35:38] FASTIFY: request completed
[13/08/2026 03:36:34] FASTIFY: incoming request
[13/08/2026 03:36:34] Xayling GET /clim/status
[13/08/2026 03:36:38] FASTIFY: err is not defined
[13/08/2026 03:36:38] FASTIFY: request completed
[13/08/2026 03:37:34] FASTIFY: incoming request
[13/08/2026 03:37:34] Xayling GET /clim/status
[13/08/2026 03:37:38] FASTIFY: err is not defined
[13/08/2026 03:37:38] FASTIFY: request completed
[13/08/2026 03:38:34] FASTIFY: incoming request
[13/08/2026 03:38:34] Xayling GET /clim/status
[13/08/2026 03:38:38] FASTIFY: err is not defined
[13/08/2026 03:38:38] FASTIFY: request completed
[13/08/2026 03:39:27] FASTIFY: Stopping Solar's_Cam platform
[13/08/2026 03:39:27] FASTIFY: Solar's_Cam platform stopped
[13/08/2026 03:39:29] Weather : Already got data
[13/08/2026 03:39:29] FASTIFY: Server listening at http://127.0.0.1:3000
[13/08/2026 03:39:29] FASTIFY: Server listening at http://172.24.0.5:3000
[13/08/2026 03:39:34] FASTIFY: incoming request
[13/08/2026 03:39:34] Xayling GET /clim/status
[13/08/2026 03:39:34] Clim inaccessible au démarrage: Traceback (most recent call last):
  File "/root/.local/pipx/venvs/midea-beautiful-air/lib/python3.11/site-packages/midea_beautiful/lan.py", line 1014, in appliance_state
    response = sock.recv(512)
               ^^^^^^^^^^^^^^
TimeoutError: timed out

The above exception was the direct cause of the following exception:

Traceback (most recent call last):
  File "/root/.local/bin/midea-beautiful-air-cli", line 6, in <module>
    sys.exit(cli())
             ^^^^^
  File "/root/.local/pipx/venvs/midea-beautiful-air/lib/python3.11/site-packages/midea_beautiful/cli.py", line 357, in cli
    return function(args)
           ^^^^^^^^^^^^^^
  File "/root/.local/pipx/venvs/midea-beautiful-air/lib/python3.11/site-packages/midea_beautiful/cli.py", line 158, in _run_status_command
    appliance = appliance_state(
                ^^^^^^^^^^^^^^^^
  File "/root/.local/pipx/venvs/midea-beautiful-air/lib/python3.11/site-packages/midea_beautiful/lan.py", line 1038, in appliance_state
    raise MideaNetworkError(
midea_beautiful.exceptions.MideaNetworkError: Timeout while connecting to appliance 192.168.0.205:20086

[13/08/2026 03:39:38] FASTIFY: server.writeLog is not a function
[13/08/2026 03:39:38] FASTIFY: request completed
[13/08/2026 03:39:50] FASTIFY: incoming request
[13/08/2026 03:39:51] Xayling GET /clim/status
[13/08/2026 03:39:52] FASTIFY: incoming request
[13/08/2026 03:39:52] FASTIFY: incoming request
[13/08/2026 03:39:52] Xayling GET /clim/status
[13/08/2026 03:39:52] FASTIFY: request completed
[13/08/2026 03:39:55] FASTIFY: server.writeLog is not a function
[13/08/2026 03:39:55] FASTIFY: incoming request
[13/08/2026 03:39:55] FASTIFY: incoming request
[13/08/2026 03:39:55] Xayling GET /clim/status
[13/08/2026 03:39:55] FASTIFY: request completed
[13/08/2026 03:39:57] FASTIFY: server.writeLog is not a function
[13/08/2026 03:40:00] SID null
[13/08/2026 03:40:00] FASTIFY: server.writeLog is not a function
[13/08/2026 03:40:00] FASTIFY: request completed
[13/08/2026 03:40:06] FASTIFY: incoming request
[13/08/2026 03:40:06] Xayling GET /clim/status
[13/08/2026 03:40:10] FASTIFY: server.writeLog is not a function
[13/08/2026 03:40:10] FASTIFY: request completed
[13/08/2026 03:40:16] FASTIFY: incoming request
[13/08/2026 03:40:16] Xayling GET /clim/status
[13/08/2026 03:40:20] FASTIFY: server.writeLog is not a function
[13/08/2026 03:40:20] FASTIFY: request completed
[13/08/2026 03:40:26] FASTIFY: incoming request
[13/08/2026 03:40:26] Xayling GET /clim/status
[13/08/2026 03:40:27] FASTIFY: Stopping Solar's_Cam platform
[13/08/2026 03:40:27] FASTIFY: server.writeLog is not a function
[13/08/2026 03:40:27] FASTIFY: request completed
[13/08/2026 03:40:27] FASTIFY: Solar's_Cam platform stopped
[13/08/2026 03:40:28] Weather : Already got data
[13/08/2026 03:40:28] FASTIFY: Server listening at http://127.0.0.1:3000
[13/08/2026 03:40:28] FASTIFY: Server listening at http://172.24.0.5:3000
[13/08/2026 03:40:33] Clim inaccessible au démarrage: Traceback (most recent call last):
  File "/root/.local/pipx/venvs/midea-beautiful-air/lib/python3.11/site-packages/midea_beautiful/lan.py", line 1014, in appliance_state
    response = sock.recv(512)
               ^^^^^^^^^^^^^^
TimeoutError: timed out

The above exception was the direct cause of the following exception:

Traceback (most recent call last):
  File "/root/.local/bin/midea-beautiful-air-cli", line 6, in <module>
    sys.exit(cli())
             ^^^^^
  File "/root/.local/pipx/venvs/midea-beautiful-air/lib/python3.11/site-packages/midea_beautiful/cli.py", line 357, in cli
    return function(args)
           ^^^^^^^^^^^^^^
  File "/root/.local/pipx/venvs/midea-beautiful-air/lib/python3.11/site-packages/midea_beautiful/cli.py", line 158, in _run_status_command
    appliance = appliance_state(
                ^^^^^^^^^^^^^^^^
  File "/root/.local/pipx/venvs/midea-beautiful-air/lib/python3.11/site-packages/midea_beautiful/lan.py", line 1038, in appliance_state
    raise MideaNetworkError(
midea_beautiful.exceptions.MideaNetworkError: Timeout while connecting to appliance 192.168.0.205:20086

[13/08/2026 03:40:36] FASTIFY: incoming request
[13/08/2026 03:40:36] Xayling GET /clim/status
[13/08/2026 03:40:38] FASTIFY: incoming request
[13/08/2026 03:40:38] Xayling GET /clim/status
[13/08/2026 03:40:38] FASTIFY: incoming request
[13/08/2026 03:40:38] FASTIFY: request completed
[13/08/2026 03:40:41] FASTIFY: Cannot read properties of undefined (reading 'Error')
[13/08/2026 03:40:43] FASTIFY: Cannot read properties of undefined (reading 'Error')
[13/08/2026 03:40:43] FASTIFY: request completed
[13/08/2026 03:40:48] FASTIFY: incoming request
[13/08/2026 03:40:48] Xayling GET /clim/status
[13/08/2026 03:40:52] FASTIFY: Cannot read properties of undefined (reading 'Error')
[13/08/2026 03:40:52] FASTIFY: request completed
[13/08/2026 03:40:58] FASTIFY: incoming request
[13/08/2026 03:40:58] Xayling GET /clim/status
[13/08/2026 03:41:02] FASTIFY: Cannot read properties of undefined (reading 'Error')
[13/08/2026 03:41:02] FASTIFY: request completed
[13/08/2026 03:41:08] FASTIFY: incoming request
[13/08/2026 03:41:08] Xayling GET /clim/status
[13/08/2026 03:41:12] FASTIFY: Cannot read properties of undefined (reading 'Error')
[13/08/2026 03:41:12] FASTIFY: request completed
[13/08/2026 03:41:18] FASTIFY: incoming request
[13/08/2026 03:41:18] Xayling GET /clim/status
[13/08/2026 03:41:22] FASTIFY: Cannot read properties of undefined (reading 'Error')
[13/08/2026 03:41:22] FASTIFY: request completed
[13/08/2026 03:41:28] FASTIFY: incoming request
[13/08/2026 03:41:28] Xayling GET /clim/status
[13/08/2026 03:41:32] FASTIFY: Cannot read properties of undefined (reading 'Error')
[13/08/2026 03:41:32] FASTIFY: request completed
[13/08/2026 03:41:38] FASTIFY: incoming request
[13/08/2026 03:41:38] Xayling GET /clim/status
[13/08/2026 03:41:42] FASTIFY: Cannot read properties of undefined (reading 'Error')
[13/08/2026 03:41:42] FASTIFY: request completed
[13/08/2026 03:41:48] FASTIFY: incoming request
[13/08/2026 03:41:48] Xayling GET /clim/status
[13/08/2026 03:41:48] FASTIFY: incoming request
[13/08/2026 03:41:48] FASTIFY: incoming request
[13/08/2026 03:41:48] Xayling GET /clim/status
[13/08/2026 03:41:48] FASTIFY: request completed
[13/08/2026 03:41:52] FASTIFY: Cannot read properties of undefined (reading 'Error')
[13/08/2026 03:41:53] FASTIFY: Cannot read properties of undefined (reading 'Error')
[13/08/2026 03:41:53] FASTIFY: request completed
[13/08/2026 03:41:59] FASTIFY: incoming request
[13/08/2026 03:41:59] Xayling GET /clim/status
[13/08/2026 03:42:03] FASTIFY: Cannot read properties of undefined (reading 'Error')
[13/08/2026 03:42:03] FASTIFY: request completed
[13/08/2026 03:42:09] FASTIFY: incoming request
[13/08/2026 03:42:09] Xayling GET /clim/status
[13/08/2026 03:42:13] FASTIFY: Cannot read properties of undefined (reading 'Error')
[13/08/2026 03:42:13] FASTIFY: request completed
[13/08/2026 03:42:19] FASTIFY: incoming request
[13/08/2026 03:42:19] Xayling GET /clim/status
[13/08/2026 03:42:23] FASTIFY: Cannot read properties of undefined (reading 'Error')
[13/08/2026 03:42:23] FASTIFY: request completed
[13/08/2026 03:42:29] FASTIFY: incoming request
[13/08/2026 03:42:29] Xayling GET /clim/status
[13/08/2026 03:42:33] FASTIFY: Cannot read properties of undefined (reading 'Error')
[13/08/2026 03:42:33] FASTIFY: request completed
[13/08/2026 03:42:39] FASTIFY: incoming request
[13/08/2026 03:42:39] Xayling GET /clim/status
[13/08/2026 03:42:43] FASTIFY: Cannot read properties of undefined (reading 'Error')
[13/08/2026 03:42:43] FASTIFY: request completed
[13/08/2026 03:42:49] FASTIFY: incoming request
[13/08/2026 03:42:49] Xayling GET /clim/status
[13/08/2026 03:42:53] FASTIFY: Cannot read properties of undefined (reading 'Error')
[13/08/2026 03:42:53] FASTIFY: request completed
[13/08/2026 03:42:59] FASTIFY: incoming request
[13/08/2026 03:42:59] Xayling GET /clim/status
[13/08/2026 03:43:03] FASTIFY: Cannot read properties of undefined (reading 'Error')
[13/08/2026 03:43:03] FASTIFY: request completed
[13/08/2026 03:43:34] FASTIFY: incoming request
[13/08/2026 03:43:34] Xayling GET /clim/status
[13/08/2026 03:43:38] FASTIFY: Cannot read properties of undefined (reading 'Error')
[13/08/2026 03:43:38] FASTIFY: request completed
[13/08/2026 03:43:40] FASTIFY: Stopping Solar's_Cam platform
[13/08/2026 03:43:40] FASTIFY: Solar's_Cam platform stopped
[13/08/2026 03:43:41] Weather : Already got data
[13/08/2026 03:43:41] FASTIFY: Server listening at http://127.0.0.1:3000
[13/08/2026 03:43:41] FASTIFY: Server listening at http://172.24.0.5:3000
[13/08/2026 03:43:45] Clim inaccessible au démarrage: Traceback (most recent call last):
  File "/root/.local/pipx/venvs/midea-beautiful-air/lib/python3.11/site-packages/midea_beautiful/lan.py", line 1014, in appliance_state
    response = sock.recv(512)
               ^^^^^^^^^^^^^^
TimeoutError: timed out

The above exception was the direct cause of the following exception:

Traceback (most recent call last):
  File "/root/.local/bin/midea-beautiful-air-cli", line 6, in <module>
    sys.exit(cli())
             ^^^^^
  File "/root/.local/pipx/venvs/midea-beautiful-air/lib/python3.11/site-packages/midea_beautiful/cli.py", line 357, in cli
    return function(args)
           ^^^^^^^^^^^^^^
  File "/root/.local/pipx/venvs/midea-beautiful-air/lib/python3.11/site-packages/midea_beautiful/cli.py", line 158, in _run_status_command
    appliance = appliance_state(
                ^^^^^^^^^^^^^^^^
  File "/root/.local/pipx/venvs/midea-beautiful-air/lib/python3.11/site-packages/midea_beautiful/lan.py", line 1038, in appliance_state
    raise MideaNetworkError(
midea_beautiful.exceptions.MideaNetworkError: Timeout while connecting to appliance 192.168.0.205:20086

[13/08/2026 03:43:46] FASTIFY: incoming request
[13/08/2026 03:43:46] Xayling GET /clim/status
[13/08/2026 03:43:47] FASTIFY: incoming request
[13/08/2026 03:43:47] FASTIFY: incoming request
[13/08/2026 03:43:47] Xayling GET /clim/status
[13/08/2026 03:43:47] FASTIFY: request completed
[13/08/2026 03:43:50] FASTIFY: Cannot read properties of undefined (reading 'Error')
[13/08/2026 03:43:52] FASTIFY: Cannot read properties of undefined (reading 'Error')
[13/08/2026 03:43:52] FASTIFY: request completed
[13/08/2026 03:43:58] FASTIFY: incoming request
[13/08/2026 03:43:58] Xayling GET /clim/status
[13/08/2026 03:44:02] FASTIFY: Cannot read properties of undefined (reading 'Error')
[13/08/2026 03:44:02] FASTIFY: request completed
[13/08/2026 03:44:08] FASTIFY: incoming request
[13/08/2026 03:44:08] Xayling GET /clim/status
[13/08/2026 03:44:12] FASTIFY: Cannot read properties of undefined (reading 'Error')
[13/08/2026 03:44:12] FASTIFY: request completed
[13/08/2026 03:44:16] FASTIFY: Stopping Solar's_Cam platform
[13/08/2026 03:44:16] FASTIFY: Solar's_Cam platform stopped
[13/08/2026 03:44:17] Weather : Already got data
[13/08/2026 03:44:17] FASTIFY: Server listening at http://127.0.0.1:3000
[13/08/2026 03:44:17] FASTIFY: Server listening at http://172.24.0.5:3000
[13/08/2026 03:44:18] FASTIFY: incoming request
[13/08/2026 03:44:18] Xayling GET /clim/status
[13/08/2026 03:44:21] Clim inaccessible au démarrage: Error: Traceback (most recent call last):
  File "/root/.local/pipx/venvs/midea-beautiful-air/lib/python3.11/site-packages/midea_beautiful/lan.py", line 1014, in appliance_state
    response = sock.recv(512)
               ^^^^^^^^^^^^^^
TimeoutError: timed out

The above exception was the direct cause of the following exception:

Traceback (most recent call last):
  File "/root/.local/bin/midea-beautiful-air-cli", line 6, in <module>
    sys.exit(cli())
             ^^^^^
  File "/root/.local/pipx/venvs/midea-beautiful-air/lib/python3.11/site-packages/midea_beautiful/cli.py", line 357, in cli
    return function(args)
           ^^^^^^^^^^^^^^
  File "/root/.local/pipx/venvs/midea-beautiful-air/lib/python3.11/site-packages/midea_beautiful/cli.py", line 158, in _run_status_command
    appliance = appliance_state(
                ^^^^^^^^^^^^^^^^
  File "/root/.local/pipx/venvs/midea-beautiful-air/lib/python3.11/site-packages/midea_beautiful/lan.py", line 1038, in appliance_state
    raise MideaNetworkError(
midea_beautiful.exceptions.MideaNetworkError: Timeout while connecting to appliance 192.168.0.205:20086

    at file:///data/src/plugins/Clim/ClimHandler.js:23:26
    at ChildProcess.exithandler (node:child_process:424:5)
    at ChildProcess.emit (node:events:519:28)
    at maybeClose (node:internal/child_process:1101:16)
    at Socket.<anonymous> (node:internal/child_process:456:11)
    at Socket.emit (node:events:519:28)
    at Pipe.<anonymous> (node:net:347:12)
[13/08/2026 03:44:22] FASTIFY: Cannot read properties of undefined (reading 'Error')
[13/08/2026 03:44:22] FASTIFY: request completed
[13/08/2026 03:44:28] FASTIFY: incoming request
[13/08/2026 03:44:28] Xayling GET /clim/status
[13/08/2026 03:44:32] FASTIFY: Cannot read properties of undefined (reading 'Error')
[13/08/2026 03:44:32] FASTIFY: request completed
[13/08/2026 03:44:38] FASTIFY: incoming request
[13/08/2026 03:44:38] Xayling GET /clim/status
[13/08/2026 03:44:42] FASTIFY: Cannot read properties of undefined (reading 'Error')
[13/08/2026 03:44:42] FASTIFY: request completed
[13/08/2026 03:44:48] FASTIFY: incoming request
[13/08/2026 03:44:48] Xayling GET /clim/status
[13/08/2026 03:44:48] FASTIFY: Stopping Solar's_Cam platform
[13/08/2026 03:44:48] FASTIFY: Cannot read properties of undefined (reading 'Error')
[13/08/2026 03:44:48] FASTIFY: request completed
[13/08/2026 03:44:48] FASTIFY: Solar's_Cam platform stopped
[13/08/2026 03:44:49] Weather : Already got data
[13/08/2026 03:44:49] FASTIFY: Server listening at http://127.0.0.1:3000
[13/08/2026 03:44:49] FASTIFY: Server listening at http://172.24.0.5:3000
[13/08/2026 03:44:53] Clim inaccessible au démarrage: Error: Traceback (most recent call last):
  File "/root/.local/pipx/venvs/midea-beautiful-air/lib/python3.11/site-packages/midea_beautiful/lan.py", line 1014, in appliance_state
    response = sock.recv(512)
               ^^^^^^^^^^^^^^
TimeoutError: timed out

The above exception was the direct cause of the following exception:

Traceback (most recent call last):
  File "/root/.local/bin/midea-beautiful-air-cli", line 6, in <module>
    sys.exit(cli())
             ^^^^^
  File "/root/.local/pipx/venvs/midea-beautiful-air/lib/python3.11/site-packages/midea_beautiful/cli.py", line 357, in cli
    return function(args)
           ^^^^^^^^^^^^^^
  File "/root/.local/pipx/venvs/midea-beautiful-air/lib/python3.11/site-packages/midea_beautiful/cli.py", line 158, in _run_status_command
    appliance = appliance_state(
                ^^^^^^^^^^^^^^^^
  File "/root/.local/pipx/venvs/midea-beautiful-air/lib/python3.11/site-packages/midea_beautiful/lan.py", line 1038, in appliance_state
    raise MideaNetworkError(
midea_beautiful.exceptions.MideaNetworkError: Timeout while connecting to appliance 192.168.0.205:20086

    at file:///data/src/plugins/Clim/ClimHandler.js:23:26
    at ChildProcess.exithandler (node:child_process:424:5)
    at ChildProcess.emit (node:events:519:28)
    at maybeClose (node:internal/child_process:1101:16)
    at Socket.<anonymous> (node:internal/child_process:456:11)
    at Socket.emit (node:events:519:28)
    at Pipe.<anonymous> (node:net:347:12)
[13/08/2026 03:44:58] FASTIFY: incoming request
[13/08/2026 03:44:58] Xayling GET /clim/status
[13/08/2026 03:45:00] SID null
[13/08/2026 03:45:02] FASTIFY: reply is not defined
[13/08/2026 03:45:02] FASTIFY: request completed
[13/08/2026 03:45:09] FASTIFY: Stopping Solar's_Cam platform
[13/08/2026 03:45:09] FASTIFY: Solar's_Cam platform stopped
[13/08/2026 03:45:10] Weather : Already got data
[13/08/2026 03:45:10] FASTIFY: Server listening at http://127.0.0.1:3000
[13/08/2026 03:45:10] FASTIFY: Server listening at http://172.24.0.5:3000
[13/08/2026 03:45:14] Clim inaccessible au démarrage: Error: Traceback (most recent call last):
  File "/root/.local/pipx/venvs/midea-beautiful-air/lib/python3.11/site-packages/midea_beautiful/lan.py", line 1014, in appliance_state
    response = sock.recv(512)
               ^^^^^^^^^^^^^^
TimeoutError: timed out

The above exception was the direct cause of the following exception:

Traceback (most recent call last):
  File "/root/.local/bin/midea-beautiful-air-cli", line 6, in <module>
    sys.exit(cli())
             ^^^^^
  File "/root/.local/pipx/venvs/midea-beautiful-air/lib/python3.11/site-packages/midea_beautiful/cli.py", line 357, in cli
    return function(args)
           ^^^^^^^^^^^^^^
  File "/root/.local/pipx/venvs/midea-beautiful-air/lib/python3.11/site-packages/midea_beautiful/cli.py", line 158, in _run_status_command
    appliance = appliance_state(
                ^^^^^^^^^^^^^^^^
  File "/root/.local/pipx/venvs/midea-beautiful-air/lib/python3.11/site-packages/midea_beautiful/lan.py", line 1038, in appliance_state
    raise MideaNetworkError(
midea_beautiful.exceptions.MideaNetworkError: Timeout while connecting to appliance 192.168.0.205:20086

    at file:///data/src/plugins/Clim/ClimHandler.js:23:26
    at ChildProcess.exithandler (node:child_process:424:5)
    at ChildProcess.emit (node:events:519:28)
    at maybeClose (node:internal/child_process:1101:16)
    at ChildProcess._handle.onexit (node:internal/child_process:304:5)
[13/08/2026 03:45:34] FASTIFY: incoming request
[13/08/2026 03:45:34] Xayling GET /clim/status
[13/08/2026 03:45:38] FASTIFY: reply is not defined
[13/08/2026 03:45:38] FASTIFY: request completed
[13/08/2026 03:46:27] FASTIFY: incoming request
[13/08/2026 03:46:27] Xayling GET /clim/status
[13/08/2026 03:46:32] FASTIFY: reply is not defined
[13/08/2026 03:46:32] FASTIFY: request completed
[13/08/2026 03:46:38] FASTIFY: incoming request
[13/08/2026 03:46:38] Xayling GET /clim/status
[13/08/2026 03:46:42] FASTIFY: reply is not defined
[13/08/2026 03:46:42] FASTIFY: request completed
[13/08/2026 03:46:48] FASTIFY: incoming request
[13/08/2026 03:46:48] Xayling GET /clim/status
[13/08/2026 03:46:52] FASTIFY: reply is not defined
[13/08/2026 03:46:52] FASTIFY: request completed
[13/08/2026 03:46:58] FASTIFY: incoming request
[13/08/2026 03:46:58] Xayling GET /clim/status
[13/08/2026 03:47:02] FASTIFY: reply is not defined
[13/08/2026 03:47:02] FASTIFY: request completed
[13/08/2026 03:47:08] FASTIFY: incoming request
[13/08/2026 03:47:08] Xayling GET /clim/status
[13/08/2026 03:47:12] FASTIFY: reply is not defined
[13/08/2026 03:47:12] FASTIFY: request completed
[13/08/2026 03:47:18] FASTIFY: incoming request
[13/08/2026 03:47:18] Xayling GET /clim/status
[13/08/2026 03:47:22] FASTIFY: reply is not defined
[13/08/2026 03:47:22] FASTIFY: request completed
[13/08/2026 03:47:28] FASTIFY: incoming request
[13/08/2026 03:47:28] Xayling GET /clim/status
[13/08/2026 03:47:32] FASTIFY: reply is not defined
[13/08/2026 03:47:32] FASTIFY: request completed
[13/08/2026 03:48:08] FASTIFY: Stopping Solar's_Cam platform
[13/08/2026 03:48:08] FASTIFY: Solar's_Cam platform stopped
[13/08/2026 03:48:08] Weather : Already got data
[13/08/2026 03:48:08] FASTIFY: Server listening at http://127.0.0.1:3000
[13/08/2026 03:48:08] FASTIFY: Server listening at http://172.24.0.5:3000
[13/08/2026 03:48:13] Clim inaccessible au démarrage: Traceback (most recent call last):
  File "/root/.local/pipx/venvs/midea-beautiful-air/lib/python3.11/site-packages/midea_beautiful/lan.py", line 1014, in appliance_state
    response = sock.recv(512)
               ^^^^^^^^^^^^^^
TimeoutError: timed out

The above exception was the direct cause of the following exception:

Traceback (most recent call last):
  File "/root/.local/bin/midea-beautiful-air-cli", line 6, in <module>
    sys.exit(cli())
             ^^^^^
  File "/root/.local/pipx/venvs/midea-beautiful-air/lib/python3.11/site-packages/midea_beautiful/cli.py", line 357, in cli
    return function(args)
           ^^^^^^^^^^^^^^
  File "/root/.local/pipx/venvs/midea-beautiful-air/lib/python3.11/site-packages/midea_beautiful/cli.py", line 158, in _run_status_command
    appliance = appliance_state(
                ^^^^^^^^^^^^^^^^
  File "/root/.local/pipx/venvs/midea-beautiful-air/lib/python3.11/site-packages/midea_beautiful/lan.py", line 1038, in appliance_state
    raise MideaNetworkError(
midea_beautiful.exceptions.MideaNetworkError: Timeout while connecting to appliance 192.168.0.205:20086

[13/08/2026 03:48:18] FASTIFY: incoming request
[13/08/2026 03:48:18] Xayling GET /clim/status
[13/08/2026 03:48:18] FASTIFY: incoming request
[13/08/2026 03:48:18] FASTIFY: request completed
[13/08/2026 03:48:23] FASTIFY: reply is not defined
[13/08/2026 03:48:23] FASTIFY: request completed
[13/08/2026 03:48:29] FASTIFY: incoming request
[13/08/2026 03:48:29] Xayling GET /clim/status
[13/08/2026 03:48:33] FASTIFY: reply is not defined
[13/08/2026 03:48:34] FASTIFY: request completed
[13/08/2026 03:48:39] FASTIFY: incoming request
[13/08/2026 03:48:39] Xayling GET /clim/status
[13/08/2026 03:48:43] FASTIFY: reply is not defined
[13/08/2026 03:48:43] FASTIFY: request completed
[13/08/2026 03:48:49] FASTIFY: incoming request
[13/08/2026 03:48:49] Xayling GET /clim/status
[13/08/2026 03:48:53] FASTIFY: reply is not defined
[13/08/2026 03:48:53] FASTIFY: request completed
[13/08/2026 03:48:59] FASTIFY: incoming request
[13/08/2026 03:48:59] Xayling GET /clim/status
[13/08/2026 03:49:03] FASTIFY: reply is not defined
[13/08/2026 03:49:03] FASTIFY: request completed
[13/08/2026 03:49:09] FASTIFY: incoming request
[13/08/2026 03:49:09] Xayling GET /clim/status
[13/08/2026 03:49:13] FASTIFY: reply is not defined
[13/08/2026 03:49:13] FASTIFY: request completed
[13/08/2026 03:49:19] FASTIFY: incoming request
[13/08/2026 03:49:19] Xayling GET /clim/status
[13/08/2026 03:49:23] FASTIFY: reply is not defined
[13/08/2026 03:49:23] FASTIFY: request completed
[13/08/2026 03:49:29] FASTIFY: incoming request
[13/08/2026 03:49:29] Xayling GET /clim/status
[13/08/2026 03:49:33] FASTIFY: reply is not defined
[13/08/2026 03:49:33] FASTIFY: request completed
[13/08/2026 03:50:00] SID null
[13/08/2026 03:50:30] FASTIFY: incoming request
[13/08/2026 03:50:30] Xayling GET /clim/status
[13/08/2026 03:50:34] FASTIFY: reply is not defined
[13/08/2026 03:50:34] FASTIFY: request completed
[13/08/2026 03:50:37] FASTIFY: Stopping Solar's_Cam platform
[13/08/2026 03:50:37] FASTIFY: Solar's_Cam platform stopped
[13/08/2026 03:50:38] Weather : Already got data
[13/08/2026 03:50:38] FASTIFY: Server listening at http://127.0.0.1:3000
[13/08/2026 03:50:38] FASTIFY: Server listening at http://172.24.0.5:3000
[13/08/2026 03:50:42] Clim inaccessible au démarrage: Traceback (most recent call last):
  File "/root/.local/pipx/venvs/midea-beautiful-air/lib/python3.11/site-packages/midea_beautiful/lan.py", line 1014, in appliance_state
    response = sock.recv(512)
               ^^^^^^^^^^^^^^
TimeoutError: timed out

The above exception was the direct cause of the following exception:

Traceback (most recent call last):
  File "/root/.local/bin/midea-beautiful-air-cli", line 6, in <module>
    sys.exit(cli())
             ^^^^^
  File "/root/.local/pipx/venvs/midea-beautiful-air/lib/python3.11/site-packages/midea_beautiful/cli.py", line 357, in cli
    return function(args)
           ^^^^^^^^^^^^^^
  File "/root/.local/pipx/venvs/midea-beautiful-air/lib/python3.11/site-packages/midea_beautiful/cli.py", line 158, in _run_status_command
    appliance = appliance_state(
                ^^^^^^^^^^^^^^^^
  File "/root/.local/pipx/venvs/midea-beautiful-air/lib/python3.11/site-packages/midea_beautiful/lan.py", line 1038, in appliance_state
    raise MideaNetworkError(
midea_beautiful.exceptions.MideaNetworkError: Timeout while connecting to appliance 192.168.0.205:20086

[13/08/2026 03:51:09] FASTIFY: Stopping Solar's_Cam platform
[13/08/2026 03:51:09] FASTIFY: Solar's_Cam platform stopped
[13/08/2026 03:51:10] Weather : Already got data
[13/08/2026 03:51:10] FASTIFY: Server listening at http://127.0.0.1:3000
[13/08/2026 03:51:10] FASTIFY: Server listening at http://172.24.0.5:3000
[13/08/2026 03:51:14] Clim inaccessible au démarrage: Traceback (most recent call last):
  File "/root/.local/pipx/venvs/midea-beautiful-air/lib/python3.11/site-packages/midea_beautiful/lan.py", line 1014, in appliance_state
    response = sock.recv(512)
               ^^^^^^^^^^^^^^
TimeoutError: timed out

The above exception was the direct cause of the following exception:

Traceback (most recent call last):
  File "/root/.local/bin/midea-beautiful-air-cli", line 6, in <module>
    sys.exit(cli())
             ^^^^^
  File "/root/.local/pipx/venvs/midea-beautiful-air/lib/python3.11/site-packages/midea_beautiful/cli.py", line 357, in cli
    return function(args)
           ^^^^^^^^^^^^^^
  File "/root/.local/pipx/venvs/midea-beautiful-air/lib/python3.11/site-packages/midea_beautiful/cli.py", line 158, in _run_status_command
    appliance = appliance_state(
                ^^^^^^^^^^^^^^^^
  File "/root/.local/pipx/venvs/midea-beautiful-air/lib/python3.11/site-packages/midea_beautiful/lan.py", line 1038, in appliance_state
    raise MideaNetworkError(
midea_beautiful.exceptions.MideaNetworkError: Timeout while connecting to appliance 192.168.0.205:20086

[13/08/2026 03:51:31] FASTIFY: incoming request
[13/08/2026 03:51:31] Xayling GET /clim/status
[13/08/2026 03:51:36] FASTIFY: reply is not defined
[13/08/2026 03:51:36] FASTIFY: request completed
[13/08/2026 03:51:41] FASTIFY: Stopping Solar's_Cam platform
[13/08/2026 03:51:42] FASTIFY: Solar's_Cam platform stopped
[13/08/2026 03:51:42] Weather : Already got data
[13/08/2026 03:51:42] FASTIFY: Server listening at http://127.0.0.1:3000
[13/08/2026 03:51:42] FASTIFY: Server listening at http://172.24.0.5:3000
[13/08/2026 03:51:46] Clim inaccessible au démarrage: Timeout while connecting to appliance 192.168.0.205:20086
[13/08/2026 03:51:58] FASTIFY: Stopping Solar's_Cam platform
[13/08/2026 03:51:59] FASTIFY: Solar's_Cam platform stopped
[13/08/2026 03:51:59] Weather : Already got data
[13/08/2026 03:51:59] FASTIFY: Server listening at http://127.0.0.1:3000
[13/08/2026 03:51:59] FASTIFY: Server listening at http://172.24.0.5:3000
[13/08/2026 03:52:04] Clim inaccessible au démarrage: Timeout while connecting to appliance 192.168.0.205:20086
[13/08/2026 03:52:19] FASTIFY: incoming request
[13/08/2026 03:52:19] Xayling GET /clim/status
[13/08/2026 03:52:19] FASTIFY: incoming request
[13/08/2026 03:52:19] FASTIFY: request completed
[13/08/2026 03:52:24] FASTIFY: reply is not defined
[13/08/2026 03:52:24] FASTIFY: request completed
[13/08/2026 03:52:30] FASTIFY: incoming request
[13/08/2026 03:52:30] Xayling GET /clim/status
[13/08/2026 03:52:34] FASTIFY: reply is not defined
[13/08/2026 03:52:34] FASTIFY: request completed
[13/08/2026 03:52:40] FASTIFY: incoming request
[13/08/2026 03:52:40] Xayling GET /clim/status
[13/08/2026 03:52:44] FASTIFY: reply is not defined
[13/08/2026 03:52:44] FASTIFY: request completed
[13/08/2026 03:52:50] FASTIFY: incoming request
[13/08/2026 03:52:50] Xayling GET /clim/status
[13/08/2026 03:52:54] FASTIFY: reply is not defined
[13/08/2026 03:52:54] FASTIFY: request completed
[13/08/2026 03:53:00] FASTIFY: incoming request
[13/08/2026 03:53:00] Xayling GET /clim/status
[13/08/2026 03:53:04] FASTIFY: reply is not defined
[13/08/2026 03:53:04] FASTIFY: request completed
[13/08/2026 03:53:10] FASTIFY: incoming request
[13/08/2026 03:53:10] Xayling GET /clim/status
[13/08/2026 03:53:14] FASTIFY: reply is not defined
[13/08/2026 03:53:14] FASTIFY: request completed
[13/08/2026 03:53:20] FASTIFY: incoming request
[13/08/2026 03:53:20] Xayling GET /clim/status
[13/08/2026 03:53:24] FASTIFY: reply is not defined
[13/08/2026 03:53:24] FASTIFY: request completed
[13/08/2026 03:53:30] FASTIFY: incoming request
[13/08/2026 03:53:30] Xayling GET /clim/status
[13/08/2026 03:53:34] FASTIFY: reply is not defined
[13/08/2026 03:53:34] FASTIFY: request completed
[13/08/2026 14:10:38] Weather : Already got data
[13/08/2026 14:10:38] FASTIFY: Server listening at http://127.0.0.1:3000
[13/08/2026 14:10:38] FASTIFY: Server listening at http://172.24.0.5:3000
[13/08/2026 14:10:43] Clim inaccessible au démarrage: Timeout while connecting to appliance 192.168.0.205:20086
[13/08/2026 14:10:44] FASTIFY: incoming request
[13/08/2026 14:10:44] Xayling GET /clim/status
[13/08/2026 14:10:48] FASTIFY: reply is not defined
[13/08/2026 14:10:48] FASTIFY: request completed
[13/08/2026 14:10:48] FASTIFY: incoming request
[13/08/2026 14:10:48] Xayling GET /clim/status
[13/08/2026 14:10:53] FASTIFY: reply is not defined
[13/08/2026 14:10:53] FASTIFY: request completed
[13/08/2026 14:10:55] FASTIFY: incoming request
[13/08/2026 14:10:55] Xayling GET /clim/status
[13/08/2026 14:10:57] FASTIFY: incoming request
[13/08/2026 14:10:57] FASTIFY: incoming request
[13/08/2026 14:10:57] Xayling GET /clim/status
[13/08/2026 14:10:57] FASTIFY: request completed
[13/08/2026 14:10:59] FASTIFY: reply is not defined
[13/08/2026 14:11:01] FASTIFY: reply is not defined
[13/08/2026 14:11:01] FASTIFY: request completed
[13/08/2026 14:11:07] FASTIFY: incoming request
[13/08/2026 14:11:07] Xayling GET /clim/status
[13/08/2026 14:11:11] FASTIFY: reply is not defined
[13/08/2026 14:11:11] FASTIFY: request completed
[13/08/2026 14:11:17] FASTIFY: incoming request
[13/08/2026 14:11:17] Xayling GET /clim/status
[13/08/2026 14:11:21] FASTIFY: reply is not defined
[13/08/2026 14:11:21] FASTIFY: request completed
[13/08/2026 14:11:27] FASTIFY: incoming request
[13/08/2026 14:11:27] Xayling GET /clim/status
[13/08/2026 14:11:31] FASTIFY: reply is not defined
[13/08/2026 14:11:31] FASTIFY: request completed
[13/08/2026 14:11:37] FASTIFY: incoming request
[13/08/2026 14:11:37] Xayling GET /clim/status
[13/08/2026 14:11:41] FASTIFY: reply is not defined
[13/08/2026 14:11:41] FASTIFY: request completed
[13/08/2026 14:11:47] FASTIFY: incoming request
[13/08/2026 14:11:47] Xayling GET /clim/status
[13/08/2026 14:11:51] FASTIFY: reply is not defined
[13/08/2026 14:11:51] FASTIFY: request completed
[13/08/2026 14:11:57] FASTIFY: incoming request
[13/08/2026 14:11:57] Xayling GET /clim/status
[13/08/2026 14:12:01] FASTIFY: reply is not defined
[13/08/2026 14:12:01] FASTIFY: request completed
[13/08/2026 14:12:07] FASTIFY: incoming request
[13/08/2026 14:12:07] Xayling GET /clim/status
[13/08/2026 14:12:11] FASTIFY: reply is not defined
[13/08/2026 14:12:11] FASTIFY: request completed
[13/08/2026 14:12:12] FASTIFY: Stopping Solar's_Cam platform
[13/08/2026 14:12:12] FASTIFY: Solar's_Cam platform stopped
[13/08/2026 14:12:13] Weather : Already got data
[13/08/2026 14:12:13] FASTIFY: Server listening at http://127.0.0.1:3000
[13/08/2026 14:12:13] FASTIFY: Server listening at http://172.24.0.5:3000
[13/08/2026 14:12:17] FASTIFY: incoming request
[13/08/2026 14:12:17] Xayling GET /clim/status
[13/08/2026 14:12:17] Clim inaccessible au démarrage: Timeout while connecting to appliance 192.168.0.205:20086
[13/08/2026 14:12:17] FASTIFY: incoming request
[13/08/2026 14:12:18] FASTIFY: incoming request
[13/08/2026 14:12:18] Xayling GET /clim/status
[13/08/2026 14:12:18] FASTIFY: request completed
[13/08/2026 14:12:21] FASTIFY: reply is not defined
[13/08/2026 14:12:22] FASTIFY: reply is not defined
[13/08/2026 14:12:22] FASTIFY: request completed
[13/08/2026 14:12:28] FASTIFY: incoming request
[13/08/2026 14:12:28] Xayling GET /clim/status
[13/08/2026 14:12:32] FASTIFY: reply is not defined
[13/08/2026 14:12:32] FASTIFY: request completed
[13/08/2026 14:12:38] FASTIFY: incoming request
[13/08/2026 14:12:38] Xayling GET /clim/status
[13/08/2026 14:12:42] FASTIFY: reply is not defined
[13/08/2026 14:12:42] FASTIFY: request completed
[13/08/2026 14:12:48] FASTIFY: incoming request
[13/08/2026 14:12:48] Xayling GET /clim/status
[13/08/2026 14:12:52] FASTIFY: reply is not defined
[13/08/2026 14:12:52] FASTIFY: request completed
[13/08/2026 14:12:57] FASTIFY: incoming request
[13/08/2026 14:12:57] FASTIFY: incoming request
[13/08/2026 14:12:57] Xayling GET /clim/status
[13/08/2026 14:12:57] FASTIFY: request completed
[13/08/2026 14:13:02] FASTIFY: reply is not defined
[13/08/2026 14:13:02] FASTIFY: request completed
[13/08/2026 14:13:04] FASTIFY: Stopping Solar's_Cam platform
[13/08/2026 14:13:04] FASTIFY: Solar's_Cam platform stopped
[13/08/2026 14:13:05] Weather : Already got data
[13/08/2026 14:13:05] FASTIFY: Server listening at http://127.0.0.1:3000
[13/08/2026 14:13:05] FASTIFY: Server listening at http://172.24.0.5:3000
[13/08/2026 14:13:08] FASTIFY: incoming request
[13/08/2026 14:13:08] Xayling GET /clim/status
[13/08/2026 14:13:09] Clim inaccessible au démarrage: Timeout while connecting to appliance 192.168.0.205:20086
[13/08/2026 14:13:09] FASTIFY: Stopping Solar's_Cam platform
[13/08/2026 14:13:09] FASTIFY: reply is not defined
[13/08/2026 14:13:09] FASTIFY: request completed
[13/08/2026 14:13:10] FASTIFY: Solar's_Cam platform stopped
[13/08/2026 14:13:10] Weather : Already got data
[13/08/2026 14:13:10] FASTIFY: Server listening at http://127.0.0.1:3000
[13/08/2026 14:13:10] FASTIFY: Server listening at http://172.24.0.5:3000
[13/08/2026 14:13:14] Clim inaccessible au démarrage: Timeout while connecting to appliance 192.168.0.205:20086
[13/08/2026 14:13:18] FASTIFY: incoming request
[13/08/2026 14:13:18] Xayling GET /clim/status
[13/08/2026 14:13:22] FASTIFY: reply is not defined
[13/08/2026 14:13:22] FASTIFY: request completed
[13/08/2026 14:13:28] FASTIFY: incoming request
[13/08/2026 14:13:28] Xayling GET /clim/status
[13/08/2026 14:13:32] FASTIFY: reply is not defined
[13/08/2026 14:13:32] FASTIFY: request completed
[13/08/2026 14:13:38] FASTIFY: incoming request
[13/08/2026 14:13:38] Xayling GET /clim/status
[13/08/2026 14:13:42] FASTIFY: reply is not defined
[13/08/2026 14:13:42] FASTIFY: request completed
[13/08/2026 14:13:46] FASTIFY: Stopping Solar's_Cam platform
[13/08/2026 14:13:46] FASTIFY: Solar's_Cam platform stopped
[13/08/2026 14:13:46] Weather : Already got data
[13/08/2026 14:13:46] FASTIFY: Server listening at http://127.0.0.1:3000
[13/08/2026 14:13:46] FASTIFY: Server listening at http://172.24.0.5:3000
[13/08/2026 14:13:48] FASTIFY: incoming request
[13/08/2026 14:13:48] Xayling GET /clim/status
[13/08/2026 14:13:50] Clim inaccessible au démarrage: Timeout while connecting to appliance 192.168.0.205:20086
[13/08/2026 14:13:52] FASTIFY: reply is not defined
[13/08/2026 14:13:52] FASTIFY: request completed
[13/08/2026 14:13:58] FASTIFY: incoming request
[13/08/2026 14:13:58] Xayling GET /clim/status
[13/08/2026 14:14:00] FASTIFY: Stopping Solar's_Cam platform
[13/08/2026 14:14:00] FASTIFY: reply is not defined
[13/08/2026 14:14:00] FASTIFY: request completed
[13/08/2026 14:14:00] FASTIFY: Solar's_Cam platform stopped
[13/08/2026 14:14:01] Weather : Already got data
[13/08/2026 14:14:01] FASTIFY: Server listening at http://127.0.0.1:3000
[13/08/2026 14:14:01] FASTIFY: Server listening at http://172.24.0.5:3000
[13/08/2026 14:14:05] Clim inaccessible au démarrage: Timeout while connecting to appliance 192.168.0.205:20086
[13/08/2026 14:14:07] FASTIFY: incoming request
[13/08/2026 14:14:07] Xayling GET /clim/status
[13/08/2026 14:14:12] FASTIFY: reply is not defined
[13/08/2026 14:14:12] FASTIFY: request completed
[13/08/2026 14:14:18] FASTIFY: incoming request
[13/08/2026 14:14:18] Xayling GET /clim/status
[13/08/2026 14:14:22] FASTIFY: reply is not defined
[13/08/2026 14:14:22] FASTIFY: request completed
[13/08/2026 14:14:28] FASTIFY: incoming request
[13/08/2026 14:14:28] Xayling GET /clim/status
[13/08/2026 14:14:29] FASTIFY: Stopping Solar's_Cam platform
[13/08/2026 14:14:29] FASTIFY: reply is not defined
[13/08/2026 14:14:29] FASTIFY: request completed
[13/08/2026 14:14:29] FASTIFY: Solar's_Cam platform stopped
[13/08/2026 14:14:29] Weather : Already got data
[13/08/2026 14:14:29] FASTIFY: Server listening at http://127.0.0.1:3000
[13/08/2026 14:14:29] FASTIFY: Server listening at http://172.24.0.5:3000
[13/08/2026 14:14:33] Clim inaccessible au démarrage: Timeout while connecting to appliance 192.168.0.205:20086
[13/08/2026 14:14:38] FASTIFY: incoming request
[13/08/2026 14:14:38] Xayling GET /clim/status
[13/08/2026 14:14:42] FASTIFY: reply is not defined
[13/08/2026 14:14:42] FASTIFY: request completed
[13/08/2026 14:14:48] FASTIFY: incoming request
[13/08/2026 14:14:48] Xayling GET /clim/status
[13/08/2026 14:14:52] FASTIFY: reply is not defined
[13/08/2026 14:14:52] FASTIFY: request completed
[13/08/2026 14:14:57] FASTIFY: Stopping Solar's_Cam platform
[13/08/2026 14:14:57] FASTIFY: Solar's_Cam platform stopped
[13/08/2026 14:14:58] Weather : Already got data
[13/08/2026 14:14:58] FASTIFY: Server listening at http://127.0.0.1:3000
[13/08/2026 14:14:58] FASTIFY: Server listening at http://172.24.0.5:3000
[13/08/2026 14:14:58] FASTIFY: incoming request
[13/08/2026 14:14:58] Xayling GET /clim/status
[13/08/2026 14:15:00] SID null
[13/08/2026 14:15:02] Clim inaccessible au démarrage: Timeout while connecting to appliance 192.168.0.205:20086
[13/08/2026 14:15:02] FASTIFY: reply is not defined
[13/08/2026 14:15:02] FASTIFY: request completed
[13/08/2026 14:15:08] FASTIFY: incoming request
[13/08/2026 14:15:08] Xayling GET /clim/status
[13/08/2026 14:15:12] FASTIFY: reply is not defined
[13/08/2026 14:15:12] FASTIFY: request completed
[13/08/2026 14:15:27] FASTIFY: incoming request
[13/08/2026 14:15:27] Xayling GET /clim/status
[13/08/2026 14:15:31] FASTIFY: reply is not defined
[13/08/2026 14:15:31] FASTIFY: request completed
[13/08/2026 14:15:31] FASTIFY: incoming request
[13/08/2026 14:15:31] Xayling GET /clim/status
[13/08/2026 14:15:35] FASTIFY: reply is not defined
[13/08/2026 14:15:35] FASTIFY: request completed
[13/08/2026 14:15:38] FASTIFY: incoming request
[13/08/2026 14:15:38] Xayling GET /clim/status
[13/08/2026 14:15:42] FASTIFY: reply is not defined
[13/08/2026 14:15:42] FASTIFY: request completed
[13/08/2026 14:15:47] FASTIFY: incoming request
[13/08/2026 14:15:47] Xayling GET /clim/status
[13/08/2026 14:15:52] FASTIFY: reply is not defined
[13/08/2026 14:15:52] FASTIFY: request completed
[13/08/2026 14:15:58] FASTIFY: incoming request
[13/08/2026 14:15:58] Xayling GET /clim/status
[13/08/2026 14:16:02] FASTIFY: reply is not defined
[13/08/2026 14:16:02] FASTIFY: request completed
[13/08/2026 14:16:08] FASTIFY: incoming request
[13/08/2026 14:16:08] Xayling GET /clim/status
[13/08/2026 14:16:12] FASTIFY: reply is not defined
[13/08/2026 14:16:12] FASTIFY: request completed
[13/08/2026 14:16:13] FASTIFY: Stopping Solar's_Cam platform
[13/08/2026 14:16:13] FASTIFY: Solar's_Cam platform stopped
[13/08/2026 14:16:14] Weather : Already got data
[13/08/2026 14:16:14] FASTIFY: Server listening at http://127.0.0.1:3000
[13/08/2026 14:16:14] FASTIFY: Server listening at http://172.24.0.5:3000
[13/08/2026 14:16:17] FASTIFY: incoming request
[13/08/2026 14:16:17] Xayling GET /clim/status
[13/08/2026 14:16:18] FASTIFY: incoming request
[13/08/2026 14:16:18] Xayling GET /clim/status
[13/08/2026 14:16:18] FASTIFY: incoming request
[13/08/2026 14:16:18] FASTIFY: request completed
[13/08/2026 14:16:18] Clim inaccessible au démarrage: Timeout while connecting to appliance 192.168.0.205:20086
[13/08/2026 14:16:22] FASTIFY: reply is not defined
[13/08/2026 14:16:22] FASTIFY: Stopping Solar's_Cam platform
[13/08/2026 14:16:22] FASTIFY: reply is not defined
[13/08/2026 14:16:22] FASTIFY: request completed
[13/08/2026 14:16:22] FASTIFY: Solar's_Cam platform stopped
[13/08/2026 14:16:23] Weather : Already got data
[13/08/2026 14:16:23] FASTIFY: Server listening at http://127.0.0.1:3000
[13/08/2026 14:16:23] FASTIFY: Server listening at http://172.24.0.5:3000
[13/08/2026 14:16:27] Clim inaccessible au démarrage: Timeout while connecting to appliance 192.168.0.205:20086
[13/08/2026 14:16:28] FASTIFY: incoming request
[13/08/2026 14:16:28] Xayling GET /clim/status
[13/08/2026 14:16:32] FASTIFY: reply is not defined
[13/08/2026 14:16:32] FASTIFY: request completed
[13/08/2026 14:16:38] FASTIFY: incoming request
[13/08/2026 14:16:38] Xayling GET /clim/status
[13/08/2026 14:16:42] FASTIFY: reply is not defined
[13/08/2026 14:16:42] FASTIFY: request completed
[13/08/2026 14:16:48] FASTIFY: incoming request
[13/08/2026 14:16:48] Xayling GET /clim/status
[13/08/2026 14:16:51] FASTIFY: Stopping Solar's_Cam platform
[13/08/2026 14:16:51] FASTIFY: reply is not defined
[13/08/2026 14:16:51] FASTIFY: request completed
[13/08/2026 14:16:51] FASTIFY: Solar's_Cam platform stopped
[13/08/2026 14:16:52] Weather : Already got data
[13/08/2026 14:16:52] FASTIFY: Server listening at http://127.0.0.1:3000
[13/08/2026 14:16:52] FASTIFY: Server listening at http://172.24.0.5:3000
[13/08/2026 14:16:56] Clim inaccessible au démarrage: Timeout while connecting to appliance 192.168.0.205:20086
[13/08/2026 14:16:58] FASTIFY: incoming request
[13/08/2026 14:16:58] Xayling GET /clim/status
[13/08/2026 14:17:02] FASTIFY: reply is not defined
[13/08/2026 14:17:02] FASTIFY: request completed
[13/08/2026 14:17:08] FASTIFY: incoming request
[13/08/2026 14:17:08] Xayling GET /clim/status
[13/08/2026 14:17:13] FASTIFY: reply is not defined
[13/08/2026 14:17:13] FASTIFY: request completed
[13/08/2026 14:17:18] FASTIFY: incoming request
[13/08/2026 14:17:18] Xayling GET /clim/status
[13/08/2026 14:17:22] FASTIFY: reply is not defined
[13/08/2026 14:17:22] FASTIFY: request completed
[13/08/2026 14:17:28] FASTIFY: incoming request
[13/08/2026 14:17:28] Xayling GET /clim/status
[13/08/2026 14:17:32] FASTIFY: reply is not defined
[13/08/2026 14:17:32] FASTIFY: request completed
[13/08/2026 14:17:38] FASTIFY: incoming request
[13/08/2026 14:17:38] Xayling GET /clim/status
[13/08/2026 14:17:42] FASTIFY: reply is not defined
[13/08/2026 14:17:42] FASTIFY: request completed
[13/08/2026 14:17:48] FASTIFY: incoming request
[13/08/2026 14:17:48] Xayling GET /clim/status
[13/08/2026 14:17:52] FASTIFY: reply is not defined
[13/08/2026 14:17:52] FASTIFY: request completed
[13/08/2026 14:17:58] FASTIFY: incoming request
[13/08/2026 14:17:58] Xayling GET /clim/status
[13/08/2026 14:18:02] FASTIFY: reply is not defined
[13/08/2026 14:18:02] FASTIFY: request completed
[13/08/2026 14:18:37] FASTIFY: incoming request
[13/08/2026 14:18:37] Xayling GET /clim/status
[13/08/2026 14:18:41] FASTIFY: reply is not defined
[13/08/2026 14:18:41] FASTIFY: request completed
[13/08/2026 14:19:19] FASTIFY: Stopping Solar's_Cam platform
[13/08/2026 14:19:19] FASTIFY: Solar's_Cam platform stopped
[13/08/2026 14:19:20] Weather : Already got data
[13/08/2026 14:19:20] FASTIFY: Server listening at http://127.0.0.1:3000
[13/08/2026 14:19:20] FASTIFY: Server listening at http://172.24.0.5:3000
[13/08/2026 14:19:24] Clim inaccessible au démarrage: Timeout while connecting to appliance 192.168.0.205:20086
[13/08/2026 14:19:36] FASTIFY: incoming request
[13/08/2026 14:19:36] Xayling GET /clim/status
[13/08/2026 14:19:38] FASTIFY: incoming request
[13/08/2026 14:19:38] FASTIFY: incoming request
[13/08/2026 14:19:38] Xayling GET /clim/status
[13/08/2026 14:19:38] FASTIFY: request completed
[13/08/2026 14:19:42] FASTIFY: request completed
[13/08/2026 14:19:48] FASTIFY: incoming request
[13/08/2026 14:19:48] Xayling GET /clim/status
[13/08/2026 14:19:53] FASTIFY: request completed
[13/08/2026 14:19:58] FASTIFY: incoming request
[13/08/2026 14:19:58] Xayling GET /clim/status
[13/08/2026 14:19:59] FASTIFY: Stopping Solar's_Cam platform
[13/08/2026 14:19:59] FASTIFY: request completed
[13/08/2026 14:19:59] FASTIFY: Solar's_Cam platform stopped
[13/08/2026 14:20:00] Weather : Already got data
[13/08/2026 14:20:00] FASTIFY: Server listening at http://127.0.0.1:3000
[13/08/2026 14:20:00] FASTIFY: Server listening at http://172.24.0.5:3000
[13/08/2026 14:20:04] Clim inaccessible au démarrage: Timeout while connecting to appliance 192.168.0.205:20086
[13/08/2026 14:20:08] FASTIFY: incoming request
[13/08/2026 14:20:08] Xayling GET /clim/status
[13/08/2026 14:20:13] FASTIFY: request completed
[13/08/2026 14:20:19] FASTIFY: incoming request
[13/08/2026 14:20:19] Xayling GET /clim/status
[13/08/2026 14:20:23] FASTIFY: request completed
[13/08/2026 14:20:29] FASTIFY: incoming request
[13/08/2026 14:20:29] Xayling GET /clim/status
[13/08/2026 14:20:33] FASTIFY: request completed
[13/08/2026 14:20:39] FASTIFY: incoming request
[13/08/2026 14:20:39] Xayling GET /clim/status
[13/08/2026 14:20:43] FASTIFY: request completed
[13/08/2026 14:20:49] FASTIFY: incoming request
[13/08/2026 14:20:49] Xayling GET /clim/status
[13/08/2026 14:20:53] FASTIFY: request completed
[13/08/2026 14:20:59] FASTIFY: incoming request
[13/08/2026 14:20:59] Xayling GET /clim/status
[13/08/2026 14:21:03] FASTIFY: request completed
[13/08/2026 14:21:37] FASTIFY: incoming request
[13/08/2026 14:21:37] Xayling GET /clim/status
[13/08/2026 14:21:41] FASTIFY: request completed
[13/08/2026 14:22:37] FASTIFY: incoming request
[13/08/2026 14:22:37] Xayling GET /clim/status
[13/08/2026 14:22:41] FASTIFY: request completed
